ISO-10303-21;
HEADER;
FILE_DESCRIPTION(('FreeCAD Model'),'2;1');
FILE_NAME('Open CASCADE Shape Model','2026-10-06T11:12:06',('FreeCAD'),(
    'FreeCAD'),'Open CASCADE STEP processor 7.8','FreeCAD','Unknown');
FILE_SCHEMA(('AUTOMOTIVE_DESIGN { 1 0 10303 214 1 1 1 1 }'));
ENDSEC;
DATA;
#1 = APPLICATION_PROTOCOL_DEFINITION('international standard',
  'automotive_design',2000,#2);
#2 = APPLICATION_CONTEXT(
  'core data for automotive mechanical design processes');
#3 = SHAPE_DEFINITION_REPRESENTATION(#4,#10);
#4 = PRODUCT_DEFINITION_SHAPE('','',#5);
#5 = PRODUCT_DEFINITION('design','',#6,#9);
#6 = PRODUCT_DEFINITION_FORMATION('','',#7);
#7 = PRODUCT('Open CASCADE STEP translator 7.8 17',
  'Open CASCADE STEP translator 7.8 17','',(#8));
#8 = PRODUCT_CONTEXT('',#2,'mechanical');
#9 = PRODUCT_DEFINITION_CONTEXT('part definition',#2,'design');
#10 = SHAPE_REPRESENTATION('',(#11,#15,#644,#1273,#1824,#2375,#2603),
  #2831);
#11 = AXIS2_PLACEMENT_3D('',#12,#13,#14);
#12 = CARTESIAN_POINT('',(0.,0.,0.));
#13 = DIRECTION('',(0.,0.,1.));
#14 = DIRECTION('',(1.,0.,-0.));
#15 = MANIFOLD_SOLID_BREP('',#16);
#16 = CLOSED_SHELL('',(#17,#79,#121,#179,#203,#231,#256,#281,#341,#366,
    #397,#432,#456,#476,#501,#532,#559,#583,#603,#620,#632));
#17 = ADVANCED_FACE('',(#18,#52,#63),#74,.F.);
#18 = FACE_BOUND('',#19,.F.);
#19 = EDGE_LOOP('',(#20,#30,#38,#46));
#20 = ORIENTED_EDGE('',*,*,#21,.F.);
#21 = EDGE_CURVE('',#22,#24,#26,.T.);
#22 = VERTEX_POINT('',#23);
#23 = CARTESIAN_POINT('',(-45.,-55.,0.));
#24 = VERTEX_POINT('',#25);
#25 = CARTESIAN_POINT('',(-45.,-55.,175.));
#26 = LINE('',#27,#28);
#27 = CARTESIAN_POINT('',(-45.,-55.,0.));
#28 = VECTOR('',#29,1.);
#29 = DIRECTION('',(0.,0.,1.));
#30 = ORIENTED_EDGE('',*,*,#31,.T.);
#31 = EDGE_CURVE('',#22,#32,#34,.T.);
#32 = VERTEX_POINT('',#33);
#33 = CARTESIAN_POINT('',(-45.,-25.,0.));
#34 = LINE('',#35,#36);
#35 = CARTESIAN_POINT('',(-45.,-55.,0.));
#36 = VECTOR('',#37,1.);
#37 = DIRECTION('',(-0.,1.,0.));
#38 = ORIENTED_EDGE('',*,*,#39,.T.);
#39 = EDGE_CURVE('',#32,#40,#42,.T.);
#40 = VERTEX_POINT('',#41);
#41 = CARTESIAN_POINT('',(-45.,-25.,175.));
#42 = LINE('',#43,#44);
#43 = CARTESIAN_POINT('',(-45.,-25.,0.));
#44 = VECTOR('',#45,1.);
#45 = DIRECTION('',(0.,0.,1.));
#46 = ORIENTED_EDGE('',*,*,#47,.F.);
#47 = EDGE_CURVE('',#24,#40,#48,.T.);
#48 = LINE('',#49,#50);
#49 = CARTESIAN_POINT('',(-45.,-55.,175.));
#50 = VECTOR('',#51,1.);
#51 = DIRECTION('',(-0.,1.,0.));
#52 = FACE_BOUND('',#53,.F.);
#53 = EDGE_LOOP('',(#54));
#54 = ORIENTED_EDGE('',*,*,#55,.F.);
#55 = EDGE_CURVE('',#56,#56,#58,.T.);
#56 = VERTEX_POINT('',#57);
#57 = CARTESIAN_POINT('',(-45.,-40.,14.6));
#58 = CIRCLE('',#59,2.1);
#59 = AXIS2_PLACEMENT_3D('',#60,#61,#62);
#60 = CARTESIAN_POINT('',(-45.,-40.,12.5));
#61 = DIRECTION('',(1.,0.,0.));
#62 = DIRECTION('',(-0.,0.,1.));
#63 = FACE_BOUND('',#64,.F.);
#64 = EDGE_LOOP('',(#65));
#65 = ORIENTED_EDGE('',*,*,#66,.F.);
#66 = EDGE_CURVE('',#67,#67,#69,.T.);
#67 = VERTEX_POINT('',#68);
#68 = CARTESIAN_POINT('',(-45.,-40.,164.6));
#69 = CIRCLE('',#70,2.1);
#70 = AXIS2_PLACEMENT_3D('',#71,#72,#73);
#71 = CARTESIAN_POINT('',(-45.,-40.,162.5));
#72 = DIRECTION('',(1.,0.,0.));
#73 = DIRECTION('',(-0.,0.,1.));
#74 = PLANE('',#75);
#75 = AXIS2_PLACEMENT_3D('',#76,#77,#78);
#76 = CARTESIAN_POINT('',(-45.,-55.,0.));
#77 = DIRECTION('',(1.,0.,-0.));
#78 = DIRECTION('',(0.,0.,1.));
#79 = ADVANCED_FACE('',(#80,#105),#116,.F.);
#80 = FACE_BOUND('',#81,.F.);
#81 = EDGE_LOOP('',(#82,#90,#91,#99));
#82 = ORIENTED_EDGE('',*,*,#83,.F.);
#83 = EDGE_CURVE('',#22,#84,#86,.T.);
#84 = VERTEX_POINT('',#85);
#85 = CARTESIAN_POINT('',(-15.,-55.,0.));
#86 = LINE('',#87,#88);
#87 = CARTESIAN_POINT('',(-45.,-55.,0.));
#88 = VECTOR('',#89,1.);
#89 = DIRECTION('',(1.,0.,-0.));
#90 = ORIENTED_EDGE('',*,*,#21,.T.);
#91 = ORIENTED_EDGE('',*,*,#92,.T.);
#92 = EDGE_CURVE('',#24,#93,#95,.T.);
#93 = VERTEX_POINT('',#94);
#94 = CARTESIAN_POINT('',(-15.,-55.,175.));
#95 = LINE('',#96,#97);
#96 = CARTESIAN_POINT('',(-45.,-55.,175.));
#97 = VECTOR('',#98,1.);
#98 = DIRECTION('',(1.,0.,-0.));
#99 = ORIENTED_EDGE('',*,*,#100,.F.);
#100 = EDGE_CURVE('',#84,#93,#101,.T.);
#101 = LINE('',#102,#103);
#102 = CARTESIAN_POINT('',(-15.,-55.,0.));
#103 = VECTOR('',#104,1.);
#104 = DIRECTION('',(0.,0.,1.));
#105 = FACE_BOUND('',#106,.F.);
#106 = EDGE_LOOP('',(#107));
#107 = ORIENTED_EDGE('',*,*,#108,.F.);
#108 = EDGE_CURVE('',#109,#109,#111,.T.);
#109 = VERTEX_POINT('',#110);
#110 = CARTESIAN_POINT('',(-19.75,-55.,92.1));
#111 = CIRCLE('',#112,2.1);
#112 = AXIS2_PLACEMENT_3D('',#113,#114,#115);
#113 = CARTESIAN_POINT('',(-19.75,-55.,90.));
#114 = DIRECTION('',(0.,1.,0.));
#115 = DIRECTION('',(0.,-0.,1.));
#116 = PLANE('',#117);
#117 = AXIS2_PLACEMENT_3D('',#118,#119,#120);
#118 = CARTESIAN_POINT('',(-45.,-55.,0.));
#119 = DIRECTION('',(-0.,1.,0.));
#120 = DIRECTION('',(0.,0.,1.));
#121 = ADVANCED_FACE('',(#122,#140),#174,.T.);
#122 = FACE_BOUND('',#123,.T.);
#123 = EDGE_LOOP('',(#124,#125,#126,#134));
#124 = ORIENTED_EDGE('',*,*,#47,.F.);
#125 = ORIENTED_EDGE('',*,*,#92,.T.);
#126 = ORIENTED_EDGE('',*,*,#127,.T.);
#127 = EDGE_CURVE('',#93,#128,#130,.T.);
#128 = VERTEX_POINT('',#129);
#129 = CARTESIAN_POINT('',(-15.,-25.,175.));
#130 = LINE('',#131,#132);
#131 = CARTESIAN_POINT('',(-15.,-55.,175.));
#132 = VECTOR('',#133,1.);
#133 = DIRECTION('',(-0.,1.,0.));
#134 = ORIENTED_EDGE('',*,*,#135,.F.);
#135 = EDGE_CURVE('',#40,#128,#136,.T.);
#136 = LINE('',#137,#138);
#137 = CARTESIAN_POINT('',(-45.,-25.,175.));
#138 = VECTOR('',#139,1.);
#139 = DIRECTION('',(1.,0.,-0.));
#140 = FACE_BOUND('',#141,.T.);
#141 = EDGE_LOOP('',(#142,#152,#160,#168));
#142 = ORIENTED_EDGE('',*,*,#143,.T.);
#143 = EDGE_CURVE('',#144,#146,#148,.T.);
#144 = VERTEX_POINT('',#145);
#145 = CARTESIAN_POINT('',(-19.75,-50.25,175.));
#146 = VERTEX_POINT('',#147);
#147 = CARTESIAN_POINT('',(-40.25,-50.25,175.));
#148 = LINE('',#149,#150);
#149 = CARTESIAN_POINT('',(-42.625,-50.25,175.));
#150 = VECTOR('',#151,1.);
#151 = DIRECTION('',(-1.,-0.,0.));
#152 = ORIENTED_EDGE('',*,*,#153,.T.);
#153 = EDGE_CURVE('',#146,#154,#156,.T.);
#154 = VERTEX_POINT('',#155);
#155 = CARTESIAN_POINT('',(-40.25,-29.75,175.));
#156 = LINE('',#157,#158);
#157 = CARTESIAN_POINT('',(-40.25,-52.625,175.));
#158 = VECTOR('',#159,1.);
#159 = DIRECTION('',(-0.,1.,0.));
#160 = ORIENTED_EDGE('',*,*,#161,.F.);
#161 = EDGE_CURVE('',#162,#154,#164,.T.);
#162 = VERTEX_POINT('',#163);
#163 = CARTESIAN_POINT('',(-19.75,-29.75,175.));
#164 = LINE('',#165,#166);
#165 = CARTESIAN_POINT('',(-42.625,-29.75,175.));
#166 = VECTOR('',#167,1.);
#167 = DIRECTION('',(-1.,-0.,0.));
#168 = ORIENTED_EDGE('',*,*,#169,.F.);
#169 = EDGE_CURVE('',#144,#162,#170,.T.);
#170 = LINE('',#171,#172);
#171 = CARTESIAN_POINT('',(-19.75,-52.625,175.));
#172 = VECTOR('',#173,1.);
#173 = DIRECTION('',(-0.,1.,0.));
#174 = PLANE('',#175);
#175 = AXIS2_PLACEMENT_3D('',#176,#177,#178);
#176 = CARTESIAN_POINT('',(-45.,-55.,175.));
#177 = DIRECTION('',(0.,0.,1.));
#178 = DIRECTION('',(1.,0.,-0.));
#179 = ADVANCED_FACE('',(#180),#198,.F.);
#180 = FACE_BOUND('',#181,.F.);
#181 = EDGE_LOOP('',(#182,#183,#184,#192));
#182 = ORIENTED_EDGE('',*,*,#31,.F.);
#183 = ORIENTED_EDGE('',*,*,#83,.T.);
#184 = ORIENTED_EDGE('',*,*,#185,.T.);
#185 = EDGE_CURVE('',#84,#186,#188,.T.);
#186 = VERTEX_POINT('',#187);
#187 = CARTESIAN_POINT('',(-15.,-25.,0.));
#188 = LINE('',#189,#190);
#189 = CARTESIAN_POINT('',(-15.,-55.,0.));
#190 = VECTOR('',#191,1.);
#191 = DIRECTION('',(-0.,1.,0.));
#192 = ORIENTED_EDGE('',*,*,#193,.F.);
#193 = EDGE_CURVE('',#32,#186,#194,.T.);
#194 = LINE('',#195,#196);
#195 = CARTESIAN_POINT('',(-45.,-25.,0.));
#196 = VECTOR('',#197,1.);
#197 = DIRECTION('',(1.,0.,-0.));
#198 = PLANE('',#199);
#199 = AXIS2_PLACEMENT_3D('',#200,#201,#202);
#200 = CARTESIAN_POINT('',(-45.,-55.,0.));
#201 = DIRECTION('',(0.,0.,1.));
#202 = DIRECTION('',(1.,0.,-0.));
#203 = ADVANCED_FACE('',(#204,#215),#226,.T.);
#204 = FACE_BOUND('',#205,.T.);
#205 = EDGE_LOOP('',(#206,#207,#208,#209));
#206 = ORIENTED_EDGE('',*,*,#193,.F.);
#207 = ORIENTED_EDGE('',*,*,#39,.T.);
#208 = ORIENTED_EDGE('',*,*,#135,.T.);
#209 = ORIENTED_EDGE('',*,*,#210,.F.);
#210 = EDGE_CURVE('',#186,#128,#211,.T.);
#211 = LINE('',#212,#213);
#212 = CARTESIAN_POINT('',(-15.,-25.,0.));
#213 = VECTOR('',#214,1.);
#214 = DIRECTION('',(0.,0.,1.));
#215 = FACE_BOUND('',#216,.T.);
#216 = EDGE_LOOP('',(#217));
#217 = ORIENTED_EDGE('',*,*,#218,.F.);
#218 = EDGE_CURVE('',#219,#219,#221,.T.);
#219 = VERTEX_POINT('',#220);
#220 = CARTESIAN_POINT('',(-19.75,-25.,92.1));
#221 = CIRCLE('',#222,2.1);
#222 = AXIS2_PLACEMENT_3D('',#223,#224,#225);
#223 = CARTESIAN_POINT('',(-19.75,-25.,90.));
#224 = DIRECTION('',(0.,1.,0.));
#225 = DIRECTION('',(0.,-0.,1.));
#226 = PLANE('',#227);
#227 = AXIS2_PLACEMENT_3D('',#228,#229,#230);
#228 = CARTESIAN_POINT('',(-45.,-25.,0.));
#229 = DIRECTION('',(-0.,1.,0.));
#230 = DIRECTION('',(0.,0.,1.));
#231 = ADVANCED_FACE('',(#232),#251,.F.);
#232 = FACE_BOUND('',#233,.F.);
#233 = EDGE_LOOP('',(#234,#243,#249,#250));
#234 = ORIENTED_EDGE('',*,*,#235,.F.);
#235 = EDGE_CURVE('',#236,#236,#238,.T.);
#236 = VERTEX_POINT('',#237);
#237 = CARTESIAN_POINT('',(-15.,-40.,14.6));
#238 = CIRCLE('',#239,2.1);
#239 = AXIS2_PLACEMENT_3D('',#240,#241,#242);
#240 = CARTESIAN_POINT('',(-15.,-40.,12.5));
#241 = DIRECTION('',(1.,0.,0.));
#242 = DIRECTION('',(-0.,0.,1.));
#243 = ORIENTED_EDGE('',*,*,#244,.F.);
#244 = EDGE_CURVE('',#56,#236,#245,.T.);
#245 = LINE('',#246,#247);
#246 = CARTESIAN_POINT('',(-50.,-40.,14.6));
#247 = VECTOR('',#248,1.);
#248 = DIRECTION('',(1.,0.,0.));
#249 = ORIENTED_EDGE('',*,*,#55,.T.);
#250 = ORIENTED_EDGE('',*,*,#244,.T.);
#251 = CYLINDRICAL_SURFACE('',#252,2.1);
#252 = AXIS2_PLACEMENT_3D('',#253,#254,#255);
#253 = CARTESIAN_POINT('',(-50.,-40.,12.5));
#254 = DIRECTION('',(1.,0.,0.));
#255 = DIRECTION('',(-0.,0.,1.));
#256 = ADVANCED_FACE('',(#257),#276,.F.);
#257 = FACE_BOUND('',#258,.F.);
#258 = EDGE_LOOP('',(#259,#268,#274,#275));
#259 = ORIENTED_EDGE('',*,*,#260,.F.);
#260 = EDGE_CURVE('',#261,#261,#263,.T.);
#261 = VERTEX_POINT('',#262);
#262 = CARTESIAN_POINT('',(-40.25,-40.,164.6));
#263 = CIRCLE('',#264,2.1);
#264 = AXIS2_PLACEMENT_3D('',#265,#266,#267);
#265 = CARTESIAN_POINT('',(-40.25,-40.,162.5));
#266 = DIRECTION('',(1.,0.,0.));
#267 = DIRECTION('',(-0.,0.,1.));
#268 = ORIENTED_EDGE('',*,*,#269,.F.);
#269 = EDGE_CURVE('',#67,#261,#270,.T.);
#270 = LINE('',#271,#272);
#271 = CARTESIAN_POINT('',(-50.,-40.,164.6));
#272 = VECTOR('',#273,1.);
#273 = DIRECTION('',(1.,0.,0.));
#274 = ORIENTED_EDGE('',*,*,#66,.T.);
#275 = ORIENTED_EDGE('',*,*,#269,.T.);
#276 = CYLINDRICAL_SURFACE('',#277,2.1);
#277 = AXIS2_PLACEMENT_3D('',#278,#279,#280);
#278 = CARTESIAN_POINT('',(-50.,-40.,162.5));
#279 = DIRECTION('',(1.,0.,0.));
#280 = DIRECTION('',(-0.,0.,1.));
#281 = ADVANCED_FACE('',(#282,#288,#291,#325),#336,.T.);
#282 = FACE_BOUND('',#283,.T.);
#283 = EDGE_LOOP('',(#284,#285,#286,#287));
#284 = ORIENTED_EDGE('',*,*,#100,.F.);
#285 = ORIENTED_EDGE('',*,*,#185,.T.);
#286 = ORIENTED_EDGE('',*,*,#210,.T.);
#287 = ORIENTED_EDGE('',*,*,#127,.F.);
#288 = FACE_BOUND('',#289,.T.);
#289 = EDGE_LOOP('',(#290));
#290 = ORIENTED_EDGE('',*,*,#235,.F.);
#291 = FACE_BOUND('',#292,.T.);
#292 = EDGE_LOOP('',(#293,#303,#311,#319));
#293 = ORIENTED_EDGE('',*,*,#294,.T.);
#294 = EDGE_CURVE('',#295,#297,#299,.T.);
#295 = VERTEX_POINT('',#296);
#296 = CARTESIAN_POINT('',(-15.,-32.25,77.25));
#297 = VERTEX_POINT('',#298);
#298 = CARTESIAN_POINT('',(-15.,-47.75,77.25));
#299 = LINE('',#300,#301);
#300 = CARTESIAN_POINT('',(-15.,-51.375,77.25));
#301 = VECTOR('',#302,1.);
#302 = DIRECTION('',(0.,-1.,0.));
#303 = ORIENTED_EDGE('',*,*,#304,.T.);
#304 = EDGE_CURVE('',#297,#305,#307,.T.);
#305 = VERTEX_POINT('',#306);
#306 = CARTESIAN_POINT('',(-15.,-47.75,102.75));
#307 = LINE('',#308,#309);
#308 = CARTESIAN_POINT('',(-15.,-47.75,38.625));
#309 = VECTOR('',#310,1.);
#310 = DIRECTION('',(0.,0.,1.));
#311 = ORIENTED_EDGE('',*,*,#312,.F.);
#312 = EDGE_CURVE('',#313,#305,#315,.T.);
#313 = VERTEX_POINT('',#314);
#314 = CARTESIAN_POINT('',(-15.,-32.25,102.75));
#315 = LINE('',#316,#317);
#316 = CARTESIAN_POINT('',(-15.,-51.375,102.75));
#317 = VECTOR('',#318,1.);
#318 = DIRECTION('',(0.,-1.,0.));
#319 = ORIENTED_EDGE('',*,*,#320,.F.);
#320 = EDGE_CURVE('',#295,#313,#321,.T.);
#321 = LINE('',#322,#323);
#322 = CARTESIAN_POINT('',(-15.,-32.25,38.625));
#323 = VECTOR('',#324,1.);
#324 = DIRECTION('',(0.,0.,1.));
#325 = FACE_BOUND('',#326,.T.);
#326 = EDGE_LOOP('',(#327));
#327 = ORIENTED_EDGE('',*,*,#328,.F.);
#328 = EDGE_CURVE('',#329,#329,#331,.T.);
#329 = VERTEX_POINT('',#330);
#330 = CARTESIAN_POINT('',(-15.,-40.,164.6));
#331 = CIRCLE('',#332,2.1);
#332 = AXIS2_PLACEMENT_3D('',#333,#334,#335);
#333 = CARTESIAN_POINT('',(-15.,-40.,162.5));
#334 = DIRECTION('',(1.,0.,0.));
#335 = DIRECTION('',(-0.,0.,1.));
#336 = PLANE('',#337);
#337 = AXIS2_PLACEMENT_3D('',#338,#339,#340);
#338 = CARTESIAN_POINT('',(-15.,-55.,0.));
#339 = DIRECTION('',(1.,0.,-0.));
#340 = DIRECTION('',(0.,0.,1.));
#341 = ADVANCED_FACE('',(#342),#361,.F.);
#342 = FACE_BOUND('',#343,.F.);
#343 = EDGE_LOOP('',(#344,#353,#359,#360));
#344 = ORIENTED_EDGE('',*,*,#345,.F.);
#345 = EDGE_CURVE('',#346,#346,#348,.T.);
#346 = VERTEX_POINT('',#347);
#347 = CARTESIAN_POINT('',(-19.75,-47.75,92.1));
#348 = CIRCLE('',#349,2.1);
#349 = AXIS2_PLACEMENT_3D('',#350,#351,#352);
#350 = CARTESIAN_POINT('',(-19.75,-47.75,90.));
#351 = DIRECTION('',(0.,1.,0.));
#352 = DIRECTION('',(0.,-0.,1.));
#353 = ORIENTED_EDGE('',*,*,#354,.F.);
#354 = EDGE_CURVE('',#109,#346,#355,.T.);
#355 = LINE('',#356,#357);
#356 = CARTESIAN_POINT('',(-19.75,-60.,92.1));
#357 = VECTOR('',#358,1.);
#358 = DIRECTION('',(0.,1.,0.));
#359 = ORIENTED_EDGE('',*,*,#108,.T.);
#360 = ORIENTED_EDGE('',*,*,#354,.T.);
#361 = CYLINDRICAL_SURFACE('',#362,2.1);
#362 = AXIS2_PLACEMENT_3D('',#363,#364,#365);
#363 = CARTESIAN_POINT('',(-19.75,-60.,90.));
#364 = DIRECTION('',(0.,1.,0.));
#365 = DIRECTION('',(0.,-0.,1.));
#366 = ADVANCED_FACE('',(#367),#392,.T.);
#367 = FACE_BOUND('',#368,.T.);
#368 = EDGE_LOOP('',(#369,#377,#385,#391));
#369 = ORIENTED_EDGE('',*,*,#370,.F.);
#370 = EDGE_CURVE('',#371,#144,#373,.T.);
#371 = VERTEX_POINT('',#372);
#372 = CARTESIAN_POINT('',(-19.75,-50.25,149.5));
#373 = LINE('',#374,#375);
#374 = CARTESIAN_POINT('',(-19.75,-50.25,149.5));
#375 = VECTOR('',#376,1.);
#376 = DIRECTION('',(0.,0.,1.));
#377 = ORIENTED_EDGE('',*,*,#378,.F.);
#378 = EDGE_CURVE('',#379,#371,#381,.T.);
#379 = VERTEX_POINT('',#380);
#380 = CARTESIAN_POINT('',(-40.25,-50.25,149.5));
#381 = LINE('',#382,#383);
#382 = CARTESIAN_POINT('',(-40.25,-50.25,149.5));
#383 = VECTOR('',#384,1.);
#384 = DIRECTION('',(1.,0.,-0.));
#385 = ORIENTED_EDGE('',*,*,#386,.T.);
#386 = EDGE_CURVE('',#379,#146,#387,.T.);
#387 = LINE('',#388,#389);
#388 = CARTESIAN_POINT('',(-40.25,-50.25,149.5));
#389 = VECTOR('',#390,1.);
#390 = DIRECTION('',(0.,0.,1.));
#391 = ORIENTED_EDGE('',*,*,#143,.F.);
#392 = PLANE('',#393);
#393 = AXIS2_PLACEMENT_3D('',#394,#395,#396);
#394 = CARTESIAN_POINT('',(-40.25,-50.25,149.5));
#395 = DIRECTION('',(-0.,1.,0.));
#396 = DIRECTION('',(0.,0.,1.));
#397 = ADVANCED_FACE('',(#398,#416),#427,.F.);
#398 = FACE_BOUND('',#399,.F.);
#399 = EDGE_LOOP('',(#400,#401,#409,#415));
#400 = ORIENTED_EDGE('',*,*,#370,.F.);
#401 = ORIENTED_EDGE('',*,*,#402,.T.);
#402 = EDGE_CURVE('',#371,#403,#405,.T.);
#403 = VERTEX_POINT('',#404);
#404 = CARTESIAN_POINT('',(-19.75,-29.75,149.5));
#405 = LINE('',#406,#407);
#406 = CARTESIAN_POINT('',(-19.75,-50.25,149.5));
#407 = VECTOR('',#408,1.);
#408 = DIRECTION('',(-0.,1.,0.));
#409 = ORIENTED_EDGE('',*,*,#410,.T.);
#410 = EDGE_CURVE('',#403,#162,#411,.T.);
#411 = LINE('',#412,#413);
#412 = CARTESIAN_POINT('',(-19.75,-29.75,149.5));
#413 = VECTOR('',#414,1.);
#414 = DIRECTION('',(0.,0.,1.));
#415 = ORIENTED_EDGE('',*,*,#169,.F.);
#416 = FACE_BOUND('',#417,.F.);
#417 = EDGE_LOOP('',(#418));
#418 = ORIENTED_EDGE('',*,*,#419,.F.);
#419 = EDGE_CURVE('',#420,#420,#422,.T.);
#420 = VERTEX_POINT('',#421);
#421 = CARTESIAN_POINT('',(-19.75,-40.,164.6));
#422 = CIRCLE('',#423,2.1);
#423 = AXIS2_PLACEMENT_3D('',#424,#425,#426);
#424 = CARTESIAN_POINT('',(-19.75,-40.,162.5));
#425 = DIRECTION('',(1.,0.,0.));
#426 = DIRECTION('',(-0.,0.,1.));
#427 = PLANE('',#428);
#428 = AXIS2_PLACEMENT_3D('',#429,#430,#431);
#429 = CARTESIAN_POINT('',(-19.75,-50.25,149.5));
#430 = DIRECTION('',(1.,0.,-0.));
#431 = DIRECTION('',(0.,0.,1.));
#432 = ADVANCED_FACE('',(#433),#451,.F.);
#433 = FACE_BOUND('',#434,.F.);
#434 = EDGE_LOOP('',(#435,#436,#444,#450));
#435 = ORIENTED_EDGE('',*,*,#410,.F.);
#436 = ORIENTED_EDGE('',*,*,#437,.F.);
#437 = EDGE_CURVE('',#438,#403,#440,.T.);
#438 = VERTEX_POINT('',#439);
#439 = CARTESIAN_POINT('',(-40.25,-29.75,149.5));
#440 = LINE('',#441,#442);
#441 = CARTESIAN_POINT('',(-40.25,-29.75,149.5));
#442 = VECTOR('',#443,1.);
#443 = DIRECTION('',(1.,0.,-0.));
#444 = ORIENTED_EDGE('',*,*,#445,.T.);
#445 = EDGE_CURVE('',#438,#154,#446,.T.);
#446 = LINE('',#447,#448);
#447 = CARTESIAN_POINT('',(-40.25,-29.75,149.5));
#448 = VECTOR('',#449,1.);
#449 = DIRECTION('',(0.,0.,1.));
#450 = ORIENTED_EDGE('',*,*,#161,.F.);
#451 = PLANE('',#452);
#452 = AXIS2_PLACEMENT_3D('',#453,#454,#455);
#453 = CARTESIAN_POINT('',(-40.25,-29.75,149.5));
#454 = DIRECTION('',(-0.,1.,0.));
#455 = DIRECTION('',(0.,0.,1.));
#456 = ADVANCED_FACE('',(#457,#468),#471,.T.);
#457 = FACE_BOUND('',#458,.T.);
#458 = EDGE_LOOP('',(#459,#460,#466,#467));
#459 = ORIENTED_EDGE('',*,*,#386,.F.);
#460 = ORIENTED_EDGE('',*,*,#461,.T.);
#461 = EDGE_CURVE('',#379,#438,#462,.T.);
#462 = LINE('',#463,#464);
#463 = CARTESIAN_POINT('',(-40.25,-50.25,149.5));
#464 = VECTOR('',#465,1.);
#465 = DIRECTION('',(-0.,1.,0.));
#466 = ORIENTED_EDGE('',*,*,#445,.T.);
#467 = ORIENTED_EDGE('',*,*,#153,.F.);
#468 = FACE_BOUND('',#469,.T.);
#469 = EDGE_LOOP('',(#470));
#470 = ORIENTED_EDGE('',*,*,#260,.F.);
#471 = PLANE('',#472);
#472 = AXIS2_PLACEMENT_3D('',#473,#474,#475);
#473 = CARTESIAN_POINT('',(-40.25,-50.25,149.5));
#474 = DIRECTION('',(1.,0.,-0.));
#475 = DIRECTION('',(0.,0.,1.));
#476 = ADVANCED_FACE('',(#477),#496,.F.);
#477 = FACE_BOUND('',#478,.F.);
#478 = EDGE_LOOP('',(#479,#480,#488,#495));
#479 = ORIENTED_EDGE('',*,*,#218,.F.);
#480 = ORIENTED_EDGE('',*,*,#481,.F.);
#481 = EDGE_CURVE('',#482,#219,#484,.T.);
#482 = VERTEX_POINT('',#483);
#483 = CARTESIAN_POINT('',(-19.75,-32.25,92.1));
#484 = LINE('',#485,#486);
#485 = CARTESIAN_POINT('',(-19.75,-60.,92.1));
#486 = VECTOR('',#487,1.);
#487 = DIRECTION('',(0.,1.,0.));
#488 = ORIENTED_EDGE('',*,*,#489,.T.);
#489 = EDGE_CURVE('',#482,#482,#490,.T.);
#490 = CIRCLE('',#491,2.1);
#491 = AXIS2_PLACEMENT_3D('',#492,#493,#494);
#492 = CARTESIAN_POINT('',(-19.75,-32.25,90.));
#493 = DIRECTION('',(0.,1.,0.));
#494 = DIRECTION('',(0.,-0.,1.));
#495 = ORIENTED_EDGE('',*,*,#481,.T.);
#496 = CYLINDRICAL_SURFACE('',#497,2.1);
#497 = AXIS2_PLACEMENT_3D('',#498,#499,#500);
#498 = CARTESIAN_POINT('',(-19.75,-60.,90.));
#499 = DIRECTION('',(0.,1.,0.));
#500 = DIRECTION('',(0.,-0.,1.));
#501 = ADVANCED_FACE('',(#502),#527,.T.);
#502 = FACE_BOUND('',#503,.T.);
#503 = EDGE_LOOP('',(#504,#512,#520,#526));
#504 = ORIENTED_EDGE('',*,*,#505,.F.);
#505 = EDGE_CURVE('',#506,#295,#508,.T.);
#506 = VERTEX_POINT('',#507);
#507 = CARTESIAN_POINT('',(-25.,-32.25,77.25));
#508 = LINE('',#509,#510);
#509 = CARTESIAN_POINT('',(-25.,-32.25,77.25));
#510 = VECTOR('',#511,1.);
#511 = DIRECTION('',(1.,0.,-0.));
#512 = ORIENTED_EDGE('',*,*,#513,.F.);
#513 = EDGE_CURVE('',#514,#506,#516,.T.);
#514 = VERTEX_POINT('',#515);
#515 = CARTESIAN_POINT('',(-25.,-47.75,77.25));
#516 = LINE('',#517,#518);
#517 = CARTESIAN_POINT('',(-25.,-47.75,77.25));
#518 = VECTOR('',#519,1.);
#519 = DIRECTION('',(-0.,1.,0.));
#520 = ORIENTED_EDGE('',*,*,#521,.T.);
#521 = EDGE_CURVE('',#514,#297,#522,.T.);
#522 = LINE('',#523,#524);
#523 = CARTESIAN_POINT('',(-25.,-47.75,77.25));
#524 = VECTOR('',#525,1.);
#525 = DIRECTION('',(1.,0.,-0.));
#526 = ORIENTED_EDGE('',*,*,#294,.F.);
#527 = PLANE('',#528);
#528 = AXIS2_PLACEMENT_3D('',#529,#530,#531);
#529 = CARTESIAN_POINT('',(-25.,-47.75,77.25));
#530 = DIRECTION('',(0.,0.,1.));
#531 = DIRECTION('',(1.,0.,-0.));
#532 = ADVANCED_FACE('',(#533,#551),#554,.F.);
#533 = FACE_BOUND('',#534,.F.);
#534 = EDGE_LOOP('',(#535,#536,#544,#550));
#535 = ORIENTED_EDGE('',*,*,#505,.F.);
#536 = ORIENTED_EDGE('',*,*,#537,.T.);
#537 = EDGE_CURVE('',#506,#538,#540,.T.);
#538 = VERTEX_POINT('',#539);
#539 = CARTESIAN_POINT('',(-25.,-32.25,102.75));
#540 = LINE('',#541,#542);
#541 = CARTESIAN_POINT('',(-25.,-32.25,77.25));
#542 = VECTOR('',#543,1.);
#543 = DIRECTION('',(0.,0.,1.));
#544 = ORIENTED_EDGE('',*,*,#545,.T.);
#545 = EDGE_CURVE('',#538,#313,#546,.T.);
#546 = LINE('',#547,#548);
#547 = CARTESIAN_POINT('',(-25.,-32.25,102.75));
#548 = VECTOR('',#549,1.);
#549 = DIRECTION('',(1.,0.,-0.));
#550 = ORIENTED_EDGE('',*,*,#320,.F.);
#551 = FACE_BOUND('',#552,.F.);
#552 = EDGE_LOOP('',(#553));
#553 = ORIENTED_EDGE('',*,*,#489,.F.);
#554 = PLANE('',#555);
#555 = AXIS2_PLACEMENT_3D('',#556,#557,#558);
#556 = CARTESIAN_POINT('',(-25.,-32.25,77.25));
#557 = DIRECTION('',(-0.,1.,0.));
#558 = DIRECTION('',(0.,0.,1.));
#559 = ADVANCED_FACE('',(#560),#578,.F.);
#560 = FACE_BOUND('',#561,.F.);
#561 = EDGE_LOOP('',(#562,#563,#571,#577));
#562 = ORIENTED_EDGE('',*,*,#545,.F.);
#563 = ORIENTED_EDGE('',*,*,#564,.F.);
#564 = EDGE_CURVE('',#565,#538,#567,.T.);
#565 = VERTEX_POINT('',#566);
#566 = CARTESIAN_POINT('',(-25.,-47.75,102.75));
#567 = LINE('',#568,#569);
#568 = CARTESIAN_POINT('',(-25.,-47.75,102.75));
#569 = VECTOR('',#570,1.);
#570 = DIRECTION('',(-0.,1.,0.));
#571 = ORIENTED_EDGE('',*,*,#572,.T.);
#572 = EDGE_CURVE('',#565,#305,#573,.T.);
#573 = LINE('',#574,#575);
#574 = CARTESIAN_POINT('',(-25.,-47.75,102.75));
#575 = VECTOR('',#576,1.);
#576 = DIRECTION('',(1.,0.,-0.));
#577 = ORIENTED_EDGE('',*,*,#312,.F.);
#578 = PLANE('',#579);
#579 = AXIS2_PLACEMENT_3D('',#580,#581,#582);
#580 = CARTESIAN_POINT('',(-25.,-47.75,102.75));
#581 = DIRECTION('',(0.,0.,1.));
#582 = DIRECTION('',(1.,0.,-0.));
#583 = ADVANCED_FACE('',(#584,#595),#598,.T.);
#584 = FACE_BOUND('',#585,.T.);
#585 = EDGE_LOOP('',(#586,#587,#593,#594));
#586 = ORIENTED_EDGE('',*,*,#521,.F.);
#587 = ORIENTED_EDGE('',*,*,#588,.T.);
#588 = EDGE_CURVE('',#514,#565,#589,.T.);
#589 = LINE('',#590,#591);
#590 = CARTESIAN_POINT('',(-25.,-47.75,77.25));
#591 = VECTOR('',#592,1.);
#592 = DIRECTION('',(0.,0.,1.));
#593 = ORIENTED_EDGE('',*,*,#572,.T.);
#594 = ORIENTED_EDGE('',*,*,#304,.F.);
#595 = FACE_BOUND('',#596,.T.);
#596 = EDGE_LOOP('',(#597));
#597 = ORIENTED_EDGE('',*,*,#345,.F.);
#598 = PLANE('',#599);
#599 = AXIS2_PLACEMENT_3D('',#600,#601,#602);
#600 = CARTESIAN_POINT('',(-25.,-47.75,77.25));
#601 = DIRECTION('',(-0.,1.,0.));
#602 = DIRECTION('',(0.,0.,1.));
#603 = ADVANCED_FACE('',(#604),#615,.F.);
#604 = FACE_BOUND('',#605,.F.);
#605 = EDGE_LOOP('',(#606,#607,#613,#614));
#606 = ORIENTED_EDGE('',*,*,#328,.F.);
#607 = ORIENTED_EDGE('',*,*,#608,.F.);
#608 = EDGE_CURVE('',#420,#329,#609,.T.);
#609 = LINE('',#610,#611);
#610 = CARTESIAN_POINT('',(-50.,-40.,164.6));
#611 = VECTOR('',#612,1.);
#612 = DIRECTION('',(1.,0.,0.));
#613 = ORIENTED_EDGE('',*,*,#419,.T.);
#614 = ORIENTED_EDGE('',*,*,#608,.T.);
#615 = CYLINDRICAL_SURFACE('',#616,2.1);
#616 = AXIS2_PLACEMENT_3D('',#617,#618,#619);
#617 = CARTESIAN_POINT('',(-50.,-40.,162.5));
#618 = DIRECTION('',(1.,0.,0.));
#619 = DIRECTION('',(-0.,0.,1.));
#620 = ADVANCED_FACE('',(#621),#627,.T.);
#621 = FACE_BOUND('',#622,.T.);
#622 = EDGE_LOOP('',(#623,#624,#625,#626));
#623 = ORIENTED_EDGE('',*,*,#461,.F.);
#624 = ORIENTED_EDGE('',*,*,#378,.T.);
#625 = ORIENTED_EDGE('',*,*,#402,.T.);
#626 = ORIENTED_EDGE('',*,*,#437,.F.);
#627 = PLANE('',#628);
#628 = AXIS2_PLACEMENT_3D('',#629,#630,#631);
#629 = CARTESIAN_POINT('',(-40.25,-50.25,149.5));
#630 = DIRECTION('',(0.,0.,1.));
#631 = DIRECTION('',(1.,0.,-0.));
#632 = ADVANCED_FACE('',(#633),#639,.T.);
#633 = FACE_BOUND('',#634,.T.);
#634 = EDGE_LOOP('',(#635,#636,#637,#638));
#635 = ORIENTED_EDGE('',*,*,#588,.F.);
#636 = ORIENTED_EDGE('',*,*,#513,.T.);
#637 = ORIENTED_EDGE('',*,*,#537,.T.);
#638 = ORIENTED_EDGE('',*,*,#564,.F.);
#639 = PLANE('',#640);
#640 = AXIS2_PLACEMENT_3D('',#641,#642,#643);
#641 = CARTESIAN_POINT('',(-25.,-47.75,77.25));
#642 = DIRECTION('',(1.,0.,-0.));
#643 = DIRECTION('',(0.,0.,1.));
#644 = MANIFOLD_SOLID_BREP('',#645);
#645 = CLOSED_SHELL('',(#646,#708,#750,#808,#832,#860,#885,#910,#970,
    #995,#1026,#1061,#1085,#1105,#1130,#1161,#1188,#1212,#1232,#1249,
    #1261));
#646 = ADVANCED_FACE('',(#647,#681,#692),#703,.F.);
#647 = FACE_BOUND('',#648,.F.);
#648 = EDGE_LOOP('',(#649,#659,#667,#675));
#649 = ORIENTED_EDGE('',*,*,#650,.F.);
#650 = EDGE_CURVE('',#651,#653,#655,.T.);
#651 = VERTEX_POINT('',#652);
#652 = CARTESIAN_POINT('',(15.,-55.,0.));
#653 = VERTEX_POINT('',#654);
#654 = CARTESIAN_POINT('',(15.,-55.,175.));
#655 = LINE('',#656,#657);
#656 = CARTESIAN_POINT('',(15.,-55.,0.));
#657 = VECTOR('',#658,1.);
#658 = DIRECTION('',(0.,0.,1.));
#659 = ORIENTED_EDGE('',*,*,#660,.T.);
#660 = EDGE_CURVE('',#651,#661,#663,.T.);
#661 = VERTEX_POINT('',#662);
#662 = CARTESIAN_POINT('',(15.,-25.,0.));
#663 = LINE('',#664,#665);
#664 = CARTESIAN_POINT('',(15.,-55.,0.));
#665 = VECTOR('',#666,1.);
#666 = DIRECTION('',(-0.,1.,0.));
#667 = ORIENTED_EDGE('',*,*,#668,.T.);
#668 = EDGE_CURVE('',#661,#669,#671,.T.);
#669 = VERTEX_POINT('',#670);
#670 = CARTESIAN_POINT('',(15.,-25.,175.));
#671 = LINE('',#672,#673);
#672 = CARTESIAN_POINT('',(15.,-25.,0.));
#673 = VECTOR('',#674,1.);
#674 = DIRECTION('',(0.,0.,1.));
#675 = ORIENTED_EDGE('',*,*,#676,.F.);
#676 = EDGE_CURVE('',#653,#669,#677,.T.);
#677 = LINE('',#678,#679);
#678 = CARTESIAN_POINT('',(15.,-55.,175.));
#679 = VECTOR('',#680,1.);
#680 = DIRECTION('',(-0.,1.,0.));
#681 = FACE_BOUND('',#682,.F.);
#682 = EDGE_LOOP('',(#683));
#683 = ORIENTED_EDGE('',*,*,#684,.F.);
#684 = EDGE_CURVE('',#685,#685,#687,.T.);
#685 = VERTEX_POINT('',#686);
#686 = CARTESIAN_POINT('',(15.,-40.,14.6));
#687 = CIRCLE('',#688,2.1);
#688 = AXIS2_PLACEMENT_3D('',#689,#690,#691);
#689 = CARTESIAN_POINT('',(15.,-40.,12.5));
#690 = DIRECTION('',(1.,0.,0.));
#691 = DIRECTION('',(-0.,0.,1.));
#692 = FACE_BOUND('',#693,.F.);
#693 = EDGE_LOOP('',(#694));
#694 = ORIENTED_EDGE('',*,*,#695,.F.);
#695 = EDGE_CURVE('',#696,#696,#698,.T.);
#696 = VERTEX_POINT('',#697);
#697 = CARTESIAN_POINT('',(15.,-40.,164.6));
#698 = CIRCLE('',#699,2.1);
#699 = AXIS2_PLACEMENT_3D('',#700,#701,#702);
#700 = CARTESIAN_POINT('',(15.,-40.,162.5));
#701 = DIRECTION('',(1.,0.,0.));
#702 = DIRECTION('',(-0.,0.,1.));
#703 = PLANE('',#704);
#704 = AXIS2_PLACEMENT_3D('',#705,#706,#707);
#705 = CARTESIAN_POINT('',(15.,-55.,0.));
#706 = DIRECTION('',(1.,0.,-0.));
#707 = DIRECTION('',(0.,0.,1.));
#708 = ADVANCED_FACE('',(#709,#734),#745,.F.);
#709 = FACE_BOUND('',#710,.F.);
#710 = EDGE_LOOP('',(#711,#719,#720,#728));
#711 = ORIENTED_EDGE('',*,*,#712,.F.);
#712 = EDGE_CURVE('',#651,#713,#715,.T.);
#713 = VERTEX_POINT('',#714);
#714 = CARTESIAN_POINT('',(45.,-55.,0.));
#715 = LINE('',#716,#717);
#716 = CARTESIAN_POINT('',(15.,-55.,0.));
#717 = VECTOR('',#718,1.);
#718 = DIRECTION('',(1.,0.,-0.));
#719 = ORIENTED_EDGE('',*,*,#650,.T.);
#720 = ORIENTED_EDGE('',*,*,#721,.T.);
#721 = EDGE_CURVE('',#653,#722,#724,.T.);
#722 = VERTEX_POINT('',#723);
#723 = CARTESIAN_POINT('',(45.,-55.,175.));
#724 = LINE('',#725,#726);
#725 = CARTESIAN_POINT('',(15.,-55.,175.));
#726 = VECTOR('',#727,1.);
#727 = DIRECTION('',(1.,0.,-0.));
#728 = ORIENTED_EDGE('',*,*,#729,.F.);
#729 = EDGE_CURVE('',#713,#722,#730,.T.);
#730 = LINE('',#731,#732);
#731 = CARTESIAN_POINT('',(45.,-55.,0.));
#732 = VECTOR('',#733,1.);
#733 = DIRECTION('',(0.,0.,1.));
#734 = FACE_BOUND('',#735,.F.);
#735 = EDGE_LOOP('',(#736));
#736 = ORIENTED_EDGE('',*,*,#737,.F.);
#737 = EDGE_CURVE('',#738,#738,#740,.T.);
#738 = VERTEX_POINT('',#739);
#739 = CARTESIAN_POINT('',(40.25,-55.,92.1));
#740 = CIRCLE('',#741,2.1);
#741 = AXIS2_PLACEMENT_3D('',#742,#743,#744);
#742 = CARTESIAN_POINT('',(40.25,-55.,90.));
#743 = DIRECTION('',(0.,1.,0.));
#744 = DIRECTION('',(0.,-0.,1.));
#745 = PLANE('',#746);
#746 = AXIS2_PLACEMENT_3D('',#747,#748,#749);
#747 = CARTESIAN_POINT('',(15.,-55.,0.));
#748 = DIRECTION('',(-0.,1.,0.));
#749 = DIRECTION('',(0.,0.,1.));
#750 = ADVANCED_FACE('',(#751,#769),#803,.T.);
#751 = FACE_BOUND('',#752,.T.);
#752 = EDGE_LOOP('',(#753,#754,#755,#763));
#753 = ORIENTED_EDGE('',*,*,#676,.F.);
#754 = ORIENTED_EDGE('',*,*,#721,.T.);
#755 = ORIENTED_EDGE('',*,*,#756,.T.);
#756 = EDGE_CURVE('',#722,#757,#759,.T.);
#757 = VERTEX_POINT('',#758);
#758 = CARTESIAN_POINT('',(45.,-25.,175.));
#759 = LINE('',#760,#761);
#760 = CARTESIAN_POINT('',(45.,-55.,175.));
#761 = VECTOR('',#762,1.);
#762 = DIRECTION('',(-0.,1.,0.));
#763 = ORIENTED_EDGE('',*,*,#764,.F.);
#764 = EDGE_CURVE('',#669,#757,#765,.T.);
#765 = LINE('',#766,#767);
#766 = CARTESIAN_POINT('',(15.,-25.,175.));
#767 = VECTOR('',#768,1.);
#768 = DIRECTION('',(1.,0.,-0.));
#769 = FACE_BOUND('',#770,.T.);
#770 = EDGE_LOOP('',(#771,#781,#789,#797));
#771 = ORIENTED_EDGE('',*,*,#772,.T.);
#772 = EDGE_CURVE('',#773,#775,#777,.T.);
#773 = VERTEX_POINT('',#774);
#774 = CARTESIAN_POINT('',(40.25,-50.25,175.));
#775 = VERTEX_POINT('',#776);
#776 = CARTESIAN_POINT('',(19.75,-50.25,175.));
#777 = LINE('',#778,#779);
#778 = CARTESIAN_POINT('',(17.375,-50.25,175.));
#779 = VECTOR('',#780,1.);
#780 = DIRECTION('',(-1.,-0.,0.));
#781 = ORIENTED_EDGE('',*,*,#782,.T.);
#782 = EDGE_CURVE('',#775,#783,#785,.T.);
#783 = VERTEX_POINT('',#784);
#784 = CARTESIAN_POINT('',(19.75,-29.75,175.));
#785 = LINE('',#786,#787);
#786 = CARTESIAN_POINT('',(19.75,-52.625,175.));
#787 = VECTOR('',#788,1.);
#788 = DIRECTION('',(-0.,1.,0.));
#789 = ORIENTED_EDGE('',*,*,#790,.F.);
#790 = EDGE_CURVE('',#791,#783,#793,.T.);
#791 = VERTEX_POINT('',#792);
#792 = CARTESIAN_POINT('',(40.25,-29.75,175.));
#793 = LINE('',#794,#795);
#794 = CARTESIAN_POINT('',(17.375,-29.75,175.));
#795 = VECTOR('',#796,1.);
#796 = DIRECTION('',(-1.,-0.,0.));
#797 = ORIENTED_EDGE('',*,*,#798,.F.);
#798 = EDGE_CURVE('',#773,#791,#799,.T.);
#799 = LINE('',#800,#801);
#800 = CARTESIAN_POINT('',(40.25,-52.625,175.));
#801 = VECTOR('',#802,1.);
#802 = DIRECTION('',(-0.,1.,0.));
#803 = PLANE('',#804);
#804 = AXIS2_PLACEMENT_3D('',#805,#806,#807);
#805 = CARTESIAN_POINT('',(15.,-55.,175.));
#806 = DIRECTION('',(0.,0.,1.));
#807 = DIRECTION('',(1.,0.,-0.));
#808 = ADVANCED_FACE('',(#809),#827,.F.);
#809 = FACE_BOUND('',#810,.F.);
#810 = EDGE_LOOP('',(#811,#812,#813,#821));
#811 = ORIENTED_EDGE('',*,*,#660,.F.);
#812 = ORIENTED_EDGE('',*,*,#712,.T.);
#813 = ORIENTED_EDGE('',*,*,#814,.T.);
#814 = EDGE_CURVE('',#713,#815,#817,.T.);
#815 = VERTEX_POINT('',#816);
#816 = CARTESIAN_POINT('',(45.,-25.,0.));
#817 = LINE('',#818,#819);
#818 = CARTESIAN_POINT('',(45.,-55.,0.));
#819 = VECTOR('',#820,1.);
#820 = DIRECTION('',(-0.,1.,0.));
#821 = ORIENTED_EDGE('',*,*,#822,.F.);
#822 = EDGE_CURVE('',#661,#815,#823,.T.);
#823 = LINE('',#824,#825);
#824 = CARTESIAN_POINT('',(15.,-25.,0.));
#825 = VECTOR('',#826,1.);
#826 = DIRECTION('',(1.,0.,-0.));
#827 = PLANE('',#828);
#828 = AXIS2_PLACEMENT_3D('',#829,#830,#831);
#829 = CARTESIAN_POINT('',(15.,-55.,0.));
#830 = DIRECTION('',(0.,0.,1.));
#831 = DIRECTION('',(1.,0.,-0.));
#832 = ADVANCED_FACE('',(#833,#844),#855,.T.);
#833 = FACE_BOUND('',#834,.T.);
#834 = EDGE_LOOP('',(#835,#836,#837,#838));
#835 = ORIENTED_EDGE('',*,*,#822,.F.);
#836 = ORIENTED_EDGE('',*,*,#668,.T.);
#837 = ORIENTED_EDGE('',*,*,#764,.T.);
#838 = ORIENTED_EDGE('',*,*,#839,.F.);
#839 = EDGE_CURVE('',#815,#757,#840,.T.);
#840 = LINE('',#841,#842);
#841 = CARTESIAN_POINT('',(45.,-25.,0.));
#842 = VECTOR('',#843,1.);
#843 = DIRECTION('',(0.,0.,1.));
#844 = FACE_BOUND('',#845,.T.);
#845 = EDGE_LOOP('',(#846));
#846 = ORIENTED_EDGE('',*,*,#847,.F.);
#847 = EDGE_CURVE('',#848,#848,#850,.T.);
#848 = VERTEX_POINT('',#849);
#849 = CARTESIAN_POINT('',(40.25,-25.,92.1));
#850 = CIRCLE('',#851,2.1);
#851 = AXIS2_PLACEMENT_3D('',#852,#853,#854);
#852 = CARTESIAN_POINT('',(40.25,-25.,90.));
#853 = DIRECTION('',(0.,1.,0.));
#854 = DIRECTION('',(0.,-0.,1.));
#855 = PLANE('',#856);
#856 = AXIS2_PLACEMENT_3D('',#857,#858,#859);
#857 = CARTESIAN_POINT('',(15.,-25.,0.));
#858 = DIRECTION('',(-0.,1.,0.));
#859 = DIRECTION('',(0.,0.,1.));
#860 = ADVANCED_FACE('',(#861),#880,.F.);
#861 = FACE_BOUND('',#862,.F.);
#862 = EDGE_LOOP('',(#863,#872,#878,#879));
#863 = ORIENTED_EDGE('',*,*,#864,.F.);
#864 = EDGE_CURVE('',#865,#865,#867,.T.);
#865 = VERTEX_POINT('',#866);
#866 = CARTESIAN_POINT('',(45.,-40.,14.6));
#867 = CIRCLE('',#868,2.1);
#868 = AXIS2_PLACEMENT_3D('',#869,#870,#871);
#869 = CARTESIAN_POINT('',(45.,-40.,12.5));
#870 = DIRECTION('',(1.,0.,0.));
#871 = DIRECTION('',(-0.,0.,1.));
#872 = ORIENTED_EDGE('',*,*,#873,.F.);
#873 = EDGE_CURVE('',#685,#865,#874,.T.);
#874 = LINE('',#875,#876);
#875 = CARTESIAN_POINT('',(10.,-40.,14.6));
#876 = VECTOR('',#877,1.);
#877 = DIRECTION('',(1.,0.,0.));
#878 = ORIENTED_EDGE('',*,*,#684,.T.);
#879 = ORIENTED_EDGE('',*,*,#873,.T.);
#880 = CYLINDRICAL_SURFACE('',#881,2.1);
#881 = AXIS2_PLACEMENT_3D('',#882,#883,#884);
#882 = CARTESIAN_POINT('',(10.,-40.,12.5));
#883 = DIRECTION('',(1.,0.,0.));
#884 = DIRECTION('',(-0.,0.,1.));
#885 = ADVANCED_FACE('',(#886),#905,.F.);
#886 = FACE_BOUND('',#887,.F.);
#887 = EDGE_LOOP('',(#888,#897,#903,#904));
#888 = ORIENTED_EDGE('',*,*,#889,.F.);
#889 = EDGE_CURVE('',#890,#890,#892,.T.);
#890 = VERTEX_POINT('',#891);
#891 = CARTESIAN_POINT('',(19.75,-40.,164.6));
#892 = CIRCLE('',#893,2.1);
#893 = AXIS2_PLACEMENT_3D('',#894,#895,#896);
#894 = CARTESIAN_POINT('',(19.75,-40.,162.5));
#895 = DIRECTION('',(1.,0.,0.));
#896 = DIRECTION('',(-0.,0.,1.));
#897 = ORIENTED_EDGE('',*,*,#898,.F.);
#898 = EDGE_CURVE('',#696,#890,#899,.T.);
#899 = LINE('',#900,#901);
#900 = CARTESIAN_POINT('',(10.,-40.,164.6));
#901 = VECTOR('',#902,1.);
#902 = DIRECTION('',(1.,0.,0.));
#903 = ORIENTED_EDGE('',*,*,#695,.T.);
#904 = ORIENTED_EDGE('',*,*,#898,.T.);
#905 = CYLINDRICAL_SURFACE('',#906,2.1);
#906 = AXIS2_PLACEMENT_3D('',#907,#908,#909);
#907 = CARTESIAN_POINT('',(10.,-40.,162.5));
#908 = DIRECTION('',(1.,0.,0.));
#909 = DIRECTION('',(-0.,0.,1.));
#910 = ADVANCED_FACE('',(#911,#917,#920,#954),#965,.T.);
#911 = FACE_BOUND('',#912,.T.);
#912 = EDGE_LOOP('',(#913,#914,#915,#916));
#913 = ORIENTED_EDGE('',*,*,#729,.F.);
#914 = ORIENTED_EDGE('',*,*,#814,.T.);
#915 = ORIENTED_EDGE('',*,*,#839,.T.);
#916 = ORIENTED_EDGE('',*,*,#756,.F.);
#917 = FACE_BOUND('',#918,.T.);
#918 = EDGE_LOOP('',(#919));
#919 = ORIENTED_EDGE('',*,*,#864,.F.);
#920 = FACE_BOUND('',#921,.T.);
#921 = EDGE_LOOP('',(#922,#932,#940,#948));
#922 = ORIENTED_EDGE('',*,*,#923,.T.);
#923 = EDGE_CURVE('',#924,#926,#928,.T.);
#924 = VERTEX_POINT('',#925);
#925 = CARTESIAN_POINT('',(45.,-32.25,77.25));
#926 = VERTEX_POINT('',#927);
#927 = CARTESIAN_POINT('',(45.,-47.75,77.25));
#928 = LINE('',#929,#930);
#929 = CARTESIAN_POINT('',(45.,-51.375,77.25));
#930 = VECTOR('',#931,1.);
#931 = DIRECTION('',(0.,-1.,0.));
#932 = ORIENTED_EDGE('',*,*,#933,.T.);
#933 = EDGE_CURVE('',#926,#934,#936,.T.);
#934 = VERTEX_POINT('',#935);
#935 = CARTESIAN_POINT('',(45.,-47.75,102.75));
#936 = LINE('',#937,#938);
#937 = CARTESIAN_POINT('',(45.,-47.75,38.625));
#938 = VECTOR('',#939,1.);
#939 = DIRECTION('',(0.,0.,1.));
#940 = ORIENTED_EDGE('',*,*,#941,.F.);
#941 = EDGE_CURVE('',#942,#934,#944,.T.);
#942 = VERTEX_POINT('',#943);
#943 = CARTESIAN_POINT('',(45.,-32.25,102.75));
#944 = LINE('',#945,#946);
#945 = CARTESIAN_POINT('',(45.,-51.375,102.75));
#946 = VECTOR('',#947,1.);
#947 = DIRECTION('',(0.,-1.,0.));
#948 = ORIENTED_EDGE('',*,*,#949,.F.);
#949 = EDGE_CURVE('',#924,#942,#950,.T.);
#950 = LINE('',#951,#952);
#951 = CARTESIAN_POINT('',(45.,-32.25,38.625));
#952 = VECTOR('',#953,1.);
#953 = DIRECTION('',(0.,0.,1.));
#954 = FACE_BOUND('',#955,.T.);
#955 = EDGE_LOOP('',(#956));
#956 = ORIENTED_EDGE('',*,*,#957,.F.);
#957 = EDGE_CURVE('',#958,#958,#960,.T.);
#958 = VERTEX_POINT('',#959);
#959 = CARTESIAN_POINT('',(45.,-40.,164.6));
#960 = CIRCLE('',#961,2.1);
#961 = AXIS2_PLACEMENT_3D('',#962,#963,#964);
#962 = CARTESIAN_POINT('',(45.,-40.,162.5));
#963 = DIRECTION('',(1.,0.,0.));
#964 = DIRECTION('',(-0.,0.,1.));
#965 = PLANE('',#966);
#966 = AXIS2_PLACEMENT_3D('',#967,#968,#969);
#967 = CARTESIAN_POINT('',(45.,-55.,0.));
#968 = DIRECTION('',(1.,0.,-0.));
#969 = DIRECTION('',(0.,0.,1.));
#970 = ADVANCED_FACE('',(#971),#990,.F.);
#971 = FACE_BOUND('',#972,.F.);
#972 = EDGE_LOOP('',(#973,#982,#988,#989));
#973 = ORIENTED_EDGE('',*,*,#974,.F.);
#974 = EDGE_CURVE('',#975,#975,#977,.T.);
#975 = VERTEX_POINT('',#976);
#976 = CARTESIAN_POINT('',(40.25,-47.75,92.1));
#977 = CIRCLE('',#978,2.1);
#978 = AXIS2_PLACEMENT_3D('',#979,#980,#981);
#979 = CARTESIAN_POINT('',(40.25,-47.75,90.));
#980 = DIRECTION('',(0.,1.,0.));
#981 = DIRECTION('',(0.,-0.,1.));
#982 = ORIENTED_EDGE('',*,*,#983,.F.);
#983 = EDGE_CURVE('',#738,#975,#984,.T.);
#984 = LINE('',#985,#986);
#985 = CARTESIAN_POINT('',(40.25,-60.,92.1));
#986 = VECTOR('',#987,1.);
#987 = DIRECTION('',(0.,1.,0.));
#988 = ORIENTED_EDGE('',*,*,#737,.T.);
#989 = ORIENTED_EDGE('',*,*,#983,.T.);
#990 = CYLINDRICAL_SURFACE('',#991,2.1);
#991 = AXIS2_PLACEMENT_3D('',#992,#993,#994);
#992 = CARTESIAN_POINT('',(40.25,-60.,90.));
#993 = DIRECTION('',(0.,1.,0.));
#994 = DIRECTION('',(0.,-0.,1.));
#995 = ADVANCED_FACE('',(#996),#1021,.T.);
#996 = FACE_BOUND('',#997,.T.);
#997 = EDGE_LOOP('',(#998,#1006,#1014,#1020));
#998 = ORIENTED_EDGE('',*,*,#999,.F.);
#999 = EDGE_CURVE('',#1000,#773,#1002,.T.);
#1000 = VERTEX_POINT('',#1001);
#1001 = CARTESIAN_POINT('',(40.25,-50.25,149.5));
#1002 = LINE('',#1003,#1004);
#1003 = CARTESIAN_POINT('',(40.25,-50.25,149.5));
#1004 = VECTOR('',#1005,1.);
#1005 = DIRECTION('',(0.,0.,1.));
#1006 = ORIENTED_EDGE('',*,*,#1007,.F.);
#1007 = EDGE_CURVE('',#1008,#1000,#1010,.T.);
#1008 = VERTEX_POINT('',#1009);
#1009 = CARTESIAN_POINT('',(19.75,-50.25,149.5));
#1010 = LINE('',#1011,#1012);
#1011 = CARTESIAN_POINT('',(19.75,-50.25,149.5));
#1012 = VECTOR('',#1013,1.);
#1013 = DIRECTION('',(1.,0.,-0.));
#1014 = ORIENTED_EDGE('',*,*,#1015,.T.);
#1015 = EDGE_CURVE('',#1008,#775,#1016,.T.);
#1016 = LINE('',#1017,#1018);
#1017 = CARTESIAN_POINT('',(19.75,-50.25,149.5));
#1018 = VECTOR('',#1019,1.);
#1019 = DIRECTION('',(0.,0.,1.));
#1020 = ORIENTED_EDGE('',*,*,#772,.F.);
#1021 = PLANE('',#1022);
#1022 = AXIS2_PLACEMENT_3D('',#1023,#1024,#1025);
#1023 = CARTESIAN_POINT('',(19.75,-50.25,149.5));
#1024 = DIRECTION('',(-0.,1.,0.));
#1025 = DIRECTION('',(0.,0.,1.));
#1026 = ADVANCED_FACE('',(#1027,#1045),#1056,.F.);
#1027 = FACE_BOUND('',#1028,.F.);
#1028 = EDGE_LOOP('',(#1029,#1030,#1038,#1044));
#1029 = ORIENTED_EDGE('',*,*,#999,.F.);
#1030 = ORIENTED_EDGE('',*,*,#1031,.T.);
#1031 = EDGE_CURVE('',#1000,#1032,#1034,.T.);
#1032 = VERTEX_POINT('',#1033);
#1033 = CARTESIAN_POINT('',(40.25,-29.75,149.5));
#1034 = LINE('',#1035,#1036);
#1035 = CARTESIAN_POINT('',(40.25,-50.25,149.5));
#1036 = VECTOR('',#1037,1.);
#1037 = DIRECTION('',(-0.,1.,0.));
#1038 = ORIENTED_EDGE('',*,*,#1039,.T.);
#1039 = EDGE_CURVE('',#1032,#791,#1040,.T.);
#1040 = LINE('',#1041,#1042);
#1041 = CARTESIAN_POINT('',(40.25,-29.75,149.5));
#1042 = VECTOR('',#1043,1.);
#1043 = DIRECTION('',(0.,0.,1.));
#1044 = ORIENTED_EDGE('',*,*,#798,.F.);
#1045 = FACE_BOUND('',#1046,.F.);
#1046 = EDGE_LOOP('',(#1047));
#1047 = ORIENTED_EDGE('',*,*,#1048,.F.);
#1048 = EDGE_CURVE('',#1049,#1049,#1051,.T.);
#1049 = VERTEX_POINT('',#1050);
#1050 = CARTESIAN_POINT('',(40.25,-40.,164.6));
#1051 = CIRCLE('',#1052,2.1);
#1052 = AXIS2_PLACEMENT_3D('',#1053,#1054,#1055);
#1053 = CARTESIAN_POINT('',(40.25,-40.,162.5));
#1054 = DIRECTION('',(1.,0.,0.));
#1055 = DIRECTION('',(-0.,0.,1.));
#1056 = PLANE('',#1057);
#1057 = AXIS2_PLACEMENT_3D('',#1058,#1059,#1060);
#1058 = CARTESIAN_POINT('',(40.25,-50.25,149.5));
#1059 = DIRECTION('',(1.,0.,-0.));
#1060 = DIRECTION('',(0.,0.,1.));
#1061 = ADVANCED_FACE('',(#1062),#1080,.F.);
#1062 = FACE_BOUND('',#1063,.F.);
#1063 = EDGE_LOOP('',(#1064,#1065,#1073,#1079));
#1064 = ORIENTED_EDGE('',*,*,#1039,.F.);
#1065 = ORIENTED_EDGE('',*,*,#1066,.F.);
#1066 = EDGE_CURVE('',#1067,#1032,#1069,.T.);
#1067 = VERTEX_POINT('',#1068);
#1068 = CARTESIAN_POINT('',(19.75,-29.75,149.5));
#1069 = LINE('',#1070,#1071);
#1070 = CARTESIAN_POINT('',(19.75,-29.75,149.5));
#1071 = VECTOR('',#1072,1.);
#1072 = DIRECTION('',(1.,0.,-0.));
#1073 = ORIENTED_EDGE('',*,*,#1074,.T.);
#1074 = EDGE_CURVE('',#1067,#783,#1075,.T.);
#1075 = LINE('',#1076,#1077);
#1076 = CARTESIAN_POINT('',(19.75,-29.75,149.5));
#1077 = VECTOR('',#1078,1.);
#1078 = DIRECTION('',(0.,0.,1.));
#1079 = ORIENTED_EDGE('',*,*,#790,.F.);
#1080 = PLANE('',#1081);
#1081 = AXIS2_PLACEMENT_3D('',#1082,#1083,#1084);
#1082 = CARTESIAN_POINT('',(19.75,-29.75,149.5));
#1083 = DIRECTION('',(-0.,1.,0.));
#1084 = DIRECTION('',(0.,0.,1.));
#1085 = ADVANCED_FACE('',(#1086,#1097),#1100,.T.);
#1086 = FACE_BOUND('',#1087,.T.);
#1087 = EDGE_LOOP('',(#1088,#1089,#1095,#1096));
#1088 = ORIENTED_EDGE('',*,*,#1015,.F.);
#1089 = ORIENTED_EDGE('',*,*,#1090,.T.);
#1090 = EDGE_CURVE('',#1008,#1067,#1091,.T.);
#1091 = LINE('',#1092,#1093);
#1092 = CARTESIAN_POINT('',(19.75,-50.25,149.5));
#1093 = VECTOR('',#1094,1.);
#1094 = DIRECTION('',(-0.,1.,0.));
#1095 = ORIENTED_EDGE('',*,*,#1074,.T.);
#1096 = ORIENTED_EDGE('',*,*,#782,.F.);
#1097 = FACE_BOUND('',#1098,.T.);
#1098 = EDGE_LOOP('',(#1099));
#1099 = ORIENTED_EDGE('',*,*,#889,.F.);
#1100 = PLANE('',#1101);
#1101 = AXIS2_PLACEMENT_3D('',#1102,#1103,#1104);
#1102 = CARTESIAN_POINT('',(19.75,-50.25,149.5));
#1103 = DIRECTION('',(1.,0.,-0.));
#1104 = DIRECTION('',(0.,0.,1.));
#1105 = ADVANCED_FACE('',(#1106),#1125,.F.);
#1106 = FACE_BOUND('',#1107,.F.);
#1107 = EDGE_LOOP('',(#1108,#1109,#1117,#1124));
#1108 = ORIENTED_EDGE('',*,*,#847,.F.);
#1109 = ORIENTED_EDGE('',*,*,#1110,.F.);
#1110 = EDGE_CURVE('',#1111,#848,#1113,.T.);
#1111 = VERTEX_POINT('',#1112);
#1112 = CARTESIAN_POINT('',(40.25,-32.25,92.1));
#1113 = LINE('',#1114,#1115);
#1114 = CARTESIAN_POINT('',(40.25,-60.,92.1));
#1115 = VECTOR('',#1116,1.);
#1116 = DIRECTION('',(0.,1.,0.));
#1117 = ORIENTED_EDGE('',*,*,#1118,.T.);
#1118 = EDGE_CURVE('',#1111,#1111,#1119,.T.);
#1119 = CIRCLE('',#1120,2.1);
#1120 = AXIS2_PLACEMENT_3D('',#1121,#1122,#1123);
#1121 = CARTESIAN_POINT('',(40.25,-32.25,90.));
#1122 = DIRECTION('',(0.,1.,0.));
#1123 = DIRECTION('',(0.,-0.,1.));
#1124 = ORIENTED_EDGE('',*,*,#1110,.T.);
#1125 = CYLINDRICAL_SURFACE('',#1126,2.1);
#1126 = AXIS2_PLACEMENT_3D('',#1127,#1128,#1129);
#1127 = CARTESIAN_POINT('',(40.25,-60.,90.));
#1128 = DIRECTION('',(0.,1.,0.));
#1129 = DIRECTION('',(0.,-0.,1.));
#1130 = ADVANCED_FACE('',(#1131),#1156,.T.);
#1131 = FACE_BOUND('',#1132,.T.);
#1132 = EDGE_LOOP('',(#1133,#1141,#1149,#1155));
#1133 = ORIENTED_EDGE('',*,*,#1134,.F.);
#1134 = EDGE_CURVE('',#1135,#924,#1137,.T.);
#1135 = VERTEX_POINT('',#1136);
#1136 = CARTESIAN_POINT('',(35.,-32.25,77.25));
#1137 = LINE('',#1138,#1139);
#1138 = CARTESIAN_POINT('',(35.,-32.25,77.25));
#1139 = VECTOR('',#1140,1.);
#1140 = DIRECTION('',(1.,0.,-0.));
#1141 = ORIENTED_EDGE('',*,*,#1142,.F.);
#1142 = EDGE_CURVE('',#1143,#1135,#1145,.T.);
#1143 = VERTEX_POINT('',#1144);
#1144 = CARTESIAN_POINT('',(35.,-47.75,77.25));
#1145 = LINE('',#1146,#1147);
#1146 = CARTESIAN_POINT('',(35.,-47.75,77.25));
#1147 = VECTOR('',#1148,1.);
#1148 = DIRECTION('',(-0.,1.,0.));
#1149 = ORIENTED_EDGE('',*,*,#1150,.T.);
#1150 = EDGE_CURVE('',#1143,#926,#1151,.T.);
#1151 = LINE('',#1152,#1153);
#1152 = CARTESIAN_POINT('',(35.,-47.75,77.25));
#1153 = VECTOR('',#1154,1.);
#1154 = DIRECTION('',(1.,0.,-0.));
#1155 = ORIENTED_EDGE('',*,*,#923,.F.);
#1156 = PLANE('',#1157);
#1157 = AXIS2_PLACEMENT_3D('',#1158,#1159,#1160);
#1158 = CARTESIAN_POINT('',(35.,-47.75,77.25));
#1159 = DIRECTION('',(0.,0.,1.));
#1160 = DIRECTION('',(1.,0.,-0.));
#1161 = ADVANCED_FACE('',(#1162,#1180),#1183,.F.);
#1162 = FACE_BOUND('',#1163,.F.);
#1163 = EDGE_LOOP('',(#1164,#1165,#1173,#1179));
#1164 = ORIENTED_EDGE('',*,*,#1134,.F.);
#1165 = ORIENTED_EDGE('',*,*,#1166,.T.);
#1166 = EDGE_CURVE('',#1135,#1167,#1169,.T.);
#1167 = VERTEX_POINT('',#1168);
#1168 = CARTESIAN_POINT('',(35.,-32.25,102.75));
#1169 = LINE('',#1170,#1171);
#1170 = CARTESIAN_POINT('',(35.,-32.25,77.25));
#1171 = VECTOR('',#1172,1.);
#1172 = DIRECTION('',(0.,0.,1.));
#1173 = ORIENTED_EDGE('',*,*,#1174,.T.);
#1174 = EDGE_CURVE('',#1167,#942,#1175,.T.);
#1175 = LINE('',#1176,#1177);
#1176 = CARTESIAN_POINT('',(35.,-32.25,102.75));
#1177 = VECTOR('',#1178,1.);
#1178 = DIRECTION('',(1.,0.,-0.));
#1179 = ORIENTED_EDGE('',*,*,#949,.F.);
#1180 = FACE_BOUND('',#1181,.F.);
#1181 = EDGE_LOOP('',(#1182));
#1182 = ORIENTED_EDGE('',*,*,#1118,.F.);
#1183 = PLANE('',#1184);
#1184 = AXIS2_PLACEMENT_3D('',#1185,#1186,#1187);
#1185 = CARTESIAN_POINT('',(35.,-32.25,77.25));
#1186 = DIRECTION('',(-0.,1.,0.));
#1187 = DIRECTION('',(0.,0.,1.));
#1188 = ADVANCED_FACE('',(#1189),#1207,.F.);
#1189 = FACE_BOUND('',#1190,.F.);
#1190 = EDGE_LOOP('',(#1191,#1192,#1200,#1206));
#1191 = ORIENTED_EDGE('',*,*,#1174,.F.);
#1192 = ORIENTED_EDGE('',*,*,#1193,.F.);
#1193 = EDGE_CURVE('',#1194,#1167,#1196,.T.);
#1194 = VERTEX_POINT('',#1195);
#1195 = CARTESIAN_POINT('',(35.,-47.75,102.75));
#1196 = LINE('',#1197,#1198);
#1197 = CARTESIAN_POINT('',(35.,-47.75,102.75));
#1198 = VECTOR('',#1199,1.);
#1199 = DIRECTION('',(-0.,1.,0.));
#1200 = ORIENTED_EDGE('',*,*,#1201,.T.);
#1201 = EDGE_CURVE('',#1194,#934,#1202,.T.);
#1202 = LINE('',#1203,#1204);
#1203 = CARTESIAN_POINT('',(35.,-47.75,102.75));
#1204 = VECTOR('',#1205,1.);
#1205 = DIRECTION('',(1.,0.,-0.));
#1206 = ORIENTED_EDGE('',*,*,#941,.F.);
#1207 = PLANE('',#1208);
#1208 = AXIS2_PLACEMENT_3D('',#1209,#1210,#1211);
#1209 = CARTESIAN_POINT('',(35.,-47.75,102.75));
#1210 = DIRECTION('',(0.,0.,1.));
#1211 = DIRECTION('',(1.,0.,-0.));
#1212 = ADVANCED_FACE('',(#1213,#1224),#1227,.T.);
#1213 = FACE_BOUND('',#1214,.T.);
#1214 = EDGE_LOOP('',(#1215,#1216,#1222,#1223));
#1215 = ORIENTED_EDGE('',*,*,#1150,.F.);
#1216 = ORIENTED_EDGE('',*,*,#1217,.T.);
#1217 = EDGE_CURVE('',#1143,#1194,#1218,.T.);
#1218 = LINE('',#1219,#1220);
#1219 = CARTESIAN_POINT('',(35.,-47.75,77.25));
#1220 = VECTOR('',#1221,1.);
#1221 = DIRECTION('',(0.,0.,1.));
#1222 = ORIENTED_EDGE('',*,*,#1201,.T.);
#1223 = ORIENTED_EDGE('',*,*,#933,.F.);
#1224 = FACE_BOUND('',#1225,.T.);
#1225 = EDGE_LOOP('',(#1226));
#1226 = ORIENTED_EDGE('',*,*,#974,.F.);
#1227 = PLANE('',#1228);
#1228 = AXIS2_PLACEMENT_3D('',#1229,#1230,#1231);
#1229 = CARTESIAN_POINT('',(35.,-47.75,77.25));
#1230 = DIRECTION('',(-0.,1.,0.));
#1231 = DIRECTION('',(0.,0.,1.));
#1232 = ADVANCED_FACE('',(#1233),#1244,.F.);
#1233 = FACE_BOUND('',#1234,.F.);
#1234 = EDGE_LOOP('',(#1235,#1236,#1242,#1243));
#1235 = ORIENTED_EDGE('',*,*,#957,.F.);
#1236 = ORIENTED_EDGE('',*,*,#1237,.F.);
#1237 = EDGE_CURVE('',#1049,#958,#1238,.T.);
#1238 = LINE('',#1239,#1240);
#1239 = CARTESIAN_POINT('',(10.,-40.,164.6));
#1240 = VECTOR('',#1241,1.);
#1241 = DIRECTION('',(1.,0.,0.));
#1242 = ORIENTED_EDGE('',*,*,#1048,.T.);
#1243 = ORIENTED_EDGE('',*,*,#1237,.T.);
#1244 = CYLINDRICAL_SURFACE('',#1245,2.1);
#1245 = AXIS2_PLACEMENT_3D('',#1246,#1247,#1248);
#1246 = CARTESIAN_POINT('',(10.,-40.,162.5));
#1247 = DIRECTION('',(1.,0.,0.));
#1248 = DIRECTION('',(-0.,0.,1.));
#1249 = ADVANCED_FACE('',(#1250),#1256,.T.);
#1250 = FACE_BOUND('',#1251,.T.);
#1251 = EDGE_LOOP('',(#1252,#1253,#1254,#1255));
#1252 = ORIENTED_EDGE('',*,*,#1090,.F.);
#1253 = ORIENTED_EDGE('',*,*,#1007,.T.);
#1254 = ORIENTED_EDGE('',*,*,#1031,.T.);
#1255 = ORIENTED_EDGE('',*,*,#1066,.F.);
#1256 = PLANE('',#1257);
#1257 = AXIS2_PLACEMENT_3D('',#1258,#1259,#1260);
#1258 = CARTESIAN_POINT('',(19.75,-50.25,149.5));
#1259 = DIRECTION('',(0.,0.,1.));
#1260 = DIRECTION('',(1.,0.,-0.));
#1261 = ADVANCED_FACE('',(#1262),#1268,.T.);
#1262 = FACE_BOUND('',#1263,.T.);
#1263 = EDGE_LOOP('',(#1264,#1265,#1266,#1267));
#1264 = ORIENTED_EDGE('',*,*,#1217,.F.);
#1265 = ORIENTED_EDGE('',*,*,#1142,.T.);
#1266 = ORIENTED_EDGE('',*,*,#1166,.T.);
#1267 = ORIENTED_EDGE('',*,*,#1193,.F.);
#1268 = PLANE('',#1269);
#1269 = AXIS2_PLACEMENT_3D('',#1270,#1271,#1272);
#1270 = CARTESIAN_POINT('',(35.,-47.75,77.25));
#1271 = DIRECTION('',(1.,0.,-0.));
#1272 = DIRECTION('',(0.,0.,1.));
#1273 = MANIFOLD_SOLID_BREP('',#1274);
#1274 = CLOSED_SHELL('',(#1275,#1326,#1357,#1415,#1473,#1490,#1515,#1538
    ,#1569,#1604,#1628,#1656,#1687,#1722,#1746,#1766,#1783,#1795,#1812)
  );
#1275 = ADVANCED_FACE('',(#1276,#1310),#1321,.F.);
#1276 = FACE_BOUND('',#1277,.F.);
#1277 = EDGE_LOOP('',(#1278,#1288,#1296,#1304));
#1278 = ORIENTED_EDGE('',*,*,#1279,.F.);
#1279 = EDGE_CURVE('',#1280,#1282,#1284,.T.);
#1280 = VERTEX_POINT('',#1281);
#1281 = CARTESIAN_POINT('',(-45.,25.,0.));
#1282 = VERTEX_POINT('',#1283);
#1283 = CARTESIAN_POINT('',(-45.,25.,170.));
#1284 = LINE('',#1285,#1286);
#1285 = CARTESIAN_POINT('',(-45.,25.,0.));
#1286 = VECTOR('',#1287,1.);
#1287 = DIRECTION('',(0.,0.,1.));
#1288 = ORIENTED_EDGE('',*,*,#1289,.T.);
#1289 = EDGE_CURVE('',#1280,#1290,#1292,.T.);
#1290 = VERTEX_POINT('',#1291);
#1291 = CARTESIAN_POINT('',(-45.,55.,0.));
#1292 = LINE('',#1293,#1294);
#1293 = CARTESIAN_POINT('',(-45.,25.,0.));
#1294 = VECTOR('',#1295,1.);
#1295 = DIRECTION('',(-0.,1.,0.));
#1296 = ORIENTED_EDGE('',*,*,#1297,.T.);
#1297 = EDGE_CURVE('',#1290,#1298,#1300,.T.);
#1298 = VERTEX_POINT('',#1299);
#1299 = CARTESIAN_POINT('',(-45.,55.,170.));
#1300 = LINE('',#1301,#1302);
#1301 = CARTESIAN_POINT('',(-45.,55.,0.));
#1302 = VECTOR('',#1303,1.);
#1303 = DIRECTION('',(0.,0.,1.));
#1304 = ORIENTED_EDGE('',*,*,#1305,.F.);
#1305 = EDGE_CURVE('',#1282,#1298,#1306,.T.);
#1306 = LINE('',#1307,#1308);
#1307 = CARTESIAN_POINT('',(-45.,25.,170.));
#1308 = VECTOR('',#1309,1.);
#1309 = DIRECTION('',(-0.,1.,0.));
#1310 = FACE_BOUND('',#1311,.F.);
#1311 = EDGE_LOOP('',(#1312));
#1312 = ORIENTED_EDGE('',*,*,#1313,.F.);
#1313 = EDGE_CURVE('',#1314,#1314,#1316,.T.);
#1314 = VERTEX_POINT('',#1315);
#1315 = CARTESIAN_POINT('',(-45.,40.,14.6));
#1316 = CIRCLE('',#1317,2.1);
#1317 = AXIS2_PLACEMENT_3D('',#1318,#1319,#1320);
#1318 = CARTESIAN_POINT('',(-45.,40.,12.5));
#1319 = DIRECTION('',(1.,0.,0.));
#1320 = DIRECTION('',(-0.,0.,1.));
#1321 = PLANE('',#1322);
#1322 = AXIS2_PLACEMENT_3D('',#1323,#1324,#1325);
#1323 = CARTESIAN_POINT('',(-45.,25.,0.));
#1324 = DIRECTION('',(1.,0.,-0.));
#1325 = DIRECTION('',(0.,0.,1.));
#1326 = ADVANCED_FACE('',(#1327),#1352,.F.);
#1327 = FACE_BOUND('',#1328,.F.);
#1328 = EDGE_LOOP('',(#1329,#1337,#1338,#1346));
#1329 = ORIENTED_EDGE('',*,*,#1330,.F.);
#1330 = EDGE_CURVE('',#1280,#1331,#1333,.T.);
#1331 = VERTEX_POINT('',#1332);
#1332 = CARTESIAN_POINT('',(-15.,25.,0.));
#1333 = LINE('',#1334,#1335);
#1334 = CARTESIAN_POINT('',(-45.,25.,0.));
#1335 = VECTOR('',#1336,1.);
#1336 = DIRECTION('',(1.,0.,-0.));
#1337 = ORIENTED_EDGE('',*,*,#1279,.T.);
#1338 = ORIENTED_EDGE('',*,*,#1339,.T.);
#1339 = EDGE_CURVE('',#1282,#1340,#1342,.T.);
#1340 = VERTEX_POINT('',#1341);
#1341 = CARTESIAN_POINT('',(-15.,25.,170.));
#1342 = LINE('',#1343,#1344);
#1343 = CARTESIAN_POINT('',(-45.,25.,170.));
#1344 = VECTOR('',#1345,1.);
#1345 = DIRECTION('',(1.,0.,-0.));
#1346 = ORIENTED_EDGE('',*,*,#1347,.F.);
#1347 = EDGE_CURVE('',#1331,#1340,#1348,.T.);
#1348 = LINE('',#1349,#1350);
#1349 = CARTESIAN_POINT('',(-15.,25.,0.));
#1350 = VECTOR('',#1351,1.);
#1351 = DIRECTION('',(0.,0.,1.));
#1352 = PLANE('',#1353);
#1353 = AXIS2_PLACEMENT_3D('',#1354,#1355,#1356);
#1354 = CARTESIAN_POINT('',(-45.,25.,0.));
#1355 = DIRECTION('',(-0.,1.,0.));
#1356 = DIRECTION('',(0.,0.,1.));
#1357 = ADVANCED_FACE('',(#1358,#1376),#1410,.T.);
#1358 = FACE_BOUND('',#1359,.T.);
#1359 = EDGE_LOOP('',(#1360,#1361,#1362,#1370));
#1360 = ORIENTED_EDGE('',*,*,#1305,.F.);
#1361 = ORIENTED_EDGE('',*,*,#1339,.T.);
#1362 = ORIENTED_EDGE('',*,*,#1363,.T.);
#1363 = EDGE_CURVE('',#1340,#1364,#1366,.T.);
#1364 = VERTEX_POINT('',#1365);
#1365 = CARTESIAN_POINT('',(-15.,55.,170.));
#1366 = LINE('',#1367,#1368);
#1367 = CARTESIAN_POINT('',(-15.,25.,170.));
#1368 = VECTOR('',#1369,1.);
#1369 = DIRECTION('',(-0.,1.,0.));
#1370 = ORIENTED_EDGE('',*,*,#1371,.F.);
#1371 = EDGE_CURVE('',#1298,#1364,#1372,.T.);
#1372 = LINE('',#1373,#1374);
#1373 = CARTESIAN_POINT('',(-45.,55.,170.));
#1374 = VECTOR('',#1375,1.);
#1375 = DIRECTION('',(1.,0.,-0.));
#1376 = FACE_BOUND('',#1377,.T.);
#1377 = EDGE_LOOP('',(#1378,#1388,#1396,#1404));
#1378 = ORIENTED_EDGE('',*,*,#1379,.T.);
#1379 = EDGE_CURVE('',#1380,#1382,#1384,.T.);
#1380 = VERTEX_POINT('',#1381);
#1381 = CARTESIAN_POINT('',(-20.,30.,170.));
#1382 = VERTEX_POINT('',#1383);
#1383 = CARTESIAN_POINT('',(-40.,30.,170.));
#1384 = LINE('',#1385,#1386);
#1385 = CARTESIAN_POINT('',(-42.5,30.,170.));
#1386 = VECTOR('',#1387,1.);
#1387 = DIRECTION('',(-1.,-0.,0.));
#1388 = ORIENTED_EDGE('',*,*,#1389,.T.);
#1389 = EDGE_CURVE('',#1382,#1390,#1392,.T.);
#1390 = VERTEX_POINT('',#1391);
#1391 = CARTESIAN_POINT('',(-40.,50.,170.));
#1392 = LINE('',#1393,#1394);
#1393 = CARTESIAN_POINT('',(-40.,27.5,170.));
#1394 = VECTOR('',#1395,1.);
#1395 = DIRECTION('',(-0.,1.,0.));
#1396 = ORIENTED_EDGE('',*,*,#1397,.F.);
#1397 = EDGE_CURVE('',#1398,#1390,#1400,.T.);
#1398 = VERTEX_POINT('',#1399);
#1399 = CARTESIAN_POINT('',(-20.,50.,170.));
#1400 = LINE('',#1401,#1402);
#1401 = CARTESIAN_POINT('',(-42.5,50.,170.));
#1402 = VECTOR('',#1403,1.);
#1403 = DIRECTION('',(-1.,-0.,0.));
#1404 = ORIENTED_EDGE('',*,*,#1405,.F.);
#1405 = EDGE_CURVE('',#1380,#1398,#1406,.T.);
#1406 = LINE('',#1407,#1408);
#1407 = CARTESIAN_POINT('',(-20.,27.5,170.));
#1408 = VECTOR('',#1409,1.);
#1409 = DIRECTION('',(-0.,1.,0.));
#1410 = PLANE('',#1411);
#1411 = AXIS2_PLACEMENT_3D('',#1412,#1413,#1414);
#1412 = CARTESIAN_POINT('',(-45.,25.,170.));
#1413 = DIRECTION('',(0.,0.,1.));
#1414 = DIRECTION('',(1.,0.,-0.));
#1415 = ADVANCED_FACE('',(#1416,#1434),#1468,.F.);
#1416 = FACE_BOUND('',#1417,.F.);
#1417 = EDGE_LOOP('',(#1418,#1419,#1420,#1428));
#1418 = ORIENTED_EDGE('',*,*,#1289,.F.);
#1419 = ORIENTED_EDGE('',*,*,#1330,.T.);
#1420 = ORIENTED_EDGE('',*,*,#1421,.T.);
#1421 = EDGE_CURVE('',#1331,#1422,#1424,.T.);
#1422 = VERTEX_POINT('',#1423);
#1423 = CARTESIAN_POINT('',(-15.,55.,0.));
#1424 = LINE('',#1425,#1426);
#1425 = CARTESIAN_POINT('',(-15.,25.,0.));
#1426 = VECTOR('',#1427,1.);
#1427 = DIRECTION('',(-0.,1.,0.));
#1428 = ORIENTED_EDGE('',*,*,#1429,.F.);
#1429 = EDGE_CURVE('',#1290,#1422,#1430,.T.);
#1430 = LINE('',#1431,#1432);
#1431 = CARTESIAN_POINT('',(-45.,55.,0.));
#1432 = VECTOR('',#1433,1.);
#1433 = DIRECTION('',(1.,0.,-0.));
#1434 = FACE_BOUND('',#1435,.F.);
#1435 = EDGE_LOOP('',(#1436,#1446,#1454,#1462));
#1436 = ORIENTED_EDGE('',*,*,#1437,.T.);
#1437 = EDGE_CURVE('',#1438,#1440,#1442,.T.);
#1438 = VERTEX_POINT('',#1439);
#1439 = CARTESIAN_POINT('',(-19.75,29.75,0.));
#1440 = VERTEX_POINT('',#1441);
#1441 = CARTESIAN_POINT('',(-40.25,29.75,0.));
#1442 = LINE('',#1443,#1444);
#1443 = CARTESIAN_POINT('',(-42.625,29.75,0.));
#1444 = VECTOR('',#1445,1.);
#1445 = DIRECTION('',(-1.,-0.,0.));
#1446 = ORIENTED_EDGE('',*,*,#1447,.T.);
#1447 = EDGE_CURVE('',#1440,#1448,#1450,.T.);
#1448 = VERTEX_POINT('',#1449);
#1449 = CARTESIAN_POINT('',(-40.25,50.25,0.));
#1450 = LINE('',#1451,#1452);
#1451 = CARTESIAN_POINT('',(-40.25,27.375,0.));
#1452 = VECTOR('',#1453,1.);
#1453 = DIRECTION('',(-0.,1.,0.));
#1454 = ORIENTED_EDGE('',*,*,#1455,.F.);
#1455 = EDGE_CURVE('',#1456,#1448,#1458,.T.);
#1456 = VERTEX_POINT('',#1457);
#1457 = CARTESIAN_POINT('',(-19.75,50.25,0.));
#1458 = LINE('',#1459,#1460);
#1459 = CARTESIAN_POINT('',(-42.625,50.25,0.));
#1460 = VECTOR('',#1461,1.);
#1461 = DIRECTION('',(-1.,-0.,0.));
#1462 = ORIENTED_EDGE('',*,*,#1463,.F.);
#1463 = EDGE_CURVE('',#1438,#1456,#1464,.T.);
#1464 = LINE('',#1465,#1466);
#1465 = CARTESIAN_POINT('',(-19.75,27.375,0.));
#1466 = VECTOR('',#1467,1.);
#1467 = DIRECTION('',(-0.,1.,0.));
#1468 = PLANE('',#1469);
#1469 = AXIS2_PLACEMENT_3D('',#1470,#1471,#1472);
#1470 = CARTESIAN_POINT('',(-45.,25.,0.));
#1471 = DIRECTION('',(0.,0.,1.));
#1472 = DIRECTION('',(1.,0.,-0.));
#1473 = ADVANCED_FACE('',(#1474),#1485,.T.);
#1474 = FACE_BOUND('',#1475,.T.);
#1475 = EDGE_LOOP('',(#1476,#1477,#1478,#1479));
#1476 = ORIENTED_EDGE('',*,*,#1429,.F.);
#1477 = ORIENTED_EDGE('',*,*,#1297,.T.);
#1478 = ORIENTED_EDGE('',*,*,#1371,.T.);
#1479 = ORIENTED_EDGE('',*,*,#1480,.F.);
#1480 = EDGE_CURVE('',#1422,#1364,#1481,.T.);
#1481 = LINE('',#1482,#1483);
#1482 = CARTESIAN_POINT('',(-15.,55.,0.));
#1483 = VECTOR('',#1484,1.);
#1484 = DIRECTION('',(0.,0.,1.));
#1485 = PLANE('',#1486);
#1486 = AXIS2_PLACEMENT_3D('',#1487,#1488,#1489);
#1487 = CARTESIAN_POINT('',(-45.,55.,0.));
#1488 = DIRECTION('',(-0.,1.,0.));
#1489 = DIRECTION('',(0.,0.,1.));
#1490 = ADVANCED_FACE('',(#1491),#1510,.F.);
#1491 = FACE_BOUND('',#1492,.F.);
#1492 = EDGE_LOOP('',(#1493,#1502,#1508,#1509));
#1493 = ORIENTED_EDGE('',*,*,#1494,.F.);
#1494 = EDGE_CURVE('',#1495,#1495,#1497,.T.);
#1495 = VERTEX_POINT('',#1496);
#1496 = CARTESIAN_POINT('',(-40.25,40.,14.6));
#1497 = CIRCLE('',#1498,2.1);
#1498 = AXIS2_PLACEMENT_3D('',#1499,#1500,#1501);
#1499 = CARTESIAN_POINT('',(-40.25,40.,12.5));
#1500 = DIRECTION('',(1.,0.,0.));
#1501 = DIRECTION('',(-0.,0.,1.));
#1502 = ORIENTED_EDGE('',*,*,#1503,.F.);
#1503 = EDGE_CURVE('',#1314,#1495,#1504,.T.);
#1504 = LINE('',#1505,#1506);
#1505 = CARTESIAN_POINT('',(-50.,40.,14.6));
#1506 = VECTOR('',#1507,1.);
#1507 = DIRECTION('',(1.,0.,0.));
#1508 = ORIENTED_EDGE('',*,*,#1313,.T.);
#1509 = ORIENTED_EDGE('',*,*,#1503,.T.);
#1510 = CYLINDRICAL_SURFACE('',#1511,2.1);
#1511 = AXIS2_PLACEMENT_3D('',#1512,#1513,#1514);
#1512 = CARTESIAN_POINT('',(-50.,40.,12.5));
#1513 = DIRECTION('',(1.,0.,0.));
#1514 = DIRECTION('',(-0.,0.,1.));
#1515 = ADVANCED_FACE('',(#1516,#1522),#1533,.T.);
#1516 = FACE_BOUND('',#1517,.T.);
#1517 = EDGE_LOOP('',(#1518,#1519,#1520,#1521));
#1518 = ORIENTED_EDGE('',*,*,#1347,.F.);
#1519 = ORIENTED_EDGE('',*,*,#1421,.T.);
#1520 = ORIENTED_EDGE('',*,*,#1480,.T.);
#1521 = ORIENTED_EDGE('',*,*,#1363,.F.);
#1522 = FACE_BOUND('',#1523,.T.);
#1523 = EDGE_LOOP('',(#1524));
#1524 = ORIENTED_EDGE('',*,*,#1525,.F.);
#1525 = EDGE_CURVE('',#1526,#1526,#1528,.T.);
#1526 = VERTEX_POINT('',#1527);
#1527 = CARTESIAN_POINT('',(-15.,40.,14.6));
#1528 = CIRCLE('',#1529,2.1);
#1529 = AXIS2_PLACEMENT_3D('',#1530,#1531,#1532);
#1530 = CARTESIAN_POINT('',(-15.,40.,12.5));
#1531 = DIRECTION('',(1.,0.,0.));
#1532 = DIRECTION('',(-0.,0.,1.));
#1533 = PLANE('',#1534);
#1534 = AXIS2_PLACEMENT_3D('',#1535,#1536,#1537);
#1535 = CARTESIAN_POINT('',(-15.,25.,0.));
#1536 = DIRECTION('',(1.,0.,-0.));
#1537 = DIRECTION('',(0.,0.,1.));
#1538 = ADVANCED_FACE('',(#1539),#1564,.F.);
#1539 = FACE_BOUND('',#1540,.F.);
#1540 = EDGE_LOOP('',(#1541,#1549,#1550,#1558));
#1541 = ORIENTED_EDGE('',*,*,#1542,.F.);
#1542 = EDGE_CURVE('',#1380,#1543,#1545,.T.);
#1543 = VERTEX_POINT('',#1544);
#1544 = CARTESIAN_POINT('',(-20.,30.,183.));
#1545 = LINE('',#1546,#1547);
#1546 = CARTESIAN_POINT('',(-20.,30.,169.));
#1547 = VECTOR('',#1548,1.);
#1548 = DIRECTION('',(0.,0.,1.));
#1549 = ORIENTED_EDGE('',*,*,#1379,.T.);
#1550 = ORIENTED_EDGE('',*,*,#1551,.T.);
#1551 = EDGE_CURVE('',#1382,#1552,#1554,.T.);
#1552 = VERTEX_POINT('',#1553);
#1553 = CARTESIAN_POINT('',(-40.,30.,183.));
#1554 = LINE('',#1555,#1556);
#1555 = CARTESIAN_POINT('',(-40.,30.,169.));
#1556 = VECTOR('',#1557,1.);
#1557 = DIRECTION('',(0.,0.,1.));
#1558 = ORIENTED_EDGE('',*,*,#1559,.T.);
#1559 = EDGE_CURVE('',#1552,#1543,#1560,.T.);
#1560 = LINE('',#1561,#1562);
#1561 = CARTESIAN_POINT('',(-40.,30.,183.));
#1562 = VECTOR('',#1563,1.);
#1563 = DIRECTION('',(1.,0.,-0.));
#1564 = PLANE('',#1565);
#1565 = AXIS2_PLACEMENT_3D('',#1566,#1567,#1568);
#1566 = CARTESIAN_POINT('',(-40.,30.,169.));
#1567 = DIRECTION('',(-0.,1.,0.));
#1568 = DIRECTION('',(0.,0.,1.));
#1569 = ADVANCED_FACE('',(#1570,#1588),#1599,.T.);
#1570 = FACE_BOUND('',#1571,.T.);
#1571 = EDGE_LOOP('',(#1572,#1573,#1574,#1582));
#1572 = ORIENTED_EDGE('',*,*,#1542,.F.);
#1573 = ORIENTED_EDGE('',*,*,#1405,.T.);
#1574 = ORIENTED_EDGE('',*,*,#1575,.T.);
#1575 = EDGE_CURVE('',#1398,#1576,#1578,.T.);
#1576 = VERTEX_POINT('',#1577);
#1577 = CARTESIAN_POINT('',(-20.,50.,183.));
#1578 = LINE('',#1579,#1580);
#1579 = CARTESIAN_POINT('',(-20.,50.,169.));
#1580 = VECTOR('',#1581,1.);
#1581 = DIRECTION('',(0.,0.,1.));
#1582 = ORIENTED_EDGE('',*,*,#1583,.F.);
#1583 = EDGE_CURVE('',#1543,#1576,#1584,.T.);
#1584 = LINE('',#1585,#1586);
#1585 = CARTESIAN_POINT('',(-20.,30.,183.));
#1586 = VECTOR('',#1587,1.);
#1587 = DIRECTION('',(-0.,1.,0.));
#1588 = FACE_BOUND('',#1589,.T.);
#1589 = EDGE_LOOP('',(#1590));
#1590 = ORIENTED_EDGE('',*,*,#1591,.F.);
#1591 = EDGE_CURVE('',#1592,#1592,#1594,.T.);
#1592 = VERTEX_POINT('',#1593);
#1593 = CARTESIAN_POINT('',(-20.,40.,178.1));
#1594 = CIRCLE('',#1595,2.1);
#1595 = AXIS2_PLACEMENT_3D('',#1596,#1597,#1598);
#1596 = CARTESIAN_POINT('',(-20.,40.,176.));
#1597 = DIRECTION('',(1.,0.,0.));
#1598 = DIRECTION('',(-0.,0.,1.));
#1599 = PLANE('',#1600);
#1600 = AXIS2_PLACEMENT_3D('',#1601,#1602,#1603);
#1601 = CARTESIAN_POINT('',(-20.,30.,169.));
#1602 = DIRECTION('',(1.,0.,-0.));
#1603 = DIRECTION('',(0.,0.,1.));
#1604 = ADVANCED_FACE('',(#1605),#1623,.T.);
#1605 = FACE_BOUND('',#1606,.T.);
#1606 = EDGE_LOOP('',(#1607,#1608,#1609,#1617));
#1607 = ORIENTED_EDGE('',*,*,#1575,.F.);
#1608 = ORIENTED_EDGE('',*,*,#1397,.T.);
#1609 = ORIENTED_EDGE('',*,*,#1610,.T.);
#1610 = EDGE_CURVE('',#1390,#1611,#1613,.T.);
#1611 = VERTEX_POINT('',#1612);
#1612 = CARTESIAN_POINT('',(-40.,50.,183.));
#1613 = LINE('',#1614,#1615);
#1614 = CARTESIAN_POINT('',(-40.,50.,169.));
#1615 = VECTOR('',#1616,1.);
#1616 = DIRECTION('',(0.,0.,1.));
#1617 = ORIENTED_EDGE('',*,*,#1618,.T.);
#1618 = EDGE_CURVE('',#1611,#1576,#1619,.T.);
#1619 = LINE('',#1620,#1621);
#1620 = CARTESIAN_POINT('',(-40.,50.,183.));
#1621 = VECTOR('',#1622,1.);
#1622 = DIRECTION('',(1.,0.,-0.));
#1623 = PLANE('',#1624);
#1624 = AXIS2_PLACEMENT_3D('',#1625,#1626,#1627);
#1625 = CARTESIAN_POINT('',(-40.,50.,169.));
#1626 = DIRECTION('',(-0.,1.,0.));
#1627 = DIRECTION('',(0.,0.,1.));
#1628 = ADVANCED_FACE('',(#1629,#1640),#1651,.F.);
#1629 = FACE_BOUND('',#1630,.F.);
#1630 = EDGE_LOOP('',(#1631,#1632,#1633,#1634));
#1631 = ORIENTED_EDGE('',*,*,#1551,.F.);
#1632 = ORIENTED_EDGE('',*,*,#1389,.T.);
#1633 = ORIENTED_EDGE('',*,*,#1610,.T.);
#1634 = ORIENTED_EDGE('',*,*,#1635,.F.);
#1635 = EDGE_CURVE('',#1552,#1611,#1636,.T.);
#1636 = LINE('',#1637,#1638);
#1637 = CARTESIAN_POINT('',(-40.,30.,183.));
#1638 = VECTOR('',#1639,1.);
#1639 = DIRECTION('',(-0.,1.,0.));
#1640 = FACE_BOUND('',#1641,.F.);
#1641 = EDGE_LOOP('',(#1642));
#1642 = ORIENTED_EDGE('',*,*,#1643,.F.);
#1643 = EDGE_CURVE('',#1644,#1644,#1646,.T.);
#1644 = VERTEX_POINT('',#1645);
#1645 = CARTESIAN_POINT('',(-40.,40.,178.1));
#1646 = CIRCLE('',#1647,2.1);
#1647 = AXIS2_PLACEMENT_3D('',#1648,#1649,#1650);
#1648 = CARTESIAN_POINT('',(-40.,40.,176.));
#1649 = DIRECTION('',(1.,0.,0.));
#1650 = DIRECTION('',(-0.,0.,1.));
#1651 = PLANE('',#1652);
#1652 = AXIS2_PLACEMENT_3D('',#1653,#1654,#1655);
#1653 = CARTESIAN_POINT('',(-40.,30.,169.));
#1654 = DIRECTION('',(1.,0.,-0.));
#1655 = DIRECTION('',(0.,0.,1.));
#1656 = ADVANCED_FACE('',(#1657),#1682,.T.);
#1657 = FACE_BOUND('',#1658,.T.);
#1658 = EDGE_LOOP('',(#1659,#1667,#1668,#1676));
#1659 = ORIENTED_EDGE('',*,*,#1660,.F.);
#1660 = EDGE_CURVE('',#1438,#1661,#1663,.T.);
#1661 = VERTEX_POINT('',#1662);
#1662 = CARTESIAN_POINT('',(-19.75,29.75,25.5));
#1663 = LINE('',#1664,#1665);
#1664 = CARTESIAN_POINT('',(-19.75,29.75,-0.5));
#1665 = VECTOR('',#1666,1.);
#1666 = DIRECTION('',(0.,0.,1.));
#1667 = ORIENTED_EDGE('',*,*,#1437,.T.);
#1668 = ORIENTED_EDGE('',*,*,#1669,.T.);
#1669 = EDGE_CURVE('',#1440,#1670,#1672,.T.);
#1670 = VERTEX_POINT('',#1671);
#1671 = CARTESIAN_POINT('',(-40.25,29.75,25.5));
#1672 = LINE('',#1673,#1674);
#1673 = CARTESIAN_POINT('',(-40.25,29.75,-0.5));
#1674 = VECTOR('',#1675,1.);
#1675 = DIRECTION('',(0.,0.,1.));
#1676 = ORIENTED_EDGE('',*,*,#1677,.T.);
#1677 = EDGE_CURVE('',#1670,#1661,#1678,.T.);
#1678 = LINE('',#1679,#1680);
#1679 = CARTESIAN_POINT('',(-40.25,29.75,25.5));
#1680 = VECTOR('',#1681,1.);
#1681 = DIRECTION('',(1.,0.,-0.));
#1682 = PLANE('',#1683);
#1683 = AXIS2_PLACEMENT_3D('',#1684,#1685,#1686);
#1684 = CARTESIAN_POINT('',(-40.25,29.75,-0.5));
#1685 = DIRECTION('',(-0.,1.,0.));
#1686 = DIRECTION('',(0.,0.,1.));
#1687 = ADVANCED_FACE('',(#1688,#1706),#1717,.F.);
#1688 = FACE_BOUND('',#1689,.F.);
#1689 = EDGE_LOOP('',(#1690,#1691,#1692,#1700));
#1690 = ORIENTED_EDGE('',*,*,#1660,.F.);
#1691 = ORIENTED_EDGE('',*,*,#1463,.T.);
#1692 = ORIENTED_EDGE('',*,*,#1693,.T.);
#1693 = EDGE_CURVE('',#1456,#1694,#1696,.T.);
#1694 = VERTEX_POINT('',#1695);
#1695 = CARTESIAN_POINT('',(-19.75,50.25,25.5));
#1696 = LINE('',#1697,#1698);
#1697 = CARTESIAN_POINT('',(-19.75,50.25,-0.5));
#1698 = VECTOR('',#1699,1.);
#1699 = DIRECTION('',(0.,0.,1.));
#1700 = ORIENTED_EDGE('',*,*,#1701,.F.);
#1701 = EDGE_CURVE('',#1661,#1694,#1702,.T.);
#1702 = LINE('',#1703,#1704);
#1703 = CARTESIAN_POINT('',(-19.75,29.75,25.5));
#1704 = VECTOR('',#1705,1.);
#1705 = DIRECTION('',(-0.,1.,0.));
#1706 = FACE_BOUND('',#1707,.F.);
#1707 = EDGE_LOOP('',(#1708));
#1708 = ORIENTED_EDGE('',*,*,#1709,.F.);
#1709 = EDGE_CURVE('',#1710,#1710,#1712,.T.);
#1710 = VERTEX_POINT('',#1711);
#1711 = CARTESIAN_POINT('',(-19.75,40.,14.6));
#1712 = CIRCLE('',#1713,2.1);
#1713 = AXIS2_PLACEMENT_3D('',#1714,#1715,#1716);
#1714 = CARTESIAN_POINT('',(-19.75,40.,12.5));
#1715 = DIRECTION('',(1.,0.,0.));
#1716 = DIRECTION('',(-0.,0.,1.));
#1717 = PLANE('',#1718);
#1718 = AXIS2_PLACEMENT_3D('',#1719,#1720,#1721);
#1719 = CARTESIAN_POINT('',(-19.75,29.75,-0.5));
#1720 = DIRECTION('',(1.,0.,-0.));
#1721 = DIRECTION('',(0.,0.,1.));
#1722 = ADVANCED_FACE('',(#1723),#1741,.F.);
#1723 = FACE_BOUND('',#1724,.F.);
#1724 = EDGE_LOOP('',(#1725,#1726,#1727,#1735));
#1725 = ORIENTED_EDGE('',*,*,#1693,.F.);
#1726 = ORIENTED_EDGE('',*,*,#1455,.T.);
#1727 = ORIENTED_EDGE('',*,*,#1728,.T.);
#1728 = EDGE_CURVE('',#1448,#1729,#1731,.T.);
#1729 = VERTEX_POINT('',#1730);
#1730 = CARTESIAN_POINT('',(-40.25,50.25,25.5));
#1731 = LINE('',#1732,#1733);
#1732 = CARTESIAN_POINT('',(-40.25,50.25,-0.5));
#1733 = VECTOR('',#1734,1.);
#1734 = DIRECTION('',(0.,0.,1.));
#1735 = ORIENTED_EDGE('',*,*,#1736,.T.);
#1736 = EDGE_CURVE('',#1729,#1694,#1737,.T.);
#1737 = LINE('',#1738,#1739);
#1738 = CARTESIAN_POINT('',(-40.25,50.25,25.5));
#1739 = VECTOR('',#1740,1.);
#1740 = DIRECTION('',(1.,0.,-0.));
#1741 = PLANE('',#1742);
#1742 = AXIS2_PLACEMENT_3D('',#1743,#1744,#1745);
#1743 = CARTESIAN_POINT('',(-40.25,50.25,-0.5));
#1744 = DIRECTION('',(-0.,1.,0.));
#1745 = DIRECTION('',(0.,0.,1.));
#1746 = ADVANCED_FACE('',(#1747,#1758),#1761,.T.);
#1747 = FACE_BOUND('',#1748,.T.);
#1748 = EDGE_LOOP('',(#1749,#1750,#1751,#1752));
#1749 = ORIENTED_EDGE('',*,*,#1669,.F.);
#1750 = ORIENTED_EDGE('',*,*,#1447,.T.);
#1751 = ORIENTED_EDGE('',*,*,#1728,.T.);
#1752 = ORIENTED_EDGE('',*,*,#1753,.F.);
#1753 = EDGE_CURVE('',#1670,#1729,#1754,.T.);
#1754 = LINE('',#1755,#1756);
#1755 = CARTESIAN_POINT('',(-40.25,29.75,25.5));
#1756 = VECTOR('',#1757,1.);
#1757 = DIRECTION('',(-0.,1.,0.));
#1758 = FACE_BOUND('',#1759,.T.);
#1759 = EDGE_LOOP('',(#1760));
#1760 = ORIENTED_EDGE('',*,*,#1494,.F.);
#1761 = PLANE('',#1762);
#1762 = AXIS2_PLACEMENT_3D('',#1763,#1764,#1765);
#1763 = CARTESIAN_POINT('',(-40.25,29.75,-0.5));
#1764 = DIRECTION('',(1.,0.,-0.));
#1765 = DIRECTION('',(0.,0.,1.));
#1766 = ADVANCED_FACE('',(#1767),#1778,.F.);
#1767 = FACE_BOUND('',#1768,.F.);
#1768 = EDGE_LOOP('',(#1769,#1770,#1776,#1777));
#1769 = ORIENTED_EDGE('',*,*,#1525,.F.);
#1770 = ORIENTED_EDGE('',*,*,#1771,.F.);
#1771 = EDGE_CURVE('',#1710,#1526,#1772,.T.);
#1772 = LINE('',#1773,#1774);
#1773 = CARTESIAN_POINT('',(-50.,40.,14.6));
#1774 = VECTOR('',#1775,1.);
#1775 = DIRECTION('',(1.,0.,0.));
#1776 = ORIENTED_EDGE('',*,*,#1709,.T.);
#1777 = ORIENTED_EDGE('',*,*,#1771,.T.);
#1778 = CYLINDRICAL_SURFACE('',#1779,2.1);
#1779 = AXIS2_PLACEMENT_3D('',#1780,#1781,#1782);
#1780 = CARTESIAN_POINT('',(-50.,40.,12.5));
#1781 = DIRECTION('',(1.,0.,0.));
#1782 = DIRECTION('',(-0.,0.,1.));
#1783 = ADVANCED_FACE('',(#1784),#1790,.T.);
#1784 = FACE_BOUND('',#1785,.T.);
#1785 = EDGE_LOOP('',(#1786,#1787,#1788,#1789));
#1786 = ORIENTED_EDGE('',*,*,#1635,.F.);
#1787 = ORIENTED_EDGE('',*,*,#1559,.T.);
#1788 = ORIENTED_EDGE('',*,*,#1583,.T.);
#1789 = ORIENTED_EDGE('',*,*,#1618,.F.);
#1790 = PLANE('',#1791);
#1791 = AXIS2_PLACEMENT_3D('',#1792,#1793,#1794);
#1792 = CARTESIAN_POINT('',(-40.,30.,183.));
#1793 = DIRECTION('',(0.,0.,1.));
#1794 = DIRECTION('',(1.,0.,-0.));
#1795 = ADVANCED_FACE('',(#1796),#1807,.F.);
#1796 = FACE_BOUND('',#1797,.F.);
#1797 = EDGE_LOOP('',(#1798,#1799,#1805,#1806));
#1798 = ORIENTED_EDGE('',*,*,#1591,.F.);
#1799 = ORIENTED_EDGE('',*,*,#1800,.F.);
#1800 = EDGE_CURVE('',#1644,#1592,#1801,.T.);
#1801 = LINE('',#1802,#1803);
#1802 = CARTESIAN_POINT('',(-50.,40.,178.1));
#1803 = VECTOR('',#1804,1.);
#1804 = DIRECTION('',(1.,0.,0.));
#1805 = ORIENTED_EDGE('',*,*,#1643,.T.);
#1806 = ORIENTED_EDGE('',*,*,#1800,.T.);
#1807 = CYLINDRICAL_SURFACE('',#1808,2.1);
#1808 = AXIS2_PLACEMENT_3D('',#1809,#1810,#1811);
#1809 = CARTESIAN_POINT('',(-50.,40.,176.));
#1810 = DIRECTION('',(1.,0.,0.));
#1811 = DIRECTION('',(-0.,0.,1.));
#1812 = ADVANCED_FACE('',(#1813),#1819,.F.);
#1813 = FACE_BOUND('',#1814,.F.);
#1814 = EDGE_LOOP('',(#1815,#1816,#1817,#1818));
#1815 = ORIENTED_EDGE('',*,*,#1753,.F.);
#1816 = ORIENTED_EDGE('',*,*,#1677,.T.);
#1817 = ORIENTED_EDGE('',*,*,#1701,.T.);
#1818 = ORIENTED_EDGE('',*,*,#1736,.F.);
#1819 = PLANE('',#1820);
#1820 = AXIS2_PLACEMENT_3D('',#1821,#1822,#1823);
#1821 = CARTESIAN_POINT('',(-40.25,29.75,25.5));
#1822 = DIRECTION('',(0.,0.,1.));
#1823 = DIRECTION('',(1.,0.,-0.));
#1824 = MANIFOLD_SOLID_BREP('',#1825);
#1825 = CLOSED_SHELL('',(#1826,#1877,#1908,#1966,#2024,#2041,#2066,#2089
    ,#2120,#2155,#2179,#2207,#2238,#2273,#2297,#2317,#2334,#2346,#2363)
  );
#1826 = ADVANCED_FACE('',(#1827,#1861),#1872,.F.);
#1827 = FACE_BOUND('',#1828,.F.);
#1828 = EDGE_LOOP('',(#1829,#1839,#1847,#1855));
#1829 = ORIENTED_EDGE('',*,*,#1830,.F.);
#1830 = EDGE_CURVE('',#1831,#1833,#1835,.T.);
#1831 = VERTEX_POINT('',#1832);
#1832 = CARTESIAN_POINT('',(15.,25.,0.));
#1833 = VERTEX_POINT('',#1834);
#1834 = CARTESIAN_POINT('',(15.,25.,170.));
#1835 = LINE('',#1836,#1837);
#1836 = CARTESIAN_POINT('',(15.,25.,0.));
#1837 = VECTOR('',#1838,1.);
#1838 = DIRECTION('',(0.,0.,1.));
#1839 = ORIENTED_EDGE('',*,*,#1840,.T.);
#1840 = EDGE_CURVE('',#1831,#1841,#1843,.T.);
#1841 = VERTEX_POINT('',#1842);
#1842 = CARTESIAN_POINT('',(15.,55.,0.));
#1843 = LINE('',#1844,#1845);
#1844 = CARTESIAN_POINT('',(15.,25.,0.));
#1845 = VECTOR('',#1846,1.);
#1846 = DIRECTION('',(-0.,1.,0.));
#1847 = ORIENTED_EDGE('',*,*,#1848,.T.);
#1848 = EDGE_CURVE('',#1841,#1849,#1851,.T.);
#1849 = VERTEX_POINT('',#1850);
#1850 = CARTESIAN_POINT('',(15.,55.,170.));
#1851 = LINE('',#1852,#1853);
#1852 = CARTESIAN_POINT('',(15.,55.,0.));
#1853 = VECTOR('',#1854,1.);
#1854 = DIRECTION('',(0.,0.,1.));
#1855 = ORIENTED_EDGE('',*,*,#1856,.F.);
#1856 = EDGE_CURVE('',#1833,#1849,#1857,.T.);
#1857 = LINE('',#1858,#1859);
#1858 = CARTESIAN_POINT('',(15.,25.,170.));
#1859 = VECTOR('',#1860,1.);
#1860 = DIRECTION('',(-0.,1.,0.));
#1861 = FACE_BOUND('',#1862,.F.);
#1862 = EDGE_LOOP('',(#1863));
#1863 = ORIENTED_EDGE('',*,*,#1864,.F.);
#1864 = EDGE_CURVE('',#1865,#1865,#1867,.T.);
#1865 = VERTEX_POINT('',#1866);
#1866 = CARTESIAN_POINT('',(15.,40.,14.6));
#1867 = CIRCLE('',#1868,2.1);
#1868 = AXIS2_PLACEMENT_3D('',#1869,#1870,#1871);
#1869 = CARTESIAN_POINT('',(15.,40.,12.5));
#1870 = DIRECTION('',(1.,0.,0.));
#1871 = DIRECTION('',(-0.,0.,1.));
#1872 = PLANE('',#1873);
#1873 = AXIS2_PLACEMENT_3D('',#1874,#1875,#1876);
#1874 = CARTESIAN_POINT('',(15.,25.,0.));
#1875 = DIRECTION('',(1.,0.,-0.));
#1876 = DIRECTION('',(0.,0.,1.));
#1877 = ADVANCED_FACE('',(#1878),#1903,.F.);
#1878 = FACE_BOUND('',#1879,.F.);
#1879 = EDGE_LOOP('',(#1880,#1888,#1889,#1897));
#1880 = ORIENTED_EDGE('',*,*,#1881,.F.);
#1881 = EDGE_CURVE('',#1831,#1882,#1884,.T.);
#1882 = VERTEX_POINT('',#1883);
#1883 = CARTESIAN_POINT('',(45.,25.,0.));
#1884 = LINE('',#1885,#1886);
#1885 = CARTESIAN_POINT('',(15.,25.,0.));
#1886 = VECTOR('',#1887,1.);
#1887 = DIRECTION('',(1.,0.,-0.));
#1888 = ORIENTED_EDGE('',*,*,#1830,.T.);
#1889 = ORIENTED_EDGE('',*,*,#1890,.T.);
#1890 = EDGE_CURVE('',#1833,#1891,#1893,.T.);
#1891 = VERTEX_POINT('',#1892);
#1892 = CARTESIAN_POINT('',(45.,25.,170.));
#1893 = LINE('',#1894,#1895);
#1894 = CARTESIAN_POINT('',(15.,25.,170.));
#1895 = VECTOR('',#1896,1.);
#1896 = DIRECTION('',(1.,0.,-0.));
#1897 = ORIENTED_EDGE('',*,*,#1898,.F.);
#1898 = EDGE_CURVE('',#1882,#1891,#1899,.T.);
#1899 = LINE('',#1900,#1901);
#1900 = CARTESIAN_POINT('',(45.,25.,0.));
#1901 = VECTOR('',#1902,1.);
#1902 = DIRECTION('',(0.,0.,1.));
#1903 = PLANE('',#1904);
#1904 = AXIS2_PLACEMENT_3D('',#1905,#1906,#1907);
#1905 = CARTESIAN_POINT('',(15.,25.,0.));
#1906 = DIRECTION('',(-0.,1.,0.));
#1907 = DIRECTION('',(0.,0.,1.));
#1908 = ADVANCED_FACE('',(#1909,#1927),#1961,.T.);
#1909 = FACE_BOUND('',#1910,.T.);
#1910 = EDGE_LOOP('',(#1911,#1912,#1913,#1921));
#1911 = ORIENTED_EDGE('',*,*,#1856,.F.);
#1912 = ORIENTED_EDGE('',*,*,#1890,.T.);
#1913 = ORIENTED_EDGE('',*,*,#1914,.T.);
#1914 = EDGE_CURVE('',#1891,#1915,#1917,.T.);
#1915 = VERTEX_POINT('',#1916);
#1916 = CARTESIAN_POINT('',(45.,55.,170.));
#1917 = LINE('',#1918,#1919);
#1918 = CARTESIAN_POINT('',(45.,25.,170.));
#1919 = VECTOR('',#1920,1.);
#1920 = DIRECTION('',(-0.,1.,0.));
#1921 = ORIENTED_EDGE('',*,*,#1922,.F.);
#1922 = EDGE_CURVE('',#1849,#1915,#1923,.T.);
#1923 = LINE('',#1924,#1925);
#1924 = CARTESIAN_POINT('',(15.,55.,170.));
#1925 = VECTOR('',#1926,1.);
#1926 = DIRECTION('',(1.,0.,-0.));
#1927 = FACE_BOUND('',#1928,.T.);
#1928 = EDGE_LOOP('',(#1929,#1939,#1947,#1955));
#1929 = ORIENTED_EDGE('',*,*,#1930,.T.);
#1930 = EDGE_CURVE('',#1931,#1933,#1935,.T.);
#1931 = VERTEX_POINT('',#1932);
#1932 = CARTESIAN_POINT('',(40.,30.,170.));
#1933 = VERTEX_POINT('',#1934);
#1934 = CARTESIAN_POINT('',(20.,30.,170.));
#1935 = LINE('',#1936,#1937);
#1936 = CARTESIAN_POINT('',(17.5,30.,170.));
#1937 = VECTOR('',#1938,1.);
#1938 = DIRECTION('',(-1.,-0.,0.));
#1939 = ORIENTED_EDGE('',*,*,#1940,.T.);
#1940 = EDGE_CURVE('',#1933,#1941,#1943,.T.);
#1941 = VERTEX_POINT('',#1942);
#1942 = CARTESIAN_POINT('',(20.,50.,170.));
#1943 = LINE('',#1944,#1945);
#1944 = CARTESIAN_POINT('',(20.,27.5,170.));
#1945 = VECTOR('',#1946,1.);
#1946 = DIRECTION('',(-0.,1.,0.));
#1947 = ORIENTED_EDGE('',*,*,#1948,.F.);
#1948 = EDGE_CURVE('',#1949,#1941,#1951,.T.);
#1949 = VERTEX_POINT('',#1950);
#1950 = CARTESIAN_POINT('',(40.,50.,170.));
#1951 = LINE('',#1952,#1953);
#1952 = CARTESIAN_POINT('',(17.5,50.,170.));
#1953 = VECTOR('',#1954,1.);
#1954 = DIRECTION('',(-1.,-0.,0.));
#1955 = ORIENTED_EDGE('',*,*,#1956,.F.);
#1956 = EDGE_CURVE('',#1931,#1949,#1957,.T.);
#1957 = LINE('',#1958,#1959);
#1958 = CARTESIAN_POINT('',(40.,27.5,170.));
#1959 = VECTOR('',#1960,1.);
#1960 = DIRECTION('',(-0.,1.,0.));
#1961 = PLANE('',#1962);
#1962 = AXIS2_PLACEMENT_3D('',#1963,#1964,#1965);
#1963 = CARTESIAN_POINT('',(15.,25.,170.));
#1964 = DIRECTION('',(0.,0.,1.));
#1965 = DIRECTION('',(1.,0.,-0.));
#1966 = ADVANCED_FACE('',(#1967,#1985),#2019,.F.);
#1967 = FACE_BOUND('',#1968,.F.);
#1968 = EDGE_LOOP('',(#1969,#1970,#1971,#1979));
#1969 = ORIENTED_EDGE('',*,*,#1840,.F.);
#1970 = ORIENTED_EDGE('',*,*,#1881,.T.);
#1971 = ORIENTED_EDGE('',*,*,#1972,.T.);
#1972 = EDGE_CURVE('',#1882,#1973,#1975,.T.);
#1973 = VERTEX_POINT('',#1974);
#1974 = CARTESIAN_POINT('',(45.,55.,0.));
#1975 = LINE('',#1976,#1977);
#1976 = CARTESIAN_POINT('',(45.,25.,0.));
#1977 = VECTOR('',#1978,1.);
#1978 = DIRECTION('',(-0.,1.,0.));
#1979 = ORIENTED_EDGE('',*,*,#1980,.F.);
#1980 = EDGE_CURVE('',#1841,#1973,#1981,.T.);
#1981 = LINE('',#1982,#1983);
#1982 = CARTESIAN_POINT('',(15.,55.,0.));
#1983 = VECTOR('',#1984,1.);
#1984 = DIRECTION('',(1.,0.,-0.));
#1985 = FACE_BOUND('',#1986,.F.);
#1986 = EDGE_LOOP('',(#1987,#1997,#2005,#2013));
#1987 = ORIENTED_EDGE('',*,*,#1988,.T.);
#1988 = EDGE_CURVE('',#1989,#1991,#1993,.T.);
#1989 = VERTEX_POINT('',#1990);
#1990 = CARTESIAN_POINT('',(40.25,29.75,0.));
#1991 = VERTEX_POINT('',#1992);
#1992 = CARTESIAN_POINT('',(19.75,29.75,0.));
#1993 = LINE('',#1994,#1995);
#1994 = CARTESIAN_POINT('',(17.375,29.75,0.));
#1995 = VECTOR('',#1996,1.);
#1996 = DIRECTION('',(-1.,-0.,0.));
#1997 = ORIENTED_EDGE('',*,*,#1998,.T.);
#1998 = EDGE_CURVE('',#1991,#1999,#2001,.T.);
#1999 = VERTEX_POINT('',#2000);
#2000 = CARTESIAN_POINT('',(19.75,50.25,0.));
#2001 = LINE('',#2002,#2003);
#2002 = CARTESIAN_POINT('',(19.75,27.375,0.));
#2003 = VECTOR('',#2004,1.);
#2004 = DIRECTION('',(-0.,1.,0.));
#2005 = ORIENTED_EDGE('',*,*,#2006,.F.);
#2006 = EDGE_CURVE('',#2007,#1999,#2009,.T.);
#2007 = VERTEX_POINT('',#2008);
#2008 = CARTESIAN_POINT('',(40.25,50.25,0.));
#2009 = LINE('',#2010,#2011);
#2010 = CARTESIAN_POINT('',(17.375,50.25,0.));
#2011 = VECTOR('',#2012,1.);
#2012 = DIRECTION('',(-1.,-0.,0.));
#2013 = ORIENTED_EDGE('',*,*,#2014,.F.);
#2014 = EDGE_CURVE('',#1989,#2007,#2015,.T.);
#2015 = LINE('',#2016,#2017);
#2016 = CARTESIAN_POINT('',(40.25,27.375,0.));
#2017 = VECTOR('',#2018,1.);
#2018 = DIRECTION('',(-0.,1.,0.));
#2019 = PLANE('',#2020);
#2020 = AXIS2_PLACEMENT_3D('',#2021,#2022,#2023);
#2021 = CARTESIAN_POINT('',(15.,25.,0.));
#2022 = DIRECTION('',(0.,0.,1.));
#2023 = DIRECTION('',(1.,0.,-0.));
#2024 = ADVANCED_FACE('',(#2025),#2036,.T.);
#2025 = FACE_BOUND('',#2026,.T.);
#2026 = EDGE_LOOP('',(#2027,#2028,#2029,#2030));
#2027 = ORIENTED_EDGE('',*,*,#1980,.F.);
#2028 = ORIENTED_EDGE('',*,*,#1848,.T.);
#2029 = ORIENTED_EDGE('',*,*,#1922,.T.);
#2030 = ORIENTED_EDGE('',*,*,#2031,.F.);
#2031 = EDGE_CURVE('',#1973,#1915,#2032,.T.);
#2032 = LINE('',#2033,#2034);
#2033 = CARTESIAN_POINT('',(45.,55.,0.));
#2034 = VECTOR('',#2035,1.);
#2035 = DIRECTION('',(0.,0.,1.));
#2036 = PLANE('',#2037);
#2037 = AXIS2_PLACEMENT_3D('',#2038,#2039,#2040);
#2038 = CARTESIAN_POINT('',(15.,55.,0.));
#2039 = DIRECTION('',(-0.,1.,0.));
#2040 = DIRECTION('',(0.,0.,1.));
#2041 = ADVANCED_FACE('',(#2042),#2061,.F.);
#2042 = FACE_BOUND('',#2043,.F.);
#2043 = EDGE_LOOP('',(#2044,#2053,#2059,#2060));
#2044 = ORIENTED_EDGE('',*,*,#2045,.F.);
#2045 = EDGE_CURVE('',#2046,#2046,#2048,.T.);
#2046 = VERTEX_POINT('',#2047);
#2047 = CARTESIAN_POINT('',(19.75,40.,14.6));
#2048 = CIRCLE('',#2049,2.1);
#2049 = AXIS2_PLACEMENT_3D('',#2050,#2051,#2052);
#2050 = CARTESIAN_POINT('',(19.75,40.,12.5));
#2051 = DIRECTION('',(1.,0.,0.));
#2052 = DIRECTION('',(-0.,0.,1.));
#2053 = ORIENTED_EDGE('',*,*,#2054,.F.);
#2054 = EDGE_CURVE('',#1865,#2046,#2055,.T.);
#2055 = LINE('',#2056,#2057);
#2056 = CARTESIAN_POINT('',(10.,40.,14.6));
#2057 = VECTOR('',#2058,1.);
#2058 = DIRECTION('',(1.,0.,0.));
#2059 = ORIENTED_EDGE('',*,*,#1864,.T.);
#2060 = ORIENTED_EDGE('',*,*,#2054,.T.);
#2061 = CYLINDRICAL_SURFACE('',#2062,2.1);
#2062 = AXIS2_PLACEMENT_3D('',#2063,#2064,#2065);
#2063 = CARTESIAN_POINT('',(10.,40.,12.5));
#2064 = DIRECTION('',(1.,0.,0.));
#2065 = DIRECTION('',(-0.,0.,1.));
#2066 = ADVANCED_FACE('',(#2067,#2073),#2084,.T.);
#2067 = FACE_BOUND('',#2068,.T.);
#2068 = EDGE_LOOP('',(#2069,#2070,#2071,#2072));
#2069 = ORIENTED_EDGE('',*,*,#1898,.F.);
#2070 = ORIENTED_EDGE('',*,*,#1972,.T.);
#2071 = ORIENTED_EDGE('',*,*,#2031,.T.);
#2072 = ORIENTED_EDGE('',*,*,#1914,.F.);
#2073 = FACE_BOUND('',#2074,.T.);
#2074 = EDGE_LOOP('',(#2075));
#2075 = ORIENTED_EDGE('',*,*,#2076,.F.);
#2076 = EDGE_CURVE('',#2077,#2077,#2079,.T.);
#2077 = VERTEX_POINT('',#2078);
#2078 = CARTESIAN_POINT('',(45.,40.,14.6));
#2079 = CIRCLE('',#2080,2.1);
#2080 = AXIS2_PLACEMENT_3D('',#2081,#2082,#2083);
#2081 = CARTESIAN_POINT('',(45.,40.,12.5));
#2082 = DIRECTION('',(1.,0.,0.));
#2083 = DIRECTION('',(-0.,0.,1.));
#2084 = PLANE('',#2085);
#2085 = AXIS2_PLACEMENT_3D('',#2086,#2087,#2088);
#2086 = CARTESIAN_POINT('',(45.,25.,0.));
#2087 = DIRECTION('',(1.,0.,-0.));
#2088 = DIRECTION('',(0.,0.,1.));
#2089 = ADVANCED_FACE('',(#2090),#2115,.F.);
#2090 = FACE_BOUND('',#2091,.F.);
#2091 = EDGE_LOOP('',(#2092,#2100,#2101,#2109));
#2092 = ORIENTED_EDGE('',*,*,#2093,.F.);
#2093 = EDGE_CURVE('',#1931,#2094,#2096,.T.);
#2094 = VERTEX_POINT('',#2095);
#2095 = CARTESIAN_POINT('',(40.,30.,183.));
#2096 = LINE('',#2097,#2098);
#2097 = CARTESIAN_POINT('',(40.,30.,169.));
#2098 = VECTOR('',#2099,1.);
#2099 = DIRECTION('',(0.,0.,1.));
#2100 = ORIENTED_EDGE('',*,*,#1930,.T.);
#2101 = ORIENTED_EDGE('',*,*,#2102,.T.);
#2102 = EDGE_CURVE('',#1933,#2103,#2105,.T.);
#2103 = VERTEX_POINT('',#2104);
#2104 = CARTESIAN_POINT('',(20.,30.,183.));
#2105 = LINE('',#2106,#2107);
#2106 = CARTESIAN_POINT('',(20.,30.,169.));
#2107 = VECTOR('',#2108,1.);
#2108 = DIRECTION('',(0.,0.,1.));
#2109 = ORIENTED_EDGE('',*,*,#2110,.T.);
#2110 = EDGE_CURVE('',#2103,#2094,#2111,.T.);
#2111 = LINE('',#2112,#2113);
#2112 = CARTESIAN_POINT('',(20.,30.,183.));
#2113 = VECTOR('',#2114,1.);
#2114 = DIRECTION('',(1.,0.,-0.));
#2115 = PLANE('',#2116);
#2116 = AXIS2_PLACEMENT_3D('',#2117,#2118,#2119);
#2117 = CARTESIAN_POINT('',(20.,30.,169.));
#2118 = DIRECTION('',(-0.,1.,0.));
#2119 = DIRECTION('',(0.,0.,1.));
#2120 = ADVANCED_FACE('',(#2121,#2139),#2150,.T.);
#2121 = FACE_BOUND('',#2122,.T.);
#2122 = EDGE_LOOP('',(#2123,#2124,#2125,#2133));
#2123 = ORIENTED_EDGE('',*,*,#2093,.F.);
#2124 = ORIENTED_EDGE('',*,*,#1956,.T.);
#2125 = ORIENTED_EDGE('',*,*,#2126,.T.);
#2126 = EDGE_CURVE('',#1949,#2127,#2129,.T.);
#2127 = VERTEX_POINT('',#2128);
#2128 = CARTESIAN_POINT('',(40.,50.,183.));
#2129 = LINE('',#2130,#2131);
#2130 = CARTESIAN_POINT('',(40.,50.,169.));
#2131 = VECTOR('',#2132,1.);
#2132 = DIRECTION('',(0.,0.,1.));
#2133 = ORIENTED_EDGE('',*,*,#2134,.F.);
#2134 = EDGE_CURVE('',#2094,#2127,#2135,.T.);
#2135 = LINE('',#2136,#2137);
#2136 = CARTESIAN_POINT('',(40.,30.,183.));
#2137 = VECTOR('',#2138,1.);
#2138 = DIRECTION('',(-0.,1.,0.));
#2139 = FACE_BOUND('',#2140,.T.);
#2140 = EDGE_LOOP('',(#2141));
#2141 = ORIENTED_EDGE('',*,*,#2142,.F.);
#2142 = EDGE_CURVE('',#2143,#2143,#2145,.T.);
#2143 = VERTEX_POINT('',#2144);
#2144 = CARTESIAN_POINT('',(40.,40.,178.1));
#2145 = CIRCLE('',#2146,2.1);
#2146 = AXIS2_PLACEMENT_3D('',#2147,#2148,#2149);
#2147 = CARTESIAN_POINT('',(40.,40.,176.));
#2148 = DIRECTION('',(1.,0.,0.));
#2149 = DIRECTION('',(-0.,0.,1.));
#2150 = PLANE('',#2151);
#2151 = AXIS2_PLACEMENT_3D('',#2152,#2153,#2154);
#2152 = CARTESIAN_POINT('',(40.,30.,169.));
#2153 = DIRECTION('',(1.,0.,-0.));
#2154 = DIRECTION('',(0.,0.,1.));
#2155 = ADVANCED_FACE('',(#2156),#2174,.T.);
#2156 = FACE_BOUND('',#2157,.T.);
#2157 = EDGE_LOOP('',(#2158,#2159,#2160,#2168));
#2158 = ORIENTED_EDGE('',*,*,#2126,.F.);
#2159 = ORIENTED_EDGE('',*,*,#1948,.T.);
#2160 = ORIENTED_EDGE('',*,*,#2161,.T.);
#2161 = EDGE_CURVE('',#1941,#2162,#2164,.T.);
#2162 = VERTEX_POINT('',#2163);
#2163 = CARTESIAN_POINT('',(20.,50.,183.));
#2164 = LINE('',#2165,#2166);
#2165 = CARTESIAN_POINT('',(20.,50.,169.));
#2166 = VECTOR('',#2167,1.);
#2167 = DIRECTION('',(0.,0.,1.));
#2168 = ORIENTED_EDGE('',*,*,#2169,.T.);
#2169 = EDGE_CURVE('',#2162,#2127,#2170,.T.);
#2170 = LINE('',#2171,#2172);
#2171 = CARTESIAN_POINT('',(20.,50.,183.));
#2172 = VECTOR('',#2173,1.);
#2173 = DIRECTION('',(1.,0.,-0.));
#2174 = PLANE('',#2175);
#2175 = AXIS2_PLACEMENT_3D('',#2176,#2177,#2178);
#2176 = CARTESIAN_POINT('',(20.,50.,169.));
#2177 = DIRECTION('',(-0.,1.,0.));
#2178 = DIRECTION('',(0.,0.,1.));
#2179 = ADVANCED_FACE('',(#2180,#2191),#2202,.F.);
#2180 = FACE_BOUND('',#2181,.F.);
#2181 = EDGE_LOOP('',(#2182,#2183,#2184,#2185));
#2182 = ORIENTED_EDGE('',*,*,#2102,.F.);
#2183 = ORIENTED_EDGE('',*,*,#1940,.T.);
#2184 = ORIENTED_EDGE('',*,*,#2161,.T.);
#2185 = ORIENTED_EDGE('',*,*,#2186,.F.);
#2186 = EDGE_CURVE('',#2103,#2162,#2187,.T.);
#2187 = LINE('',#2188,#2189);
#2188 = CARTESIAN_POINT('',(20.,30.,183.));
#2189 = VECTOR('',#2190,1.);
#2190 = DIRECTION('',(-0.,1.,0.));
#2191 = FACE_BOUND('',#2192,.F.);
#2192 = EDGE_LOOP('',(#2193));
#2193 = ORIENTED_EDGE('',*,*,#2194,.F.);
#2194 = EDGE_CURVE('',#2195,#2195,#2197,.T.);
#2195 = VERTEX_POINT('',#2196);
#2196 = CARTESIAN_POINT('',(20.,40.,178.1));
#2197 = CIRCLE('',#2198,2.1);
#2198 = AXIS2_PLACEMENT_3D('',#2199,#2200,#2201);
#2199 = CARTESIAN_POINT('',(20.,40.,176.));
#2200 = DIRECTION('',(1.,0.,0.));
#2201 = DIRECTION('',(-0.,0.,1.));
#2202 = PLANE('',#2203);
#2203 = AXIS2_PLACEMENT_3D('',#2204,#2205,#2206);
#2204 = CARTESIAN_POINT('',(20.,30.,169.));
#2205 = DIRECTION('',(1.,0.,-0.));
#2206 = DIRECTION('',(0.,0.,1.));
#2207 = ADVANCED_FACE('',(#2208),#2233,.T.);
#2208 = FACE_BOUND('',#2209,.T.);
#2209 = EDGE_LOOP('',(#2210,#2218,#2219,#2227));
#2210 = ORIENTED_EDGE('',*,*,#2211,.F.);
#2211 = EDGE_CURVE('',#1989,#2212,#2214,.T.);
#2212 = VERTEX_POINT('',#2213);
#2213 = CARTESIAN_POINT('',(40.25,29.75,25.5));
#2214 = LINE('',#2215,#2216);
#2215 = CARTESIAN_POINT('',(40.25,29.75,-0.5));
#2216 = VECTOR('',#2217,1.);
#2217 = DIRECTION('',(0.,0.,1.));
#2218 = ORIENTED_EDGE('',*,*,#1988,.T.);
#2219 = ORIENTED_EDGE('',*,*,#2220,.T.);
#2220 = EDGE_CURVE('',#1991,#2221,#2223,.T.);
#2221 = VERTEX_POINT('',#2222);
#2222 = CARTESIAN_POINT('',(19.75,29.75,25.5));
#2223 = LINE('',#2224,#2225);
#2224 = CARTESIAN_POINT('',(19.75,29.75,-0.5));
#2225 = VECTOR('',#2226,1.);
#2226 = DIRECTION('',(0.,0.,1.));
#2227 = ORIENTED_EDGE('',*,*,#2228,.T.);
#2228 = EDGE_CURVE('',#2221,#2212,#2229,.T.);
#2229 = LINE('',#2230,#2231);
#2230 = CARTESIAN_POINT('',(19.75,29.75,25.5));
#2231 = VECTOR('',#2232,1.);
#2232 = DIRECTION('',(1.,0.,-0.));
#2233 = PLANE('',#2234);
#2234 = AXIS2_PLACEMENT_3D('',#2235,#2236,#2237);
#2235 = CARTESIAN_POINT('',(19.75,29.75,-0.5));
#2236 = DIRECTION('',(-0.,1.,0.));
#2237 = DIRECTION('',(0.,0.,1.));
#2238 = ADVANCED_FACE('',(#2239,#2257),#2268,.F.);
#2239 = FACE_BOUND('',#2240,.F.);
#2240 = EDGE_LOOP('',(#2241,#2242,#2243,#2251));
#2241 = ORIENTED_EDGE('',*,*,#2211,.F.);
#2242 = ORIENTED_EDGE('',*,*,#2014,.T.);
#2243 = ORIENTED_EDGE('',*,*,#2244,.T.);
#2244 = EDGE_CURVE('',#2007,#2245,#2247,.T.);
#2245 = VERTEX_POINT('',#2246);
#2246 = CARTESIAN_POINT('',(40.25,50.25,25.5));
#2247 = LINE('',#2248,#2249);
#2248 = CARTESIAN_POINT('',(40.25,50.25,-0.5));
#2249 = VECTOR('',#2250,1.);
#2250 = DIRECTION('',(0.,0.,1.));
#2251 = ORIENTED_EDGE('',*,*,#2252,.F.);
#2252 = EDGE_CURVE('',#2212,#2245,#2253,.T.);
#2253 = LINE('',#2254,#2255);
#2254 = CARTESIAN_POINT('',(40.25,29.75,25.5));
#2255 = VECTOR('',#2256,1.);
#2256 = DIRECTION('',(-0.,1.,0.));
#2257 = FACE_BOUND('',#2258,.F.);
#2258 = EDGE_LOOP('',(#2259));
#2259 = ORIENTED_EDGE('',*,*,#2260,.F.);
#2260 = EDGE_CURVE('',#2261,#2261,#2263,.T.);
#2261 = VERTEX_POINT('',#2262);
#2262 = CARTESIAN_POINT('',(40.25,40.,14.6));
#2263 = CIRCLE('',#2264,2.1);
#2264 = AXIS2_PLACEMENT_3D('',#2265,#2266,#2267);
#2265 = CARTESIAN_POINT('',(40.25,40.,12.5));
#2266 = DIRECTION('',(1.,0.,0.));
#2267 = DIRECTION('',(-0.,0.,1.));
#2268 = PLANE('',#2269);
#2269 = AXIS2_PLACEMENT_3D('',#2270,#2271,#2272);
#2270 = CARTESIAN_POINT('',(40.25,29.75,-0.5));
#2271 = DIRECTION('',(1.,0.,-0.));
#2272 = DIRECTION('',(0.,0.,1.));
#2273 = ADVANCED_FACE('',(#2274),#2292,.F.);
#2274 = FACE_BOUND('',#2275,.F.);
#2275 = EDGE_LOOP('',(#2276,#2277,#2278,#2286));
#2276 = ORIENTED_EDGE('',*,*,#2244,.F.);
#2277 = ORIENTED_EDGE('',*,*,#2006,.T.);
#2278 = ORIENTED_EDGE('',*,*,#2279,.T.);
#2279 = EDGE_CURVE('',#1999,#2280,#2282,.T.);
#2280 = VERTEX_POINT('',#2281);
#2281 = CARTESIAN_POINT('',(19.75,50.25,25.5));
#2282 = LINE('',#2283,#2284);
#2283 = CARTESIAN_POINT('',(19.75,50.25,-0.5));
#2284 = VECTOR('',#2285,1.);
#2285 = DIRECTION('',(0.,0.,1.));
#2286 = ORIENTED_EDGE('',*,*,#2287,.T.);
#2287 = EDGE_CURVE('',#2280,#2245,#2288,.T.);
#2288 = LINE('',#2289,#2290);
#2289 = CARTESIAN_POINT('',(19.75,50.25,25.5));
#2290 = VECTOR('',#2291,1.);
#2291 = DIRECTION('',(1.,0.,-0.));
#2292 = PLANE('',#2293);
#2293 = AXIS2_PLACEMENT_3D('',#2294,#2295,#2296);
#2294 = CARTESIAN_POINT('',(19.75,50.25,-0.5));
#2295 = DIRECTION('',(-0.,1.,0.));
#2296 = DIRECTION('',(0.,0.,1.));
#2297 = ADVANCED_FACE('',(#2298,#2309),#2312,.T.);
#2298 = FACE_BOUND('',#2299,.T.);
#2299 = EDGE_LOOP('',(#2300,#2301,#2302,#2303));
#2300 = ORIENTED_EDGE('',*,*,#2220,.F.);
#2301 = ORIENTED_EDGE('',*,*,#1998,.T.);
#2302 = ORIENTED_EDGE('',*,*,#2279,.T.);
#2303 = ORIENTED_EDGE('',*,*,#2304,.F.);
#2304 = EDGE_CURVE('',#2221,#2280,#2305,.T.);
#2305 = LINE('',#2306,#2307);
#2306 = CARTESIAN_POINT('',(19.75,29.75,25.5));
#2307 = VECTOR('',#2308,1.);
#2308 = DIRECTION('',(-0.,1.,0.));
#2309 = FACE_BOUND('',#2310,.T.);
#2310 = EDGE_LOOP('',(#2311));
#2311 = ORIENTED_EDGE('',*,*,#2045,.F.);
#2312 = PLANE('',#2313);
#2313 = AXIS2_PLACEMENT_3D('',#2314,#2315,#2316);
#2314 = CARTESIAN_POINT('',(19.75,29.75,-0.5));
#2315 = DIRECTION('',(1.,0.,-0.));
#2316 = DIRECTION('',(0.,0.,1.));
#2317 = ADVANCED_FACE('',(#2318),#2329,.F.);
#2318 = FACE_BOUND('',#2319,.F.);
#2319 = EDGE_LOOP('',(#2320,#2321,#2327,#2328));
#2320 = ORIENTED_EDGE('',*,*,#2076,.F.);
#2321 = ORIENTED_EDGE('',*,*,#2322,.F.);
#2322 = EDGE_CURVE('',#2261,#2077,#2323,.T.);
#2323 = LINE('',#2324,#2325);
#2324 = CARTESIAN_POINT('',(10.,40.,14.6));
#2325 = VECTOR('',#2326,1.);
#2326 = DIRECTION('',(1.,0.,0.));
#2327 = ORIENTED_EDGE('',*,*,#2260,.T.);
#2328 = ORIENTED_EDGE('',*,*,#2322,.T.);
#2329 = CYLINDRICAL_SURFACE('',#2330,2.1);
#2330 = AXIS2_PLACEMENT_3D('',#2331,#2332,#2333);
#2331 = CARTESIAN_POINT('',(10.,40.,12.5));
#2332 = DIRECTION('',(1.,0.,0.));
#2333 = DIRECTION('',(-0.,0.,1.));
#2334 = ADVANCED_FACE('',(#2335),#2341,.T.);
#2335 = FACE_BOUND('',#2336,.T.);
#2336 = EDGE_LOOP('',(#2337,#2338,#2339,#2340));
#2337 = ORIENTED_EDGE('',*,*,#2186,.F.);
#2338 = ORIENTED_EDGE('',*,*,#2110,.T.);
#2339 = ORIENTED_EDGE('',*,*,#2134,.T.);
#2340 = ORIENTED_EDGE('',*,*,#2169,.F.);
#2341 = PLANE('',#2342);
#2342 = AXIS2_PLACEMENT_3D('',#2343,#2344,#2345);
#2343 = CARTESIAN_POINT('',(20.,30.,183.));
#2344 = DIRECTION('',(0.,0.,1.));
#2345 = DIRECTION('',(1.,0.,-0.));
#2346 = ADVANCED_FACE('',(#2347),#2358,.F.);
#2347 = FACE_BOUND('',#2348,.F.);
#2348 = EDGE_LOOP('',(#2349,#2350,#2356,#2357));
#2349 = ORIENTED_EDGE('',*,*,#2142,.F.);
#2350 = ORIENTED_EDGE('',*,*,#2351,.F.);
#2351 = EDGE_CURVE('',#2195,#2143,#2352,.T.);
#2352 = LINE('',#2353,#2354);
#2353 = CARTESIAN_POINT('',(10.,40.,178.1));
#2354 = VECTOR('',#2355,1.);
#2355 = DIRECTION('',(1.,0.,0.));
#2356 = ORIENTED_EDGE('',*,*,#2194,.T.);
#2357 = ORIENTED_EDGE('',*,*,#2351,.T.);
#2358 = CYLINDRICAL_SURFACE('',#2359,2.1);
#2359 = AXIS2_PLACEMENT_3D('',#2360,#2361,#2362);
#2360 = CARTESIAN_POINT('',(10.,40.,176.));
#2361 = DIRECTION('',(1.,0.,0.));
#2362 = DIRECTION('',(-0.,0.,1.));
#2363 = ADVANCED_FACE('',(#2364),#2370,.F.);
#2364 = FACE_BOUND('',#2365,.F.);
#2365 = EDGE_LOOP('',(#2366,#2367,#2368,#2369));
#2366 = ORIENTED_EDGE('',*,*,#2304,.F.);
#2367 = ORIENTED_EDGE('',*,*,#2228,.T.);
#2368 = ORIENTED_EDGE('',*,*,#2252,.T.);
#2369 = ORIENTED_EDGE('',*,*,#2287,.F.);
#2370 = PLANE('',#2371);
#2371 = AXIS2_PLACEMENT_3D('',#2372,#2373,#2374);
#2372 = CARTESIAN_POINT('',(19.75,29.75,25.5));
#2373 = DIRECTION('',(0.,0.,1.));
#2374 = DIRECTION('',(1.,0.,-0.));
#2375 = MANIFOLD_SOLID_BREP('',#2376);
#2376 = CLOSED_SHELL('',(#2377,#2439,#2470,#2494,#2518,#2535,#2560,#2585
    ));
#2377 = ADVANCED_FACE('',(#2378,#2412,#2423),#2434,.F.);
#2378 = FACE_BOUND('',#2379,.F.);
#2379 = EDGE_LOOP('',(#2380,#2390,#2398,#2406));
#2380 = ORIENTED_EDGE('',*,*,#2381,.F.);
#2381 = EDGE_CURVE('',#2382,#2384,#2386,.T.);
#2382 = VERTEX_POINT('',#2383);
#2383 = CARTESIAN_POINT('',(-90.,-10.,0.));
#2384 = VERTEX_POINT('',#2385);
#2385 = CARTESIAN_POINT('',(-90.,-10.,50.));
#2386 = LINE('',#2387,#2388);
#2387 = CARTESIAN_POINT('',(-90.,-10.,0.));
#2388 = VECTOR('',#2389,1.);
#2389 = DIRECTION('',(0.,0.,1.));
#2390 = ORIENTED_EDGE('',*,*,#2391,.T.);
#2391 = EDGE_CURVE('',#2382,#2392,#2394,.T.);
#2392 = VERTEX_POINT('',#2393);
#2393 = CARTESIAN_POINT('',(-90.,10.,0.));
#2394 = LINE('',#2395,#2396);
#2395 = CARTESIAN_POINT('',(-90.,-10.,0.));
#2396 = VECTOR('',#2397,1.);
#2397 = DIRECTION('',(-0.,1.,0.));
#2398 = ORIENTED_EDGE('',*,*,#2399,.T.);
#2399 = EDGE_CURVE('',#2392,#2400,#2402,.T.);
#2400 = VERTEX_POINT('',#2401);
#2401 = CARTESIAN_POINT('',(-90.,10.,50.));
#2402 = LINE('',#2403,#2404);
#2403 = CARTESIAN_POINT('',(-90.,10.,0.));
#2404 = VECTOR('',#2405,1.);
#2405 = DIRECTION('',(0.,0.,1.));
#2406 = ORIENTED_EDGE('',*,*,#2407,.F.);
#2407 = EDGE_CURVE('',#2384,#2400,#2408,.T.);
#2408 = LINE('',#2409,#2410);
#2409 = CARTESIAN_POINT('',(-90.,-10.,50.));
#2410 = VECTOR('',#2411,1.);
#2411 = DIRECTION('',(-0.,1.,0.));
#2412 = FACE_BOUND('',#2413,.F.);
#2413 = EDGE_LOOP('',(#2414));
#2414 = ORIENTED_EDGE('',*,*,#2415,.F.);
#2415 = EDGE_CURVE('',#2416,#2416,#2418,.T.);
#2416 = VERTEX_POINT('',#2417);
#2417 = CARTESIAN_POINT('',(-90.,5.143516556419E-16,14.6));
#2418 = CIRCLE('',#2419,2.1);
#2419 = AXIS2_PLACEMENT_3D('',#2420,#2421,#2422);
#2420 = CARTESIAN_POINT('',(-90.,0.,12.5));
#2421 = DIRECTION('',(1.,0.,0.));
#2422 = DIRECTION('',(-0.,0.,1.));
#2423 = FACE_BOUND('',#2424,.F.);
#2424 = EDGE_LOOP('',(#2425));
#2425 = ORIENTED_EDGE('',*,*,#2426,.F.);
#2426 = EDGE_CURVE('',#2427,#2427,#2429,.T.);
#2427 = VERTEX_POINT('',#2428);
#2428 = CARTESIAN_POINT('',(-90.,5.143516556419E-16,39.6));
#2429 = CIRCLE('',#2430,2.1);
#2430 = AXIS2_PLACEMENT_3D('',#2431,#2432,#2433);
#2431 = CARTESIAN_POINT('',(-90.,0.,37.5));
#2432 = DIRECTION('',(1.,0.,0.));
#2433 = DIRECTION('',(-0.,0.,1.));
#2434 = PLANE('',#2435);
#2435 = AXIS2_PLACEMENT_3D('',#2436,#2437,#2438);
#2436 = CARTESIAN_POINT('',(-90.,-10.,0.));
#2437 = DIRECTION('',(1.,0.,-0.));
#2438 = DIRECTION('',(0.,0.,1.));
#2439 = ADVANCED_FACE('',(#2440),#2465,.F.);
#2440 = FACE_BOUND('',#2441,.F.);
#2441 = EDGE_LOOP('',(#2442,#2450,#2451,#2459));
#2442 = ORIENTED_EDGE('',*,*,#2443,.F.);
#2443 = EDGE_CURVE('',#2382,#2444,#2446,.T.);
#2444 = VERTEX_POINT('',#2445);
#2445 = CARTESIAN_POINT('',(-70.,-10.,0.));
#2446 = LINE('',#2447,#2448);
#2447 = CARTESIAN_POINT('',(-90.,-10.,0.));
#2448 = VECTOR('',#2449,1.);
#2449 = DIRECTION('',(1.,0.,-0.));
#2450 = ORIENTED_EDGE('',*,*,#2381,.T.);
#2451 = ORIENTED_EDGE('',*,*,#2452,.T.);
#2452 = EDGE_CURVE('',#2384,#2453,#2455,.T.);
#2453 = VERTEX_POINT('',#2454);
#2454 = CARTESIAN_POINT('',(-70.,-10.,50.));
#2455 = LINE('',#2456,#2457);
#2456 = CARTESIAN_POINT('',(-90.,-10.,50.));
#2457 = VECTOR('',#2458,1.);
#2458 = DIRECTION('',(1.,0.,-0.));
#2459 = ORIENTED_EDGE('',*,*,#2460,.F.);
#2460 = EDGE_CURVE('',#2444,#2453,#2461,.T.);
#2461 = LINE('',#2462,#2463);
#2462 = CARTESIAN_POINT('',(-70.,-10.,0.));
#2463 = VECTOR('',#2464,1.);
#2464 = DIRECTION('',(0.,0.,1.));
#2465 = PLANE('',#2466);
#2466 = AXIS2_PLACEMENT_3D('',#2467,#2468,#2469);
#2467 = CARTESIAN_POINT('',(-90.,-10.,0.));
#2468 = DIRECTION('',(-0.,1.,0.));
#2469 = DIRECTION('',(0.,0.,1.));
#2470 = ADVANCED_FACE('',(#2471),#2489,.T.);
#2471 = FACE_BOUND('',#2472,.T.);
#2472 = EDGE_LOOP('',(#2473,#2474,#2475,#2483));
#2473 = ORIENTED_EDGE('',*,*,#2407,.F.);
#2474 = ORIENTED_EDGE('',*,*,#2452,.T.);
#2475 = ORIENTED_EDGE('',*,*,#2476,.T.);
#2476 = EDGE_CURVE('',#2453,#2477,#2479,.T.);
#2477 = VERTEX_POINT('',#2478);
#2478 = CARTESIAN_POINT('',(-70.,10.,50.));
#2479 = LINE('',#2480,#2481);
#2480 = CARTESIAN_POINT('',(-70.,-10.,50.));
#2481 = VECTOR('',#2482,1.);
#2482 = DIRECTION('',(-0.,1.,0.));
#2483 = ORIENTED_EDGE('',*,*,#2484,.F.);
#2484 = EDGE_CURVE('',#2400,#2477,#2485,.T.);
#2485 = LINE('',#2486,#2487);
#2486 = CARTESIAN_POINT('',(-90.,10.,50.));
#2487 = VECTOR('',#2488,1.);
#2488 = DIRECTION('',(1.,0.,-0.));
#2489 = PLANE('',#2490);
#2490 = AXIS2_PLACEMENT_3D('',#2491,#2492,#2493);
#2491 = CARTESIAN_POINT('',(-90.,-10.,50.));
#2492 = DIRECTION('',(0.,0.,1.));
#2493 = DIRECTION('',(1.,0.,-0.));
#2494 = ADVANCED_FACE('',(#2495),#2513,.F.);
#2495 = FACE_BOUND('',#2496,.F.);
#2496 = EDGE_LOOP('',(#2497,#2498,#2499,#2507));
#2497 = ORIENTED_EDGE('',*,*,#2391,.F.);
#2498 = ORIENTED_EDGE('',*,*,#2443,.T.);
#2499 = ORIENTED_EDGE('',*,*,#2500,.T.);
#2500 = EDGE_CURVE('',#2444,#2501,#2503,.T.);
#2501 = VERTEX_POINT('',#2502);
#2502 = CARTESIAN_POINT('',(-70.,10.,0.));
#2503 = LINE('',#2504,#2505);
#2504 = CARTESIAN_POINT('',(-70.,-10.,0.));
#2505 = VECTOR('',#2506,1.);
#2506 = DIRECTION('',(-0.,1.,0.));
#2507 = ORIENTED_EDGE('',*,*,#2508,.F.);
#2508 = EDGE_CURVE('',#2392,#2501,#2509,.T.);
#2509 = LINE('',#2510,#2511);
#2510 = CARTESIAN_POINT('',(-90.,10.,0.));
#2511 = VECTOR('',#2512,1.);
#2512 = DIRECTION('',(1.,0.,-0.));
#2513 = PLANE('',#2514);
#2514 = AXIS2_PLACEMENT_3D('',#2515,#2516,#2517);
#2515 = CARTESIAN_POINT('',(-90.,-10.,0.));
#2516 = DIRECTION('',(0.,0.,1.));
#2517 = DIRECTION('',(1.,0.,-0.));
#2518 = ADVANCED_FACE('',(#2519),#2530,.T.);
#2519 = FACE_BOUND('',#2520,.T.);
#2520 = EDGE_LOOP('',(#2521,#2522,#2523,#2524));
#2521 = ORIENTED_EDGE('',*,*,#2508,.F.);
#2522 = ORIENTED_EDGE('',*,*,#2399,.T.);
#2523 = ORIENTED_EDGE('',*,*,#2484,.T.);
#2524 = ORIENTED_EDGE('',*,*,#2525,.F.);
#2525 = EDGE_CURVE('',#2501,#2477,#2526,.T.);
#2526 = LINE('',#2527,#2528);
#2527 = CARTESIAN_POINT('',(-70.,10.,0.));
#2528 = VECTOR('',#2529,1.);
#2529 = DIRECTION('',(0.,0.,1.));
#2530 = PLANE('',#2531);
#2531 = AXIS2_PLACEMENT_3D('',#2532,#2533,#2534);
#2532 = CARTESIAN_POINT('',(-90.,10.,0.));
#2533 = DIRECTION('',(-0.,1.,0.));
#2534 = DIRECTION('',(0.,0.,1.));
#2535 = ADVANCED_FACE('',(#2536),#2555,.F.);
#2536 = FACE_BOUND('',#2537,.F.);
#2537 = EDGE_LOOP('',(#2538,#2547,#2553,#2554));
#2538 = ORIENTED_EDGE('',*,*,#2539,.F.);
#2539 = EDGE_CURVE('',#2540,#2540,#2542,.T.);
#2540 = VERTEX_POINT('',#2541);
#2541 = CARTESIAN_POINT('',(-70.,5.143516556419E-16,14.6));
#2542 = CIRCLE('',#2543,2.1);
#2543 = AXIS2_PLACEMENT_3D('',#2544,#2545,#2546);
#2544 = CARTESIAN_POINT('',(-70.,0.,12.5));
#2545 = DIRECTION('',(1.,0.,0.));
#2546 = DIRECTION('',(-0.,0.,1.));
#2547 = ORIENTED_EDGE('',*,*,#2548,.F.);
#2548 = EDGE_CURVE('',#2416,#2540,#2549,.T.);
#2549 = LINE('',#2550,#2551);
#2550 = CARTESIAN_POINT('',(-95.,5.143516556419E-16,14.6));
#2551 = VECTOR('',#2552,1.);
#2552 = DIRECTION('',(1.,0.,0.));
#2553 = ORIENTED_EDGE('',*,*,#2415,.T.);
#2554 = ORIENTED_EDGE('',*,*,#2548,.T.);
#2555 = CYLINDRICAL_SURFACE('',#2556,2.1);
#2556 = AXIS2_PLACEMENT_3D('',#2557,#2558,#2559);
#2557 = CARTESIAN_POINT('',(-95.,0.,12.5));
#2558 = DIRECTION('',(1.,0.,0.));
#2559 = DIRECTION('',(-0.,0.,1.));
#2560 = ADVANCED_FACE('',(#2561),#2580,.F.);
#2561 = FACE_BOUND('',#2562,.F.);
#2562 = EDGE_LOOP('',(#2563,#2572,#2578,#2579));
#2563 = ORIENTED_EDGE('',*,*,#2564,.F.);
#2564 = EDGE_CURVE('',#2565,#2565,#2567,.T.);
#2565 = VERTEX_POINT('',#2566);
#2566 = CARTESIAN_POINT('',(-70.,5.143516556419E-16,39.6));
#2567 = CIRCLE('',#2568,2.1);
#2568 = AXIS2_PLACEMENT_3D('',#2569,#2570,#2571);
#2569 = CARTESIAN_POINT('',(-70.,0.,37.5));
#2570 = DIRECTION('',(1.,0.,0.));
#2571 = DIRECTION('',(-0.,0.,1.));
#2572 = ORIENTED_EDGE('',*,*,#2573,.F.);
#2573 = EDGE_CURVE('',#2427,#2565,#2574,.T.);
#2574 = LINE('',#2575,#2576);
#2575 = CARTESIAN_POINT('',(-95.,5.143516556419E-16,39.6));
#2576 = VECTOR('',#2577,1.);
#2577 = DIRECTION('',(1.,0.,0.));
#2578 = ORIENTED_EDGE('',*,*,#2426,.T.);
#2579 = ORIENTED_EDGE('',*,*,#2573,.T.);
#2580 = CYLINDRICAL_SURFACE('',#2581,2.1);
#2581 = AXIS2_PLACEMENT_3D('',#2582,#2583,#2584);
#2582 = CARTESIAN_POINT('',(-95.,0.,37.5));
#2583 = DIRECTION('',(1.,0.,0.));
#2584 = DIRECTION('',(-0.,0.,1.));
#2585 = ADVANCED_FACE('',(#2586,#2592,#2595),#2598,.T.);
#2586 = FACE_BOUND('',#2587,.T.);
#2587 = EDGE_LOOP('',(#2588,#2589,#2590,#2591));
#2588 = ORIENTED_EDGE('',*,*,#2460,.F.);
#2589 = ORIENTED_EDGE('',*,*,#2500,.T.);
#2590 = ORIENTED_EDGE('',*,*,#2525,.T.);
#2591 = ORIENTED_EDGE('',*,*,#2476,.F.);
#2592 = FACE_BOUND('',#2593,.T.);
#2593 = EDGE_LOOP('',(#2594));
#2594 = ORIENTED_EDGE('',*,*,#2539,.F.);
#2595 = FACE_BOUND('',#2596,.T.);
#2596 = EDGE_LOOP('',(#2597));
#2597 = ORIENTED_EDGE('',*,*,#2564,.F.);
#2598 = PLANE('',#2599);
#2599 = AXIS2_PLACEMENT_3D('',#2600,#2601,#2602);
#2600 = CARTESIAN_POINT('',(-70.,-10.,0.));
#2601 = DIRECTION('',(1.,0.,-0.));
#2602 = DIRECTION('',(0.,0.,1.));
#2603 = MANIFOLD_SOLID_BREP('',#2604);
#2604 = CLOSED_SHELL('',(#2605,#2667,#2698,#2722,#2746,#2763,#2788,#2813
    ));
#2605 = ADVANCED_FACE('',(#2606,#2640,#2651),#2662,.F.);
#2606 = FACE_BOUND('',#2607,.F.);
#2607 = EDGE_LOOP('',(#2608,#2618,#2626,#2634));
#2608 = ORIENTED_EDGE('',*,*,#2609,.F.);
#2609 = EDGE_CURVE('',#2610,#2612,#2614,.T.);
#2610 = VERTEX_POINT('',#2611);
#2611 = CARTESIAN_POINT('',(70.,-10.,0.));
#2612 = VERTEX_POINT('',#2613);
#2613 = CARTESIAN_POINT('',(70.,-10.,50.));
#2614 = LINE('',#2615,#2616);
#2615 = CARTESIAN_POINT('',(70.,-10.,0.));
#2616 = VECTOR('',#2617,1.);
#2617 = DIRECTION('',(0.,0.,1.));
#2618 = ORIENTED_EDGE('',*,*,#2619,.T.);
#2619 = EDGE_CURVE('',#2610,#2620,#2622,.T.);
#2620 = VERTEX_POINT('',#2621);
#2621 = CARTESIAN_POINT('',(70.,10.,0.));
#2622 = LINE('',#2623,#2624);
#2623 = CARTESIAN_POINT('',(70.,-10.,0.));
#2624 = VECTOR('',#2625,1.);
#2625 = DIRECTION('',(-0.,1.,0.));
#2626 = ORIENTED_EDGE('',*,*,#2627,.T.);
#2627 = EDGE_CURVE('',#2620,#2628,#2630,.T.);
#2628 = VERTEX_POINT('',#2629);
#2629 = CARTESIAN_POINT('',(70.,10.,50.));
#2630 = LINE('',#2631,#2632);
#2631 = CARTESIAN_POINT('',(70.,10.,0.));
#2632 = VECTOR('',#2633,1.);
#2633 = DIRECTION('',(0.,0.,1.));
#2634 = ORIENTED_EDGE('',*,*,#2635,.F.);
#2635 = EDGE_CURVE('',#2612,#2628,#2636,.T.);
#2636 = LINE('',#2637,#2638);
#2637 = CARTESIAN_POINT('',(70.,-10.,50.));
#2638 = VECTOR('',#2639,1.);
#2639 = DIRECTION('',(-0.,1.,0.));
#2640 = FACE_BOUND('',#2641,.F.);
#2641 = EDGE_LOOP('',(#2642));
#2642 = ORIENTED_EDGE('',*,*,#2643,.F.);
#2643 = EDGE_CURVE('',#2644,#2644,#2646,.T.);
#2644 = VERTEX_POINT('',#2645);
#2645 = CARTESIAN_POINT('',(70.,5.143516556419E-16,14.6));
#2646 = CIRCLE('',#2647,2.1);
#2647 = AXIS2_PLACEMENT_3D('',#2648,#2649,#2650);
#2648 = CARTESIAN_POINT('',(70.,0.,12.5));
#2649 = DIRECTION('',(1.,0.,0.));
#2650 = DIRECTION('',(-0.,0.,1.));
#2651 = FACE_BOUND('',#2652,.F.);
#2652 = EDGE_LOOP('',(#2653));
#2653 = ORIENTED_EDGE('',*,*,#2654,.F.);
#2654 = EDGE_CURVE('',#2655,#2655,#2657,.T.);
#2655 = VERTEX_POINT('',#2656);
#2656 = CARTESIAN_POINT('',(70.,5.143516556419E-16,39.6));
#2657 = CIRCLE('',#2658,2.1);
#2658 = AXIS2_PLACEMENT_3D('',#2659,#2660,#2661);
#2659 = CARTESIAN_POINT('',(70.,0.,37.5));
#2660 = DIRECTION('',(1.,0.,0.));
#2661 = DIRECTION('',(-0.,0.,1.));
#2662 = PLANE('',#2663);
#2663 = AXIS2_PLACEMENT_3D('',#2664,#2665,#2666);
#2664 = CARTESIAN_POINT('',(70.,-10.,0.));
#2665 = DIRECTION('',(1.,0.,-0.));
#2666 = DIRECTION('',(0.,0.,1.));
#2667 = ADVANCED_FACE('',(#2668),#2693,.F.);
#2668 = FACE_BOUND('',#2669,.F.);
#2669 = EDGE_LOOP('',(#2670,#2678,#2679,#2687));
#2670 = ORIENTED_EDGE('',*,*,#2671,.F.);
#2671 = EDGE_CURVE('',#2610,#2672,#2674,.T.);
#2672 = VERTEX_POINT('',#2673);
#2673 = CARTESIAN_POINT('',(90.,-10.,0.));
#2674 = LINE('',#2675,#2676);
#2675 = CARTESIAN_POINT('',(70.,-10.,0.));
#2676 = VECTOR('',#2677,1.);
#2677 = DIRECTION('',(1.,0.,-0.));
#2678 = ORIENTED_EDGE('',*,*,#2609,.T.);
#2679 = ORIENTED_EDGE('',*,*,#2680,.T.);
#2680 = EDGE_CURVE('',#2612,#2681,#2683,.T.);
#2681 = VERTEX_POINT('',#2682);
#2682 = CARTESIAN_POINT('',(90.,-10.,50.));
#2683 = LINE('',#2684,#2685);
#2684 = CARTESIAN_POINT('',(70.,-10.,50.));
#2685 = VECTOR('',#2686,1.);
#2686 = DIRECTION('',(1.,0.,-0.));
#2687 = ORIENTED_EDGE('',*,*,#2688,.F.);
#2688 = EDGE_CURVE('',#2672,#2681,#2689,.T.);
#2689 = LINE('',#2690,#2691);
#2690 = CARTESIAN_POINT('',(90.,-10.,0.));
#2691 = VECTOR('',#2692,1.);
#2692 = DIRECTION('',(0.,0.,1.));
#2693 = PLANE('',#2694);
#2694 = AXIS2_PLACEMENT_3D('',#2695,#2696,#2697);
#2695 = CARTESIAN_POINT('',(70.,-10.,0.));
#2696 = DIRECTION('',(-0.,1.,0.));
#2697 = DIRECTION('',(0.,0.,1.));
#2698 = ADVANCED_FACE('',(#2699),#2717,.T.);
#2699 = FACE_BOUND('',#2700,.T.);
#2700 = EDGE_LOOP('',(#2701,#2702,#2703,#2711));
#2701 = ORIENTED_EDGE('',*,*,#2635,.F.);
#2702 = ORIENTED_EDGE('',*,*,#2680,.T.);
#2703 = ORIENTED_EDGE('',*,*,#2704,.T.);
#2704 = EDGE_CURVE('',#2681,#2705,#2707,.T.);
#2705 = VERTEX_POINT('',#2706);
#2706 = CARTESIAN_POINT('',(90.,10.,50.));
#2707 = LINE('',#2708,#2709);
#2708 = CARTESIAN_POINT('',(90.,-10.,50.));
#2709 = VECTOR('',#2710,1.);
#2710 = DIRECTION('',(-0.,1.,0.));
#2711 = ORIENTED_EDGE('',*,*,#2712,.F.);
#2712 = EDGE_CURVE('',#2628,#2705,#2713,.T.);
#2713 = LINE('',#2714,#2715);
#2714 = CARTESIAN_POINT('',(70.,10.,50.));
#2715 = VECTOR('',#2716,1.);
#2716 = DIRECTION('',(1.,0.,-0.));
#2717 = PLANE('',#2718);
#2718 = AXIS2_PLACEMENT_3D('',#2719,#2720,#2721);
#2719 = CARTESIAN_POINT('',(70.,-10.,50.));
#2720 = DIRECTION('',(0.,0.,1.));
#2721 = DIRECTION('',(1.,0.,-0.));
#2722 = ADVANCED_FACE('',(#2723),#2741,.F.);
#2723 = FACE_BOUND('',#2724,.F.);
#2724 = EDGE_LOOP('',(#2725,#2726,#2727,#2735));
#2725 = ORIENTED_EDGE('',*,*,#2619,.F.);
#2726 = ORIENTED_EDGE('',*,*,#2671,.T.);
#2727 = ORIENTED_EDGE('',*,*,#2728,.T.);
#2728 = EDGE_CURVE('',#2672,#2729,#2731,.T.);
#2729 = VERTEX_POINT('',#2730);
#2730 = CARTESIAN_POINT('',(90.,10.,0.));
#2731 = LINE('',#2732,#2733);
#2732 = CARTESIAN_POINT('',(90.,-10.,0.));
#2733 = VECTOR('',#2734,1.);
#2734 = DIRECTION('',(-0.,1.,0.));
#2735 = ORIENTED_EDGE('',*,*,#2736,.F.);
#2736 = EDGE_CURVE('',#2620,#2729,#2737,.T.);
#2737 = LINE('',#2738,#2739);
#2738 = CARTESIAN_POINT('',(70.,10.,0.));
#2739 = VECTOR('',#2740,1.);
#2740 = DIRECTION('',(1.,0.,-0.));
#2741 = PLANE('',#2742);
#2742 = AXIS2_PLACEMENT_3D('',#2743,#2744,#2745);
#2743 = CARTESIAN_POINT('',(70.,-10.,0.));
#2744 = DIRECTION('',(0.,0.,1.));
#2745 = DIRECTION('',(1.,0.,-0.));
#2746 = ADVANCED_FACE('',(#2747),#2758,.T.);
#2747 = FACE_BOUND('',#2748,.T.);
#2748 = EDGE_LOOP('',(#2749,#2750,#2751,#2752));
#2749 = ORIENTED_EDGE('',*,*,#2736,.F.);
#2750 = ORIENTED_EDGE('',*,*,#2627,.T.);
#2751 = ORIENTED_EDGE('',*,*,#2712,.T.);
#2752 = ORIENTED_EDGE('',*,*,#2753,.F.);
#2753 = EDGE_CURVE('',#2729,#2705,#2754,.T.);
#2754 = LINE('',#2755,#2756);
#2755 = CARTESIAN_POINT('',(90.,10.,0.));
#2756 = VECTOR('',#2757,1.);
#2757 = DIRECTION('',(0.,0.,1.));
#2758 = PLANE('',#2759);
#2759 = AXIS2_PLACEMENT_3D('',#2760,#2761,#2762);
#2760 = CARTESIAN_POINT('',(70.,10.,0.));
#2761 = DIRECTION('',(-0.,1.,0.));
#2762 = DIRECTION('',(0.,0.,1.));
#2763 = ADVANCED_FACE('',(#2764),#2783,.F.);
#2764 = FACE_BOUND('',#2765,.F.);
#2765 = EDGE_LOOP('',(#2766,#2775,#2781,#2782));
#2766 = ORIENTED_EDGE('',*,*,#2767,.F.);
#2767 = EDGE_CURVE('',#2768,#2768,#2770,.T.);
#2768 = VERTEX_POINT('',#2769);
#2769 = CARTESIAN_POINT('',(90.,5.143516556419E-16,14.6));
#2770 = CIRCLE('',#2771,2.1);
#2771 = AXIS2_PLACEMENT_3D('',#2772,#2773,#2774);
#2772 = CARTESIAN_POINT('',(90.,0.,12.5));
#2773 = DIRECTION('',(1.,0.,0.));
#2774 = DIRECTION('',(-0.,0.,1.));
#2775 = ORIENTED_EDGE('',*,*,#2776,.F.);
#2776 = EDGE_CURVE('',#2644,#2768,#2777,.T.);
#2777 = LINE('',#2778,#2779);
#2778 = CARTESIAN_POINT('',(65.,5.143516556419E-16,14.6));
#2779 = VECTOR('',#2780,1.);
#2780 = DIRECTION('',(1.,0.,0.));
#2781 = ORIENTED_EDGE('',*,*,#2643,.T.);
#2782 = ORIENTED_EDGE('',*,*,#2776,.T.);
#2783 = CYLINDRICAL_SURFACE('',#2784,2.1);
#2784 = AXIS2_PLACEMENT_3D('',#2785,#2786,#2787);
#2785 = CARTESIAN_POINT('',(65.,0.,12.5));
#2786 = DIRECTION('',(1.,0.,0.));
#2787 = DIRECTION('',(-0.,0.,1.));
#2788 = ADVANCED_FACE('',(#2789),#2808,.F.);
#2789 = FACE_BOUND('',#2790,.F.);
#2790 = EDGE_LOOP('',(#2791,#2800,#2806,#2807));
#2791 = ORIENTED_EDGE('',*,*,#2792,.F.);
#2792 = EDGE_CURVE('',#2793,#2793,#2795,.T.);
#2793 = VERTEX_POINT('',#2794);
#2794 = CARTESIAN_POINT('',(90.,5.143516556419E-16,39.6));
#2795 = CIRCLE('',#2796,2.1);
#2796 = AXIS2_PLACEMENT_3D('',#2797,#2798,#2799);
#2797 = CARTESIAN_POINT('',(90.,0.,37.5));
#2798 = DIRECTION('',(1.,0.,0.));
#2799 = DIRECTION('',(-0.,0.,1.));
#2800 = ORIENTED_EDGE('',*,*,#2801,.F.);
#2801 = EDGE_CURVE('',#2655,#2793,#2802,.T.);
#2802 = LINE('',#2803,#2804);
#2803 = CARTESIAN_POINT('',(65.,5.143516556419E-16,39.6));
#2804 = VECTOR('',#2805,1.);
#2805 = DIRECTION('',(1.,0.,0.));
#2806 = ORIENTED_EDGE('',*,*,#2654,.T.);
#2807 = ORIENTED_EDGE('',*,*,#2801,.T.);
#2808 = CYLINDRICAL_SURFACE('',#2809,2.1);
#2809 = AXIS2_PLACEMENT_3D('',#2810,#2811,#2812);
#2810 = CARTESIAN_POINT('',(65.,0.,37.5));
#2811 = DIRECTION('',(1.,0.,0.));
#2812 = DIRECTION('',(-0.,0.,1.));
#2813 = ADVANCED_FACE('',(#2814,#2820,#2823),#2826,.T.);
#2814 = FACE_BOUND('',#2815,.T.);
#2815 = EDGE_LOOP('',(#2816,#2817,#2818,#2819));
#2816 = ORIENTED_EDGE('',*,*,#2688,.F.);
#2817 = ORIENTED_EDGE('',*,*,#2728,.T.);
#2818 = ORIENTED_EDGE('',*,*,#2753,.T.);
#2819 = ORIENTED_EDGE('',*,*,#2704,.F.);
#2820 = FACE_BOUND('',#2821,.T.);
#2821 = EDGE_LOOP('',(#2822));
#2822 = ORIENTED_EDGE('',*,*,#2767,.F.);
#2823 = FACE_BOUND('',#2824,.T.);
#2824 = EDGE_LOOP('',(#2825));
#2825 = ORIENTED_EDGE('',*,*,#2792,.F.);
#2826 = PLANE('',#2827);
#2827 = AXIS2_PLACEMENT_3D('',#2828,#2829,#2830);
#2828 = CARTESIAN_POINT('',(90.,-10.,0.));
#2829 = DIRECTION('',(1.,0.,-0.));
#2830 = DIRECTION('',(0.,0.,1.));
#2831 = ( GEOMETRIC_REPRESENTATION_CONTEXT(3) 
GLOBAL_UNCERTAINTY_ASSIGNED_CONTEXT((#2835)) 
GLOBAL_UNIT_ASSIGNED_CONTEXT((#2832,#2833,#2834)) REPRESENTATION_CONTEXT
('Context #1','3D Context with UNIT and UNCERTAINTY') );
#2832 = ( LENGTH_UNIT() NAMED_UNIT(*) SI_UNIT(.MILLI.,.METRE.) );
#2833 = ( NAMED_UNIT(*) PLANE_ANGLE_UNIT() SI_UNIT($,.RADIAN.) );
#2834 = ( NAMED_UNIT(*) SI_UNIT($,.STERADIAN.) SOLID_ANGLE_UNIT() );
#2835 = UNCERTAINTY_MEASURE_WITH_UNIT(LENGTH_MEASURE(1.E-07),#2832,
  'distance_accuracy_value','confusion accuracy');
#2836 = PRODUCT_RELATED_PRODUCT_CATEGORY('part',$,(#7));
ENDSEC;
END-ISO-10303-21;
