ISO-10303-21;
HEADER;
FILE_DESCRIPTION(('FreeCAD Model'),'2;1');
FILE_NAME('Open CASCADE Shape Model','2026-10-01T18:45:09',('FreeCAD'),(
    'FreeCAD'),'Open CASCADE STEP processor 7.8','FreeCAD','Unknown');
FILE_SCHEMA(('AUTOMOTIVE_DESIGN { 1 0 10303 214 1 1 1 1 }'));
ENDSEC;
DATA;
#1 = APPLICATION_PROTOCOL_DEFINITION('international standard',
  'automotive_design',2000,#2);
#2 = APPLICATION_CONTEXT(
  'core data for automotive mechanical design processes');
#3 = SHAPE_DEFINITION_REPRESENTATION(#4,#10);
#4 = PRODUCT_DEFINITION_SHAPE('','',#5);
#5 = PRODUCT_DEFINITION('design','',#6,#9);
#6 = PRODUCT_DEFINITION_FORMATION('','',#7);
#7 = PRODUCT('Open CASCADE STEP translator 7.8 15',
  'Open CASCADE STEP translator 7.8 15','',(#8));
#8 = PRODUCT_CONTEXT('',#2,'mechanical');
#9 = PRODUCT_DEFINITION_CONTEXT('part definition',#2,'design');
#10 = SHAPE_REPRESENTATION('',(#11,#15,#577,#675,#773,#1129,#1485,#1841,
    #2197,#2553,#2909,#3265,#3621,#3977),#4333);
#11 = AXIS2_PLACEMENT_3D('',#12,#13,#14);
#12 = CARTESIAN_POINT('',(0.,0.,0.));
#13 = DIRECTION('',(0.,0.,1.));
#14 = DIRECTION('',(1.,0.,-0.));
#15 = MANIFOLD_SOLID_BREP('',#16);
#16 = CLOSED_SHELL('',(#17,#57,#88,#176,#207,#231,#262,#286,#311,#336,
    #361,#386,#410,#434,#458,#482,#504,#528,#545,#557));
#17 = ADVANCED_FACE('',(#18),#52,.F.);
#18 = FACE_BOUND('',#19,.F.);
#19 = EDGE_LOOP('',(#20,#30,#38,#46));
#20 = ORIENTED_EDGE('',*,*,#21,.F.);
#21 = EDGE_CURVE('',#22,#24,#26,.T.);
#22 = VERTEX_POINT('',#23);
#23 = CARTESIAN_POINT('',(68.942911165688,90.156114601285,6.));
#24 = VERTEX_POINT('',#25);
#25 = CARTESIAN_POINT('',(68.942911165688,90.156114601285,5.));
#26 = LINE('',#27,#28);
#27 = CARTESIAN_POINT('',(68.942911165688,90.156114601285,6.));
#28 = VECTOR('',#29,1.);
#29 = DIRECTION('',(-8.659560562355E-17,-8.659560562355E-17,-1.));
#30 = ORIENTED_EDGE('',*,*,#31,.T.);
#31 = EDGE_CURVE('',#22,#32,#34,.T.);
#32 = VERTEX_POINT('',#33);
#33 = CARTESIAN_POINT('',(61.871843353823,83.085046789419,6.));
#34 = LINE('',#35,#36);
#35 = CARTESIAN_POINT('',(68.942911165688,90.156114601285,6.));
#36 = VECTOR('',#37,1.);
#37 = DIRECTION('',(-0.707106781187,-0.707106781187,1.224646799147E-16)
  );
#38 = ORIENTED_EDGE('',*,*,#39,.T.);
#39 = EDGE_CURVE('',#32,#40,#42,.T.);
#40 = VERTEX_POINT('',#41);
#41 = CARTESIAN_POINT('',(61.871843353823,83.085046789419,5.));
#42 = LINE('',#43,#44);
#43 = CARTESIAN_POINT('',(61.871843353823,83.085046789419,21.));
#44 = VECTOR('',#45,1.);
#45 = DIRECTION('',(-8.659560562355E-17,-8.659560562355E-17,-1.));
#46 = ORIENTED_EDGE('',*,*,#47,.F.);
#47 = EDGE_CURVE('',#24,#40,#48,.T.);
#48 = LINE('',#49,#50);
#49 = CARTESIAN_POINT('',(68.942911165688,90.156114601285,5.));
#50 = VECTOR('',#51,1.);
#51 = DIRECTION('',(-0.707106781187,-0.707106781187,1.224646799147E-16)
  );
#52 = PLANE('',#53);
#53 = AXIS2_PLACEMENT_3D('',#54,#55,#56);
#54 = CARTESIAN_POINT('',(68.942911165688,90.156114601285,6.));
#55 = DIRECTION('',(0.707106781187,-0.707106781187,0.));
#56 = DIRECTION('',(-8.659560562355E-17,-8.659560562355E-17,-1.));
#57 = ADVANCED_FACE('',(#58),#83,.F.);
#58 = FACE_BOUND('',#59,.F.);
#59 = EDGE_LOOP('',(#60,#68,#69,#77));
#60 = ORIENTED_EDGE('',*,*,#61,.F.);
#61 = EDGE_CURVE('',#22,#62,#64,.T.);
#62 = VERTEX_POINT('',#63);
#63 = CARTESIAN_POINT('',(90.156114601285,68.942911165688,6.));
#64 = LINE('',#65,#66);
#65 = CARTESIAN_POINT('',(68.942911165688,90.156114601285,6.));
#66 = VECTOR('',#67,1.);
#67 = DIRECTION('',(0.707106781187,-0.707106781187,0.));
#68 = ORIENTED_EDGE('',*,*,#21,.T.);
#69 = ORIENTED_EDGE('',*,*,#70,.T.);
#70 = EDGE_CURVE('',#24,#71,#73,.T.);
#71 = VERTEX_POINT('',#72);
#72 = CARTESIAN_POINT('',(90.156114601285,68.942911165688,5.));
#73 = LINE('',#74,#75);
#74 = CARTESIAN_POINT('',(68.942911165688,90.156114601285,5.));
#75 = VECTOR('',#76,1.);
#76 = DIRECTION('',(0.707106781187,-0.707106781187,0.));
#77 = ORIENTED_EDGE('',*,*,#78,.F.);
#78 = EDGE_CURVE('',#62,#71,#79,.T.);
#79 = LINE('',#80,#81);
#80 = CARTESIAN_POINT('',(90.156114601285,68.942911165688,6.));
#81 = VECTOR('',#82,1.);
#82 = DIRECTION('',(-8.659560562355E-17,-8.659560562355E-17,-1.));
#83 = PLANE('',#84);
#84 = AXIS2_PLACEMENT_3D('',#85,#86,#87);
#85 = CARTESIAN_POINT('',(68.942911165688,90.156114601285,6.));
#86 = DIRECTION('',(-0.707106781187,-0.707106781187,1.224646799147E-16)
  );
#87 = DIRECTION('',(-8.659560562355E-17,-8.659560562355E-17,-1.));
#88 = ADVANCED_FACE('',(#89),#171,.F.);
#89 = FACE_BOUND('',#90,.F.);
#90 = EDGE_LOOP('',(#91,#99,#100,#101,#109,#117,#125,#133,#141,#149,#157
    ,#165));
#91 = ORIENTED_EDGE('',*,*,#92,.F.);
#92 = EDGE_CURVE('',#24,#93,#95,.T.);
#93 = VERTEX_POINT('',#94);
#94 = CARTESIAN_POINT('',(68.942911165688,90.156114601285,0.));
#95 = LINE('',#96,#97);
#96 = CARTESIAN_POINT('',(68.942911165688,90.156114601285,6.));
#97 = VECTOR('',#98,1.);
#98 = DIRECTION('',(-8.659560562355E-17,-8.659560562355E-17,-1.));
#99 = ORIENTED_EDGE('',*,*,#47,.T.);
#100 = ORIENTED_EDGE('',*,*,#39,.F.);
#101 = ORIENTED_EDGE('',*,*,#102,.T.);
#102 = EDGE_CURVE('',#32,#103,#105,.T.);
#103 = VERTEX_POINT('',#104);
#104 = CARTESIAN_POINT('',(-90.15611460128,-68.94291116568,6.));
#105 = LINE('',#106,#107);
#106 = CARTESIAN_POINT('',(68.942911165688,90.156114601285,6.));
#107 = VECTOR('',#108,1.);
#108 = DIRECTION('',(-0.707106781187,-0.707106781187,1.224646799147E-16)
  );
#109 = ORIENTED_EDGE('',*,*,#110,.T.);
#110 = EDGE_CURVE('',#103,#111,#113,.T.);
#111 = VERTEX_POINT('',#112);
#112 = CARTESIAN_POINT('',(-90.15611460128,-68.94291116568,3.5));
#113 = LINE('',#114,#115);
#114 = CARTESIAN_POINT('',(-90.15611460128,-68.94291116568,6.));
#115 = VECTOR('',#116,1.);
#116 = DIRECTION('',(-8.659560562355E-17,-8.659560562355E-17,-1.));
#117 = ORIENTED_EDGE('',*,*,#118,.T.);
#118 = EDGE_CURVE('',#111,#119,#121,.T.);
#119 = VERTEX_POINT('',#120);
#120 = CARTESIAN_POINT('',(-72.47844507162,-51.26524163602,3.5));
#121 = LINE('',#122,#123);
#122 = CARTESIAN_POINT('',(-1.767766952966,19.44543648263,3.5));
#123 = VECTOR('',#124,1.);
#124 = DIRECTION('',(0.707106781187,0.707106781187,-1.224646799147E-16)
  );
#125 = ORIENTED_EDGE('',*,*,#126,.T.);
#126 = EDGE_CURVE('',#119,#127,#129,.T.);
#127 = VERTEX_POINT('',#128);
#128 = CARTESIAN_POINT('',(-72.47844507162,-51.26524163602,
    2.48689957516E-14));
#129 = LINE('',#130,#131);
#130 = CARTESIAN_POINT('',(-72.47844507162,-51.26524163602,4.75));
#131 = VECTOR('',#132,1.);
#132 = DIRECTION('',(-8.659560562355E-17,-8.659560562355E-17,-1.));
#133 = ORIENTED_EDGE('',*,*,#134,.F.);
#134 = EDGE_CURVE('',#135,#127,#137,.T.);
#135 = VERTEX_POINT('',#136);
#136 = CARTESIAN_POINT('',(-28.38219158763,-7.168988152039,
    1.68753899743E-14));
#137 = LINE('',#138,#139);
#138 = CARTESIAN_POINT('',(68.942911165688,90.156114601285,0.));
#139 = VECTOR('',#140,1.);
#140 = DIRECTION('',(-0.707106781187,-0.707106781187,1.224646799147E-16)
  );
#141 = ORIENTED_EDGE('',*,*,#142,.F.);
#142 = EDGE_CURVE('',#143,#135,#145,.T.);
#143 = VERTEX_POINT('',#144);
#144 = CARTESIAN_POINT('',(-28.38219158763,-7.168988152039,3.5));
#145 = LINE('',#146,#147);
#146 = CARTESIAN_POINT('',(-28.38219158763,-7.168988152039,3.5));
#147 = VECTOR('',#148,1.);
#148 = DIRECTION('',(-8.659560562355E-17,-8.659560562355E-17,-1.));
#149 = ORIENTED_EDGE('',*,*,#150,.T.);
#150 = EDGE_CURVE('',#143,#151,#153,.T.);
#151 = VERTEX_POINT('',#152);
#152 = CARTESIAN_POINT('',(31.917725493568,53.130928929164,3.5));
#153 = LINE('',#154,#155);
#154 = CARTESIAN_POINT('',(35.355339059327,56.568542494924,3.5));
#155 = VECTOR('',#156,1.);
#156 = DIRECTION('',(0.707106781187,0.707106781187,-1.224646799147E-16)
  );
#157 = ORIENTED_EDGE('',*,*,#158,.T.);
#158 = EDGE_CURVE('',#151,#159,#161,.T.);
#159 = VERTEX_POINT('',#160);
#160 = CARTESIAN_POINT('',(31.917725493568,53.130928929164,
    6.217248937901E-15));
#161 = LINE('',#162,#163);
#162 = CARTESIAN_POINT('',(31.917725493568,53.130928929164,3.5));
#163 = VECTOR('',#164,1.);
#164 = DIRECTION('',(-8.659560562355E-17,-8.659560562355E-17,-1.));
#165 = ORIENTED_EDGE('',*,*,#166,.F.);
#166 = EDGE_CURVE('',#93,#159,#167,.T.);
#167 = LINE('',#168,#169);
#168 = CARTESIAN_POINT('',(68.942911165688,90.156114601285,0.));
#169 = VECTOR('',#170,1.);
#170 = DIRECTION('',(-0.707106781187,-0.707106781187,1.224646799147E-16)
  );
#171 = PLANE('',#172);
#172 = AXIS2_PLACEMENT_3D('',#173,#174,#175);
#173 = CARTESIAN_POINT('',(68.942911165688,90.156114601285,6.));
#174 = DIRECTION('',(0.707106781187,-0.707106781187,0.));
#175 = DIRECTION('',(-8.659560562355E-17,-8.659560562355E-17,-1.));
#176 = ADVANCED_FACE('',(#177),#202,.F.);
#177 = FACE_BOUND('',#178,.F.);
#178 = EDGE_LOOP('',(#179,#187,#195,#201));
#179 = ORIENTED_EDGE('',*,*,#180,.F.);
#180 = EDGE_CURVE('',#181,#22,#183,.T.);
#181 = VERTEX_POINT('',#182);
#182 = CARTESIAN_POINT('',(68.942911165688,90.156114601285,21.));
#183 = LINE('',#184,#185);
#184 = CARTESIAN_POINT('',(68.942911165688,90.156114601285,21.));
#185 = VECTOR('',#186,1.);
#186 = DIRECTION('',(-8.659560562355E-17,-8.659560562355E-17,-1.));
#187 = ORIENTED_EDGE('',*,*,#188,.T.);
#188 = EDGE_CURVE('',#181,#189,#191,.T.);
#189 = VERTEX_POINT('',#190);
#190 = CARTESIAN_POINT('',(61.871843353823,83.085046789419,21.));
#191 = LINE('',#192,#193);
#192 = CARTESIAN_POINT('',(68.942911165688,90.156114601285,21.));
#193 = VECTOR('',#194,1.);
#194 = DIRECTION('',(-0.707106781187,-0.707106781187,1.224646799147E-16)
  );
#195 = ORIENTED_EDGE('',*,*,#196,.T.);
#196 = EDGE_CURVE('',#189,#32,#197,.T.);
#197 = LINE('',#198,#199);
#198 = CARTESIAN_POINT('',(61.871843353823,83.085046789419,21.));
#199 = VECTOR('',#200,1.);
#200 = DIRECTION('',(-8.659560562355E-17,-8.659560562355E-17,-1.));
#201 = ORIENTED_EDGE('',*,*,#31,.F.);
#202 = PLANE('',#203);
#203 = AXIS2_PLACEMENT_3D('',#204,#205,#206);
#204 = CARTESIAN_POINT('',(68.942911165688,90.156114601285,21.));
#205 = DIRECTION('',(0.707106781187,-0.707106781187,0.));
#206 = DIRECTION('',(-8.659560562355E-17,-8.659560562355E-17,-1.));
#207 = ADVANCED_FACE('',(#208),#226,.F.);
#208 = FACE_BOUND('',#209,.F.);
#209 = EDGE_LOOP('',(#210,#218,#224,#225));
#210 = ORIENTED_EDGE('',*,*,#211,.F.);
#211 = EDGE_CURVE('',#212,#62,#214,.T.);
#212 = VERTEX_POINT('',#213);
#213 = CARTESIAN_POINT('',(90.156114601285,68.942911165688,21.));
#214 = LINE('',#215,#216);
#215 = CARTESIAN_POINT('',(90.156114601285,68.942911165688,21.));
#216 = VECTOR('',#217,1.);
#217 = DIRECTION('',(-8.659560562355E-17,-8.659560562355E-17,-1.));
#218 = ORIENTED_EDGE('',*,*,#219,.F.);
#219 = EDGE_CURVE('',#181,#212,#220,.T.);
#220 = LINE('',#221,#222);
#221 = CARTESIAN_POINT('',(68.942911165688,90.156114601285,21.));
#222 = VECTOR('',#223,1.);
#223 = DIRECTION('',(0.707106781187,-0.707106781187,0.));
#224 = ORIENTED_EDGE('',*,*,#180,.T.);
#225 = ORIENTED_EDGE('',*,*,#61,.T.);
#226 = PLANE('',#227);
#227 = AXIS2_PLACEMENT_3D('',#228,#229,#230);
#228 = CARTESIAN_POINT('',(68.942911165688,90.156114601285,21.));
#229 = DIRECTION('',(-0.707106781187,-0.707106781187,1.224646799147E-16)
  );
#230 = DIRECTION('',(-8.659560562355E-17,-8.659560562355E-17,-1.));
#231 = ADVANCED_FACE('',(#232),#257,.T.);
#232 = FACE_BOUND('',#233,.T.);
#233 = EDGE_LOOP('',(#234,#235,#243,#251));
#234 = ORIENTED_EDGE('',*,*,#78,.F.);
#235 = ORIENTED_EDGE('',*,*,#236,.T.);
#236 = EDGE_CURVE('',#62,#237,#239,.T.);
#237 = VERTEX_POINT('',#238);
#238 = CARTESIAN_POINT('',(83.085046789419,61.871843353823,6.));
#239 = LINE('',#240,#241);
#240 = CARTESIAN_POINT('',(90.156114601285,68.942911165688,6.));
#241 = VECTOR('',#242,1.);
#242 = DIRECTION('',(-0.707106781187,-0.707106781187,1.224646799147E-16)
  );
#243 = ORIENTED_EDGE('',*,*,#244,.T.);
#244 = EDGE_CURVE('',#237,#245,#247,.T.);
#245 = VERTEX_POINT('',#246);
#246 = CARTESIAN_POINT('',(83.085046789419,61.871843353823,5.));
#247 = LINE('',#248,#249);
#248 = CARTESIAN_POINT('',(83.085046789419,61.871843353823,21.));
#249 = VECTOR('',#250,1.);
#250 = DIRECTION('',(-8.659560562355E-17,-8.659560562355E-17,-1.));
#251 = ORIENTED_EDGE('',*,*,#252,.F.);
#252 = EDGE_CURVE('',#71,#245,#253,.T.);
#253 = LINE('',#254,#255);
#254 = CARTESIAN_POINT('',(90.156114601285,68.942911165688,5.));
#255 = VECTOR('',#256,1.);
#256 = DIRECTION('',(-0.707106781187,-0.707106781187,1.224646799147E-16)
  );
#257 = PLANE('',#258);
#258 = AXIS2_PLACEMENT_3D('',#259,#260,#261);
#259 = CARTESIAN_POINT('',(90.156114601285,68.942911165688,6.));
#260 = DIRECTION('',(0.707106781187,-0.707106781187,0.));
#261 = DIRECTION('',(-8.659560562355E-17,-8.659560562355E-17,-1.));
#262 = ADVANCED_FACE('',(#263),#281,.F.);
#263 = FACE_BOUND('',#264,.F.);
#264 = EDGE_LOOP('',(#265,#266,#267,#275));
#265 = ORIENTED_EDGE('',*,*,#70,.F.);
#266 = ORIENTED_EDGE('',*,*,#92,.T.);
#267 = ORIENTED_EDGE('',*,*,#268,.T.);
#268 = EDGE_CURVE('',#93,#269,#271,.T.);
#269 = VERTEX_POINT('',#270);
#270 = CARTESIAN_POINT('',(90.156114601285,68.942911165688,0.));
#271 = LINE('',#272,#273);
#272 = CARTESIAN_POINT('',(68.942911165688,90.156114601285,0.));
#273 = VECTOR('',#274,1.);
#274 = DIRECTION('',(0.707106781187,-0.707106781187,0.));
#275 = ORIENTED_EDGE('',*,*,#276,.F.);
#276 = EDGE_CURVE('',#71,#269,#277,.T.);
#277 = LINE('',#278,#279);
#278 = CARTESIAN_POINT('',(90.156114601285,68.942911165688,6.));
#279 = VECTOR('',#280,1.);
#280 = DIRECTION('',(-8.659560562355E-17,-8.659560562355E-17,-1.));
#281 = PLANE('',#282);
#282 = AXIS2_PLACEMENT_3D('',#283,#284,#285);
#283 = CARTESIAN_POINT('',(68.942911165688,90.156114601285,6.));
#284 = DIRECTION('',(-0.707106781187,-0.707106781187,1.224646799147E-16)
  );
#285 = DIRECTION('',(-8.659560562355E-17,-8.659560562355E-17,-1.));
#286 = ADVANCED_FACE('',(#287),#306,.T.);
#287 = FACE_BOUND('',#288,.T.);
#288 = EDGE_LOOP('',(#289,#290,#291,#299));
#289 = ORIENTED_EDGE('',*,*,#166,.F.);
#290 = ORIENTED_EDGE('',*,*,#268,.T.);
#291 = ORIENTED_EDGE('',*,*,#292,.T.);
#292 = EDGE_CURVE('',#269,#293,#295,.T.);
#293 = VERTEX_POINT('',#294);
#294 = CARTESIAN_POINT('',(53.130928929164,31.917725493568,
    6.217248937901E-15));
#295 = LINE('',#296,#297);
#296 = CARTESIAN_POINT('',(90.156114601285,68.942911165688,0.));
#297 = VECTOR('',#298,1.);
#298 = DIRECTION('',(-0.707106781187,-0.707106781187,1.224646799147E-16)
  );
#299 = ORIENTED_EDGE('',*,*,#300,.F.);
#300 = EDGE_CURVE('',#159,#293,#301,.T.);
#301 = CIRCLE('',#302,45.2);
#302 = AXIS2_PLACEMENT_3D('',#303,#304,#305);
#303 = CARTESIAN_POINT('',(12.374368670765,12.374368670765,
    1.15463194561E-14));
#304 = DIRECTION('',(-8.659560562355E-17,-8.659560562355E-17,-1.));
#305 = DIRECTION('',(0.707106781187,-0.707106781187,0.));
#306 = PLANE('',#307);
#307 = AXIS2_PLACEMENT_3D('',#308,#309,#310);
#308 = CARTESIAN_POINT('',(68.942911165688,90.156114601285,0.));
#309 = DIRECTION('',(-8.659560562355E-17,-8.659560562355E-17,-1.));
#310 = DIRECTION('',(0.707106781187,-0.707106781187,0.));
#311 = ADVANCED_FACE('',(#312),#331,.F.);
#312 = FACE_BOUND('',#313,.F.);
#313 = EDGE_LOOP('',(#314,#323,#329,#330));
#314 = ORIENTED_EDGE('',*,*,#315,.T.);
#315 = EDGE_CURVE('',#151,#316,#318,.T.);
#316 = VERTEX_POINT('',#317);
#317 = CARTESIAN_POINT('',(53.130928929164,31.917725493568,3.5));
#318 = CIRCLE('',#319,45.2);
#319 = AXIS2_PLACEMENT_3D('',#320,#321,#322);
#320 = CARTESIAN_POINT('',(12.374368670765,12.374368670765,3.5));
#321 = DIRECTION('',(-8.659560562355E-17,-8.659560562355E-17,-1.));
#322 = DIRECTION('',(0.707106781187,-0.707106781187,0.));
#323 = ORIENTED_EDGE('',*,*,#324,.T.);
#324 = EDGE_CURVE('',#316,#293,#325,.T.);
#325 = LINE('',#326,#327);
#326 = CARTESIAN_POINT('',(53.130928929164,31.917725493568,3.5));
#327 = VECTOR('',#328,1.);
#328 = DIRECTION('',(-8.659560562355E-17,-8.659560562355E-17,-1.));
#329 = ORIENTED_EDGE('',*,*,#300,.F.);
#330 = ORIENTED_EDGE('',*,*,#158,.F.);
#331 = CYLINDRICAL_SURFACE('',#332,45.2);
#332 = AXIS2_PLACEMENT_3D('',#333,#334,#335);
#333 = CARTESIAN_POINT('',(12.374368670765,12.374368670765,3.5));
#334 = DIRECTION('',(-8.659560562355E-17,-8.659560562355E-17,-1.));
#335 = DIRECTION('',(0.707106781187,-0.707106781187,0.));
#336 = ADVANCED_FACE('',(#337),#356,.T.);
#337 = FACE_BOUND('',#338,.T.);
#338 = EDGE_LOOP('',(#339,#347,#354,#355));
#339 = ORIENTED_EDGE('',*,*,#340,.F.);
#340 = EDGE_CURVE('',#341,#316,#343,.T.);
#341 = VERTEX_POINT('',#342);
#342 = CARTESIAN_POINT('',(-7.168988152039,-28.38219158763,3.5));
#343 = LINE('',#344,#345);
#344 = CARTESIAN_POINT('',(56.568542494924,35.355339059327,3.5));
#345 = VECTOR('',#346,1.);
#346 = DIRECTION('',(0.707106781187,0.707106781187,-1.224646799147E-16)
  );
#347 = ORIENTED_EDGE('',*,*,#348,.T.);
#348 = EDGE_CURVE('',#341,#143,#349,.T.);
#349 = CIRCLE('',#350,45.2);
#350 = AXIS2_PLACEMENT_3D('',#351,#352,#353);
#351 = CARTESIAN_POINT('',(12.374368670765,12.374368670765,3.5));
#352 = DIRECTION('',(-8.659560562355E-17,-8.659560562355E-17,-1.));
#353 = DIRECTION('',(0.707106781187,-0.707106781187,0.));
#354 = ORIENTED_EDGE('',*,*,#150,.T.);
#355 = ORIENTED_EDGE('',*,*,#315,.T.);
#356 = PLANE('',#357);
#357 = AXIS2_PLACEMENT_3D('',#358,#359,#360);
#358 = CARTESIAN_POINT('',(12.374368670765,12.374368670765,3.5));
#359 = DIRECTION('',(-8.659560562355E-17,-8.659560562355E-17,-1.));
#360 = DIRECTION('',(0.707106781187,-0.707106781187,0.));
#361 = ADVANCED_FACE('',(#362),#381,.F.);
#362 = FACE_BOUND('',#363,.F.);
#363 = EDGE_LOOP('',(#364,#372,#373,#374));
#364 = ORIENTED_EDGE('',*,*,#365,.F.);
#365 = EDGE_CURVE('',#341,#366,#368,.T.);
#366 = VERTEX_POINT('',#367);
#367 = CARTESIAN_POINT('',(-7.168988152039,-28.38219158763,
    1.68753899743E-14));
#368 = LINE('',#369,#370);
#369 = CARTESIAN_POINT('',(-7.168988152039,-28.38219158763,3.5));
#370 = VECTOR('',#371,1.);
#371 = DIRECTION('',(-8.659560562355E-17,-8.659560562355E-17,-1.));
#372 = ORIENTED_EDGE('',*,*,#348,.T.);
#373 = ORIENTED_EDGE('',*,*,#142,.T.);
#374 = ORIENTED_EDGE('',*,*,#375,.F.);
#375 = EDGE_CURVE('',#366,#135,#376,.T.);
#376 = CIRCLE('',#377,45.2);
#377 = AXIS2_PLACEMENT_3D('',#378,#379,#380);
#378 = CARTESIAN_POINT('',(12.374368670765,12.374368670765,
    1.15463194561E-14));
#379 = DIRECTION('',(-8.659560562355E-17,-8.659560562355E-17,-1.));
#380 = DIRECTION('',(0.707106781187,-0.707106781187,0.));
#381 = CYLINDRICAL_SURFACE('',#382,45.2);
#382 = AXIS2_PLACEMENT_3D('',#383,#384,#385);
#383 = CARTESIAN_POINT('',(12.374368670765,12.374368670765,3.5));
#384 = DIRECTION('',(-8.659560562355E-17,-8.659560562355E-17,-1.));
#385 = DIRECTION('',(0.707106781187,-0.707106781187,0.));
#386 = ADVANCED_FACE('',(#387),#405,.T.);
#387 = FACE_BOUND('',#388,.T.);
#388 = EDGE_LOOP('',(#389,#390,#391,#399));
#389 = ORIENTED_EDGE('',*,*,#134,.F.);
#390 = ORIENTED_EDGE('',*,*,#375,.F.);
#391 = ORIENTED_EDGE('',*,*,#392,.T.);
#392 = EDGE_CURVE('',#366,#393,#395,.T.);
#393 = VERTEX_POINT('',#394);
#394 = CARTESIAN_POINT('',(-51.26524163602,-72.47844507162,
    2.48689957516E-14));
#395 = LINE('',#396,#397);
#396 = CARTESIAN_POINT('',(90.156114601285,68.942911165688,0.));
#397 = VECTOR('',#398,1.);
#398 = DIRECTION('',(-0.707106781187,-0.707106781187,1.224646799147E-16)
  );
#399 = ORIENTED_EDGE('',*,*,#400,.T.);
#400 = EDGE_CURVE('',#393,#127,#401,.T.);
#401 = LINE('',#402,#403);
#402 = CARTESIAN_POINT('',(-72.83199846221,-50.91168824543,
    2.48689957516E-14));
#403 = VECTOR('',#404,1.);
#404 = DIRECTION('',(-0.707106781187,0.707106781187,-0.));
#405 = PLANE('',#406);
#406 = AXIS2_PLACEMENT_3D('',#407,#408,#409);
#407 = CARTESIAN_POINT('',(68.942911165688,90.156114601285,0.));
#408 = DIRECTION('',(-8.659560562355E-17,-8.659560562355E-17,-1.));
#409 = DIRECTION('',(0.707106781187,-0.707106781187,0.));
#410 = ADVANCED_FACE('',(#411),#429,.T.);
#411 = FACE_BOUND('',#412,.T.);
#412 = EDGE_LOOP('',(#413,#421,#422,#423));
#413 = ORIENTED_EDGE('',*,*,#414,.F.);
#414 = EDGE_CURVE('',#119,#415,#417,.T.);
#415 = VERTEX_POINT('',#416);
#416 = CARTESIAN_POINT('',(-51.26524163602,-72.47844507162,3.5));
#417 = LINE('',#418,#419);
#418 = CARTESIAN_POINT('',(-73.1855518528,-50.55813485483,3.5));
#419 = VECTOR('',#420,1.);
#420 = DIRECTION('',(0.707106781187,-0.707106781187,0.));
#421 = ORIENTED_EDGE('',*,*,#126,.T.);
#422 = ORIENTED_EDGE('',*,*,#400,.F.);
#423 = ORIENTED_EDGE('',*,*,#424,.F.);
#424 = EDGE_CURVE('',#415,#393,#425,.T.);
#425 = LINE('',#426,#427);
#426 = CARTESIAN_POINT('',(-51.26524163602,-72.47844507162,4.75));
#427 = VECTOR('',#428,1.);
#428 = DIRECTION('',(-8.659560562355E-17,-8.659560562355E-17,-1.));
#429 = PLANE('',#430);
#430 = AXIS2_PLACEMENT_3D('',#431,#432,#433);
#431 = CARTESIAN_POINT('',(-73.1855518528,-50.55813485483,3.5));
#432 = DIRECTION('',(-0.707106781187,-0.707106781187,1.224646799147E-16)
  );
#433 = DIRECTION('',(-8.659560562355E-17,-8.659560562355E-17,-1.));
#434 = ADVANCED_FACE('',(#435),#453,.T.);
#435 = FACE_BOUND('',#436,.T.);
#436 = EDGE_LOOP('',(#437,#438,#439,#447));
#437 = ORIENTED_EDGE('',*,*,#118,.T.);
#438 = ORIENTED_EDGE('',*,*,#414,.T.);
#439 = ORIENTED_EDGE('',*,*,#440,.F.);
#440 = EDGE_CURVE('',#441,#415,#443,.T.);
#441 = VERTEX_POINT('',#442);
#442 = CARTESIAN_POINT('',(-68.94291116568,-90.15611460128,3.5));
#443 = LINE('',#444,#445);
#444 = CARTESIAN_POINT('',(19.44543648263,-1.767766952966,3.5));
#445 = VECTOR('',#446,1.);
#446 = DIRECTION('',(0.707106781187,0.707106781187,-1.224646799147E-16)
  );
#447 = ORIENTED_EDGE('',*,*,#448,.F.);
#448 = EDGE_CURVE('',#111,#441,#449,.T.);
#449 = LINE('',#450,#451);
#450 = CARTESIAN_POINT('',(-90.50966799187,-68.58935777509,3.5));
#451 = VECTOR('',#452,1.);
#452 = DIRECTION('',(0.707106781187,-0.707106781187,0.));
#453 = PLANE('',#454);
#454 = AXIS2_PLACEMENT_3D('',#455,#456,#457);
#455 = CARTESIAN_POINT('',(-73.1855518528,-50.55813485483,3.5));
#456 = DIRECTION('',(-8.659560562355E-17,-8.659560562355E-17,-1.));
#457 = DIRECTION('',(0.707106781187,-0.707106781187,0.));
#458 = ADVANCED_FACE('',(#459),#477,.T.);
#459 = FACE_BOUND('',#460,.T.);
#460 = EDGE_LOOP('',(#461,#469,#475,#476));
#461 = ORIENTED_EDGE('',*,*,#462,.F.);
#462 = EDGE_CURVE('',#463,#441,#465,.T.);
#463 = VERTEX_POINT('',#464);
#464 = CARTESIAN_POINT('',(-68.94291116568,-90.15611460128,6.));
#465 = LINE('',#466,#467);
#466 = CARTESIAN_POINT('',(-68.94291116568,-90.15611460128,6.));
#467 = VECTOR('',#468,1.);
#468 = DIRECTION('',(-8.659560562355E-17,-8.659560562355E-17,-1.));
#469 = ORIENTED_EDGE('',*,*,#470,.F.);
#470 = EDGE_CURVE('',#103,#463,#471,.T.);
#471 = LINE('',#472,#473);
#472 = CARTESIAN_POINT('',(-90.15611460128,-68.94291116568,6.));
#473 = VECTOR('',#474,1.);
#474 = DIRECTION('',(0.707106781187,-0.707106781187,0.));
#475 = ORIENTED_EDGE('',*,*,#110,.T.);
#476 = ORIENTED_EDGE('',*,*,#448,.T.);
#477 = PLANE('',#478);
#478 = AXIS2_PLACEMENT_3D('',#479,#480,#481);
#479 = CARTESIAN_POINT('',(-90.15611460128,-68.94291116568,6.));
#480 = DIRECTION('',(-0.707106781187,-0.707106781187,1.224646799147E-16)
  );
#481 = DIRECTION('',(-8.659560562355E-17,-8.659560562355E-17,-1.));
#482 = ADVANCED_FACE('',(#483),#499,.F.);
#483 = FACE_BOUND('',#484,.F.);
#484 = EDGE_LOOP('',(#485,#486,#492,#498));
#485 = ORIENTED_EDGE('',*,*,#102,.F.);
#486 = ORIENTED_EDGE('',*,*,#487,.F.);
#487 = EDGE_CURVE('',#237,#32,#488,.T.);
#488 = LINE('',#489,#490);
#489 = CARTESIAN_POINT('',(61.871843353823,83.085046789419,6.));
#490 = VECTOR('',#491,1.);
#491 = DIRECTION('',(-0.707106781187,0.707106781187,-0.));
#492 = ORIENTED_EDGE('',*,*,#493,.T.);
#493 = EDGE_CURVE('',#237,#463,#494,.T.);
#494 = LINE('',#495,#496);
#495 = CARTESIAN_POINT('',(90.156114601285,68.942911165688,6.));
#496 = VECTOR('',#497,1.);
#497 = DIRECTION('',(-0.707106781187,-0.707106781187,1.224646799147E-16)
  );
#498 = ORIENTED_EDGE('',*,*,#470,.F.);
#499 = PLANE('',#500);
#500 = AXIS2_PLACEMENT_3D('',#501,#502,#503);
#501 = CARTESIAN_POINT('',(68.942911165688,90.156114601285,6.));
#502 = DIRECTION('',(-8.659560562355E-17,-8.659560562355E-17,-1.));
#503 = DIRECTION('',(0.707106781187,-0.707106781187,0.));
#504 = ADVANCED_FACE('',(#505),#523,.T.);
#505 = FACE_BOUND('',#506,.T.);
#506 = EDGE_LOOP('',(#507,#515,#521,#522));
#507 = ORIENTED_EDGE('',*,*,#508,.F.);
#508 = EDGE_CURVE('',#509,#237,#511,.T.);
#509 = VERTEX_POINT('',#510);
#510 = CARTESIAN_POINT('',(83.085046789419,61.871843353823,21.));
#511 = LINE('',#512,#513);
#512 = CARTESIAN_POINT('',(83.085046789419,61.871843353823,21.));
#513 = VECTOR('',#514,1.);
#514 = DIRECTION('',(-8.659560562355E-17,-8.659560562355E-17,-1.));
#515 = ORIENTED_EDGE('',*,*,#516,.F.);
#516 = EDGE_CURVE('',#189,#509,#517,.T.);
#517 = LINE('',#518,#519);
#518 = CARTESIAN_POINT('',(61.871843353823,83.085046789419,21.));
#519 = VECTOR('',#520,1.);
#520 = DIRECTION('',(0.707106781187,-0.707106781187,0.));
#521 = ORIENTED_EDGE('',*,*,#196,.T.);
#522 = ORIENTED_EDGE('',*,*,#487,.F.);
#523 = PLANE('',#524);
#524 = AXIS2_PLACEMENT_3D('',#525,#526,#527);
#525 = CARTESIAN_POINT('',(61.871843353823,83.085046789419,21.));
#526 = DIRECTION('',(-0.707106781187,-0.707106781187,1.224646799147E-16)
  );
#527 = DIRECTION('',(-8.659560562355E-17,-8.659560562355E-17,-1.));
#528 = ADVANCED_FACE('',(#529),#540,.F.);
#529 = FACE_BOUND('',#530,.F.);
#530 = EDGE_LOOP('',(#531,#532,#533,#539));
#531 = ORIENTED_EDGE('',*,*,#188,.F.);
#532 = ORIENTED_EDGE('',*,*,#219,.T.);
#533 = ORIENTED_EDGE('',*,*,#534,.T.);
#534 = EDGE_CURVE('',#212,#509,#535,.T.);
#535 = LINE('',#536,#537);
#536 = CARTESIAN_POINT('',(90.156114601285,68.942911165688,21.));
#537 = VECTOR('',#538,1.);
#538 = DIRECTION('',(-0.707106781187,-0.707106781187,1.224646799147E-16)
  );
#539 = ORIENTED_EDGE('',*,*,#516,.F.);
#540 = PLANE('',#541);
#541 = AXIS2_PLACEMENT_3D('',#542,#543,#544);
#542 = CARTESIAN_POINT('',(68.942911165688,90.156114601285,21.));
#543 = DIRECTION('',(-8.659560562355E-17,-8.659560562355E-17,-1.));
#544 = DIRECTION('',(0.707106781187,-0.707106781187,0.));
#545 = ADVANCED_FACE('',(#546),#552,.T.);
#546 = FACE_BOUND('',#547,.T.);
#547 = EDGE_LOOP('',(#548,#549,#550,#551));
#548 = ORIENTED_EDGE('',*,*,#211,.F.);
#549 = ORIENTED_EDGE('',*,*,#534,.T.);
#550 = ORIENTED_EDGE('',*,*,#508,.T.);
#551 = ORIENTED_EDGE('',*,*,#236,.F.);
#552 = PLANE('',#553);
#553 = AXIS2_PLACEMENT_3D('',#554,#555,#556);
#554 = CARTESIAN_POINT('',(90.156114601285,68.942911165688,21.));
#555 = DIRECTION('',(0.707106781187,-0.707106781187,0.));
#556 = DIRECTION('',(-8.659560562355E-17,-8.659560562355E-17,-1.));
#557 = ADVANCED_FACE('',(#558),#572,.T.);
#558 = FACE_BOUND('',#559,.T.);
#559 = EDGE_LOOP('',(#560,#561,#562,#563,#564,#565,#566,#567,#568,#569,
    #570,#571));
#560 = ORIENTED_EDGE('',*,*,#276,.F.);
#561 = ORIENTED_EDGE('',*,*,#252,.T.);
#562 = ORIENTED_EDGE('',*,*,#244,.F.);
#563 = ORIENTED_EDGE('',*,*,#493,.T.);
#564 = ORIENTED_EDGE('',*,*,#462,.T.);
#565 = ORIENTED_EDGE('',*,*,#440,.T.);
#566 = ORIENTED_EDGE('',*,*,#424,.T.);
#567 = ORIENTED_EDGE('',*,*,#392,.F.);
#568 = ORIENTED_EDGE('',*,*,#365,.F.);
#569 = ORIENTED_EDGE('',*,*,#340,.T.);
#570 = ORIENTED_EDGE('',*,*,#324,.T.);
#571 = ORIENTED_EDGE('',*,*,#292,.F.);
#572 = PLANE('',#573);
#573 = AXIS2_PLACEMENT_3D('',#574,#575,#576);
#574 = CARTESIAN_POINT('',(90.156114601285,68.942911165688,6.));
#575 = DIRECTION('',(0.707106781187,-0.707106781187,0.));
#576 = DIRECTION('',(-8.659560562355E-17,-8.659560562355E-17,-1.));
#577 = MANIFOLD_SOLID_BREP('',#578);
#578 = CLOSED_SHELL('',(#579,#612,#632,#641,#666));
#579 = ADVANCED_FACE('',(#580),#607,.T.);
#580 = FACE_BOUND('',#581,.T.);
#581 = EDGE_LOOP('',(#582,#591,#599,#606));
#582 = ORIENTED_EDGE('',*,*,#583,.F.);
#583 = EDGE_CURVE('',#584,#584,#586,.T.);
#584 = VERTEX_POINT('',#585);
#585 = CARTESIAN_POINT('',(-13.,58.,12.5));
#586 = CIRCLE('',#587,45.);
#587 = AXIS2_PLACEMENT_3D('',#588,#589,#590);
#588 = CARTESIAN_POINT('',(-58.,58.,12.5));
#589 = DIRECTION('',(0.,0.,1.));
#590 = DIRECTION('',(1.,0.,-0.));
#591 = ORIENTED_EDGE('',*,*,#592,.F.);
#592 = EDGE_CURVE('',#593,#584,#595,.T.);
#593 = VERTEX_POINT('',#594);
#594 = CARTESIAN_POINT('',(-13.,58.,0.));
#595 = LINE('',#596,#597);
#596 = CARTESIAN_POINT('',(-13.,58.,0.));
#597 = VECTOR('',#598,1.);
#598 = DIRECTION('',(0.,0.,1.));
#599 = ORIENTED_EDGE('',*,*,#600,.T.);
#600 = EDGE_CURVE('',#593,#593,#601,.T.);
#601 = CIRCLE('',#602,45.);
#602 = AXIS2_PLACEMENT_3D('',#603,#604,#605);
#603 = CARTESIAN_POINT('',(-58.,58.,0.));
#604 = DIRECTION('',(0.,0.,1.));
#605 = DIRECTION('',(1.,0.,-0.));
#606 = ORIENTED_EDGE('',*,*,#592,.T.);
#607 = CYLINDRICAL_SURFACE('',#608,45.);
#608 = AXIS2_PLACEMENT_3D('',#609,#610,#611);
#609 = CARTESIAN_POINT('',(-58.,58.,0.));
#610 = DIRECTION('',(0.,0.,1.));
#611 = DIRECTION('',(1.,0.,-0.));
#612 = ADVANCED_FACE('',(#613,#616),#627,.T.);
#613 = FACE_BOUND('',#614,.T.);
#614 = EDGE_LOOP('',(#615));
#615 = ORIENTED_EDGE('',*,*,#583,.T.);
#616 = FACE_BOUND('',#617,.T.);
#617 = EDGE_LOOP('',(#618));
#618 = ORIENTED_EDGE('',*,*,#619,.F.);
#619 = EDGE_CURVE('',#620,#620,#622,.T.);
#620 = VERTEX_POINT('',#621);
#621 = CARTESIAN_POINT('',(-15.,58.,12.5));
#622 = CIRCLE('',#623,43.);
#623 = AXIS2_PLACEMENT_3D('',#624,#625,#626);
#624 = CARTESIAN_POINT('',(-58.,58.,12.5));
#625 = DIRECTION('',(0.,0.,1.));
#626 = DIRECTION('',(1.,0.,-0.));
#627 = PLANE('',#628);
#628 = AXIS2_PLACEMENT_3D('',#629,#630,#631);
#629 = CARTESIAN_POINT('',(-58.,58.,12.5));
#630 = DIRECTION('',(0.,0.,1.));
#631 = DIRECTION('',(1.,0.,-0.));
#632 = ADVANCED_FACE('',(#633),#636,.F.);
#633 = FACE_BOUND('',#634,.T.);
#634 = EDGE_LOOP('',(#635));
#635 = ORIENTED_EDGE('',*,*,#600,.F.);
#636 = PLANE('',#637);
#637 = AXIS2_PLACEMENT_3D('',#638,#639,#640);
#638 = CARTESIAN_POINT('',(-58.,58.,0.));
#639 = DIRECTION('',(0.,0.,1.));
#640 = DIRECTION('',(1.,0.,-0.));
#641 = ADVANCED_FACE('',(#642),#661,.F.);
#642 = FACE_BOUND('',#643,.F.);
#643 = EDGE_LOOP('',(#644,#645,#653,#660));
#644 = ORIENTED_EDGE('',*,*,#619,.F.);
#645 = ORIENTED_EDGE('',*,*,#646,.F.);
#646 = EDGE_CURVE('',#647,#620,#649,.T.);
#647 = VERTEX_POINT('',#648);
#648 = CARTESIAN_POINT('',(-15.,58.,2.5));
#649 = LINE('',#650,#651);
#650 = CARTESIAN_POINT('',(-15.,58.,2.5));
#651 = VECTOR('',#652,1.);
#652 = DIRECTION('',(0.,0.,1.));
#653 = ORIENTED_EDGE('',*,*,#654,.T.);
#654 = EDGE_CURVE('',#647,#647,#655,.T.);
#655 = CIRCLE('',#656,43.);
#656 = AXIS2_PLACEMENT_3D('',#657,#658,#659);
#657 = CARTESIAN_POINT('',(-58.,58.,2.5));
#658 = DIRECTION('',(0.,0.,1.));
#659 = DIRECTION('',(1.,0.,-0.));
#660 = ORIENTED_EDGE('',*,*,#646,.T.);
#661 = CYLINDRICAL_SURFACE('',#662,43.);
#662 = AXIS2_PLACEMENT_3D('',#663,#664,#665);
#663 = CARTESIAN_POINT('',(-58.,58.,2.5));
#664 = DIRECTION('',(0.,0.,1.));
#665 = DIRECTION('',(1.,0.,-0.));
#666 = ADVANCED_FACE('',(#667),#670,.T.);
#667 = FACE_BOUND('',#668,.F.);
#668 = EDGE_LOOP('',(#669));
#669 = ORIENTED_EDGE('',*,*,#654,.F.);
#670 = PLANE('',#671);
#671 = AXIS2_PLACEMENT_3D('',#672,#673,#674);
#672 = CARTESIAN_POINT('',(-58.,58.,2.5));
#673 = DIRECTION('',(0.,0.,1.));
#674 = DIRECTION('',(1.,0.,-0.));
#675 = MANIFOLD_SOLID_BREP('',#676);
#676 = CLOSED_SHELL('',(#677,#710,#730,#739,#764));
#677 = ADVANCED_FACE('',(#678),#705,.T.);
#678 = FACE_BOUND('',#679,.T.);
#679 = EDGE_LOOP('',(#680,#689,#697,#704));
#680 = ORIENTED_EDGE('',*,*,#681,.F.);
#681 = EDGE_CURVE('',#682,#682,#684,.T.);
#682 = VERTEX_POINT('',#683);
#683 = CARTESIAN_POINT('',(103.,-58.,12.5));
#684 = CIRCLE('',#685,45.);
#685 = AXIS2_PLACEMENT_3D('',#686,#687,#688);
#686 = CARTESIAN_POINT('',(58.,-58.,12.5));
#687 = DIRECTION('',(0.,0.,1.));
#688 = DIRECTION('',(1.,0.,-0.));
#689 = ORIENTED_EDGE('',*,*,#690,.F.);
#690 = EDGE_CURVE('',#691,#682,#693,.T.);
#691 = VERTEX_POINT('',#692);
#692 = CARTESIAN_POINT('',(103.,-58.,0.));
#693 = LINE('',#694,#695);
#694 = CARTESIAN_POINT('',(103.,-58.,0.));
#695 = VECTOR('',#696,1.);
#696 = DIRECTION('',(0.,0.,1.));
#697 = ORIENTED_EDGE('',*,*,#698,.T.);
#698 = EDGE_CURVE('',#691,#691,#699,.T.);
#699 = CIRCLE('',#700,45.);
#700 = AXIS2_PLACEMENT_3D('',#701,#702,#703);
#701 = CARTESIAN_POINT('',(58.,-58.,0.));
#702 = DIRECTION('',(0.,0.,1.));
#703 = DIRECTION('',(1.,0.,-0.));
#704 = ORIENTED_EDGE('',*,*,#690,.T.);
#705 = CYLINDRICAL_SURFACE('',#706,45.);
#706 = AXIS2_PLACEMENT_3D('',#707,#708,#709);
#707 = CARTESIAN_POINT('',(58.,-58.,0.));
#708 = DIRECTION('',(0.,0.,1.));
#709 = DIRECTION('',(1.,0.,-0.));
#710 = ADVANCED_FACE('',(#711,#714),#725,.T.);
#711 = FACE_BOUND('',#712,.T.);
#712 = EDGE_LOOP('',(#713));
#713 = ORIENTED_EDGE('',*,*,#681,.T.);
#714 = FACE_BOUND('',#715,.T.);
#715 = EDGE_LOOP('',(#716));
#716 = ORIENTED_EDGE('',*,*,#717,.F.);
#717 = EDGE_CURVE('',#718,#718,#720,.T.);
#718 = VERTEX_POINT('',#719);
#719 = CARTESIAN_POINT('',(101.,-58.,12.5));
#720 = CIRCLE('',#721,43.);
#721 = AXIS2_PLACEMENT_3D('',#722,#723,#724);
#722 = CARTESIAN_POINT('',(58.,-58.,12.5));
#723 = DIRECTION('',(0.,0.,1.));
#724 = DIRECTION('',(1.,0.,-0.));
#725 = PLANE('',#726);
#726 = AXIS2_PLACEMENT_3D('',#727,#728,#729);
#727 = CARTESIAN_POINT('',(58.,-58.,12.5));
#728 = DIRECTION('',(0.,0.,1.));
#729 = DIRECTION('',(1.,0.,-0.));
#730 = ADVANCED_FACE('',(#731),#734,.F.);
#731 = FACE_BOUND('',#732,.T.);
#732 = EDGE_LOOP('',(#733));
#733 = ORIENTED_EDGE('',*,*,#698,.F.);
#734 = PLANE('',#735);
#735 = AXIS2_PLACEMENT_3D('',#736,#737,#738);
#736 = CARTESIAN_POINT('',(58.,-58.,0.));
#737 = DIRECTION('',(0.,0.,1.));
#738 = DIRECTION('',(1.,0.,-0.));
#739 = ADVANCED_FACE('',(#740),#759,.F.);
#740 = FACE_BOUND('',#741,.F.);
#741 = EDGE_LOOP('',(#742,#743,#751,#758));
#742 = ORIENTED_EDGE('',*,*,#717,.F.);
#743 = ORIENTED_EDGE('',*,*,#744,.F.);
#744 = EDGE_CURVE('',#745,#718,#747,.T.);
#745 = VERTEX_POINT('',#746);
#746 = CARTESIAN_POINT('',(101.,-58.,2.5));
#747 = LINE('',#748,#749);
#748 = CARTESIAN_POINT('',(101.,-58.,2.5));
#749 = VECTOR('',#750,1.);
#750 = DIRECTION('',(0.,0.,1.));
#751 = ORIENTED_EDGE('',*,*,#752,.T.);
#752 = EDGE_CURVE('',#745,#745,#753,.T.);
#753 = CIRCLE('',#754,43.);
#754 = AXIS2_PLACEMENT_3D('',#755,#756,#757);
#755 = CARTESIAN_POINT('',(58.,-58.,2.5));
#756 = DIRECTION('',(0.,0.,1.));
#757 = DIRECTION('',(1.,0.,-0.));
#758 = ORIENTED_EDGE('',*,*,#744,.T.);
#759 = CYLINDRICAL_SURFACE('',#760,43.);
#760 = AXIS2_PLACEMENT_3D('',#761,#762,#763);
#761 = CARTESIAN_POINT('',(58.,-58.,2.5));
#762 = DIRECTION('',(0.,0.,1.));
#763 = DIRECTION('',(1.,0.,-0.));
#764 = ADVANCED_FACE('',(#765),#768,.T.);
#765 = FACE_BOUND('',#766,.F.);
#766 = EDGE_LOOP('',(#767));
#767 = ORIENTED_EDGE('',*,*,#752,.F.);
#768 = PLANE('',#769);
#769 = AXIS2_PLACEMENT_3D('',#770,#771,#772);
#770 = CARTESIAN_POINT('',(58.,-58.,2.5));
#771 = DIRECTION('',(0.,0.,1.));
#772 = DIRECTION('',(1.,0.,-0.));
#773 = MANIFOLD_SOLID_BREP('',#774);
#774 = CLOSED_SHELL('',(#775,#808,#828,#837,#971,#1107,#1118));
#775 = ADVANCED_FACE('',(#776),#803,.T.);
#776 = FACE_BOUND('',#777,.T.);
#777 = EDGE_LOOP('',(#778,#788,#795,#796));
#778 = ORIENTED_EDGE('',*,*,#779,.T.);
#779 = EDGE_CURVE('',#780,#782,#784,.T.);
#780 = VERTEX_POINT('',#781);
#781 = CARTESIAN_POINT('',(-93.05,-41.,4.));
#782 = VERTEX_POINT('',#783);
#783 = CARTESIAN_POINT('',(-93.05,-78.,4.));
#784 = LINE('',#785,#786);
#785 = CARTESIAN_POINT('',(-93.05,-40.,4.));
#786 = VECTOR('',#787,1.);
#787 = DIRECTION('',(0.,-1.,1.110223024625E-16));
#788 = ORIENTED_EDGE('',*,*,#789,.F.);
#789 = EDGE_CURVE('',#782,#782,#790,.T.);
#790 = CIRCLE('',#791,1.95);
#791 = AXIS2_PLACEMENT_3D('',#792,#793,#794);
#792 = CARTESIAN_POINT('',(-95.,-78.,4.));
#793 = DIRECTION('',(0.,-1.,1.110223024625E-16));
#794 = DIRECTION('',(1.,0.,0.));
#795 = ORIENTED_EDGE('',*,*,#779,.F.);
#796 = ORIENTED_EDGE('',*,*,#797,.T.);
#797 = EDGE_CURVE('',#780,#780,#798,.T.);
#798 = CIRCLE('',#799,1.95);
#799 = AXIS2_PLACEMENT_3D('',#800,#801,#802);
#800 = CARTESIAN_POINT('',(-95.,-41.,4.));
#801 = DIRECTION('',(0.,-1.,1.110223024625E-16));
#802 = DIRECTION('',(1.,0.,0.));
#803 = CYLINDRICAL_SURFACE('',#804,1.95);
#804 = AXIS2_PLACEMENT_3D('',#805,#806,#807);
#805 = CARTESIAN_POINT('',(-95.,-40.,4.));
#806 = DIRECTION('',(0.,-1.,1.110223024625E-16));
#807 = DIRECTION('',(1.,0.,0.));
#808 = ADVANCED_FACE('',(#809,#820),#823,.T.);
#809 = FACE_BOUND('',#810,.T.);
#810 = EDGE_LOOP('',(#811));
#811 = ORIENTED_EDGE('',*,*,#812,.T.);
#812 = EDGE_CURVE('',#813,#813,#815,.T.);
#813 = VERTEX_POINT('',#814);
#814 = CARTESIAN_POINT('',(-91.,-41.,4.));
#815 = CIRCLE('',#816,4.);
#816 = AXIS2_PLACEMENT_3D('',#817,#818,#819);
#817 = CARTESIAN_POINT('',(-95.,-41.,4.));
#818 = DIRECTION('',(0.,-1.,1.110223024625E-16));
#819 = DIRECTION('',(1.,0.,0.));
#820 = FACE_BOUND('',#821,.T.);
#821 = EDGE_LOOP('',(#822));
#822 = ORIENTED_EDGE('',*,*,#797,.F.);
#823 = PLANE('',#824);
#824 = AXIS2_PLACEMENT_3D('',#825,#826,#827);
#825 = CARTESIAN_POINT('',(-95.,-41.,4.));
#826 = DIRECTION('',(0.,-1.,1.110223024625E-16));
#827 = DIRECTION('',(1.,0.,0.));
#828 = ADVANCED_FACE('',(#829),#832,.T.);
#829 = FACE_BOUND('',#830,.T.);
#830 = EDGE_LOOP('',(#831));
#831 = ORIENTED_EDGE('',*,*,#789,.T.);
#832 = PLANE('',#833);
#833 = AXIS2_PLACEMENT_3D('',#834,#835,#836);
#834 = CARTESIAN_POINT('',(-95.,-78.,4.));
#835 = DIRECTION('',(0.,-1.,1.110223024625E-16));
#836 = DIRECTION('',(1.,0.,0.));
#837 = ADVANCED_FACE('',(#838),#966,.T.);
#838 = FACE_BOUND('',#839,.T.);
#839 = EDGE_LOOP('',(#840,#848,#849,#850,#875,#884,#909,#934,#943));
#840 = ORIENTED_EDGE('',*,*,#841,.T.);
#841 = EDGE_CURVE('',#842,#813,#844,.T.);
#842 = VERTEX_POINT('',#843);
#843 = CARTESIAN_POINT('',(-91.,-36.92820323027,4.));
#844 = LINE('',#845,#846);
#845 = CARTESIAN_POINT('',(-91.,-35.,4.));
#846 = VECTOR('',#847,1.);
#847 = DIRECTION('',(0.,-1.,1.110223024625E-16));
#848 = ORIENTED_EDGE('',*,*,#812,.F.);
#849 = ORIENTED_EDGE('',*,*,#841,.F.);
#850 = ORIENTED_EDGE('',*,*,#851,.T.);
#851 = EDGE_CURVE('',#842,#852,#854,.T.);
#852 = VERTEX_POINT('',#853);
#853 = CARTESIAN_POINT('',(-91.53489618561,-35.,5.998263134714));
#854 = B_SPLINE_CURVE_WITH_KNOTS('',7,(#855,#856,#857,#858,#859,#860,
    #861,#862,#863,#864,#865,#866,#867,#868,#869,#870,#871,#872,#873,
    #874),.UNSPECIFIED.,.F.,.F.,(8,6,6,8),(0.,0.299213323662,
    0.509438769415,1.),.UNSPECIFIED.);
#855 = CARTESIAN_POINT('',(-91.,-36.92820323027,4.));
#856 = CARTESIAN_POINT('',(-91.,-36.92820323027,4.15494891201));
#857 = CARTESIAN_POINT('',(-91.00700265558,-36.91607407087,
    4.310001901719));
#858 = CARTESIAN_POINT('',(-91.02102505286,-36.89178775396,
    4.462554543631));
#859 = CARTESIAN_POINT('',(-91.04145443836,-36.85586410404,
    4.610441156735));
#860 = CARTESIAN_POINT('',(-91.067249523,-36.80904889575,4.751888547057)
  );
#861 = CARTESIAN_POINT('',(-91.09711542344,-36.75230053684,
    4.885507106409));
#862 = CARTESIAN_POINT('',(-91.15257198629,-36.64072334264,5.09795596584
    ));
#863 = CARTESIAN_POINT('',(-91.17681096393,-36.59030589581,
    5.181332763727));
#864 = CARTESIAN_POINT('',(-91.2019548308,-36.53586000878,5.260131672254
    ));
#865 = CARTESIAN_POINT('',(-91.22755142733,-36.47773638127,
    5.334173429723));
#866 = CARTESIAN_POINT('',(-91.25317294047,-36.41628004589,
    5.403364702823));
#867 = CARTESIAN_POINT('',(-91.27843429816,-36.35182230045,
    5.467681764565));
#868 = CARTESIAN_POINT('',(-91.36033337323,-36.12798830842,
    5.665945892501));
#869 = CARTESIAN_POINT('',(-91.41383684397,-35.95680368887,5.77824522427
    ));
#870 = CARTESIAN_POINT('',(-91.45936116837,-35.77498744384,
    5.864700299786));
#871 = CARTESIAN_POINT('',(-91.4942039429,-35.58591714693,5.927279515617
    ));
#872 = CARTESIAN_POINT('',(-91.51781068989,-35.39242644083,
    5.968601027082));
#873 = CARTESIAN_POINT('',(-91.53095459788,-35.19667655669,
    5.991428193785));
#874 = CARTESIAN_POINT('',(-91.53489619764,-34.9999994,5.998263155565));
#875 = ORIENTED_EDGE('',*,*,#876,.T.);
#876 = EDGE_CURVE('',#852,#877,#879,.T.);
#877 = VERTEX_POINT('',#878);
#878 = CARTESIAN_POINT('',(-98.46510381438,-35.,5.998263134714));
#879 = CIRCLE('',#880,4.);
#880 = AXIS2_PLACEMENT_3D('',#881,#882,#883);
#881 = CARTESIAN_POINT('',(-95.,-35.,4.));
#882 = DIRECTION('',(0.,-1.,1.110223024625E-16));
#883 = DIRECTION('',(1.,0.,0.));
#884 = ORIENTED_EDGE('',*,*,#885,.F.);
#885 = EDGE_CURVE('',#886,#877,#888,.T.);
#886 = VERTEX_POINT('',#887);
#887 = CARTESIAN_POINT('',(-99.,-36.92820323027,4.));
#888 = B_SPLINE_CURVE_WITH_KNOTS('',7,(#889,#890,#891,#892,#893,#894,
    #895,#896,#897,#898,#899,#900,#901,#902,#903,#904,#905,#906,#907,
    #908),.UNSPECIFIED.,.F.,.F.,(8,6,6,8),(0.,0.299212889432,
    0.509438290013,1.),.UNSPECIFIED.);
#889 = CARTESIAN_POINT('',(-99.,-36.92820323027,4.));
#890 = CARTESIAN_POINT('',(-99.,-36.92820323027,4.154948687085));
#891 = CARTESIAN_POINT('',(-98.99299736474,-36.91607410609,
    4.310001451352));
#892 = CARTESIAN_POINT('',(-98.97897500823,-36.89178785978,
    4.462553879143));
#893 = CARTESIAN_POINT('',(-98.95854568026,-36.85586431265,
    4.610440298209));
#894 = CARTESIAN_POINT('',(-98.93275066412,-36.80904923539,4.75188752089
    ));
#895 = CARTESIAN_POINT('',(-98.90288483657,-36.75230103086,4.88550594298
    ));
#896 = CARTESIAN_POINT('',(-98.84742836651,-36.64072407293,
    5.097954731852));
#897 = CARTESIAN_POINT('',(-98.82318940646,-36.59030668843,
    5.181331569129));
#898 = CARTESIAN_POINT('',(-98.79804555279,-36.53586086172,
    5.260130521144));
#899 = CARTESIAN_POINT('',(-98.77244896495,-36.47773729236,
    5.334172325512));
#900 = CARTESIAN_POINT('',(-98.74682745598,-36.41628101284,
    5.403363648292));
#901 = CARTESIAN_POINT('',(-98.72156609814,-36.35182332088,
    5.467680761914));
#902 = CARTESIAN_POINT('',(-98.63966694055,-36.12798931227,
    5.665945233851));
#903 = CARTESIAN_POINT('',(-98.5861633786,-35.95680457774,5.778244801521
    ));
#904 = CARTESIAN_POINT('',(-98.54063896794,-35.77498818341,
    5.864700055019));
#905 = CARTESIAN_POINT('',(-98.50579612626,-35.58591771442,
    5.927279394501));
#906 = CARTESIAN_POINT('',(-98.48218933576,-35.39242682323,
    5.968600982529));
#907 = CARTESIAN_POINT('',(-98.46904540595,-35.19667674855,
    5.991428187118));
#908 = CARTESIAN_POINT('',(-98.46510380235,-34.9999994,5.998263155565));
#909 = ORIENTED_EDGE('',*,*,#910,.T.);
#910 = EDGE_CURVE('',#886,#911,#913,.T.);
#911 = VERTEX_POINT('',#912);
#912 = CARTESIAN_POINT('',(-98.46510381438,-35.,2.001736865286));
#913 = B_SPLINE_CURVE_WITH_KNOTS('',7,(#914,#915,#916,#917,#918,#919,
    #920,#921,#922,#923,#924,#925,#926,#927,#928,#929,#930,#931,#932,
    #933),.UNSPECIFIED.,.F.,.F.,(8,6,6,8),(0.,0.299212889433,
    0.509438290013,1.),.UNSPECIFIED.);
#914 = CARTESIAN_POINT('',(-99.,-36.92820323027,4.));
#915 = CARTESIAN_POINT('',(-99.,-36.92820323027,3.845051312915));
#916 = CARTESIAN_POINT('',(-98.99299736474,-36.91607410609,
    3.689998548648));
#917 = CARTESIAN_POINT('',(-98.97897500823,-36.89178785978,
    3.537446120856));
#918 = CARTESIAN_POINT('',(-98.95854568026,-36.85586431265,
    3.389559701792));
#919 = CARTESIAN_POINT('',(-98.93275066412,-36.80904923539,
    3.248112479109));
#920 = CARTESIAN_POINT('',(-98.90288483657,-36.75230103086,3.11449405702
    ));
#921 = CARTESIAN_POINT('',(-98.84742836651,-36.64072407293,
    2.902045268148));
#922 = CARTESIAN_POINT('',(-98.82318940646,-36.59030668843,
    2.818668430871));
#923 = CARTESIAN_POINT('',(-98.79804555279,-36.53586086172,
    2.739869478856));
#924 = CARTESIAN_POINT('',(-98.77244896495,-36.47773729236,
    2.665827674488));
#925 = CARTESIAN_POINT('',(-98.74682745598,-36.41628101284,
    2.596636351708));
#926 = CARTESIAN_POINT('',(-98.72156609814,-36.35182332088,
    2.532319238086));
#927 = CARTESIAN_POINT('',(-98.63966694055,-36.12798931227,2.33405476615
    ));
#928 = CARTESIAN_POINT('',(-98.5861633786,-35.95680457774,2.221755198478
    ));
#929 = CARTESIAN_POINT('',(-98.54063896795,-35.77498818342,
    2.135299944983));
#930 = CARTESIAN_POINT('',(-98.50579612626,-35.58591771442,
    2.072720605498));
#931 = CARTESIAN_POINT('',(-98.48218933576,-35.39242682323,
    2.031399017472));
#932 = CARTESIAN_POINT('',(-98.46904540595,-35.19667674855,
    2.008571812882));
#933 = CARTESIAN_POINT('',(-98.46510380235,-34.9999994,2.001736844435));
#934 = ORIENTED_EDGE('',*,*,#935,.T.);
#935 = EDGE_CURVE('',#911,#936,#938,.T.);
#936 = VERTEX_POINT('',#937);
#937 = CARTESIAN_POINT('',(-91.53489618561,-35.,2.001736865286));
#938 = CIRCLE('',#939,4.);
#939 = AXIS2_PLACEMENT_3D('',#940,#941,#942);
#940 = CARTESIAN_POINT('',(-95.,-35.,4.));
#941 = DIRECTION('',(0.,-1.,1.110223024625E-16));
#942 = DIRECTION('',(1.,0.,0.));
#943 = ORIENTED_EDGE('',*,*,#944,.F.);
#944 = EDGE_CURVE('',#842,#936,#945,.T.);
#945 = B_SPLINE_CURVE_WITH_KNOTS('',7,(#946,#947,#948,#949,#950,#951,
    #952,#953,#954,#955,#956,#957,#958,#959,#960,#961,#962,#963,#964,
    #965),.UNSPECIFIED.,.F.,.F.,(8,6,6,8),(0.,0.299213165045,
    0.509438594297,1.),.UNSPECIFIED.);
#946 = CARTESIAN_POINT('',(-91.,-36.92820323027,4.));
#947 = CARTESIAN_POINT('',(-91.,-36.92820323027,3.845051170151));
#948 = CARTESIAN_POINT('',(-91.00700264815,-36.91607408374,
    3.689998262793));
#949 = CARTESIAN_POINT('',(-91.02102503054,-36.89178779261,
    3.537445699096));
#950 = CARTESIAN_POINT('',(-91.04145439503,-36.85586418024,3.38955915687
    ));
#951 = CARTESIAN_POINT('',(-91.06724945465,-36.80904901982,
    3.248111827785));
#952 = CARTESIAN_POINT('',(-91.09711532846,-36.7523007173,3.114493318573
    ));
#953 = CARTESIAN_POINT('',(-91.15257185742,-36.6407236094,2.902044484916
    ));
#954 = CARTESIAN_POINT('',(-91.17681082863,-36.59030618534,
    2.818667672641));
#955 = CARTESIAN_POINT('',(-91.20195469068,-36.53586032034,
    2.739868748228));
#956 = CARTESIAN_POINT('',(-91.22755128403,-36.47773671408,
    2.665826973628));
#957 = CARTESIAN_POINT('',(-91.25317279565,-36.4162803991,2.596635682381
    ));
#958 = CARTESIAN_POINT('',(-91.27843415339,-36.3518226732,2.532318601688
    ));
#959 = CARTESIAN_POINT('',(-91.36033325861,-36.12798867511,
    2.334054348093));
#960 = CARTESIAN_POINT('',(-91.41383676267,-35.95680401356,
    2.221754930153));
#961 = CARTESIAN_POINT('',(-91.45936111857,-35.77498771399,
    2.135299789624));
#962 = CARTESIAN_POINT('',(-91.49420391763,-35.58591735422,
    2.072720528624));
#963 = CARTESIAN_POINT('',(-91.51781068052,-35.39242658051,
    2.031398989193));
#964 = CARTESIAN_POINT('',(-91.53095459648,-35.19667662678,2.00857180865
    ));
#965 = CARTESIAN_POINT('',(-91.53489619764,-34.9999994,2.001736844435));
#966 = CYLINDRICAL_SURFACE('',#967,4.);
#967 = AXIS2_PLACEMENT_3D('',#968,#969,#970);
#968 = CARTESIAN_POINT('',(-95.,-35.,4.));
#969 = DIRECTION('',(0.,-1.,1.110223024625E-16));
#970 = DIRECTION('',(1.,0.,0.));
#971 = ADVANCED_FACE('',(#972),#1102,.T.);
#972 = FACE_BOUND('',#973,.T.);
#973 = EDGE_LOOP('',(#974,#975,#982,#983,#1011,#1020,#1046,#1047,#1048,
    #1049,#1075,#1076));
#974 = ORIENTED_EDGE('',*,*,#851,.F.);
#975 = ORIENTED_EDGE('',*,*,#976,.T.);
#976 = EDGE_CURVE('',#842,#886,#977,.T.);
#977 = CIRCLE('',#978,8.);
#978 = AXIS2_PLACEMENT_3D('',#979,#980,#981);
#979 = CARTESIAN_POINT('',(-95.,-30.,4.));
#980 = DIRECTION('',(-0.,1.110223024625E-16,1.));
#981 = DIRECTION('',(0.,-1.,1.110223024625E-16));
#982 = ORIENTED_EDGE('',*,*,#885,.T.);
#983 = ORIENTED_EDGE('',*,*,#984,.T.);
#984 = EDGE_CURVE('',#877,#985,#987,.T.);
#985 = VERTEX_POINT('',#986);
#986 = CARTESIAN_POINT('',(-95.,-35.,5.732050807569));
#987 = B_SPLINE_CURVE_WITH_KNOTS('',8,(#988,#989,#990,#991,#992,#993,
    #994,#995,#996,#997,#998,#999,#1000,#1001,#1002,#1003,#1004,#1005,
    #1006,#1007,#1008,#1009,#1010),.UNSPECIFIED.,.F.,.F.,(9,7,7,9),(0.,
    0.485318039186,0.616165017574,1.),.UNSPECIFIED.);
#988 = CARTESIAN_POINT('',(-99.8,-35.,5.770048746669));
#989 = CARTESIAN_POINT('',(-99.53207954566,-35.,5.867649182158));
#990 = CARTESIAN_POINT('',(-99.25287927918,-35.,5.937740761606));
#991 = CARTESIAN_POINT('',(-98.96666801429,-35.,5.983315088433));
#992 = CARTESIAN_POINT('',(-98.6766335652,-35.,6.007447893562));
#993 = CARTESIAN_POINT('',(-98.38502246535,-35.,6.013559256078));
#994 = CARTESIAN_POINT('',(-98.09309965965,-35.,6.005118245403));
#995 = CARTESIAN_POINT('',(-97.8011754322,-35.,5.98556211375));
#996 = CARTESIAN_POINT('',(-97.42965863571,-35.,5.951022843046));
#997 = CARTESIAN_POINT('',(-97.35074599676,-35.,5.943135237091));
#998 = CARTESIAN_POINT('',(-97.27181271396,-35.,5.934764480283));
#999 = CARTESIAN_POINT('',(-97.19285514971,-35.,5.925981227471));
#1000 = CARTESIAN_POINT('',(-97.11386824037,-35.,5.916856990489));
#1001 = CARTESIAN_POINT('',(-97.03484549631,-35.,5.907464138157));
#1002 = CARTESIAN_POINT('',(-96.95577900184,-35.,5.897875896282));
#1003 = CARTESIAN_POINT('',(-96.64456490698,-35.,5.859683730243));
#1004 = CARTESIAN_POINT('',(-96.41199398331,-35.,5.830154285629));
#1005 = CARTESIAN_POINT('',(-96.17868351576,-35.,5.801440211198));
#1006 = CARTESIAN_POINT('',(-95.94447262347,-35.,5.775475991161));
#1007 = CARTESIAN_POINT('',(-95.70930861285,-35.,5.75421772939));
#1008 = CARTESIAN_POINT('',(-95.4732655368,-35.,5.73944110033));
#1009 = CARTESIAN_POINT('',(-95.23664383398,-35.,5.732050807569));
#1010 = CARTESIAN_POINT('',(-95.,-35.,5.732050807569));
#1011 = ORIENTED_EDGE('',*,*,#1012,.T.);
#1012 = EDGE_CURVE('',#985,#1013,#1015,.T.);
#1013 = VERTEX_POINT('',#1014);
#1014 = CARTESIAN_POINT('',(-95.,-35.,2.267949192431));
#1015 = CIRCLE('',#1016,2.);
#1016 = AXIS2_PLACEMENT_3D('',#1017,#1018,#1019);
#1017 = CARTESIAN_POINT('',(-95.,-36.,4.));
#1018 = DIRECTION('',(-1.,2.449293598295E-16,-2.719262146894E-32));
#1019 = DIRECTION('',(-2.449293598295E-16,-1.,1.110223024625E-16));
#1020 = ORIENTED_EDGE('',*,*,#1021,.T.);
#1021 = EDGE_CURVE('',#1013,#911,#1022,.T.);
#1022 = B_SPLINE_CURVE_WITH_KNOTS('',8,(#1023,#1024,#1025,#1026,#1027,
    #1028,#1029,#1030,#1031,#1032,#1033,#1034,#1035,#1036,#1037,#1038,
    #1039,#1040,#1041,#1042,#1043,#1044,#1045),.UNSPECIFIED.,.F.,.F.,(9,
    7,7,9),(0.,0.385437212752,0.861213844097,1.),.UNSPECIFIED.);
#1023 = CARTESIAN_POINT('',(-95.,-35.,2.267949192431));
#1024 = CARTESIAN_POINT('',(-95.23763335549,-35.,2.267949192431));
#1025 = CARTESIAN_POINT('',(-95.47524276871,-35.,2.26049696483));
#1026 = CARTESIAN_POINT('',(-95.71226579782,-35.,2.245596700855));
#1027 = CARTESIAN_POINT('',(-95.94840009557,-35.,2.224168284401));
#1028 = CARTESIAN_POINT('',(-96.18357283818,-35.,2.198016953668));
#1029 = CARTESIAN_POINT('',(-96.41783918966,-35.,2.169125590264));
#1030 = CARTESIAN_POINT('',(-96.65136374108,-35.,2.139452692868));
#1031 = CARTESIAN_POINT('',(-97.17208829827,-35.,2.075615816414));
#1032 = CARTESIAN_POINT('',(-97.45868064515,-35.,2.042073391306));
#1033 = CARTESIAN_POINT('',(-97.74515681339,-35.,2.013735425565));
#1034 = CARTESIAN_POINT('',(-98.03185182958,-35.,1.993995997575));
#1035 = CARTESIAN_POINT('',(-98.31848599914,-35.,1.98612369207));
#1036 = CARTESIAN_POINT('',(-98.60416729643,-35.,1.993353568754));
#1037 = CARTESIAN_POINT('',(-98.887394323,-35.,2.018775056259));
#1038 = CARTESIAN_POINT('',(-99.24727827918,-35.,2.079288340376));
#1039 = CARTESIAN_POINT('',(-99.32812748577,-35.,2.094772096514));
#1040 = CARTESIAN_POINT('',(-99.40848876351,-35.,2.11214989334));
#1041 = CARTESIAN_POINT('',(-99.48828702785,-35.,2.131496087223));
#1042 = CARTESIAN_POINT('',(-99.56743714435,-35.,2.152882640627));
#1043 = CARTESIAN_POINT('',(-99.64584409464,-35.,2.176378316363));
#1044 = CARTESIAN_POINT('',(-99.72340314253,-35.,2.202047871844));
#1045 = CARTESIAN_POINT('',(-99.8,-35.,2.229951253331));
#1046 = ORIENTED_EDGE('',*,*,#910,.F.);
#1047 = ORIENTED_EDGE('',*,*,#976,.F.);
#1048 = ORIENTED_EDGE('',*,*,#944,.T.);
#1049 = ORIENTED_EDGE('',*,*,#1050,.T.);
#1050 = EDGE_CURVE('',#936,#1013,#1051,.T.);
#1051 = B_SPLINE_CURVE_WITH_KNOTS('',8,(#1052,#1053,#1054,#1055,#1056,
    #1057,#1058,#1059,#1060,#1061,#1062,#1063,#1064,#1065,#1066,#1067,
    #1068,#1069,#1070,#1071,#1072,#1073,#1074),.UNSPECIFIED.,.F.,.F.,(9,
    7,7,9),(0.,0.485318039187,0.616165017575,1.),.UNSPECIFIED.);
#1052 = CARTESIAN_POINT('',(-90.2,-35.,2.229951253331));
#1053 = CARTESIAN_POINT('',(-90.46792045434,-35.,2.132350817842));
#1054 = CARTESIAN_POINT('',(-90.74712072081,-35.,2.062259238395));
#1055 = CARTESIAN_POINT('',(-91.0333319857,-35.,2.016684911566));
#1056 = CARTESIAN_POINT('',(-91.32336643479,-35.,1.992552106438));
#1057 = CARTESIAN_POINT('',(-91.61497753465,-35.,1.986440743922));
#1058 = CARTESIAN_POINT('',(-91.90690034034,-35.,1.994881754597));
#1059 = CARTESIAN_POINT('',(-92.19882456779,-35.,2.01443788625));
#1060 = CARTESIAN_POINT('',(-92.57034136428,-35.,2.048977156954));
#1061 = CARTESIAN_POINT('',(-92.64925400323,-35.,2.056864762909));
#1062 = CARTESIAN_POINT('',(-92.72818728603,-35.,2.065235519717));
#1063 = CARTESIAN_POINT('',(-92.80714485028,-35.,2.074018772529));
#1064 = CARTESIAN_POINT('',(-92.88613175962,-35.,2.083143009511));
#1065 = CARTESIAN_POINT('',(-92.96515450368,-35.,2.092535861843));
#1066 = CARTESIAN_POINT('',(-93.04422099815,-35.,2.102124103718));
#1067 = CARTESIAN_POINT('',(-93.35543509301,-35.,2.140316269756));
#1068 = CARTESIAN_POINT('',(-93.58800601669,-35.,2.169845714371));
#1069 = CARTESIAN_POINT('',(-93.82131648421,-35.,2.198559788801));
#1070 = CARTESIAN_POINT('',(-94.05552737654,-35.,2.22452400884));
#1071 = CARTESIAN_POINT('',(-94.29069138712,-35.,2.245782270609));
#1072 = CARTESIAN_POINT('',(-94.5267344632,-35.,2.26055889967));
#1073 = CARTESIAN_POINT('',(-94.76335616601,-35.,2.267949192431));
#1074 = CARTESIAN_POINT('',(-95.,-35.,2.267949192431));
#1075 = ORIENTED_EDGE('',*,*,#1012,.F.);
#1076 = ORIENTED_EDGE('',*,*,#1077,.F.);
#1077 = EDGE_CURVE('',#852,#985,#1078,.T.);
#1078 = B_SPLINE_CURVE_WITH_KNOTS('',8,(#1079,#1080,#1081,#1082,#1083,
    #1084,#1085,#1086,#1087,#1088,#1089,#1090,#1091,#1092,#1093,#1094,
    #1095,#1096,#1097,#1098,#1099,#1100,#1101),.UNSPECIFIED.,.F.,.F.,(9,
    7,7,9),(0.,0.485318039187,0.616165017575,1.),.UNSPECIFIED.);
#1079 = CARTESIAN_POINT('',(-90.2,-35.,5.770048746669));
#1080 = CARTESIAN_POINT('',(-90.46792045434,-35.,5.867649182158));
#1081 = CARTESIAN_POINT('',(-90.74712072081,-35.,5.937740761607));
#1082 = CARTESIAN_POINT('',(-91.0333319857,-35.,5.983315088432));
#1083 = CARTESIAN_POINT('',(-91.32336643479,-35.,6.007447893564));
#1084 = CARTESIAN_POINT('',(-91.61497753465,-35.,6.013559256077));
#1085 = CARTESIAN_POINT('',(-91.90690034034,-35.,6.005118245404));
#1086 = CARTESIAN_POINT('',(-92.19882456779,-35.,5.98556211375));
#1087 = CARTESIAN_POINT('',(-92.57034136429,-35.,5.951022843046));
#1088 = CARTESIAN_POINT('',(-92.64925400323,-35.,5.943135237091));
#1089 = CARTESIAN_POINT('',(-92.72818728603,-35.,5.934764480283));
#1090 = CARTESIAN_POINT('',(-92.80714485028,-35.,5.925981227471));
#1091 = CARTESIAN_POINT('',(-92.88613175962,-35.,5.916856990488));
#1092 = CARTESIAN_POINT('',(-92.96515450369,-35.,5.907464138156));
#1093 = CARTESIAN_POINT('',(-93.04422099815,-35.,5.897875896282));
#1094 = CARTESIAN_POINT('',(-93.35543509301,-35.,5.859683730243));
#1095 = CARTESIAN_POINT('',(-93.58800601669,-35.,5.830154285628));
#1096 = CARTESIAN_POINT('',(-93.82131648422,-35.,5.801440211199));
#1097 = CARTESIAN_POINT('',(-94.05552737654,-35.,5.77547599116));
#1098 = CARTESIAN_POINT('',(-94.29069138713,-35.,5.754217729391));
#1099 = CARTESIAN_POINT('',(-94.5267344632,-35.,5.73944110033));
#1100 = CARTESIAN_POINT('',(-94.76335616601,-35.,5.732050807569));
#1101 = CARTESIAN_POINT('',(-95.,-35.,5.732050807569));
#1102 = TOROIDAL_SURFACE('',#1103,6.,2.);
#1103 = AXIS2_PLACEMENT_3D('',#1104,#1105,#1106);
#1104 = CARTESIAN_POINT('',(-95.,-30.,4.));
#1105 = DIRECTION('',(0.,1.110223024625E-16,1.));
#1106 = DIRECTION('',(0.,-1.,1.110223024625E-16));
#1107 = ADVANCED_FACE('',(#1108),#1113,.F.);
#1108 = FACE_BOUND('',#1109,.F.);
#1109 = EDGE_LOOP('',(#1110,#1111,#1112));
#1110 = ORIENTED_EDGE('',*,*,#935,.T.);
#1111 = ORIENTED_EDGE('',*,*,#1050,.T.);
#1112 = ORIENTED_EDGE('',*,*,#1021,.T.);
#1113 = PLANE('',#1114);
#1114 = AXIS2_PLACEMENT_3D('',#1115,#1116,#1117);
#1115 = CARTESIAN_POINT('',(-95.,-35.,4.));
#1116 = DIRECTION('',(0.,-1.,1.110223024625E-16));
#1117 = DIRECTION('',(1.,0.,0.));
#1118 = ADVANCED_FACE('',(#1119),#1124,.F.);
#1119 = FACE_BOUND('',#1120,.F.);
#1120 = EDGE_LOOP('',(#1121,#1122,#1123));
#1121 = ORIENTED_EDGE('',*,*,#1077,.F.);
#1122 = ORIENTED_EDGE('',*,*,#876,.T.);
#1123 = ORIENTED_EDGE('',*,*,#984,.T.);
#1124 = PLANE('',#1125);
#1125 = AXIS2_PLACEMENT_3D('',#1126,#1127,#1128);
#1126 = CARTESIAN_POINT('',(-95.,-35.,4.));
#1127 = DIRECTION('',(0.,-1.,1.110223024625E-16));
#1128 = DIRECTION('',(1.,0.,0.));
#1129 = MANIFOLD_SOLID_BREP('',#1130);
#1130 = CLOSED_SHELL('',(#1131,#1164,#1184,#1193,#1327,#1463,#1474));
#1131 = ADVANCED_FACE('',(#1132),#1159,.T.);
#1132 = FACE_BOUND('',#1133,.T.);
#1133 = EDGE_LOOP('',(#1134,#1144,#1151,#1152));
#1134 = ORIENTED_EDGE('',*,*,#1135,.T.);
#1135 = EDGE_CURVE('',#1136,#1138,#1140,.T.);
#1136 = VERTEX_POINT('',#1137);
#1137 = CARTESIAN_POINT('',(46.95,9.,4.));
#1138 = VERTEX_POINT('',#1139);
#1139 = CARTESIAN_POINT('',(46.95,-28.,4.));
#1140 = LINE('',#1141,#1142);
#1141 = CARTESIAN_POINT('',(46.95,10.,4.));
#1142 = VECTOR('',#1143,1.);
#1143 = DIRECTION('',(0.,-1.,1.110223024625E-16));
#1144 = ORIENTED_EDGE('',*,*,#1145,.F.);
#1145 = EDGE_CURVE('',#1138,#1138,#1146,.T.);
#1146 = CIRCLE('',#1147,1.95);
#1147 = AXIS2_PLACEMENT_3D('',#1148,#1149,#1150);
#1148 = CARTESIAN_POINT('',(45.,-28.,4.));
#1149 = DIRECTION('',(0.,-1.,1.110223024625E-16));
#1150 = DIRECTION('',(1.,0.,0.));
#1151 = ORIENTED_EDGE('',*,*,#1135,.F.);
#1152 = ORIENTED_EDGE('',*,*,#1153,.T.);
#1153 = EDGE_CURVE('',#1136,#1136,#1154,.T.);
#1154 = CIRCLE('',#1155,1.95);
#1155 = AXIS2_PLACEMENT_3D('',#1156,#1157,#1158);
#1156 = CARTESIAN_POINT('',(45.,9.,4.));
#1157 = DIRECTION('',(0.,-1.,1.110223024625E-16));
#1158 = DIRECTION('',(1.,0.,0.));
#1159 = CYLINDRICAL_SURFACE('',#1160,1.95);
#1160 = AXIS2_PLACEMENT_3D('',#1161,#1162,#1163);
#1161 = CARTESIAN_POINT('',(45.,10.,4.));
#1162 = DIRECTION('',(0.,-1.,1.110223024625E-16));
#1163 = DIRECTION('',(1.,0.,0.));
#1164 = ADVANCED_FACE('',(#1165,#1176),#1179,.T.);
#1165 = FACE_BOUND('',#1166,.T.);
#1166 = EDGE_LOOP('',(#1167));
#1167 = ORIENTED_EDGE('',*,*,#1168,.T.);
#1168 = EDGE_CURVE('',#1169,#1169,#1171,.T.);
#1169 = VERTEX_POINT('',#1170);
#1170 = CARTESIAN_POINT('',(49.,9.,4.));
#1171 = CIRCLE('',#1172,4.);
#1172 = AXIS2_PLACEMENT_3D('',#1173,#1174,#1175);
#1173 = CARTESIAN_POINT('',(45.,9.,4.));
#1174 = DIRECTION('',(0.,-1.,1.110223024625E-16));
#1175 = DIRECTION('',(1.,0.,0.));
#1176 = FACE_BOUND('',#1177,.T.);
#1177 = EDGE_LOOP('',(#1178));
#1178 = ORIENTED_EDGE('',*,*,#1153,.F.);
#1179 = PLANE('',#1180);
#1180 = AXIS2_PLACEMENT_3D('',#1181,#1182,#1183);
#1181 = CARTESIAN_POINT('',(45.,9.,4.));
#1182 = DIRECTION('',(0.,-1.,1.110223024625E-16));
#1183 = DIRECTION('',(1.,0.,0.));
#1184 = ADVANCED_FACE('',(#1185),#1188,.T.);
#1185 = FACE_BOUND('',#1186,.T.);
#1186 = EDGE_LOOP('',(#1187));
#1187 = ORIENTED_EDGE('',*,*,#1145,.T.);
#1188 = PLANE('',#1189);
#1189 = AXIS2_PLACEMENT_3D('',#1190,#1191,#1192);
#1190 = CARTESIAN_POINT('',(45.,-28.,4.));
#1191 = DIRECTION('',(0.,-1.,1.110223024625E-16));
#1192 = DIRECTION('',(1.,0.,0.));
#1193 = ADVANCED_FACE('',(#1194),#1322,.T.);
#1194 = FACE_BOUND('',#1195,.T.);
#1195 = EDGE_LOOP('',(#1196,#1204,#1205,#1206,#1231,#1240,#1265,#1290,
    #1299));
#1196 = ORIENTED_EDGE('',*,*,#1197,.T.);
#1197 = EDGE_CURVE('',#1198,#1169,#1200,.T.);
#1198 = VERTEX_POINT('',#1199);
#1199 = CARTESIAN_POINT('',(49.,13.071796769725,4.));
#1200 = LINE('',#1201,#1202);
#1201 = CARTESIAN_POINT('',(49.,15.,4.));
#1202 = VECTOR('',#1203,1.);
#1203 = DIRECTION('',(0.,-1.,1.110223024625E-16));
#1204 = ORIENTED_EDGE('',*,*,#1168,.F.);
#1205 = ORIENTED_EDGE('',*,*,#1197,.F.);
#1206 = ORIENTED_EDGE('',*,*,#1207,.T.);
#1207 = EDGE_CURVE('',#1198,#1208,#1210,.T.);
#1208 = VERTEX_POINT('',#1209);
#1209 = CARTESIAN_POINT('',(48.465103814382,15.,5.998263134714));
#1210 = B_SPLINE_CURVE_WITH_KNOTS('',7,(#1211,#1212,#1213,#1214,#1215,
    #1216,#1217,#1218,#1219,#1220,#1221,#1222,#1223,#1224,#1225,#1226,
    #1227,#1228,#1229,#1230),.UNSPECIFIED.,.F.,.F.,(8,6,6,8),(0.,
    0.299213323662,0.509438769415,1.),.UNSPECIFIED.);
#1211 = CARTESIAN_POINT('',(49.,13.071796769724,4.));
#1212 = CARTESIAN_POINT('',(49.,13.071796769724,4.15494891201));
#1213 = CARTESIAN_POINT('',(48.992997344416,13.083925929123,
    4.310001901719));
#1214 = CARTESIAN_POINT('',(48.978974947134,13.108212246037,
    4.462554543631));
#1215 = CARTESIAN_POINT('',(48.958545561635,13.144135895953,
    4.610441156735));
#1216 = CARTESIAN_POINT('',(48.932750476991,13.190951104243,
    4.751888547057));
#1217 = CARTESIAN_POINT('',(48.902884576559,13.247699463159,
    4.885507106409));
#1218 = CARTESIAN_POINT('',(48.847428013705,13.359276657356,
    5.09795596584));
#1219 = CARTESIAN_POINT('',(48.823189036064,13.409694104185,
    5.181332763727));
#1220 = CARTESIAN_POINT('',(48.798045169191,13.464139991219,
    5.260131672254));
#1221 = CARTESIAN_POINT('',(48.772448572667,13.522263618728,
    5.334173429723));
#1222 = CARTESIAN_POINT('',(48.746827059523,13.583719954105,
    5.403364702823));
#1223 = CARTESIAN_POINT('',(48.721565701839,13.648177699542,
    5.467681764565));
#1224 = CARTESIAN_POINT('',(48.639666626768,13.872011691579,
    5.665945892501));
#1225 = CARTESIAN_POINT('',(48.586163156026,14.043196311124,
    5.77824522427));
#1226 = CARTESIAN_POINT('',(48.540638831628,14.225012556157,
    5.864700299786));
#1227 = CARTESIAN_POINT('',(48.505796057094,14.414082853065,
    5.927279515617));
#1228 = CARTESIAN_POINT('',(48.482189310107,14.60757355917,
    5.968601027082));
#1229 = CARTESIAN_POINT('',(48.469045402111,14.803323443302,
    5.991428193785));
#1230 = CARTESIAN_POINT('',(48.465103802357,15.0000006,5.998263155565));
#1231 = ORIENTED_EDGE('',*,*,#1232,.T.);
#1232 = EDGE_CURVE('',#1208,#1233,#1235,.T.);
#1233 = VERTEX_POINT('',#1234);
#1234 = CARTESIAN_POINT('',(41.534896185618,15.,5.998263134714));
#1235 = CIRCLE('',#1236,4.);
#1236 = AXIS2_PLACEMENT_3D('',#1237,#1238,#1239);
#1237 = CARTESIAN_POINT('',(45.,15.,4.));
#1238 = DIRECTION('',(0.,-1.,1.110223024625E-16));
#1239 = DIRECTION('',(1.,0.,0.));
#1240 = ORIENTED_EDGE('',*,*,#1241,.F.);
#1241 = EDGE_CURVE('',#1242,#1233,#1244,.T.);
#1242 = VERTEX_POINT('',#1243);
#1243 = CARTESIAN_POINT('',(41.,13.071796769724,4.));
#1244 = B_SPLINE_CURVE_WITH_KNOTS('',7,(#1245,#1246,#1247,#1248,#1249,
    #1250,#1251,#1252,#1253,#1254,#1255,#1256,#1257,#1258,#1259,#1260,
    #1261,#1262,#1263,#1264),.UNSPECIFIED.,.F.,.F.,(8,6,6,8),(0.,
    0.299212889432,0.509438290013,1.),.UNSPECIFIED.);
#1245 = CARTESIAN_POINT('',(41.,13.071796769724,4.));
#1246 = CARTESIAN_POINT('',(41.,13.071796769724,4.154948687085));
#1247 = CARTESIAN_POINT('',(41.007002635253,13.083925893908,
    4.310001451352));
#1248 = CARTESIAN_POINT('',(41.021024991766,13.10821214022,
    4.462553879143));
#1249 = CARTESIAN_POINT('',(41.041454319738,13.144135687346,
    4.610440298209));
#1250 = CARTESIAN_POINT('',(41.067249335875,13.190950764606,
    4.75188752089));
#1251 = CARTESIAN_POINT('',(41.09711516343,13.247698969136,4.88550594298
    ));
#1252 = CARTESIAN_POINT('',(41.152571633489,13.359275927065,
    5.097954731852));
#1253 = CARTESIAN_POINT('',(41.176810593538,13.409693311566,
    5.181331569129));
#1254 = CARTESIAN_POINT('',(41.201954447207,13.464139138272,
    5.260130521144));
#1255 = CARTESIAN_POINT('',(41.22755103505,13.522262707631,
    5.334172325512));
#1256 = CARTESIAN_POINT('',(41.253172544012,13.583718987155,
    5.403363648292));
#1257 = CARTESIAN_POINT('',(41.278433901859,13.648176679115,
    5.467680761914));
#1258 = CARTESIAN_POINT('',(41.360333059447,13.872010687723,
    5.665945233851));
#1259 = CARTESIAN_POINT('',(41.413836621396,14.043195422252,
    5.778244801521));
#1260 = CARTESIAN_POINT('',(41.459361032051,14.225011816581,
    5.864700055019));
#1261 = CARTESIAN_POINT('',(41.494203873734,14.414082285578,
    5.927279394501));
#1262 = CARTESIAN_POINT('',(41.517810664233,14.607573176762,
    5.968600982529));
#1263 = CARTESIAN_POINT('',(41.530954594044,14.803323251443,
    5.991428187118));
#1264 = CARTESIAN_POINT('',(41.534896197643,15.0000006,5.998263155565));
#1265 = ORIENTED_EDGE('',*,*,#1266,.T.);
#1266 = EDGE_CURVE('',#1242,#1267,#1269,.T.);
#1267 = VERTEX_POINT('',#1268);
#1268 = CARTESIAN_POINT('',(41.534896185618,15.,2.001736865286));
#1269 = B_SPLINE_CURVE_WITH_KNOTS('',7,(#1270,#1271,#1272,#1273,#1274,
    #1275,#1276,#1277,#1278,#1279,#1280,#1281,#1282,#1283,#1284,#1285,
    #1286,#1287,#1288,#1289),.UNSPECIFIED.,.F.,.F.,(8,6,6,8),(0.,
    0.299212889433,0.509438290013,1.),.UNSPECIFIED.);
#1270 = CARTESIAN_POINT('',(41.,13.071796769724,4.));
#1271 = CARTESIAN_POINT('',(41.,13.071796769724,3.845051312915));
#1272 = CARTESIAN_POINT('',(41.007002635253,13.083925893908,
    3.689998548648));
#1273 = CARTESIAN_POINT('',(41.021024991766,13.10821214022,
    3.537446120856));
#1274 = CARTESIAN_POINT('',(41.041454319738,13.144135687346,
    3.389559701792));
#1275 = CARTESIAN_POINT('',(41.067249335875,13.190950764607,
    3.248112479109));
#1276 = CARTESIAN_POINT('',(41.09711516343,13.247698969136,3.11449405702
    ));
#1277 = CARTESIAN_POINT('',(41.152571633489,13.359275927065,
    2.902045268148));
#1278 = CARTESIAN_POINT('',(41.176810593538,13.409693311566,
    2.818668430871));
#1279 = CARTESIAN_POINT('',(41.201954447207,13.464139138272,
    2.739869478856));
#1280 = CARTESIAN_POINT('',(41.22755103505,13.522262707631,
    2.665827674488));
#1281 = CARTESIAN_POINT('',(41.253172544012,13.583718987155,
    2.596636351708));
#1282 = CARTESIAN_POINT('',(41.278433901859,13.648176679115,
    2.532319238086));
#1283 = CARTESIAN_POINT('',(41.360333059447,13.872010687722,
    2.33405476615));
#1284 = CARTESIAN_POINT('',(41.413836621397,14.043195422253,
    2.221755198478));
#1285 = CARTESIAN_POINT('',(41.45936103205,14.225011816579,
    2.135299944983));
#1286 = CARTESIAN_POINT('',(41.494203873734,14.414082285579,
    2.072720605498));
#1287 = CARTESIAN_POINT('',(41.517810664233,14.607573176761,
    2.031399017472));
#1288 = CARTESIAN_POINT('',(41.530954594044,14.803323251443,
    2.008571812882));
#1289 = CARTESIAN_POINT('',(41.534896197643,15.0000006,2.001736844435));
#1290 = ORIENTED_EDGE('',*,*,#1291,.T.);
#1291 = EDGE_CURVE('',#1267,#1292,#1294,.T.);
#1292 = VERTEX_POINT('',#1293);
#1293 = CARTESIAN_POINT('',(48.465103814382,15.,2.001736865286));
#1294 = CIRCLE('',#1295,4.);
#1295 = AXIS2_PLACEMENT_3D('',#1296,#1297,#1298);
#1296 = CARTESIAN_POINT('',(45.,15.,4.));
#1297 = DIRECTION('',(0.,-1.,1.110223024625E-16));
#1298 = DIRECTION('',(1.,0.,0.));
#1299 = ORIENTED_EDGE('',*,*,#1300,.F.);
#1300 = EDGE_CURVE('',#1198,#1292,#1301,.T.);
#1301 = B_SPLINE_CURVE_WITH_KNOTS('',7,(#1302,#1303,#1304,#1305,#1306,
    #1307,#1308,#1309,#1310,#1311,#1312,#1313,#1314,#1315,#1316,#1317,
    #1318,#1319,#1320,#1321),.UNSPECIFIED.,.F.,.F.,(8,6,6,8),(0.,
    0.299213165045,0.509438594297,1.),.UNSPECIFIED.);
#1302 = CARTESIAN_POINT('',(49.,13.071796769724,4.));
#1303 = CARTESIAN_POINT('',(49.,13.071796769724,3.845051170151));
#1304 = CARTESIAN_POINT('',(48.992997351843,13.08392591626,
    3.689998262793));
#1305 = CARTESIAN_POINT('',(48.978974969453,13.108212207384,
    3.537445699096));
#1306 = CARTESIAN_POINT('',(48.958545604967,13.144135819752,
    3.38955915687));
#1307 = CARTESIAN_POINT('',(48.932750545348,13.190950980179,
    3.248111827785));
#1308 = CARTESIAN_POINT('',(48.902884671537,13.2476992827,3.114493318573
    ));
#1309 = CARTESIAN_POINT('',(48.847428142579,13.359276390592,
    2.902044484916));
#1310 = CARTESIAN_POINT('',(48.823189171364,13.409693814654,
    2.818667672641));
#1311 = CARTESIAN_POINT('',(48.798045309315,13.464139679651,
    2.739868748228));
#1312 = CARTESIAN_POINT('',(48.772448715962,13.522263285919,
    2.665826973628));
#1313 = CARTESIAN_POINT('',(48.746827204346,13.583719600894,
    2.596635682381));
#1314 = CARTESIAN_POINT('',(48.721565846602,13.648177326796,
    2.532318601688));
#1315 = CARTESIAN_POINT('',(48.639666741389,13.872011324886,
    2.334054348093));
#1316 = CARTESIAN_POINT('',(48.58616323733,14.043195986433,
    2.221754930153));
#1317 = CARTESIAN_POINT('',(48.540638881424,14.225012286001,
    2.135299789624));
#1318 = CARTESIAN_POINT('',(48.505796082361,14.414082645771,
    2.072720528624));
#1319 = CARTESIAN_POINT('',(48.48218931948,14.607573419482,
    2.031398989193));
#1320 = CARTESIAN_POINT('',(48.469045403516,14.803323373219,
    2.00857180865));
#1321 = CARTESIAN_POINT('',(48.465103802357,15.0000006,2.001736844435));
#1322 = CYLINDRICAL_SURFACE('',#1323,4.);
#1323 = AXIS2_PLACEMENT_3D('',#1324,#1325,#1326);
#1324 = CARTESIAN_POINT('',(45.,15.,4.));
#1325 = DIRECTION('',(0.,-1.,1.110223024625E-16));
#1326 = DIRECTION('',(1.,0.,0.));
#1327 = ADVANCED_FACE('',(#1328),#1458,.T.);
#1328 = FACE_BOUND('',#1329,.T.);
#1329 = EDGE_LOOP('',(#1330,#1331,#1338,#1339,#1367,#1376,#1402,#1403,
    #1404,#1405,#1431,#1432));
#1330 = ORIENTED_EDGE('',*,*,#1207,.F.);
#1331 = ORIENTED_EDGE('',*,*,#1332,.T.);
#1332 = EDGE_CURVE('',#1198,#1242,#1333,.T.);
#1333 = CIRCLE('',#1334,8.);
#1334 = AXIS2_PLACEMENT_3D('',#1335,#1336,#1337);
#1335 = CARTESIAN_POINT('',(45.,20.,4.));
#1336 = DIRECTION('',(-0.,1.110223024625E-16,1.));
#1337 = DIRECTION('',(0.,-1.,1.110223024625E-16));
#1338 = ORIENTED_EDGE('',*,*,#1241,.T.);
#1339 = ORIENTED_EDGE('',*,*,#1340,.T.);
#1340 = EDGE_CURVE('',#1233,#1341,#1343,.T.);
#1341 = VERTEX_POINT('',#1342);
#1342 = CARTESIAN_POINT('',(45.,15.,5.732050807569));
#1343 = B_SPLINE_CURVE_WITH_KNOTS('',8,(#1344,#1345,#1346,#1347,#1348,
    #1349,#1350,#1351,#1352,#1353,#1354,#1355,#1356,#1357,#1358,#1359,
    #1360,#1361,#1362,#1363,#1364,#1365,#1366),.UNSPECIFIED.,.F.,.F.,(9,
    7,7,9),(0.,0.485318039186,0.616165017574,1.),.UNSPECIFIED.);
#1344 = CARTESIAN_POINT('',(40.2,15.,5.770048746669));
#1345 = CARTESIAN_POINT('',(40.46792045434,15.,5.867649182158));
#1346 = CARTESIAN_POINT('',(40.747120720814,15.,5.937740761606));
#1347 = CARTESIAN_POINT('',(41.033331985703,15.,5.983315088433));
#1348 = CARTESIAN_POINT('',(41.3233664348,15.,6.007447893562));
#1349 = CARTESIAN_POINT('',(41.614977534648,15.,6.013559256078));
#1350 = CARTESIAN_POINT('',(41.906900340346,15.,6.005118245403));
#1351 = CARTESIAN_POINT('',(42.198824567792,15.,5.98556211375));
#1352 = CARTESIAN_POINT('',(42.570341364288,15.,5.951022843046));
#1353 = CARTESIAN_POINT('',(42.649254003233,15.,5.943135237091));
#1354 = CARTESIAN_POINT('',(42.728187286031,15.,5.934764480283));
#1355 = CARTESIAN_POINT('',(42.807144850286,15.,5.925981227471));
#1356 = CARTESIAN_POINT('',(42.886131759622,15.,5.916856990489));
#1357 = CARTESIAN_POINT('',(42.965154503688,15.,5.907464138157));
#1358 = CARTESIAN_POINT('',(43.044220998151,15.,5.897875896282));
#1359 = CARTESIAN_POINT('',(43.355435093018,15.,5.859683730243));
#1360 = CARTESIAN_POINT('',(43.588006016686,15.,5.830154285629));
#1361 = CARTESIAN_POINT('',(43.821316484237,15.,5.801440211198));
#1362 = CARTESIAN_POINT('',(44.055527376522,15.,5.775475991161));
#1363 = CARTESIAN_POINT('',(44.290691387146,15.,5.75421772939));
#1364 = CARTESIAN_POINT('',(44.526734463197,15.,5.73944110033));
#1365 = CARTESIAN_POINT('',(44.763356166018,15.,5.732050807569));
#1366 = CARTESIAN_POINT('',(45.,15.,5.732050807569));
#1367 = ORIENTED_EDGE('',*,*,#1368,.T.);
#1368 = EDGE_CURVE('',#1341,#1369,#1371,.T.);
#1369 = VERTEX_POINT('',#1370);
#1370 = CARTESIAN_POINT('',(45.,15.,2.267949192431));
#1371 = CIRCLE('',#1372,2.);
#1372 = AXIS2_PLACEMENT_3D('',#1373,#1374,#1375);
#1373 = CARTESIAN_POINT('',(45.,14.,4.));
#1374 = DIRECTION('',(-1.,2.449293598295E-16,-2.719262146894E-32));
#1375 = DIRECTION('',(-2.449293598295E-16,-1.,1.110223024625E-16));
#1376 = ORIENTED_EDGE('',*,*,#1377,.T.);
#1377 = EDGE_CURVE('',#1369,#1267,#1378,.T.);
#1378 = B_SPLINE_CURVE_WITH_KNOTS('',8,(#1379,#1380,#1381,#1382,#1383,
    #1384,#1385,#1386,#1387,#1388,#1389,#1390,#1391,#1392,#1393,#1394,
    #1395,#1396,#1397,#1398,#1399,#1400,#1401),.UNSPECIFIED.,.F.,.F.,(9,
    7,7,9),(0.,0.385437212752,0.861213844097,1.),.UNSPECIFIED.);
#1379 = CARTESIAN_POINT('',(45.,15.,2.267949192431));
#1380 = CARTESIAN_POINT('',(44.762366644507,15.,2.267949192431));
#1381 = CARTESIAN_POINT('',(44.524757231285,15.,2.26049696483));
#1382 = CARTESIAN_POINT('',(44.287734202173,15.,2.245596700855));
#1383 = CARTESIAN_POINT('',(44.051599904421,15.,2.224168284401));
#1384 = CARTESIAN_POINT('',(43.816427161813,15.,2.198016953668));
#1385 = CARTESIAN_POINT('',(43.582160810331,15.,2.169125590264));
#1386 = CARTESIAN_POINT('',(43.348636258911,15.,2.139452692868));
#1387 = CARTESIAN_POINT('',(42.827911701726,15.,2.075615816414));
#1388 = CARTESIAN_POINT('',(42.541319354848,15.,2.042073391306));
#1389 = CARTESIAN_POINT('',(42.254843186606,15.,2.013735425565));
#1390 = CARTESIAN_POINT('',(41.968148170419,15.,1.993995997575));
#1391 = CARTESIAN_POINT('',(41.681514000859,15.,1.98612369207));
#1392 = CARTESIAN_POINT('',(41.395832703563,15.,1.993353568754));
#1393 = CARTESIAN_POINT('',(41.112605676992,15.,2.018775056259));
#1394 = CARTESIAN_POINT('',(40.752721720818,15.,2.079288340376));
#1395 = CARTESIAN_POINT('',(40.671872514227,15.,2.094772096514));
#1396 = CARTESIAN_POINT('',(40.591511236489,15.,2.11214989334));
#1397 = CARTESIAN_POINT('',(40.511712972142,15.,2.131496087223));
#1398 = CARTESIAN_POINT('',(40.432562855648,15.,2.152882640627));
#1399 = CARTESIAN_POINT('',(40.354155905355,15.,2.176378316363));
#1400 = CARTESIAN_POINT('',(40.276596857466,15.,2.202047871844));
#1401 = CARTESIAN_POINT('',(40.2,15.,2.229951253331));
#1402 = ORIENTED_EDGE('',*,*,#1266,.F.);
#1403 = ORIENTED_EDGE('',*,*,#1332,.F.);
#1404 = ORIENTED_EDGE('',*,*,#1300,.T.);
#1405 = ORIENTED_EDGE('',*,*,#1406,.T.);
#1406 = EDGE_CURVE('',#1292,#1369,#1407,.T.);
#1407 = B_SPLINE_CURVE_WITH_KNOTS('',8,(#1408,#1409,#1410,#1411,#1412,
    #1413,#1414,#1415,#1416,#1417,#1418,#1419,#1420,#1421,#1422,#1423,
    #1424,#1425,#1426,#1427,#1428,#1429,#1430),.UNSPECIFIED.,.F.,.F.,(9,
    7,7,9),(0.,0.485318039187,0.616165017575,1.),.UNSPECIFIED.);
#1408 = CARTESIAN_POINT('',(49.8,15.,2.229951253331));
#1409 = CARTESIAN_POINT('',(49.532079545659,15.,2.132350817842));
#1410 = CARTESIAN_POINT('',(49.25287927919,15.,2.062259238395));
#1411 = CARTESIAN_POINT('',(48.966668014291,15.,2.016684911566));
#1412 = CARTESIAN_POINT('',(48.676633565209,15.,1.992552106438));
#1413 = CARTESIAN_POINT('',(48.385022465347,15.,1.986440743922));
#1414 = CARTESIAN_POINT('',(48.093099659658,15.,1.994881754597));
#1415 = CARTESIAN_POINT('',(47.801175432209,15.,2.01443788625));
#1416 = CARTESIAN_POINT('',(47.429658635713,15.,2.048977156954));
#1417 = CARTESIAN_POINT('',(47.350745996768,15.,2.056864762909));
#1418 = CARTESIAN_POINT('',(47.27181271397,15.,2.065235519717));
#1419 = CARTESIAN_POINT('',(47.192855149715,15.,2.074018772529));
#1420 = CARTESIAN_POINT('',(47.113868240379,15.,2.083143009511));
#1421 = CARTESIAN_POINT('',(47.034845496313,15.,2.092535861843));
#1422 = CARTESIAN_POINT('',(46.95577900185,15.,2.102124103718));
#1423 = CARTESIAN_POINT('',(46.644564906985,15.,2.140316269756));
#1424 = CARTESIAN_POINT('',(46.411993983306,15.,2.169845714371));
#1425 = CARTESIAN_POINT('',(46.178683515783,15.,2.198559788801));
#1426 = CARTESIAN_POINT('',(45.944472623455,15.,2.22452400884));
#1427 = CARTESIAN_POINT('',(45.709308612873,15.,2.245782270609));
#1428 = CARTESIAN_POINT('',(45.473265536795,15.,2.26055889967));
#1429 = CARTESIAN_POINT('',(45.236643833983,15.,2.267949192431));
#1430 = CARTESIAN_POINT('',(45.,15.,2.267949192431));
#1431 = ORIENTED_EDGE('',*,*,#1368,.F.);
#1432 = ORIENTED_EDGE('',*,*,#1433,.F.);
#1433 = EDGE_CURVE('',#1208,#1341,#1434,.T.);
#1434 = B_SPLINE_CURVE_WITH_KNOTS('',8,(#1435,#1436,#1437,#1438,#1439,
    #1440,#1441,#1442,#1443,#1444,#1445,#1446,#1447,#1448,#1449,#1450,
    #1451,#1452,#1453,#1454,#1455,#1456,#1457),.UNSPECIFIED.,.F.,.F.,(9,
    7,7,9),(0.,0.485318039187,0.616165017575,1.),.UNSPECIFIED.);
#1435 = CARTESIAN_POINT('',(49.8,15.,5.770048746669));
#1436 = CARTESIAN_POINT('',(49.53207954566,15.,5.867649182158));
#1437 = CARTESIAN_POINT('',(49.252879279185,15.,5.937740761607));
#1438 = CARTESIAN_POINT('',(48.966668014297,15.,5.983315088432));
#1439 = CARTESIAN_POINT('',(48.676633565201,15.,6.007447893564));
#1440 = CARTESIAN_POINT('',(48.385022465348,15.,6.013559256077));
#1441 = CARTESIAN_POINT('',(48.093099659655,15.,6.005118245404));
#1442 = CARTESIAN_POINT('',(47.801175432206,15.,5.98556211375));
#1443 = CARTESIAN_POINT('',(47.42965863571,15.,5.951022843046));
#1444 = CARTESIAN_POINT('',(47.350745996765,15.,5.943135237091));
#1445 = CARTESIAN_POINT('',(47.271812713967,15.,5.934764480283));
#1446 = CARTESIAN_POINT('',(47.192855149712,15.,5.925981227471));
#1447 = CARTESIAN_POINT('',(47.113868240376,15.,5.916856990488));
#1448 = CARTESIAN_POINT('',(47.03484549631,15.,5.907464138156));
#1449 = CARTESIAN_POINT('',(46.955779001847,15.,5.897875896282));
#1450 = CARTESIAN_POINT('',(46.644564906982,15.,5.859683730243));
#1451 = CARTESIAN_POINT('',(46.411993983305,15.,5.830154285628));
#1452 = CARTESIAN_POINT('',(46.178683515778,15.,5.801440211199));
#1453 = CARTESIAN_POINT('',(45.944472623457,15.,5.77547599116));
#1454 = CARTESIAN_POINT('',(45.709308612869,15.,5.754217729391));
#1455 = CARTESIAN_POINT('',(45.473265536795,15.,5.73944110033));
#1456 = CARTESIAN_POINT('',(45.236643833983,15.,5.732050807569));
#1457 = CARTESIAN_POINT('',(45.,15.,5.732050807569));
#1458 = TOROIDAL_SURFACE('',#1459,6.,2.);
#1459 = AXIS2_PLACEMENT_3D('',#1460,#1461,#1462);
#1460 = CARTESIAN_POINT('',(45.,20.,4.));
#1461 = DIRECTION('',(0.,1.110223024625E-16,1.));
#1462 = DIRECTION('',(0.,-1.,1.110223024625E-16));
#1463 = ADVANCED_FACE('',(#1464),#1469,.F.);
#1464 = FACE_BOUND('',#1465,.F.);
#1465 = EDGE_LOOP('',(#1466,#1467,#1468));
#1466 = ORIENTED_EDGE('',*,*,#1291,.T.);
#1467 = ORIENTED_EDGE('',*,*,#1406,.T.);
#1468 = ORIENTED_EDGE('',*,*,#1377,.T.);
#1469 = PLANE('',#1470);
#1470 = AXIS2_PLACEMENT_3D('',#1471,#1472,#1473);
#1471 = CARTESIAN_POINT('',(45.,15.,4.));
#1472 = DIRECTION('',(0.,-1.,1.110223024625E-16));
#1473 = DIRECTION('',(1.,0.,0.));
#1474 = ADVANCED_FACE('',(#1475),#1480,.F.);
#1475 = FACE_BOUND('',#1476,.F.);
#1476 = EDGE_LOOP('',(#1477,#1478,#1479));
#1477 = ORIENTED_EDGE('',*,*,#1433,.F.);
#1478 = ORIENTED_EDGE('',*,*,#1232,.T.);
#1479 = ORIENTED_EDGE('',*,*,#1340,.T.);
#1480 = PLANE('',#1481);
#1481 = AXIS2_PLACEMENT_3D('',#1482,#1483,#1484);
#1482 = CARTESIAN_POINT('',(45.,15.,4.));
#1483 = DIRECTION('',(0.,-1.,1.110223024625E-16));
#1484 = DIRECTION('',(1.,0.,0.));
#1485 = MANIFOLD_SOLID_BREP('',#1486);
#1486 = CLOSED_SHELL('',(#1487,#1520,#1540,#1549,#1683,#1819,#1830));
#1487 = ADVANCED_FACE('',(#1488),#1515,.T.);
#1488 = FACE_BOUND('',#1489,.T.);
#1489 = EDGE_LOOP('',(#1490,#1500,#1507,#1508));
#1490 = ORIENTED_EDGE('',*,*,#1491,.T.);
#1491 = EDGE_CURVE('',#1492,#1494,#1496,.T.);
#1492 = VERTEX_POINT('',#1493);
#1493 = CARTESIAN_POINT('',(-80.05,-41.,4.));
#1494 = VERTEX_POINT('',#1495);
#1495 = CARTESIAN_POINT('',(-80.05,-78.,4.));
#1496 = LINE('',#1497,#1498);
#1497 = CARTESIAN_POINT('',(-80.05,-40.,4.));
#1498 = VECTOR('',#1499,1.);
#1499 = DIRECTION('',(0.,-1.,1.110223024625E-16));
#1500 = ORIENTED_EDGE('',*,*,#1501,.F.);
#1501 = EDGE_CURVE('',#1494,#1494,#1502,.T.);
#1502 = CIRCLE('',#1503,1.95);
#1503 = AXIS2_PLACEMENT_3D('',#1504,#1505,#1506);
#1504 = CARTESIAN_POINT('',(-82.,-78.,4.));
#1505 = DIRECTION('',(0.,-1.,1.110223024625E-16));
#1506 = DIRECTION('',(1.,0.,0.));
#1507 = ORIENTED_EDGE('',*,*,#1491,.F.);
#1508 = ORIENTED_EDGE('',*,*,#1509,.T.);
#1509 = EDGE_CURVE('',#1492,#1492,#1510,.T.);
#1510 = CIRCLE('',#1511,1.95);
#1511 = AXIS2_PLACEMENT_3D('',#1512,#1513,#1514);
#1512 = CARTESIAN_POINT('',(-82.,-41.,4.));
#1513 = DIRECTION('',(0.,-1.,1.110223024625E-16));
#1514 = DIRECTION('',(1.,0.,0.));
#1515 = CYLINDRICAL_SURFACE('',#1516,1.95);
#1516 = AXIS2_PLACEMENT_3D('',#1517,#1518,#1519);
#1517 = CARTESIAN_POINT('',(-82.,-40.,4.));
#1518 = DIRECTION('',(0.,-1.,1.110223024625E-16));
#1519 = DIRECTION('',(1.,0.,0.));
#1520 = ADVANCED_FACE('',(#1521,#1532),#1535,.T.);
#1521 = FACE_BOUND('',#1522,.T.);
#1522 = EDGE_LOOP('',(#1523));
#1523 = ORIENTED_EDGE('',*,*,#1524,.T.);
#1524 = EDGE_CURVE('',#1525,#1525,#1527,.T.);
#1525 = VERTEX_POINT('',#1526);
#1526 = CARTESIAN_POINT('',(-78.,-41.,4.));
#1527 = CIRCLE('',#1528,4.);
#1528 = AXIS2_PLACEMENT_3D('',#1529,#1530,#1531);
#1529 = CARTESIAN_POINT('',(-82.,-41.,4.));
#1530 = DIRECTION('',(0.,-1.,1.110223024625E-16));
#1531 = DIRECTION('',(1.,0.,0.));
#1532 = FACE_BOUND('',#1533,.T.);
#1533 = EDGE_LOOP('',(#1534));
#1534 = ORIENTED_EDGE('',*,*,#1509,.F.);
#1535 = PLANE('',#1536);
#1536 = AXIS2_PLACEMENT_3D('',#1537,#1538,#1539);
#1537 = CARTESIAN_POINT('',(-82.,-41.,4.));
#1538 = DIRECTION('',(0.,-1.,1.110223024625E-16));
#1539 = DIRECTION('',(1.,0.,0.));
#1540 = ADVANCED_FACE('',(#1541),#1544,.T.);
#1541 = FACE_BOUND('',#1542,.T.);
#1542 = EDGE_LOOP('',(#1543));
#1543 = ORIENTED_EDGE('',*,*,#1501,.T.);
#1544 = PLANE('',#1545);
#1545 = AXIS2_PLACEMENT_3D('',#1546,#1547,#1548);
#1546 = CARTESIAN_POINT('',(-82.,-78.,4.));
#1547 = DIRECTION('',(0.,-1.,1.110223024625E-16));
#1548 = DIRECTION('',(1.,0.,0.));
#1549 = ADVANCED_FACE('',(#1550),#1678,.T.);
#1550 = FACE_BOUND('',#1551,.T.);
#1551 = EDGE_LOOP('',(#1552,#1560,#1561,#1562,#1587,#1596,#1621,#1646,
    #1655));
#1552 = ORIENTED_EDGE('',*,*,#1553,.T.);
#1553 = EDGE_CURVE('',#1554,#1525,#1556,.T.);
#1554 = VERTEX_POINT('',#1555);
#1555 = CARTESIAN_POINT('',(-78.,-36.92820323027,4.));
#1556 = LINE('',#1557,#1558);
#1557 = CARTESIAN_POINT('',(-78.,-35.,4.));
#1558 = VECTOR('',#1559,1.);
#1559 = DIRECTION('',(0.,-1.,1.110223024625E-16));
#1560 = ORIENTED_EDGE('',*,*,#1524,.F.);
#1561 = ORIENTED_EDGE('',*,*,#1553,.F.);
#1562 = ORIENTED_EDGE('',*,*,#1563,.T.);
#1563 = EDGE_CURVE('',#1554,#1564,#1566,.T.);
#1564 = VERTEX_POINT('',#1565);
#1565 = CARTESIAN_POINT('',(-78.53489618561,-35.,5.998263134714));
#1566 = B_SPLINE_CURVE_WITH_KNOTS('',7,(#1567,#1568,#1569,#1570,#1571,
    #1572,#1573,#1574,#1575,#1576,#1577,#1578,#1579,#1580,#1581,#1582,
    #1583,#1584,#1585,#1586),.UNSPECIFIED.,.F.,.F.,(8,6,6,8),(0.,
    0.299213323662,0.509438769415,1.),.UNSPECIFIED.);
#1567 = CARTESIAN_POINT('',(-78.,-36.92820323027,4.));
#1568 = CARTESIAN_POINT('',(-78.,-36.92820323027,4.15494891201));
#1569 = CARTESIAN_POINT('',(-78.00700265558,-36.91607407087,
    4.310001901719));
#1570 = CARTESIAN_POINT('',(-78.02102505286,-36.89178775396,
    4.462554543631));
#1571 = CARTESIAN_POINT('',(-78.04145443836,-36.85586410404,
    4.610441156735));
#1572 = CARTESIAN_POINT('',(-78.067249523,-36.80904889575,4.751888547057
    ));
#1573 = CARTESIAN_POINT('',(-78.09711542344,-36.75230053684,
    4.885507106409));
#1574 = CARTESIAN_POINT('',(-78.15257198629,-36.64072334264,
    5.09795596584));
#1575 = CARTESIAN_POINT('',(-78.17681096393,-36.59030589581,
    5.181332763727));
#1576 = CARTESIAN_POINT('',(-78.2019548308,-36.53586000878,
    5.260131672254));
#1577 = CARTESIAN_POINT('',(-78.22755142733,-36.47773638127,
    5.334173429723));
#1578 = CARTESIAN_POINT('',(-78.25317294047,-36.41628004589,
    5.403364702823));
#1579 = CARTESIAN_POINT('',(-78.27843429816,-36.35182230045,
    5.467681764565));
#1580 = CARTESIAN_POINT('',(-78.36033337323,-36.12798830842,
    5.665945892501));
#1581 = CARTESIAN_POINT('',(-78.41383684397,-35.95680368887,
    5.77824522427));
#1582 = CARTESIAN_POINT('',(-78.45936116837,-35.77498744384,
    5.864700299786));
#1583 = CARTESIAN_POINT('',(-78.4942039429,-35.58591714693,
    5.927279515617));
#1584 = CARTESIAN_POINT('',(-78.51781068989,-35.39242644083,
    5.968601027082));
#1585 = CARTESIAN_POINT('',(-78.53095459788,-35.19667655669,
    5.991428193785));
#1586 = CARTESIAN_POINT('',(-78.53489619764,-34.9999994,5.998263155565)
  );
#1587 = ORIENTED_EDGE('',*,*,#1588,.T.);
#1588 = EDGE_CURVE('',#1564,#1589,#1591,.T.);
#1589 = VERTEX_POINT('',#1590);
#1590 = CARTESIAN_POINT('',(-85.46510381438,-35.,5.998263134714));
#1591 = CIRCLE('',#1592,4.);
#1592 = AXIS2_PLACEMENT_3D('',#1593,#1594,#1595);
#1593 = CARTESIAN_POINT('',(-82.,-35.,4.));
#1594 = DIRECTION('',(0.,-1.,1.110223024625E-16));
#1595 = DIRECTION('',(1.,0.,0.));
#1596 = ORIENTED_EDGE('',*,*,#1597,.F.);
#1597 = EDGE_CURVE('',#1598,#1589,#1600,.T.);
#1598 = VERTEX_POINT('',#1599);
#1599 = CARTESIAN_POINT('',(-86.,-36.92820323027,4.));
#1600 = B_SPLINE_CURVE_WITH_KNOTS('',7,(#1601,#1602,#1603,#1604,#1605,
    #1606,#1607,#1608,#1609,#1610,#1611,#1612,#1613,#1614,#1615,#1616,
    #1617,#1618,#1619,#1620),.UNSPECIFIED.,.F.,.F.,(8,6,6,8),(0.,
    0.299212889432,0.509438290013,1.),.UNSPECIFIED.);
#1601 = CARTESIAN_POINT('',(-86.,-36.92820323027,4.));
#1602 = CARTESIAN_POINT('',(-86.,-36.92820323027,4.154948687085));
#1603 = CARTESIAN_POINT('',(-85.99299736474,-36.91607410609,
    4.310001451352));
#1604 = CARTESIAN_POINT('',(-85.97897500823,-36.89178785978,
    4.462553879143));
#1605 = CARTESIAN_POINT('',(-85.95854568026,-36.85586431265,
    4.610440298209));
#1606 = CARTESIAN_POINT('',(-85.93275066412,-36.80904923539,
    4.75188752089));
#1607 = CARTESIAN_POINT('',(-85.90288483657,-36.75230103086,
    4.88550594298));
#1608 = CARTESIAN_POINT('',(-85.84742836651,-36.64072407293,
    5.097954731852));
#1609 = CARTESIAN_POINT('',(-85.82318940646,-36.59030668843,
    5.181331569129));
#1610 = CARTESIAN_POINT('',(-85.79804555279,-36.53586086172,
    5.260130521144));
#1611 = CARTESIAN_POINT('',(-85.77244896495,-36.47773729236,
    5.334172325512));
#1612 = CARTESIAN_POINT('',(-85.74682745598,-36.41628101284,
    5.403363648292));
#1613 = CARTESIAN_POINT('',(-85.72156609814,-36.35182332088,
    5.467680761914));
#1614 = CARTESIAN_POINT('',(-85.63966694055,-36.12798931227,
    5.665945233851));
#1615 = CARTESIAN_POINT('',(-85.5861633786,-35.95680457774,
    5.778244801521));
#1616 = CARTESIAN_POINT('',(-85.54063896794,-35.77498818341,
    5.864700055019));
#1617 = CARTESIAN_POINT('',(-85.50579612626,-35.58591771442,
    5.927279394501));
#1618 = CARTESIAN_POINT('',(-85.48218933576,-35.39242682323,
    5.968600982529));
#1619 = CARTESIAN_POINT('',(-85.46904540595,-35.19667674855,
    5.991428187118));
#1620 = CARTESIAN_POINT('',(-85.46510380235,-34.9999994,5.998263155565)
  );
#1621 = ORIENTED_EDGE('',*,*,#1622,.T.);
#1622 = EDGE_CURVE('',#1598,#1623,#1625,.T.);
#1623 = VERTEX_POINT('',#1624);
#1624 = CARTESIAN_POINT('',(-85.46510381438,-35.,2.001736865286));
#1625 = B_SPLINE_CURVE_WITH_KNOTS('',7,(#1626,#1627,#1628,#1629,#1630,
    #1631,#1632,#1633,#1634,#1635,#1636,#1637,#1638,#1639,#1640,#1641,
    #1642,#1643,#1644,#1645),.UNSPECIFIED.,.F.,.F.,(8,6,6,8),(0.,
    0.299212889433,0.509438290013,1.),.UNSPECIFIED.);
#1626 = CARTESIAN_POINT('',(-86.,-36.92820323027,4.));
#1627 = CARTESIAN_POINT('',(-86.,-36.92820323027,3.845051312915));
#1628 = CARTESIAN_POINT('',(-85.99299736474,-36.91607410609,
    3.689998548648));
#1629 = CARTESIAN_POINT('',(-85.97897500823,-36.89178785978,
    3.537446120856));
#1630 = CARTESIAN_POINT('',(-85.95854568026,-36.85586431265,
    3.389559701792));
#1631 = CARTESIAN_POINT('',(-85.93275066412,-36.80904923539,
    3.248112479109));
#1632 = CARTESIAN_POINT('',(-85.90288483657,-36.75230103086,
    3.11449405702));
#1633 = CARTESIAN_POINT('',(-85.84742836651,-36.64072407293,
    2.902045268148));
#1634 = CARTESIAN_POINT('',(-85.82318940646,-36.59030668843,
    2.818668430871));
#1635 = CARTESIAN_POINT('',(-85.79804555279,-36.53586086172,
    2.739869478856));
#1636 = CARTESIAN_POINT('',(-85.77244896495,-36.47773729236,
    2.665827674488));
#1637 = CARTESIAN_POINT('',(-85.74682745598,-36.41628101284,
    2.596636351708));
#1638 = CARTESIAN_POINT('',(-85.72156609814,-36.35182332088,
    2.532319238086));
#1639 = CARTESIAN_POINT('',(-85.63966694055,-36.12798931227,
    2.33405476615));
#1640 = CARTESIAN_POINT('',(-85.5861633786,-35.95680457774,
    2.221755198478));
#1641 = CARTESIAN_POINT('',(-85.54063896795,-35.77498818342,
    2.135299944983));
#1642 = CARTESIAN_POINT('',(-85.50579612626,-35.58591771442,
    2.072720605498));
#1643 = CARTESIAN_POINT('',(-85.48218933576,-35.39242682323,
    2.031399017472));
#1644 = CARTESIAN_POINT('',(-85.46904540595,-35.19667674855,
    2.008571812882));
#1645 = CARTESIAN_POINT('',(-85.46510380235,-34.9999994,2.001736844435)
  );
#1646 = ORIENTED_EDGE('',*,*,#1647,.T.);
#1647 = EDGE_CURVE('',#1623,#1648,#1650,.T.);
#1648 = VERTEX_POINT('',#1649);
#1649 = CARTESIAN_POINT('',(-78.53489618561,-35.,2.001736865286));
#1650 = CIRCLE('',#1651,4.);
#1651 = AXIS2_PLACEMENT_3D('',#1652,#1653,#1654);
#1652 = CARTESIAN_POINT('',(-82.,-35.,4.));
#1653 = DIRECTION('',(0.,-1.,1.110223024625E-16));
#1654 = DIRECTION('',(1.,0.,0.));
#1655 = ORIENTED_EDGE('',*,*,#1656,.F.);
#1656 = EDGE_CURVE('',#1554,#1648,#1657,.T.);
#1657 = B_SPLINE_CURVE_WITH_KNOTS('',7,(#1658,#1659,#1660,#1661,#1662,
    #1663,#1664,#1665,#1666,#1667,#1668,#1669,#1670,#1671,#1672,#1673,
    #1674,#1675,#1676,#1677),.UNSPECIFIED.,.F.,.F.,(8,6,6,8),(0.,
    0.299213165045,0.509438594297,1.),.UNSPECIFIED.);
#1658 = CARTESIAN_POINT('',(-78.,-36.92820323027,4.));
#1659 = CARTESIAN_POINT('',(-78.,-36.92820323027,3.845051170151));
#1660 = CARTESIAN_POINT('',(-78.00700264815,-36.91607408374,
    3.689998262793));
#1661 = CARTESIAN_POINT('',(-78.02102503054,-36.89178779261,
    3.537445699096));
#1662 = CARTESIAN_POINT('',(-78.04145439503,-36.85586418024,
    3.38955915687));
#1663 = CARTESIAN_POINT('',(-78.06724945465,-36.80904901982,
    3.248111827785));
#1664 = CARTESIAN_POINT('',(-78.09711532846,-36.7523007173,
    3.114493318573));
#1665 = CARTESIAN_POINT('',(-78.15257185742,-36.6407236094,
    2.902044484916));
#1666 = CARTESIAN_POINT('',(-78.17681082863,-36.59030618534,
    2.818667672641));
#1667 = CARTESIAN_POINT('',(-78.20195469068,-36.53586032034,
    2.739868748228));
#1668 = CARTESIAN_POINT('',(-78.22755128403,-36.47773671408,
    2.665826973628));
#1669 = CARTESIAN_POINT('',(-78.25317279565,-36.4162803991,
    2.596635682381));
#1670 = CARTESIAN_POINT('',(-78.27843415339,-36.3518226732,
    2.532318601688));
#1671 = CARTESIAN_POINT('',(-78.36033325861,-36.12798867511,
    2.334054348093));
#1672 = CARTESIAN_POINT('',(-78.41383676267,-35.95680401356,
    2.221754930153));
#1673 = CARTESIAN_POINT('',(-78.45936111857,-35.77498771399,
    2.135299789624));
#1674 = CARTESIAN_POINT('',(-78.49420391763,-35.58591735422,
    2.072720528624));
#1675 = CARTESIAN_POINT('',(-78.51781068052,-35.39242658051,
    2.031398989193));
#1676 = CARTESIAN_POINT('',(-78.53095459648,-35.19667662678,
    2.00857180865));
#1677 = CARTESIAN_POINT('',(-78.53489619764,-34.9999994,2.001736844435)
  );
#1678 = CYLINDRICAL_SURFACE('',#1679,4.);
#1679 = AXIS2_PLACEMENT_3D('',#1680,#1681,#1682);
#1680 = CARTESIAN_POINT('',(-82.,-35.,4.));
#1681 = DIRECTION('',(0.,-1.,1.110223024625E-16));
#1682 = DIRECTION('',(1.,0.,0.));
#1683 = ADVANCED_FACE('',(#1684),#1814,.T.);
#1684 = FACE_BOUND('',#1685,.T.);
#1685 = EDGE_LOOP('',(#1686,#1687,#1694,#1695,#1723,#1732,#1758,#1759,
    #1760,#1761,#1787,#1788));
#1686 = ORIENTED_EDGE('',*,*,#1563,.F.);
#1687 = ORIENTED_EDGE('',*,*,#1688,.T.);
#1688 = EDGE_CURVE('',#1554,#1598,#1689,.T.);
#1689 = CIRCLE('',#1690,8.);
#1690 = AXIS2_PLACEMENT_3D('',#1691,#1692,#1693);
#1691 = CARTESIAN_POINT('',(-82.,-30.,4.));
#1692 = DIRECTION('',(-0.,1.110223024625E-16,1.));
#1693 = DIRECTION('',(0.,-1.,1.110223024625E-16));
#1694 = ORIENTED_EDGE('',*,*,#1597,.T.);
#1695 = ORIENTED_EDGE('',*,*,#1696,.T.);
#1696 = EDGE_CURVE('',#1589,#1697,#1699,.T.);
#1697 = VERTEX_POINT('',#1698);
#1698 = CARTESIAN_POINT('',(-82.,-35.,5.732050807569));
#1699 = B_SPLINE_CURVE_WITH_KNOTS('',8,(#1700,#1701,#1702,#1703,#1704,
    #1705,#1706,#1707,#1708,#1709,#1710,#1711,#1712,#1713,#1714,#1715,
    #1716,#1717,#1718,#1719,#1720,#1721,#1722),.UNSPECIFIED.,.F.,.F.,(9,
    7,7,9),(0.,0.485318039186,0.616165017574,1.),.UNSPECIFIED.);
#1700 = CARTESIAN_POINT('',(-86.8,-35.,5.770048746669));
#1701 = CARTESIAN_POINT('',(-86.53207954566,-35.,5.867649182158));
#1702 = CARTESIAN_POINT('',(-86.25287927918,-35.,5.937740761606));
#1703 = CARTESIAN_POINT('',(-85.96666801429,-35.,5.983315088433));
#1704 = CARTESIAN_POINT('',(-85.6766335652,-35.,6.007447893562));
#1705 = CARTESIAN_POINT('',(-85.38502246535,-35.,6.013559256078));
#1706 = CARTESIAN_POINT('',(-85.09309965965,-35.,6.005118245403));
#1707 = CARTESIAN_POINT('',(-84.8011754322,-35.,5.98556211375));
#1708 = CARTESIAN_POINT('',(-84.42965863571,-35.,5.951022843046));
#1709 = CARTESIAN_POINT('',(-84.35074599676,-35.,5.943135237091));
#1710 = CARTESIAN_POINT('',(-84.27181271396,-35.,5.934764480283));
#1711 = CARTESIAN_POINT('',(-84.19285514971,-35.,5.925981227471));
#1712 = CARTESIAN_POINT('',(-84.11386824037,-35.,5.916856990489));
#1713 = CARTESIAN_POINT('',(-84.03484549631,-35.,5.907464138157));
#1714 = CARTESIAN_POINT('',(-83.95577900184,-35.,5.897875896282));
#1715 = CARTESIAN_POINT('',(-83.64456490698,-35.,5.859683730243));
#1716 = CARTESIAN_POINT('',(-83.41199398331,-35.,5.830154285629));
#1717 = CARTESIAN_POINT('',(-83.17868351576,-35.,5.801440211198));
#1718 = CARTESIAN_POINT('',(-82.94447262347,-35.,5.775475991161));
#1719 = CARTESIAN_POINT('',(-82.70930861285,-35.,5.75421772939));
#1720 = CARTESIAN_POINT('',(-82.4732655368,-35.,5.73944110033));
#1721 = CARTESIAN_POINT('',(-82.23664383398,-35.,5.732050807569));
#1722 = CARTESIAN_POINT('',(-82.,-35.,5.732050807569));
#1723 = ORIENTED_EDGE('',*,*,#1724,.T.);
#1724 = EDGE_CURVE('',#1697,#1725,#1727,.T.);
#1725 = VERTEX_POINT('',#1726);
#1726 = CARTESIAN_POINT('',(-82.,-35.,2.267949192431));
#1727 = CIRCLE('',#1728,2.);
#1728 = AXIS2_PLACEMENT_3D('',#1729,#1730,#1731);
#1729 = CARTESIAN_POINT('',(-82.,-36.,4.));
#1730 = DIRECTION('',(-1.,2.449293598295E-16,-2.719262146894E-32));
#1731 = DIRECTION('',(-2.449293598295E-16,-1.,1.110223024625E-16));
#1732 = ORIENTED_EDGE('',*,*,#1733,.T.);
#1733 = EDGE_CURVE('',#1725,#1623,#1734,.T.);
#1734 = B_SPLINE_CURVE_WITH_KNOTS('',8,(#1735,#1736,#1737,#1738,#1739,
    #1740,#1741,#1742,#1743,#1744,#1745,#1746,#1747,#1748,#1749,#1750,
    #1751,#1752,#1753,#1754,#1755,#1756,#1757),.UNSPECIFIED.,.F.,.F.,(9,
    7,7,9),(0.,0.385437212752,0.861213844097,1.),.UNSPECIFIED.);
#1735 = CARTESIAN_POINT('',(-82.,-35.,2.267949192431));
#1736 = CARTESIAN_POINT('',(-82.23763335549,-35.,2.267949192431));
#1737 = CARTESIAN_POINT('',(-82.47524276871,-35.,2.26049696483));
#1738 = CARTESIAN_POINT('',(-82.71226579782,-35.,2.245596700855));
#1739 = CARTESIAN_POINT('',(-82.94840009557,-35.,2.224168284401));
#1740 = CARTESIAN_POINT('',(-83.18357283818,-35.,2.198016953668));
#1741 = CARTESIAN_POINT('',(-83.41783918966,-35.,2.169125590264));
#1742 = CARTESIAN_POINT('',(-83.65136374108,-35.,2.139452692868));
#1743 = CARTESIAN_POINT('',(-84.17208829827,-35.,2.075615816414));
#1744 = CARTESIAN_POINT('',(-84.45868064515,-35.,2.042073391306));
#1745 = CARTESIAN_POINT('',(-84.74515681339,-35.,2.013735425565));
#1746 = CARTESIAN_POINT('',(-85.03185182958,-35.,1.993995997575));
#1747 = CARTESIAN_POINT('',(-85.31848599914,-35.,1.98612369207));
#1748 = CARTESIAN_POINT('',(-85.60416729643,-35.,1.993353568754));
#1749 = CARTESIAN_POINT('',(-85.887394323,-35.,2.018775056259));
#1750 = CARTESIAN_POINT('',(-86.24727827918,-35.,2.079288340376));
#1751 = CARTESIAN_POINT('',(-86.32812748577,-35.,2.094772096514));
#1752 = CARTESIAN_POINT('',(-86.40848876351,-35.,2.11214989334));
#1753 = CARTESIAN_POINT('',(-86.48828702785,-35.,2.131496087223));
#1754 = CARTESIAN_POINT('',(-86.56743714435,-35.,2.152882640627));
#1755 = CARTESIAN_POINT('',(-86.64584409464,-35.,2.176378316363));
#1756 = CARTESIAN_POINT('',(-86.72340314253,-35.,2.202047871844));
#1757 = CARTESIAN_POINT('',(-86.8,-35.,2.229951253331));
#1758 = ORIENTED_EDGE('',*,*,#1622,.F.);
#1759 = ORIENTED_EDGE('',*,*,#1688,.F.);
#1760 = ORIENTED_EDGE('',*,*,#1656,.T.);
#1761 = ORIENTED_EDGE('',*,*,#1762,.T.);
#1762 = EDGE_CURVE('',#1648,#1725,#1763,.T.);
#1763 = B_SPLINE_CURVE_WITH_KNOTS('',8,(#1764,#1765,#1766,#1767,#1768,
    #1769,#1770,#1771,#1772,#1773,#1774,#1775,#1776,#1777,#1778,#1779,
    #1780,#1781,#1782,#1783,#1784,#1785,#1786),.UNSPECIFIED.,.F.,.F.,(9,
    7,7,9),(0.,0.485318039187,0.616165017575,1.),.UNSPECIFIED.);
#1764 = CARTESIAN_POINT('',(-77.2,-35.,2.229951253331));
#1765 = CARTESIAN_POINT('',(-77.46792045434,-35.,2.132350817842));
#1766 = CARTESIAN_POINT('',(-77.74712072081,-35.,2.062259238395));
#1767 = CARTESIAN_POINT('',(-78.0333319857,-35.,2.016684911566));
#1768 = CARTESIAN_POINT('',(-78.32336643479,-35.,1.992552106438));
#1769 = CARTESIAN_POINT('',(-78.61497753465,-35.,1.986440743922));
#1770 = CARTESIAN_POINT('',(-78.90690034034,-35.,1.994881754597));
#1771 = CARTESIAN_POINT('',(-79.19882456779,-35.,2.01443788625));
#1772 = CARTESIAN_POINT('',(-79.57034136428,-35.,2.048977156954));
#1773 = CARTESIAN_POINT('',(-79.64925400323,-35.,2.056864762909));
#1774 = CARTESIAN_POINT('',(-79.72818728603,-35.,2.065235519717));
#1775 = CARTESIAN_POINT('',(-79.80714485028,-35.,2.074018772529));
#1776 = CARTESIAN_POINT('',(-79.88613175962,-35.,2.083143009511));
#1777 = CARTESIAN_POINT('',(-79.96515450368,-35.,2.092535861843));
#1778 = CARTESIAN_POINT('',(-80.04422099815,-35.,2.102124103718));
#1779 = CARTESIAN_POINT('',(-80.35543509301,-35.,2.140316269756));
#1780 = CARTESIAN_POINT('',(-80.58800601669,-35.,2.169845714371));
#1781 = CARTESIAN_POINT('',(-80.82131648421,-35.,2.198559788801));
#1782 = CARTESIAN_POINT('',(-81.05552737654,-35.,2.22452400884));
#1783 = CARTESIAN_POINT('',(-81.29069138712,-35.,2.245782270609));
#1784 = CARTESIAN_POINT('',(-81.5267344632,-35.,2.26055889967));
#1785 = CARTESIAN_POINT('',(-81.76335616601,-35.,2.267949192431));
#1786 = CARTESIAN_POINT('',(-82.,-35.,2.267949192431));
#1787 = ORIENTED_EDGE('',*,*,#1724,.F.);
#1788 = ORIENTED_EDGE('',*,*,#1789,.F.);
#1789 = EDGE_CURVE('',#1564,#1697,#1790,.T.);
#1790 = B_SPLINE_CURVE_WITH_KNOTS('',8,(#1791,#1792,#1793,#1794,#1795,
    #1796,#1797,#1798,#1799,#1800,#1801,#1802,#1803,#1804,#1805,#1806,
    #1807,#1808,#1809,#1810,#1811,#1812,#1813),.UNSPECIFIED.,.F.,.F.,(9,
    7,7,9),(0.,0.485318039187,0.616165017575,1.),.UNSPECIFIED.);
#1791 = CARTESIAN_POINT('',(-77.2,-35.,5.770048746669));
#1792 = CARTESIAN_POINT('',(-77.46792045434,-35.,5.867649182158));
#1793 = CARTESIAN_POINT('',(-77.74712072081,-35.,5.937740761607));
#1794 = CARTESIAN_POINT('',(-78.0333319857,-35.,5.983315088432));
#1795 = CARTESIAN_POINT('',(-78.32336643479,-35.,6.007447893564));
#1796 = CARTESIAN_POINT('',(-78.61497753465,-35.,6.013559256077));
#1797 = CARTESIAN_POINT('',(-78.90690034034,-35.,6.005118245404));
#1798 = CARTESIAN_POINT('',(-79.19882456779,-35.,5.98556211375));
#1799 = CARTESIAN_POINT('',(-79.57034136429,-35.,5.951022843046));
#1800 = CARTESIAN_POINT('',(-79.64925400323,-35.,5.943135237091));
#1801 = CARTESIAN_POINT('',(-79.72818728603,-35.,5.934764480283));
#1802 = CARTESIAN_POINT('',(-79.80714485028,-35.,5.925981227471));
#1803 = CARTESIAN_POINT('',(-79.88613175962,-35.,5.916856990488));
#1804 = CARTESIAN_POINT('',(-79.96515450369,-35.,5.907464138156));
#1805 = CARTESIAN_POINT('',(-80.04422099815,-35.,5.897875896282));
#1806 = CARTESIAN_POINT('',(-80.35543509301,-35.,5.859683730243));
#1807 = CARTESIAN_POINT('',(-80.58800601669,-35.,5.830154285628));
#1808 = CARTESIAN_POINT('',(-80.82131648422,-35.,5.801440211199));
#1809 = CARTESIAN_POINT('',(-81.05552737654,-35.,5.77547599116));
#1810 = CARTESIAN_POINT('',(-81.29069138713,-35.,5.754217729391));
#1811 = CARTESIAN_POINT('',(-81.5267344632,-35.,5.73944110033));
#1812 = CARTESIAN_POINT('',(-81.76335616601,-35.,5.732050807569));
#1813 = CARTESIAN_POINT('',(-82.,-35.,5.732050807569));
#1814 = TOROIDAL_SURFACE('',#1815,6.,2.);
#1815 = AXIS2_PLACEMENT_3D('',#1816,#1817,#1818);
#1816 = CARTESIAN_POINT('',(-82.,-30.,4.));
#1817 = DIRECTION('',(0.,1.110223024625E-16,1.));
#1818 = DIRECTION('',(0.,-1.,1.110223024625E-16));
#1819 = ADVANCED_FACE('',(#1820),#1825,.F.);
#1820 = FACE_BOUND('',#1821,.F.);
#1821 = EDGE_LOOP('',(#1822,#1823,#1824));
#1822 = ORIENTED_EDGE('',*,*,#1647,.T.);
#1823 = ORIENTED_EDGE('',*,*,#1762,.T.);
#1824 = ORIENTED_EDGE('',*,*,#1733,.T.);
#1825 = PLANE('',#1826);
#1826 = AXIS2_PLACEMENT_3D('',#1827,#1828,#1829);
#1827 = CARTESIAN_POINT('',(-82.,-35.,4.));
#1828 = DIRECTION('',(0.,-1.,1.110223024625E-16));
#1829 = DIRECTION('',(1.,0.,0.));
#1830 = ADVANCED_FACE('',(#1831),#1836,.F.);
#1831 = FACE_BOUND('',#1832,.F.);
#1832 = EDGE_LOOP('',(#1833,#1834,#1835));
#1833 = ORIENTED_EDGE('',*,*,#1789,.F.);
#1834 = ORIENTED_EDGE('',*,*,#1588,.T.);
#1835 = ORIENTED_EDGE('',*,*,#1696,.T.);
#1836 = PLANE('',#1837);
#1837 = AXIS2_PLACEMENT_3D('',#1838,#1839,#1840);
#1838 = CARTESIAN_POINT('',(-82.,-35.,4.));
#1839 = DIRECTION('',(0.,-1.,1.110223024625E-16));
#1840 = DIRECTION('',(1.,0.,0.));
#1841 = MANIFOLD_SOLID_BREP('',#1842);
#1842 = CLOSED_SHELL('',(#1843,#1876,#1896,#1905,#2039,#2175,#2186));
#1843 = ADVANCED_FACE('',(#1844),#1871,.T.);
#1844 = FACE_BOUND('',#1845,.T.);
#1845 = EDGE_LOOP('',(#1846,#1856,#1863,#1864));
#1846 = ORIENTED_EDGE('',*,*,#1847,.T.);
#1847 = EDGE_CURVE('',#1848,#1850,#1852,.T.);
#1848 = VERTEX_POINT('',#1849);
#1849 = CARTESIAN_POINT('',(59.95,9.,4.));
#1850 = VERTEX_POINT('',#1851);
#1851 = CARTESIAN_POINT('',(59.95,-28.,4.));
#1852 = LINE('',#1853,#1854);
#1853 = CARTESIAN_POINT('',(59.95,10.,4.));
#1854 = VECTOR('',#1855,1.);
#1855 = DIRECTION('',(0.,-1.,1.110223024625E-16));
#1856 = ORIENTED_EDGE('',*,*,#1857,.F.);
#1857 = EDGE_CURVE('',#1850,#1850,#1858,.T.);
#1858 = CIRCLE('',#1859,1.95);
#1859 = AXIS2_PLACEMENT_3D('',#1860,#1861,#1862);
#1860 = CARTESIAN_POINT('',(58.,-28.,4.));
#1861 = DIRECTION('',(0.,-1.,1.110223024625E-16));
#1862 = DIRECTION('',(1.,0.,0.));
#1863 = ORIENTED_EDGE('',*,*,#1847,.F.);
#1864 = ORIENTED_EDGE('',*,*,#1865,.T.);
#1865 = EDGE_CURVE('',#1848,#1848,#1866,.T.);
#1866 = CIRCLE('',#1867,1.95);
#1867 = AXIS2_PLACEMENT_3D('',#1868,#1869,#1870);
#1868 = CARTESIAN_POINT('',(58.,9.,4.));
#1869 = DIRECTION('',(0.,-1.,1.110223024625E-16));
#1870 = DIRECTION('',(1.,0.,0.));
#1871 = CYLINDRICAL_SURFACE('',#1872,1.95);
#1872 = AXIS2_PLACEMENT_3D('',#1873,#1874,#1875);
#1873 = CARTESIAN_POINT('',(58.,10.,4.));
#1874 = DIRECTION('',(0.,-1.,1.110223024625E-16));
#1875 = DIRECTION('',(1.,0.,0.));
#1876 = ADVANCED_FACE('',(#1877,#1888),#1891,.T.);
#1877 = FACE_BOUND('',#1878,.T.);
#1878 = EDGE_LOOP('',(#1879));
#1879 = ORIENTED_EDGE('',*,*,#1880,.T.);
#1880 = EDGE_CURVE('',#1881,#1881,#1883,.T.);
#1881 = VERTEX_POINT('',#1882);
#1882 = CARTESIAN_POINT('',(62.,9.,4.));
#1883 = CIRCLE('',#1884,4.);
#1884 = AXIS2_PLACEMENT_3D('',#1885,#1886,#1887);
#1885 = CARTESIAN_POINT('',(58.,9.,4.));
#1886 = DIRECTION('',(0.,-1.,1.110223024625E-16));
#1887 = DIRECTION('',(1.,0.,0.));
#1888 = FACE_BOUND('',#1889,.T.);
#1889 = EDGE_LOOP('',(#1890));
#1890 = ORIENTED_EDGE('',*,*,#1865,.F.);
#1891 = PLANE('',#1892);
#1892 = AXIS2_PLACEMENT_3D('',#1893,#1894,#1895);
#1893 = CARTESIAN_POINT('',(58.,9.,4.));
#1894 = DIRECTION('',(0.,-1.,1.110223024625E-16));
#1895 = DIRECTION('',(1.,0.,0.));
#1896 = ADVANCED_FACE('',(#1897),#1900,.T.);
#1897 = FACE_BOUND('',#1898,.T.);
#1898 = EDGE_LOOP('',(#1899));
#1899 = ORIENTED_EDGE('',*,*,#1857,.T.);
#1900 = PLANE('',#1901);
#1901 = AXIS2_PLACEMENT_3D('',#1902,#1903,#1904);
#1902 = CARTESIAN_POINT('',(58.,-28.,4.));
#1903 = DIRECTION('',(0.,-1.,1.110223024625E-16));
#1904 = DIRECTION('',(1.,0.,0.));
#1905 = ADVANCED_FACE('',(#1906),#2034,.T.);
#1906 = FACE_BOUND('',#1907,.T.);
#1907 = EDGE_LOOP('',(#1908,#1916,#1917,#1918,#1943,#1952,#1977,#2002,
    #2011));
#1908 = ORIENTED_EDGE('',*,*,#1909,.T.);
#1909 = EDGE_CURVE('',#1910,#1881,#1912,.T.);
#1910 = VERTEX_POINT('',#1911);
#1911 = CARTESIAN_POINT('',(62.,13.071796769725,4.));
#1912 = LINE('',#1913,#1914);
#1913 = CARTESIAN_POINT('',(62.,15.,4.));
#1914 = VECTOR('',#1915,1.);
#1915 = DIRECTION('',(0.,-1.,1.110223024625E-16));
#1916 = ORIENTED_EDGE('',*,*,#1880,.F.);
#1917 = ORIENTED_EDGE('',*,*,#1909,.F.);
#1918 = ORIENTED_EDGE('',*,*,#1919,.T.);
#1919 = EDGE_CURVE('',#1910,#1920,#1922,.T.);
#1920 = VERTEX_POINT('',#1921);
#1921 = CARTESIAN_POINT('',(61.465103814382,15.,5.998263134714));
#1922 = B_SPLINE_CURVE_WITH_KNOTS('',7,(#1923,#1924,#1925,#1926,#1927,
    #1928,#1929,#1930,#1931,#1932,#1933,#1934,#1935,#1936,#1937,#1938,
    #1939,#1940,#1941,#1942),.UNSPECIFIED.,.F.,.F.,(8,6,6,8),(0.,
    0.299213323662,0.509438769415,1.),.UNSPECIFIED.);
#1923 = CARTESIAN_POINT('',(62.,13.071796769724,4.));
#1924 = CARTESIAN_POINT('',(62.,13.071796769724,4.15494891201));
#1925 = CARTESIAN_POINT('',(61.992997344416,13.083925929123,
    4.310001901719));
#1926 = CARTESIAN_POINT('',(61.978974947134,13.108212246037,
    4.462554543631));
#1927 = CARTESIAN_POINT('',(61.958545561635,13.144135895953,
    4.610441156735));
#1928 = CARTESIAN_POINT('',(61.932750476991,13.190951104243,
    4.751888547057));
#1929 = CARTESIAN_POINT('',(61.902884576559,13.247699463159,
    4.885507106409));
#1930 = CARTESIAN_POINT('',(61.847428013705,13.359276657356,
    5.09795596584));
#1931 = CARTESIAN_POINT('',(61.823189036064,13.409694104185,
    5.181332763727));
#1932 = CARTESIAN_POINT('',(61.798045169191,13.464139991219,
    5.260131672254));
#1933 = CARTESIAN_POINT('',(61.772448572667,13.522263618728,
    5.334173429723));
#1934 = CARTESIAN_POINT('',(61.746827059523,13.583719954105,
    5.403364702823));
#1935 = CARTESIAN_POINT('',(61.721565701839,13.648177699542,
    5.467681764565));
#1936 = CARTESIAN_POINT('',(61.639666626768,13.872011691579,
    5.665945892501));
#1937 = CARTESIAN_POINT('',(61.586163156026,14.043196311124,
    5.77824522427));
#1938 = CARTESIAN_POINT('',(61.540638831628,14.225012556157,
    5.864700299786));
#1939 = CARTESIAN_POINT('',(61.505796057094,14.414082853065,
    5.927279515617));
#1940 = CARTESIAN_POINT('',(61.482189310107,14.60757355917,
    5.968601027082));
#1941 = CARTESIAN_POINT('',(61.469045402111,14.803323443302,
    5.991428193785));
#1942 = CARTESIAN_POINT('',(61.465103802357,15.0000006,5.998263155565));
#1943 = ORIENTED_EDGE('',*,*,#1944,.T.);
#1944 = EDGE_CURVE('',#1920,#1945,#1947,.T.);
#1945 = VERTEX_POINT('',#1946);
#1946 = CARTESIAN_POINT('',(54.534896185618,15.,5.998263134714));
#1947 = CIRCLE('',#1948,4.);
#1948 = AXIS2_PLACEMENT_3D('',#1949,#1950,#1951);
#1949 = CARTESIAN_POINT('',(58.,15.,4.));
#1950 = DIRECTION('',(0.,-1.,1.110223024625E-16));
#1951 = DIRECTION('',(1.,0.,0.));
#1952 = ORIENTED_EDGE('',*,*,#1953,.F.);
#1953 = EDGE_CURVE('',#1954,#1945,#1956,.T.);
#1954 = VERTEX_POINT('',#1955);
#1955 = CARTESIAN_POINT('',(54.,13.071796769724,4.));
#1956 = B_SPLINE_CURVE_WITH_KNOTS('',7,(#1957,#1958,#1959,#1960,#1961,
    #1962,#1963,#1964,#1965,#1966,#1967,#1968,#1969,#1970,#1971,#1972,
    #1973,#1974,#1975,#1976),.UNSPECIFIED.,.F.,.F.,(8,6,6,8),(0.,
    0.299212889432,0.509438290013,1.),.UNSPECIFIED.);
#1957 = CARTESIAN_POINT('',(54.,13.071796769724,4.));
#1958 = CARTESIAN_POINT('',(54.,13.071796769724,4.154948687085));
#1959 = CARTESIAN_POINT('',(54.007002635253,13.083925893908,
    4.310001451352));
#1960 = CARTESIAN_POINT('',(54.021024991766,13.10821214022,
    4.462553879143));
#1961 = CARTESIAN_POINT('',(54.041454319738,13.144135687346,
    4.610440298209));
#1962 = CARTESIAN_POINT('',(54.067249335875,13.190950764606,
    4.75188752089));
#1963 = CARTESIAN_POINT('',(54.09711516343,13.247698969136,4.88550594298
    ));
#1964 = CARTESIAN_POINT('',(54.152571633489,13.359275927065,
    5.097954731852));
#1965 = CARTESIAN_POINT('',(54.176810593538,13.409693311566,
    5.181331569129));
#1966 = CARTESIAN_POINT('',(54.201954447207,13.464139138272,
    5.260130521144));
#1967 = CARTESIAN_POINT('',(54.22755103505,13.522262707631,
    5.334172325512));
#1968 = CARTESIAN_POINT('',(54.253172544012,13.583718987155,
    5.403363648292));
#1969 = CARTESIAN_POINT('',(54.278433901859,13.648176679115,
    5.467680761914));
#1970 = CARTESIAN_POINT('',(54.360333059447,13.872010687723,
    5.665945233851));
#1971 = CARTESIAN_POINT('',(54.413836621396,14.043195422252,
    5.778244801521));
#1972 = CARTESIAN_POINT('',(54.459361032051,14.225011816581,
    5.864700055019));
#1973 = CARTESIAN_POINT('',(54.494203873734,14.414082285578,
    5.927279394501));
#1974 = CARTESIAN_POINT('',(54.517810664233,14.607573176762,
    5.968600982529));
#1975 = CARTESIAN_POINT('',(54.530954594044,14.803323251443,
    5.991428187118));
#1976 = CARTESIAN_POINT('',(54.534896197643,15.0000006,5.998263155565));
#1977 = ORIENTED_EDGE('',*,*,#1978,.T.);
#1978 = EDGE_CURVE('',#1954,#1979,#1981,.T.);
#1979 = VERTEX_POINT('',#1980);
#1980 = CARTESIAN_POINT('',(54.534896185618,15.,2.001736865286));
#1981 = B_SPLINE_CURVE_WITH_KNOTS('',7,(#1982,#1983,#1984,#1985,#1986,
    #1987,#1988,#1989,#1990,#1991,#1992,#1993,#1994,#1995,#1996,#1997,
    #1998,#1999,#2000,#2001),.UNSPECIFIED.,.F.,.F.,(8,6,6,8),(0.,
    0.299212889433,0.509438290013,1.),.UNSPECIFIED.);
#1982 = CARTESIAN_POINT('',(54.,13.071796769724,4.));
#1983 = CARTESIAN_POINT('',(54.,13.071796769724,3.845051312915));
#1984 = CARTESIAN_POINT('',(54.007002635253,13.083925893908,
    3.689998548648));
#1985 = CARTESIAN_POINT('',(54.021024991766,13.10821214022,
    3.537446120856));
#1986 = CARTESIAN_POINT('',(54.041454319738,13.144135687346,
    3.389559701792));
#1987 = CARTESIAN_POINT('',(54.067249335875,13.190950764607,
    3.248112479109));
#1988 = CARTESIAN_POINT('',(54.09711516343,13.247698969136,3.11449405702
    ));
#1989 = CARTESIAN_POINT('',(54.152571633489,13.359275927065,
    2.902045268148));
#1990 = CARTESIAN_POINT('',(54.176810593538,13.409693311566,
    2.818668430871));
#1991 = CARTESIAN_POINT('',(54.201954447207,13.464139138272,
    2.739869478856));
#1992 = CARTESIAN_POINT('',(54.22755103505,13.522262707631,
    2.665827674488));
#1993 = CARTESIAN_POINT('',(54.253172544012,13.583718987155,
    2.596636351708));
#1994 = CARTESIAN_POINT('',(54.278433901859,13.648176679115,
    2.532319238086));
#1995 = CARTESIAN_POINT('',(54.360333059447,13.872010687722,
    2.33405476615));
#1996 = CARTESIAN_POINT('',(54.413836621397,14.043195422253,
    2.221755198478));
#1997 = CARTESIAN_POINT('',(54.45936103205,14.225011816579,
    2.135299944983));
#1998 = CARTESIAN_POINT('',(54.494203873734,14.414082285579,
    2.072720605498));
#1999 = CARTESIAN_POINT('',(54.517810664233,14.607573176761,
    2.031399017472));
#2000 = CARTESIAN_POINT('',(54.530954594044,14.803323251443,
    2.008571812882));
#2001 = CARTESIAN_POINT('',(54.534896197643,15.0000006,2.001736844435));
#2002 = ORIENTED_EDGE('',*,*,#2003,.T.);
#2003 = EDGE_CURVE('',#1979,#2004,#2006,.T.);
#2004 = VERTEX_POINT('',#2005);
#2005 = CARTESIAN_POINT('',(61.465103814382,15.,2.001736865286));
#2006 = CIRCLE('',#2007,4.);
#2007 = AXIS2_PLACEMENT_3D('',#2008,#2009,#2010);
#2008 = CARTESIAN_POINT('',(58.,15.,4.));
#2009 = DIRECTION('',(0.,-1.,1.110223024625E-16));
#2010 = DIRECTION('',(1.,0.,0.));
#2011 = ORIENTED_EDGE('',*,*,#2012,.F.);
#2012 = EDGE_CURVE('',#1910,#2004,#2013,.T.);
#2013 = B_SPLINE_CURVE_WITH_KNOTS('',7,(#2014,#2015,#2016,#2017,#2018,
    #2019,#2020,#2021,#2022,#2023,#2024,#2025,#2026,#2027,#2028,#2029,
    #2030,#2031,#2032,#2033),.UNSPECIFIED.,.F.,.F.,(8,6,6,8),(0.,
    0.299213165045,0.509438594297,1.),.UNSPECIFIED.);
#2014 = CARTESIAN_POINT('',(62.,13.071796769724,4.));
#2015 = CARTESIAN_POINT('',(62.,13.071796769724,3.845051170151));
#2016 = CARTESIAN_POINT('',(61.992997351843,13.08392591626,
    3.689998262793));
#2017 = CARTESIAN_POINT('',(61.978974969453,13.108212207384,
    3.537445699096));
#2018 = CARTESIAN_POINT('',(61.958545604967,13.144135819752,
    3.38955915687));
#2019 = CARTESIAN_POINT('',(61.932750545348,13.190950980179,
    3.248111827785));
#2020 = CARTESIAN_POINT('',(61.902884671537,13.2476992827,3.114493318573
    ));
#2021 = CARTESIAN_POINT('',(61.847428142579,13.359276390592,
    2.902044484916));
#2022 = CARTESIAN_POINT('',(61.823189171364,13.409693814654,
    2.818667672641));
#2023 = CARTESIAN_POINT('',(61.798045309315,13.464139679651,
    2.739868748228));
#2024 = CARTESIAN_POINT('',(61.772448715962,13.522263285919,
    2.665826973628));
#2025 = CARTESIAN_POINT('',(61.746827204346,13.583719600894,
    2.596635682381));
#2026 = CARTESIAN_POINT('',(61.721565846602,13.648177326796,
    2.532318601688));
#2027 = CARTESIAN_POINT('',(61.639666741389,13.872011324886,
    2.334054348093));
#2028 = CARTESIAN_POINT('',(61.58616323733,14.043195986433,
    2.221754930153));
#2029 = CARTESIAN_POINT('',(61.540638881424,14.225012286001,
    2.135299789624));
#2030 = CARTESIAN_POINT('',(61.505796082361,14.414082645771,
    2.072720528624));
#2031 = CARTESIAN_POINT('',(61.48218931948,14.607573419482,
    2.031398989193));
#2032 = CARTESIAN_POINT('',(61.469045403516,14.803323373219,
    2.00857180865));
#2033 = CARTESIAN_POINT('',(61.465103802357,15.0000006,2.001736844435));
#2034 = CYLINDRICAL_SURFACE('',#2035,4.);
#2035 = AXIS2_PLACEMENT_3D('',#2036,#2037,#2038);
#2036 = CARTESIAN_POINT('',(58.,15.,4.));
#2037 = DIRECTION('',(0.,-1.,1.110223024625E-16));
#2038 = DIRECTION('',(1.,0.,0.));
#2039 = ADVANCED_FACE('',(#2040),#2170,.T.);
#2040 = FACE_BOUND('',#2041,.T.);
#2041 = EDGE_LOOP('',(#2042,#2043,#2050,#2051,#2079,#2088,#2114,#2115,
    #2116,#2117,#2143,#2144));
#2042 = ORIENTED_EDGE('',*,*,#1919,.F.);
#2043 = ORIENTED_EDGE('',*,*,#2044,.T.);
#2044 = EDGE_CURVE('',#1910,#1954,#2045,.T.);
#2045 = CIRCLE('',#2046,8.);
#2046 = AXIS2_PLACEMENT_3D('',#2047,#2048,#2049);
#2047 = CARTESIAN_POINT('',(58.,20.,4.));
#2048 = DIRECTION('',(-0.,1.110223024625E-16,1.));
#2049 = DIRECTION('',(0.,-1.,1.110223024625E-16));
#2050 = ORIENTED_EDGE('',*,*,#1953,.T.);
#2051 = ORIENTED_EDGE('',*,*,#2052,.T.);
#2052 = EDGE_CURVE('',#1945,#2053,#2055,.T.);
#2053 = VERTEX_POINT('',#2054);
#2054 = CARTESIAN_POINT('',(58.,15.,5.732050807569));
#2055 = B_SPLINE_CURVE_WITH_KNOTS('',8,(#2056,#2057,#2058,#2059,#2060,
    #2061,#2062,#2063,#2064,#2065,#2066,#2067,#2068,#2069,#2070,#2071,
    #2072,#2073,#2074,#2075,#2076,#2077,#2078),.UNSPECIFIED.,.F.,.F.,(9,
    7,7,9),(0.,0.485318039186,0.616165017574,1.),.UNSPECIFIED.);
#2056 = CARTESIAN_POINT('',(53.2,15.,5.770048746669));
#2057 = CARTESIAN_POINT('',(53.46792045434,15.,5.867649182158));
#2058 = CARTESIAN_POINT('',(53.747120720814,15.,5.937740761606));
#2059 = CARTESIAN_POINT('',(54.033331985703,15.,5.983315088433));
#2060 = CARTESIAN_POINT('',(54.3233664348,15.,6.007447893562));
#2061 = CARTESIAN_POINT('',(54.614977534648,15.,6.013559256078));
#2062 = CARTESIAN_POINT('',(54.906900340346,15.,6.005118245403));
#2063 = CARTESIAN_POINT('',(55.198824567792,15.,5.98556211375));
#2064 = CARTESIAN_POINT('',(55.570341364288,15.,5.951022843046));
#2065 = CARTESIAN_POINT('',(55.649254003233,15.,5.943135237091));
#2066 = CARTESIAN_POINT('',(55.728187286031,15.,5.934764480283));
#2067 = CARTESIAN_POINT('',(55.807144850286,15.,5.925981227471));
#2068 = CARTESIAN_POINT('',(55.886131759622,15.,5.916856990489));
#2069 = CARTESIAN_POINT('',(55.965154503688,15.,5.907464138157));
#2070 = CARTESIAN_POINT('',(56.044220998151,15.,5.897875896282));
#2071 = CARTESIAN_POINT('',(56.355435093018,15.,5.859683730243));
#2072 = CARTESIAN_POINT('',(56.588006016686,15.,5.830154285629));
#2073 = CARTESIAN_POINT('',(56.821316484237,15.,5.801440211198));
#2074 = CARTESIAN_POINT('',(57.055527376522,15.,5.775475991161));
#2075 = CARTESIAN_POINT('',(57.290691387146,15.,5.75421772939));
#2076 = CARTESIAN_POINT('',(57.526734463197,15.,5.73944110033));
#2077 = CARTESIAN_POINT('',(57.763356166018,15.,5.732050807569));
#2078 = CARTESIAN_POINT('',(58.,15.,5.732050807569));
#2079 = ORIENTED_EDGE('',*,*,#2080,.T.);
#2080 = EDGE_CURVE('',#2053,#2081,#2083,.T.);
#2081 = VERTEX_POINT('',#2082);
#2082 = CARTESIAN_POINT('',(58.,15.,2.267949192431));
#2083 = CIRCLE('',#2084,2.);
#2084 = AXIS2_PLACEMENT_3D('',#2085,#2086,#2087);
#2085 = CARTESIAN_POINT('',(58.,14.,4.));
#2086 = DIRECTION('',(-1.,2.449293598295E-16,-2.719262146894E-32));
#2087 = DIRECTION('',(-2.449293598295E-16,-1.,1.110223024625E-16));
#2088 = ORIENTED_EDGE('',*,*,#2089,.T.);
#2089 = EDGE_CURVE('',#2081,#1979,#2090,.T.);
#2090 = B_SPLINE_CURVE_WITH_KNOTS('',8,(#2091,#2092,#2093,#2094,#2095,
    #2096,#2097,#2098,#2099,#2100,#2101,#2102,#2103,#2104,#2105,#2106,
    #2107,#2108,#2109,#2110,#2111,#2112,#2113),.UNSPECIFIED.,.F.,.F.,(9,
    7,7,9),(0.,0.385437212752,0.861213844097,1.),.UNSPECIFIED.);
#2091 = CARTESIAN_POINT('',(58.,15.,2.267949192431));
#2092 = CARTESIAN_POINT('',(57.762366644507,15.,2.267949192431));
#2093 = CARTESIAN_POINT('',(57.524757231285,15.,2.26049696483));
#2094 = CARTESIAN_POINT('',(57.287734202173,15.,2.245596700855));
#2095 = CARTESIAN_POINT('',(57.051599904421,15.,2.224168284401));
#2096 = CARTESIAN_POINT('',(56.816427161813,15.,2.198016953668));
#2097 = CARTESIAN_POINT('',(56.582160810331,15.,2.169125590264));
#2098 = CARTESIAN_POINT('',(56.348636258911,15.,2.139452692868));
#2099 = CARTESIAN_POINT('',(55.827911701726,15.,2.075615816414));
#2100 = CARTESIAN_POINT('',(55.541319354848,15.,2.042073391306));
#2101 = CARTESIAN_POINT('',(55.254843186606,15.,2.013735425565));
#2102 = CARTESIAN_POINT('',(54.968148170419,15.,1.993995997575));
#2103 = CARTESIAN_POINT('',(54.681514000859,15.,1.98612369207));
#2104 = CARTESIAN_POINT('',(54.395832703563,15.,1.993353568754));
#2105 = CARTESIAN_POINT('',(54.112605676992,15.,2.018775056259));
#2106 = CARTESIAN_POINT('',(53.752721720818,15.,2.079288340376));
#2107 = CARTESIAN_POINT('',(53.671872514227,15.,2.094772096514));
#2108 = CARTESIAN_POINT('',(53.591511236489,15.,2.11214989334));
#2109 = CARTESIAN_POINT('',(53.511712972142,15.,2.131496087223));
#2110 = CARTESIAN_POINT('',(53.432562855648,15.,2.152882640627));
#2111 = CARTESIAN_POINT('',(53.354155905355,15.,2.176378316363));
#2112 = CARTESIAN_POINT('',(53.276596857466,15.,2.202047871844));
#2113 = CARTESIAN_POINT('',(53.2,15.,2.229951253331));
#2114 = ORIENTED_EDGE('',*,*,#1978,.F.);
#2115 = ORIENTED_EDGE('',*,*,#2044,.F.);
#2116 = ORIENTED_EDGE('',*,*,#2012,.T.);
#2117 = ORIENTED_EDGE('',*,*,#2118,.T.);
#2118 = EDGE_CURVE('',#2004,#2081,#2119,.T.);
#2119 = B_SPLINE_CURVE_WITH_KNOTS('',8,(#2120,#2121,#2122,#2123,#2124,
    #2125,#2126,#2127,#2128,#2129,#2130,#2131,#2132,#2133,#2134,#2135,
    #2136,#2137,#2138,#2139,#2140,#2141,#2142),.UNSPECIFIED.,.F.,.F.,(9,
    7,7,9),(0.,0.485318039187,0.616165017575,1.),.UNSPECIFIED.);
#2120 = CARTESIAN_POINT('',(62.8,15.,2.229951253331));
#2121 = CARTESIAN_POINT('',(62.532079545659,15.,2.132350817842));
#2122 = CARTESIAN_POINT('',(62.25287927919,15.,2.062259238395));
#2123 = CARTESIAN_POINT('',(61.966668014291,15.,2.016684911566));
#2124 = CARTESIAN_POINT('',(61.676633565209,15.,1.992552106438));
#2125 = CARTESIAN_POINT('',(61.385022465347,15.,1.986440743922));
#2126 = CARTESIAN_POINT('',(61.093099659658,15.,1.994881754597));
#2127 = CARTESIAN_POINT('',(60.801175432209,15.,2.01443788625));
#2128 = CARTESIAN_POINT('',(60.429658635713,15.,2.048977156954));
#2129 = CARTESIAN_POINT('',(60.350745996768,15.,2.056864762909));
#2130 = CARTESIAN_POINT('',(60.27181271397,15.,2.065235519717));
#2131 = CARTESIAN_POINT('',(60.192855149715,15.,2.074018772529));
#2132 = CARTESIAN_POINT('',(60.113868240379,15.,2.083143009511));
#2133 = CARTESIAN_POINT('',(60.034845496313,15.,2.092535861843));
#2134 = CARTESIAN_POINT('',(59.95577900185,15.,2.102124103718));
#2135 = CARTESIAN_POINT('',(59.644564906985,15.,2.140316269756));
#2136 = CARTESIAN_POINT('',(59.411993983306,15.,2.169845714371));
#2137 = CARTESIAN_POINT('',(59.178683515783,15.,2.198559788801));
#2138 = CARTESIAN_POINT('',(58.944472623455,15.,2.22452400884));
#2139 = CARTESIAN_POINT('',(58.709308612873,15.,2.245782270609));
#2140 = CARTESIAN_POINT('',(58.473265536795,15.,2.26055889967));
#2141 = CARTESIAN_POINT('',(58.236643833983,15.,2.267949192431));
#2142 = CARTESIAN_POINT('',(58.,15.,2.267949192431));
#2143 = ORIENTED_EDGE('',*,*,#2080,.F.);
#2144 = ORIENTED_EDGE('',*,*,#2145,.F.);
#2145 = EDGE_CURVE('',#1920,#2053,#2146,.T.);
#2146 = B_SPLINE_CURVE_WITH_KNOTS('',8,(#2147,#2148,#2149,#2150,#2151,
    #2152,#2153,#2154,#2155,#2156,#2157,#2158,#2159,#2160,#2161,#2162,
    #2163,#2164,#2165,#2166,#2167,#2168,#2169),.UNSPECIFIED.,.F.,.F.,(9,
    7,7,9),(0.,0.485318039187,0.616165017575,1.),.UNSPECIFIED.);
#2147 = CARTESIAN_POINT('',(62.8,15.,5.770048746669));
#2148 = CARTESIAN_POINT('',(62.53207954566,15.,5.867649182158));
#2149 = CARTESIAN_POINT('',(62.252879279185,15.,5.937740761607));
#2150 = CARTESIAN_POINT('',(61.966668014297,15.,5.983315088432));
#2151 = CARTESIAN_POINT('',(61.676633565201,15.,6.007447893564));
#2152 = CARTESIAN_POINT('',(61.385022465348,15.,6.013559256077));
#2153 = CARTESIAN_POINT('',(61.093099659655,15.,6.005118245404));
#2154 = CARTESIAN_POINT('',(60.801175432206,15.,5.98556211375));
#2155 = CARTESIAN_POINT('',(60.42965863571,15.,5.951022843046));
#2156 = CARTESIAN_POINT('',(60.350745996765,15.,5.943135237091));
#2157 = CARTESIAN_POINT('',(60.271812713967,15.,5.934764480283));
#2158 = CARTESIAN_POINT('',(60.192855149712,15.,5.925981227471));
#2159 = CARTESIAN_POINT('',(60.113868240376,15.,5.916856990488));
#2160 = CARTESIAN_POINT('',(60.03484549631,15.,5.907464138156));
#2161 = CARTESIAN_POINT('',(59.955779001847,15.,5.897875896282));
#2162 = CARTESIAN_POINT('',(59.644564906982,15.,5.859683730243));
#2163 = CARTESIAN_POINT('',(59.411993983305,15.,5.830154285628));
#2164 = CARTESIAN_POINT('',(59.178683515778,15.,5.801440211199));
#2165 = CARTESIAN_POINT('',(58.944472623457,15.,5.77547599116));
#2166 = CARTESIAN_POINT('',(58.709308612869,15.,5.754217729391));
#2167 = CARTESIAN_POINT('',(58.473265536795,15.,5.73944110033));
#2168 = CARTESIAN_POINT('',(58.236643833983,15.,5.732050807569));
#2169 = CARTESIAN_POINT('',(58.,15.,5.732050807569));
#2170 = TOROIDAL_SURFACE('',#2171,6.,2.);
#2171 = AXIS2_PLACEMENT_3D('',#2172,#2173,#2174);
#2172 = CARTESIAN_POINT('',(58.,20.,4.));
#2173 = DIRECTION('',(0.,1.110223024625E-16,1.));
#2174 = DIRECTION('',(0.,-1.,1.110223024625E-16));
#2175 = ADVANCED_FACE('',(#2176),#2181,.F.);
#2176 = FACE_BOUND('',#2177,.F.);
#2177 = EDGE_LOOP('',(#2178,#2179,#2180));
#2178 = ORIENTED_EDGE('',*,*,#2003,.T.);
#2179 = ORIENTED_EDGE('',*,*,#2118,.T.);
#2180 = ORIENTED_EDGE('',*,*,#2089,.T.);
#2181 = PLANE('',#2182);
#2182 = AXIS2_PLACEMENT_3D('',#2183,#2184,#2185);
#2183 = CARTESIAN_POINT('',(58.,15.,4.));
#2184 = DIRECTION('',(0.,-1.,1.110223024625E-16));
#2185 = DIRECTION('',(1.,0.,0.));
#2186 = ADVANCED_FACE('',(#2187),#2192,.F.);
#2187 = FACE_BOUND('',#2188,.F.);
#2188 = EDGE_LOOP('',(#2189,#2190,#2191));
#2189 = ORIENTED_EDGE('',*,*,#2145,.F.);
#2190 = ORIENTED_EDGE('',*,*,#1944,.T.);
#2191 = ORIENTED_EDGE('',*,*,#2052,.T.);
#2192 = PLANE('',#2193);
#2193 = AXIS2_PLACEMENT_3D('',#2194,#2195,#2196);
#2194 = CARTESIAN_POINT('',(58.,15.,4.));
#2195 = DIRECTION('',(0.,-1.,1.110223024625E-16));
#2196 = DIRECTION('',(1.,0.,0.));
#2197 = MANIFOLD_SOLID_BREP('',#2198);
#2198 = CLOSED_SHELL('',(#2199,#2232,#2252,#2261,#2395,#2531,#2542));
#2199 = ADVANCED_FACE('',(#2200),#2227,.T.);
#2200 = FACE_BOUND('',#2201,.T.);
#2201 = EDGE_LOOP('',(#2202,#2212,#2219,#2220));
#2202 = ORIENTED_EDGE('',*,*,#2203,.T.);
#2203 = EDGE_CURVE('',#2204,#2206,#2208,.T.);
#2204 = VERTEX_POINT('',#2205);
#2205 = CARTESIAN_POINT('',(-67.05,-41.,4.));
#2206 = VERTEX_POINT('',#2207);
#2207 = CARTESIAN_POINT('',(-67.05,-78.,4.));
#2208 = LINE('',#2209,#2210);
#2209 = CARTESIAN_POINT('',(-67.05,-40.,4.));
#2210 = VECTOR('',#2211,1.);
#2211 = DIRECTION('',(0.,-1.,1.110223024625E-16));
#2212 = ORIENTED_EDGE('',*,*,#2213,.F.);
#2213 = EDGE_CURVE('',#2206,#2206,#2214,.T.);
#2214 = CIRCLE('',#2215,1.95);
#2215 = AXIS2_PLACEMENT_3D('',#2216,#2217,#2218);
#2216 = CARTESIAN_POINT('',(-69.,-78.,4.));
#2217 = DIRECTION('',(0.,-1.,1.110223024625E-16));
#2218 = DIRECTION('',(1.,0.,0.));
#2219 = ORIENTED_EDGE('',*,*,#2203,.F.);
#2220 = ORIENTED_EDGE('',*,*,#2221,.T.);
#2221 = EDGE_CURVE('',#2204,#2204,#2222,.T.);
#2222 = CIRCLE('',#2223,1.95);
#2223 = AXIS2_PLACEMENT_3D('',#2224,#2225,#2226);
#2224 = CARTESIAN_POINT('',(-69.,-41.,4.));
#2225 = DIRECTION('',(0.,-1.,1.110223024625E-16));
#2226 = DIRECTION('',(1.,0.,0.));
#2227 = CYLINDRICAL_SURFACE('',#2228,1.95);
#2228 = AXIS2_PLACEMENT_3D('',#2229,#2230,#2231);
#2229 = CARTESIAN_POINT('',(-69.,-40.,4.));
#2230 = DIRECTION('',(0.,-1.,1.110223024625E-16));
#2231 = DIRECTION('',(1.,0.,0.));
#2232 = ADVANCED_FACE('',(#2233,#2244),#2247,.T.);
#2233 = FACE_BOUND('',#2234,.T.);
#2234 = EDGE_LOOP('',(#2235));
#2235 = ORIENTED_EDGE('',*,*,#2236,.T.);
#2236 = EDGE_CURVE('',#2237,#2237,#2239,.T.);
#2237 = VERTEX_POINT('',#2238);
#2238 = CARTESIAN_POINT('',(-65.,-41.,4.));
#2239 = CIRCLE('',#2240,4.);
#2240 = AXIS2_PLACEMENT_3D('',#2241,#2242,#2243);
#2241 = CARTESIAN_POINT('',(-69.,-41.,4.));
#2242 = DIRECTION('',(0.,-1.,1.110223024625E-16));
#2243 = DIRECTION('',(1.,0.,0.));
#2244 = FACE_BOUND('',#2245,.T.);
#2245 = EDGE_LOOP('',(#2246));
#2246 = ORIENTED_EDGE('',*,*,#2221,.F.);
#2247 = PLANE('',#2248);
#2248 = AXIS2_PLACEMENT_3D('',#2249,#2250,#2251);
#2249 = CARTESIAN_POINT('',(-69.,-41.,4.));
#2250 = DIRECTION('',(0.,-1.,1.110223024625E-16));
#2251 = DIRECTION('',(1.,0.,0.));
#2252 = ADVANCED_FACE('',(#2253),#2256,.T.);
#2253 = FACE_BOUND('',#2254,.T.);
#2254 = EDGE_LOOP('',(#2255));
#2255 = ORIENTED_EDGE('',*,*,#2213,.T.);
#2256 = PLANE('',#2257);
#2257 = AXIS2_PLACEMENT_3D('',#2258,#2259,#2260);
#2258 = CARTESIAN_POINT('',(-69.,-78.,4.));
#2259 = DIRECTION('',(0.,-1.,1.110223024625E-16));
#2260 = DIRECTION('',(1.,0.,0.));
#2261 = ADVANCED_FACE('',(#2262),#2390,.T.);
#2262 = FACE_BOUND('',#2263,.T.);
#2263 = EDGE_LOOP('',(#2264,#2272,#2273,#2274,#2299,#2308,#2333,#2358,
    #2367));
#2264 = ORIENTED_EDGE('',*,*,#2265,.T.);
#2265 = EDGE_CURVE('',#2266,#2237,#2268,.T.);
#2266 = VERTEX_POINT('',#2267);
#2267 = CARTESIAN_POINT('',(-65.,-36.92820323027,4.));
#2268 = LINE('',#2269,#2270);
#2269 = CARTESIAN_POINT('',(-65.,-35.,4.));
#2270 = VECTOR('',#2271,1.);
#2271 = DIRECTION('',(0.,-1.,1.110223024625E-16));
#2272 = ORIENTED_EDGE('',*,*,#2236,.F.);
#2273 = ORIENTED_EDGE('',*,*,#2265,.F.);
#2274 = ORIENTED_EDGE('',*,*,#2275,.T.);
#2275 = EDGE_CURVE('',#2266,#2276,#2278,.T.);
#2276 = VERTEX_POINT('',#2277);
#2277 = CARTESIAN_POINT('',(-65.53489618561,-35.,5.998263134714));
#2278 = B_SPLINE_CURVE_WITH_KNOTS('',7,(#2279,#2280,#2281,#2282,#2283,
    #2284,#2285,#2286,#2287,#2288,#2289,#2290,#2291,#2292,#2293,#2294,
    #2295,#2296,#2297,#2298),.UNSPECIFIED.,.F.,.F.,(8,6,6,8),(0.,
    0.299213323662,0.509438769415,1.),.UNSPECIFIED.);
#2279 = CARTESIAN_POINT('',(-65.,-36.92820323027,4.));
#2280 = CARTESIAN_POINT('',(-65.,-36.92820323027,4.15494891201));
#2281 = CARTESIAN_POINT('',(-65.00700265558,-36.91607407087,
    4.310001901719));
#2282 = CARTESIAN_POINT('',(-65.02102505286,-36.89178775396,
    4.462554543631));
#2283 = CARTESIAN_POINT('',(-65.04145443836,-36.85586410404,
    4.610441156735));
#2284 = CARTESIAN_POINT('',(-65.067249523,-36.80904889575,4.751888547057
    ));
#2285 = CARTESIAN_POINT('',(-65.09711542344,-36.75230053684,
    4.885507106409));
#2286 = CARTESIAN_POINT('',(-65.15257198629,-36.64072334264,
    5.09795596584));
#2287 = CARTESIAN_POINT('',(-65.17681096393,-36.59030589581,
    5.181332763727));
#2288 = CARTESIAN_POINT('',(-65.2019548308,-36.53586000878,
    5.260131672254));
#2289 = CARTESIAN_POINT('',(-65.22755142733,-36.47773638127,
    5.334173429723));
#2290 = CARTESIAN_POINT('',(-65.25317294047,-36.41628004589,
    5.403364702823));
#2291 = CARTESIAN_POINT('',(-65.27843429816,-36.35182230045,
    5.467681764565));
#2292 = CARTESIAN_POINT('',(-65.36033337323,-36.12798830842,
    5.665945892501));
#2293 = CARTESIAN_POINT('',(-65.41383684397,-35.95680368887,
    5.77824522427));
#2294 = CARTESIAN_POINT('',(-65.45936116837,-35.77498744384,
    5.864700299786));
#2295 = CARTESIAN_POINT('',(-65.4942039429,-35.58591714693,
    5.927279515617));
#2296 = CARTESIAN_POINT('',(-65.51781068989,-35.39242644083,
    5.968601027082));
#2297 = CARTESIAN_POINT('',(-65.53095459788,-35.19667655669,
    5.991428193785));
#2298 = CARTESIAN_POINT('',(-65.53489619764,-34.9999994,5.998263155565)
  );
#2299 = ORIENTED_EDGE('',*,*,#2300,.T.);
#2300 = EDGE_CURVE('',#2276,#2301,#2303,.T.);
#2301 = VERTEX_POINT('',#2302);
#2302 = CARTESIAN_POINT('',(-72.46510381438,-35.,5.998263134714));
#2303 = CIRCLE('',#2304,4.);
#2304 = AXIS2_PLACEMENT_3D('',#2305,#2306,#2307);
#2305 = CARTESIAN_POINT('',(-69.,-35.,4.));
#2306 = DIRECTION('',(0.,-1.,1.110223024625E-16));
#2307 = DIRECTION('',(1.,0.,0.));
#2308 = ORIENTED_EDGE('',*,*,#2309,.F.);
#2309 = EDGE_CURVE('',#2310,#2301,#2312,.T.);
#2310 = VERTEX_POINT('',#2311);
#2311 = CARTESIAN_POINT('',(-73.,-36.92820323027,4.));
#2312 = B_SPLINE_CURVE_WITH_KNOTS('',7,(#2313,#2314,#2315,#2316,#2317,
    #2318,#2319,#2320,#2321,#2322,#2323,#2324,#2325,#2326,#2327,#2328,
    #2329,#2330,#2331,#2332),.UNSPECIFIED.,.F.,.F.,(8,6,6,8),(0.,
    0.299212889432,0.509438290013,1.),.UNSPECIFIED.);
#2313 = CARTESIAN_POINT('',(-73.,-36.92820323027,4.));
#2314 = CARTESIAN_POINT('',(-73.,-36.92820323027,4.154948687085));
#2315 = CARTESIAN_POINT('',(-72.99299736474,-36.91607410609,
    4.310001451352));
#2316 = CARTESIAN_POINT('',(-72.97897500823,-36.89178785978,
    4.462553879143));
#2317 = CARTESIAN_POINT('',(-72.95854568026,-36.85586431265,
    4.610440298209));
#2318 = CARTESIAN_POINT('',(-72.93275066412,-36.80904923539,
    4.75188752089));
#2319 = CARTESIAN_POINT('',(-72.90288483657,-36.75230103086,
    4.88550594298));
#2320 = CARTESIAN_POINT('',(-72.84742836651,-36.64072407293,
    5.097954731852));
#2321 = CARTESIAN_POINT('',(-72.82318940646,-36.59030668843,
    5.181331569129));
#2322 = CARTESIAN_POINT('',(-72.79804555279,-36.53586086172,
    5.260130521144));
#2323 = CARTESIAN_POINT('',(-72.77244896495,-36.47773729236,
    5.334172325512));
#2324 = CARTESIAN_POINT('',(-72.74682745598,-36.41628101284,
    5.403363648292));
#2325 = CARTESIAN_POINT('',(-72.72156609814,-36.35182332088,
    5.467680761914));
#2326 = CARTESIAN_POINT('',(-72.63966694055,-36.12798931227,
    5.665945233851));
#2327 = CARTESIAN_POINT('',(-72.5861633786,-35.95680457774,
    5.778244801521));
#2328 = CARTESIAN_POINT('',(-72.54063896794,-35.77498818341,
    5.864700055019));
#2329 = CARTESIAN_POINT('',(-72.50579612626,-35.58591771442,
    5.927279394501));
#2330 = CARTESIAN_POINT('',(-72.48218933576,-35.39242682323,
    5.968600982529));
#2331 = CARTESIAN_POINT('',(-72.46904540595,-35.19667674855,
    5.991428187118));
#2332 = CARTESIAN_POINT('',(-72.46510380235,-34.9999994,5.998263155565)
  );
#2333 = ORIENTED_EDGE('',*,*,#2334,.T.);
#2334 = EDGE_CURVE('',#2310,#2335,#2337,.T.);
#2335 = VERTEX_POINT('',#2336);
#2336 = CARTESIAN_POINT('',(-72.46510381438,-35.,2.001736865286));
#2337 = B_SPLINE_CURVE_WITH_KNOTS('',7,(#2338,#2339,#2340,#2341,#2342,
    #2343,#2344,#2345,#2346,#2347,#2348,#2349,#2350,#2351,#2352,#2353,
    #2354,#2355,#2356,#2357),.UNSPECIFIED.,.F.,.F.,(8,6,6,8),(0.,
    0.299212889433,0.509438290013,1.),.UNSPECIFIED.);
#2338 = CARTESIAN_POINT('',(-73.,-36.92820323027,4.));
#2339 = CARTESIAN_POINT('',(-73.,-36.92820323027,3.845051312915));
#2340 = CARTESIAN_POINT('',(-72.99299736474,-36.91607410609,
    3.689998548648));
#2341 = CARTESIAN_POINT('',(-72.97897500823,-36.89178785978,
    3.537446120856));
#2342 = CARTESIAN_POINT('',(-72.95854568026,-36.85586431265,
    3.389559701792));
#2343 = CARTESIAN_POINT('',(-72.93275066412,-36.80904923539,
    3.248112479109));
#2344 = CARTESIAN_POINT('',(-72.90288483657,-36.75230103086,
    3.11449405702));
#2345 = CARTESIAN_POINT('',(-72.84742836651,-36.64072407293,
    2.902045268148));
#2346 = CARTESIAN_POINT('',(-72.82318940646,-36.59030668843,
    2.818668430871));
#2347 = CARTESIAN_POINT('',(-72.79804555279,-36.53586086172,
    2.739869478856));
#2348 = CARTESIAN_POINT('',(-72.77244896495,-36.47773729236,
    2.665827674488));
#2349 = CARTESIAN_POINT('',(-72.74682745598,-36.41628101284,
    2.596636351708));
#2350 = CARTESIAN_POINT('',(-72.72156609814,-36.35182332088,
    2.532319238086));
#2351 = CARTESIAN_POINT('',(-72.63966694055,-36.12798931227,
    2.33405476615));
#2352 = CARTESIAN_POINT('',(-72.5861633786,-35.95680457774,
    2.221755198478));
#2353 = CARTESIAN_POINT('',(-72.54063896795,-35.77498818342,
    2.135299944983));
#2354 = CARTESIAN_POINT('',(-72.50579612626,-35.58591771442,
    2.072720605498));
#2355 = CARTESIAN_POINT('',(-72.48218933576,-35.39242682323,
    2.031399017472));
#2356 = CARTESIAN_POINT('',(-72.46904540595,-35.19667674855,
    2.008571812882));
#2357 = CARTESIAN_POINT('',(-72.46510380235,-34.9999994,2.001736844435)
  );
#2358 = ORIENTED_EDGE('',*,*,#2359,.T.);
#2359 = EDGE_CURVE('',#2335,#2360,#2362,.T.);
#2360 = VERTEX_POINT('',#2361);
#2361 = CARTESIAN_POINT('',(-65.53489618561,-35.,2.001736865286));
#2362 = CIRCLE('',#2363,4.);
#2363 = AXIS2_PLACEMENT_3D('',#2364,#2365,#2366);
#2364 = CARTESIAN_POINT('',(-69.,-35.,4.));
#2365 = DIRECTION('',(0.,-1.,1.110223024625E-16));
#2366 = DIRECTION('',(1.,0.,0.));
#2367 = ORIENTED_EDGE('',*,*,#2368,.F.);
#2368 = EDGE_CURVE('',#2266,#2360,#2369,.T.);
#2369 = B_SPLINE_CURVE_WITH_KNOTS('',7,(#2370,#2371,#2372,#2373,#2374,
    #2375,#2376,#2377,#2378,#2379,#2380,#2381,#2382,#2383,#2384,#2385,
    #2386,#2387,#2388,#2389),.UNSPECIFIED.,.F.,.F.,(8,6,6,8),(0.,
    0.299213165045,0.509438594297,1.),.UNSPECIFIED.);
#2370 = CARTESIAN_POINT('',(-65.,-36.92820323027,4.));
#2371 = CARTESIAN_POINT('',(-65.,-36.92820323027,3.845051170151));
#2372 = CARTESIAN_POINT('',(-65.00700264815,-36.91607408374,
    3.689998262793));
#2373 = CARTESIAN_POINT('',(-65.02102503054,-36.89178779261,
    3.537445699096));
#2374 = CARTESIAN_POINT('',(-65.04145439503,-36.85586418024,
    3.38955915687));
#2375 = CARTESIAN_POINT('',(-65.06724945465,-36.80904901982,
    3.248111827785));
#2376 = CARTESIAN_POINT('',(-65.09711532846,-36.7523007173,
    3.114493318573));
#2377 = CARTESIAN_POINT('',(-65.15257185742,-36.6407236094,
    2.902044484916));
#2378 = CARTESIAN_POINT('',(-65.17681082863,-36.59030618534,
    2.818667672641));
#2379 = CARTESIAN_POINT('',(-65.20195469068,-36.53586032034,
    2.739868748228));
#2380 = CARTESIAN_POINT('',(-65.22755128403,-36.47773671408,
    2.665826973628));
#2381 = CARTESIAN_POINT('',(-65.25317279565,-36.4162803991,
    2.596635682381));
#2382 = CARTESIAN_POINT('',(-65.27843415339,-36.3518226732,
    2.532318601688));
#2383 = CARTESIAN_POINT('',(-65.36033325861,-36.12798867511,
    2.334054348093));
#2384 = CARTESIAN_POINT('',(-65.41383676267,-35.95680401356,
    2.221754930153));
#2385 = CARTESIAN_POINT('',(-65.45936111857,-35.77498771399,
    2.135299789624));
#2386 = CARTESIAN_POINT('',(-65.49420391763,-35.58591735422,
    2.072720528624));
#2387 = CARTESIAN_POINT('',(-65.51781068052,-35.39242658051,
    2.031398989193));
#2388 = CARTESIAN_POINT('',(-65.53095459648,-35.19667662678,
    2.00857180865));
#2389 = CARTESIAN_POINT('',(-65.53489619764,-34.9999994,2.001736844435)
  );
#2390 = CYLINDRICAL_SURFACE('',#2391,4.);
#2391 = AXIS2_PLACEMENT_3D('',#2392,#2393,#2394);
#2392 = CARTESIAN_POINT('',(-69.,-35.,4.));
#2393 = DIRECTION('',(0.,-1.,1.110223024625E-16));
#2394 = DIRECTION('',(1.,0.,0.));
#2395 = ADVANCED_FACE('',(#2396),#2526,.T.);
#2396 = FACE_BOUND('',#2397,.T.);
#2397 = EDGE_LOOP('',(#2398,#2399,#2406,#2407,#2435,#2444,#2470,#2471,
    #2472,#2473,#2499,#2500));
#2398 = ORIENTED_EDGE('',*,*,#2275,.F.);
#2399 = ORIENTED_EDGE('',*,*,#2400,.T.);
#2400 = EDGE_CURVE('',#2266,#2310,#2401,.T.);
#2401 = CIRCLE('',#2402,8.);
#2402 = AXIS2_PLACEMENT_3D('',#2403,#2404,#2405);
#2403 = CARTESIAN_POINT('',(-69.,-30.,4.));
#2404 = DIRECTION('',(-0.,1.110223024625E-16,1.));
#2405 = DIRECTION('',(0.,-1.,1.110223024625E-16));
#2406 = ORIENTED_EDGE('',*,*,#2309,.T.);
#2407 = ORIENTED_EDGE('',*,*,#2408,.T.);
#2408 = EDGE_CURVE('',#2301,#2409,#2411,.T.);
#2409 = VERTEX_POINT('',#2410);
#2410 = CARTESIAN_POINT('',(-69.,-35.,5.732050807569));
#2411 = B_SPLINE_CURVE_WITH_KNOTS('',8,(#2412,#2413,#2414,#2415,#2416,
    #2417,#2418,#2419,#2420,#2421,#2422,#2423,#2424,#2425,#2426,#2427,
    #2428,#2429,#2430,#2431,#2432,#2433,#2434),.UNSPECIFIED.,.F.,.F.,(9,
    7,7,9),(0.,0.485318039186,0.616165017574,1.),.UNSPECIFIED.);
#2412 = CARTESIAN_POINT('',(-73.8,-35.,5.770048746669));
#2413 = CARTESIAN_POINT('',(-73.53207954566,-35.,5.867649182158));
#2414 = CARTESIAN_POINT('',(-73.25287927918,-35.,5.937740761606));
#2415 = CARTESIAN_POINT('',(-72.96666801429,-35.,5.983315088433));
#2416 = CARTESIAN_POINT('',(-72.6766335652,-35.,6.007447893562));
#2417 = CARTESIAN_POINT('',(-72.38502246535,-35.,6.013559256078));
#2418 = CARTESIAN_POINT('',(-72.09309965965,-35.,6.005118245403));
#2419 = CARTESIAN_POINT('',(-71.8011754322,-35.,5.98556211375));
#2420 = CARTESIAN_POINT('',(-71.42965863571,-35.,5.951022843046));
#2421 = CARTESIAN_POINT('',(-71.35074599676,-35.,5.943135237091));
#2422 = CARTESIAN_POINT('',(-71.27181271396,-35.,5.934764480283));
#2423 = CARTESIAN_POINT('',(-71.19285514971,-35.,5.925981227471));
#2424 = CARTESIAN_POINT('',(-71.11386824037,-35.,5.916856990489));
#2425 = CARTESIAN_POINT('',(-71.03484549631,-35.,5.907464138157));
#2426 = CARTESIAN_POINT('',(-70.95577900184,-35.,5.897875896282));
#2427 = CARTESIAN_POINT('',(-70.64456490698,-35.,5.859683730243));
#2428 = CARTESIAN_POINT('',(-70.41199398331,-35.,5.830154285629));
#2429 = CARTESIAN_POINT('',(-70.17868351576,-35.,5.801440211198));
#2430 = CARTESIAN_POINT('',(-69.94447262347,-35.,5.775475991161));
#2431 = CARTESIAN_POINT('',(-69.70930861285,-35.,5.75421772939));
#2432 = CARTESIAN_POINT('',(-69.4732655368,-35.,5.73944110033));
#2433 = CARTESIAN_POINT('',(-69.23664383398,-35.,5.732050807569));
#2434 = CARTESIAN_POINT('',(-69.,-35.,5.732050807569));
#2435 = ORIENTED_EDGE('',*,*,#2436,.T.);
#2436 = EDGE_CURVE('',#2409,#2437,#2439,.T.);
#2437 = VERTEX_POINT('',#2438);
#2438 = CARTESIAN_POINT('',(-69.,-35.,2.267949192431));
#2439 = CIRCLE('',#2440,2.);
#2440 = AXIS2_PLACEMENT_3D('',#2441,#2442,#2443);
#2441 = CARTESIAN_POINT('',(-69.,-36.,4.));
#2442 = DIRECTION('',(-1.,2.449293598295E-16,-2.719262146894E-32));
#2443 = DIRECTION('',(-2.449293598295E-16,-1.,1.110223024625E-16));
#2444 = ORIENTED_EDGE('',*,*,#2445,.T.);
#2445 = EDGE_CURVE('',#2437,#2335,#2446,.T.);
#2446 = B_SPLINE_CURVE_WITH_KNOTS('',8,(#2447,#2448,#2449,#2450,#2451,
    #2452,#2453,#2454,#2455,#2456,#2457,#2458,#2459,#2460,#2461,#2462,
    #2463,#2464,#2465,#2466,#2467,#2468,#2469),.UNSPECIFIED.,.F.,.F.,(9,
    7,7,9),(0.,0.385437212752,0.861213844097,1.),.UNSPECIFIED.);
#2447 = CARTESIAN_POINT('',(-69.,-35.,2.267949192431));
#2448 = CARTESIAN_POINT('',(-69.23763335549,-35.,2.267949192431));
#2449 = CARTESIAN_POINT('',(-69.47524276871,-35.,2.26049696483));
#2450 = CARTESIAN_POINT('',(-69.71226579782,-35.,2.245596700855));
#2451 = CARTESIAN_POINT('',(-69.94840009557,-35.,2.224168284401));
#2452 = CARTESIAN_POINT('',(-70.18357283818,-35.,2.198016953668));
#2453 = CARTESIAN_POINT('',(-70.41783918966,-35.,2.169125590264));
#2454 = CARTESIAN_POINT('',(-70.65136374108,-35.,2.139452692868));
#2455 = CARTESIAN_POINT('',(-71.17208829827,-35.,2.075615816414));
#2456 = CARTESIAN_POINT('',(-71.45868064515,-35.,2.042073391306));
#2457 = CARTESIAN_POINT('',(-71.74515681339,-35.,2.013735425565));
#2458 = CARTESIAN_POINT('',(-72.03185182958,-35.,1.993995997575));
#2459 = CARTESIAN_POINT('',(-72.31848599914,-35.,1.98612369207));
#2460 = CARTESIAN_POINT('',(-72.60416729643,-35.,1.993353568754));
#2461 = CARTESIAN_POINT('',(-72.887394323,-35.,2.018775056259));
#2462 = CARTESIAN_POINT('',(-73.24727827918,-35.,2.079288340376));
#2463 = CARTESIAN_POINT('',(-73.32812748577,-35.,2.094772096514));
#2464 = CARTESIAN_POINT('',(-73.40848876351,-35.,2.11214989334));
#2465 = CARTESIAN_POINT('',(-73.48828702785,-35.,2.131496087223));
#2466 = CARTESIAN_POINT('',(-73.56743714435,-35.,2.152882640627));
#2467 = CARTESIAN_POINT('',(-73.64584409464,-35.,2.176378316363));
#2468 = CARTESIAN_POINT('',(-73.72340314253,-35.,2.202047871844));
#2469 = CARTESIAN_POINT('',(-73.8,-35.,2.229951253331));
#2470 = ORIENTED_EDGE('',*,*,#2334,.F.);
#2471 = ORIENTED_EDGE('',*,*,#2400,.F.);
#2472 = ORIENTED_EDGE('',*,*,#2368,.T.);
#2473 = ORIENTED_EDGE('',*,*,#2474,.T.);
#2474 = EDGE_CURVE('',#2360,#2437,#2475,.T.);
#2475 = B_SPLINE_CURVE_WITH_KNOTS('',8,(#2476,#2477,#2478,#2479,#2480,
    #2481,#2482,#2483,#2484,#2485,#2486,#2487,#2488,#2489,#2490,#2491,
    #2492,#2493,#2494,#2495,#2496,#2497,#2498),.UNSPECIFIED.,.F.,.F.,(9,
    7,7,9),(0.,0.485318039187,0.616165017575,1.),.UNSPECIFIED.);
#2476 = CARTESIAN_POINT('',(-64.2,-35.,2.229951253331));
#2477 = CARTESIAN_POINT('',(-64.46792045434,-35.,2.132350817842));
#2478 = CARTESIAN_POINT('',(-64.74712072081,-35.,2.062259238395));
#2479 = CARTESIAN_POINT('',(-65.0333319857,-35.,2.016684911566));
#2480 = CARTESIAN_POINT('',(-65.32336643479,-35.,1.992552106438));
#2481 = CARTESIAN_POINT('',(-65.61497753465,-35.,1.986440743922));
#2482 = CARTESIAN_POINT('',(-65.90690034034,-35.,1.994881754597));
#2483 = CARTESIAN_POINT('',(-66.19882456779,-35.,2.01443788625));
#2484 = CARTESIAN_POINT('',(-66.57034136428,-35.,2.048977156954));
#2485 = CARTESIAN_POINT('',(-66.64925400323,-35.,2.056864762909));
#2486 = CARTESIAN_POINT('',(-66.72818728603,-35.,2.065235519717));
#2487 = CARTESIAN_POINT('',(-66.80714485028,-35.,2.074018772529));
#2488 = CARTESIAN_POINT('',(-66.88613175962,-35.,2.083143009511));
#2489 = CARTESIAN_POINT('',(-66.96515450368,-35.,2.092535861843));
#2490 = CARTESIAN_POINT('',(-67.04422099815,-35.,2.102124103718));
#2491 = CARTESIAN_POINT('',(-67.35543509301,-35.,2.140316269756));
#2492 = CARTESIAN_POINT('',(-67.58800601669,-35.,2.169845714371));
#2493 = CARTESIAN_POINT('',(-67.82131648421,-35.,2.198559788801));
#2494 = CARTESIAN_POINT('',(-68.05552737654,-35.,2.22452400884));
#2495 = CARTESIAN_POINT('',(-68.29069138712,-35.,2.245782270609));
#2496 = CARTESIAN_POINT('',(-68.5267344632,-35.,2.26055889967));
#2497 = CARTESIAN_POINT('',(-68.76335616601,-35.,2.267949192431));
#2498 = CARTESIAN_POINT('',(-69.,-35.,2.267949192431));
#2499 = ORIENTED_EDGE('',*,*,#2436,.F.);
#2500 = ORIENTED_EDGE('',*,*,#2501,.F.);
#2501 = EDGE_CURVE('',#2276,#2409,#2502,.T.);
#2502 = B_SPLINE_CURVE_WITH_KNOTS('',8,(#2503,#2504,#2505,#2506,#2507,
    #2508,#2509,#2510,#2511,#2512,#2513,#2514,#2515,#2516,#2517,#2518,
    #2519,#2520,#2521,#2522,#2523,#2524,#2525),.UNSPECIFIED.,.F.,.F.,(9,
    7,7,9),(0.,0.485318039187,0.616165017575,1.),.UNSPECIFIED.);
#2503 = CARTESIAN_POINT('',(-64.2,-35.,5.770048746669));
#2504 = CARTESIAN_POINT('',(-64.46792045434,-35.,5.867649182158));
#2505 = CARTESIAN_POINT('',(-64.74712072081,-35.,5.937740761607));
#2506 = CARTESIAN_POINT('',(-65.0333319857,-35.,5.983315088432));
#2507 = CARTESIAN_POINT('',(-65.32336643479,-35.,6.007447893564));
#2508 = CARTESIAN_POINT('',(-65.61497753465,-35.,6.013559256077));
#2509 = CARTESIAN_POINT('',(-65.90690034034,-35.,6.005118245404));
#2510 = CARTESIAN_POINT('',(-66.19882456779,-35.,5.98556211375));
#2511 = CARTESIAN_POINT('',(-66.57034136429,-35.,5.951022843046));
#2512 = CARTESIAN_POINT('',(-66.64925400323,-35.,5.943135237091));
#2513 = CARTESIAN_POINT('',(-66.72818728603,-35.,5.934764480283));
#2514 = CARTESIAN_POINT('',(-66.80714485028,-35.,5.925981227471));
#2515 = CARTESIAN_POINT('',(-66.88613175962,-35.,5.916856990488));
#2516 = CARTESIAN_POINT('',(-66.96515450369,-35.,5.907464138156));
#2517 = CARTESIAN_POINT('',(-67.04422099815,-35.,5.897875896282));
#2518 = CARTESIAN_POINT('',(-67.35543509301,-35.,5.859683730243));
#2519 = CARTESIAN_POINT('',(-67.58800601669,-35.,5.830154285628));
#2520 = CARTESIAN_POINT('',(-67.82131648422,-35.,5.801440211199));
#2521 = CARTESIAN_POINT('',(-68.05552737654,-35.,5.77547599116));
#2522 = CARTESIAN_POINT('',(-68.29069138713,-35.,5.754217729391));
#2523 = CARTESIAN_POINT('',(-68.5267344632,-35.,5.73944110033));
#2524 = CARTESIAN_POINT('',(-68.76335616601,-35.,5.732050807569));
#2525 = CARTESIAN_POINT('',(-69.,-35.,5.732050807569));
#2526 = TOROIDAL_SURFACE('',#2527,6.,2.);
#2527 = AXIS2_PLACEMENT_3D('',#2528,#2529,#2530);
#2528 = CARTESIAN_POINT('',(-69.,-30.,4.));
#2529 = DIRECTION('',(0.,1.110223024625E-16,1.));
#2530 = DIRECTION('',(0.,-1.,1.110223024625E-16));
#2531 = ADVANCED_FACE('',(#2532),#2537,.F.);
#2532 = FACE_BOUND('',#2533,.F.);
#2533 = EDGE_LOOP('',(#2534,#2535,#2536));
#2534 = ORIENTED_EDGE('',*,*,#2359,.T.);
#2535 = ORIENTED_EDGE('',*,*,#2474,.T.);
#2536 = ORIENTED_EDGE('',*,*,#2445,.T.);
#2537 = PLANE('',#2538);
#2538 = AXIS2_PLACEMENT_3D('',#2539,#2540,#2541);
#2539 = CARTESIAN_POINT('',(-69.,-35.,4.));
#2540 = DIRECTION('',(0.,-1.,1.110223024625E-16));
#2541 = DIRECTION('',(1.,0.,0.));
#2542 = ADVANCED_FACE('',(#2543),#2548,.F.);
#2543 = FACE_BOUND('',#2544,.F.);
#2544 = EDGE_LOOP('',(#2545,#2546,#2547));
#2545 = ORIENTED_EDGE('',*,*,#2501,.F.);
#2546 = ORIENTED_EDGE('',*,*,#2300,.T.);
#2547 = ORIENTED_EDGE('',*,*,#2408,.T.);
#2548 = PLANE('',#2549);
#2549 = AXIS2_PLACEMENT_3D('',#2550,#2551,#2552);
#2550 = CARTESIAN_POINT('',(-69.,-35.,4.));
#2551 = DIRECTION('',(0.,-1.,1.110223024625E-16));
#2552 = DIRECTION('',(1.,0.,0.));
#2553 = MANIFOLD_SOLID_BREP('',#2554);
#2554 = CLOSED_SHELL('',(#2555,#2588,#2608,#2617,#2751,#2887,#2898));
#2555 = ADVANCED_FACE('',(#2556),#2583,.T.);
#2556 = FACE_BOUND('',#2557,.T.);
#2557 = EDGE_LOOP('',(#2558,#2568,#2575,#2576));
#2558 = ORIENTED_EDGE('',*,*,#2559,.T.);
#2559 = EDGE_CURVE('',#2560,#2562,#2564,.T.);
#2560 = VERTEX_POINT('',#2561);
#2561 = CARTESIAN_POINT('',(72.95,9.,4.));
#2562 = VERTEX_POINT('',#2563);
#2563 = CARTESIAN_POINT('',(72.95,-28.,4.));
#2564 = LINE('',#2565,#2566);
#2565 = CARTESIAN_POINT('',(72.95,10.,4.));
#2566 = VECTOR('',#2567,1.);
#2567 = DIRECTION('',(0.,-1.,1.110223024625E-16));
#2568 = ORIENTED_EDGE('',*,*,#2569,.F.);
#2569 = EDGE_CURVE('',#2562,#2562,#2570,.T.);
#2570 = CIRCLE('',#2571,1.95);
#2571 = AXIS2_PLACEMENT_3D('',#2572,#2573,#2574);
#2572 = CARTESIAN_POINT('',(71.,-28.,4.));
#2573 = DIRECTION('',(0.,-1.,1.110223024625E-16));
#2574 = DIRECTION('',(1.,0.,0.));
#2575 = ORIENTED_EDGE('',*,*,#2559,.F.);
#2576 = ORIENTED_EDGE('',*,*,#2577,.T.);
#2577 = EDGE_CURVE('',#2560,#2560,#2578,.T.);
#2578 = CIRCLE('',#2579,1.95);
#2579 = AXIS2_PLACEMENT_3D('',#2580,#2581,#2582);
#2580 = CARTESIAN_POINT('',(71.,9.,4.));
#2581 = DIRECTION('',(0.,-1.,1.110223024625E-16));
#2582 = DIRECTION('',(1.,0.,0.));
#2583 = CYLINDRICAL_SURFACE('',#2584,1.95);
#2584 = AXIS2_PLACEMENT_3D('',#2585,#2586,#2587);
#2585 = CARTESIAN_POINT('',(71.,10.,4.));
#2586 = DIRECTION('',(0.,-1.,1.110223024625E-16));
#2587 = DIRECTION('',(1.,0.,0.));
#2588 = ADVANCED_FACE('',(#2589,#2600),#2603,.T.);
#2589 = FACE_BOUND('',#2590,.T.);
#2590 = EDGE_LOOP('',(#2591));
#2591 = ORIENTED_EDGE('',*,*,#2592,.T.);
#2592 = EDGE_CURVE('',#2593,#2593,#2595,.T.);
#2593 = VERTEX_POINT('',#2594);
#2594 = CARTESIAN_POINT('',(75.,9.,4.));
#2595 = CIRCLE('',#2596,4.);
#2596 = AXIS2_PLACEMENT_3D('',#2597,#2598,#2599);
#2597 = CARTESIAN_POINT('',(71.,9.,4.));
#2598 = DIRECTION('',(0.,-1.,1.110223024625E-16));
#2599 = DIRECTION('',(1.,0.,0.));
#2600 = FACE_BOUND('',#2601,.T.);
#2601 = EDGE_LOOP('',(#2602));
#2602 = ORIENTED_EDGE('',*,*,#2577,.F.);
#2603 = PLANE('',#2604);
#2604 = AXIS2_PLACEMENT_3D('',#2605,#2606,#2607);
#2605 = CARTESIAN_POINT('',(71.,9.,4.));
#2606 = DIRECTION('',(0.,-1.,1.110223024625E-16));
#2607 = DIRECTION('',(1.,0.,0.));
#2608 = ADVANCED_FACE('',(#2609),#2612,.T.);
#2609 = FACE_BOUND('',#2610,.T.);
#2610 = EDGE_LOOP('',(#2611));
#2611 = ORIENTED_EDGE('',*,*,#2569,.T.);
#2612 = PLANE('',#2613);
#2613 = AXIS2_PLACEMENT_3D('',#2614,#2615,#2616);
#2614 = CARTESIAN_POINT('',(71.,-28.,4.));
#2615 = DIRECTION('',(0.,-1.,1.110223024625E-16));
#2616 = DIRECTION('',(1.,0.,0.));
#2617 = ADVANCED_FACE('',(#2618),#2746,.T.);
#2618 = FACE_BOUND('',#2619,.T.);
#2619 = EDGE_LOOP('',(#2620,#2628,#2629,#2630,#2655,#2664,#2689,#2714,
    #2723));
#2620 = ORIENTED_EDGE('',*,*,#2621,.T.);
#2621 = EDGE_CURVE('',#2622,#2593,#2624,.T.);
#2622 = VERTEX_POINT('',#2623);
#2623 = CARTESIAN_POINT('',(75.,13.071796769725,4.));
#2624 = LINE('',#2625,#2626);
#2625 = CARTESIAN_POINT('',(75.,15.,4.));
#2626 = VECTOR('',#2627,1.);
#2627 = DIRECTION('',(0.,-1.,1.110223024625E-16));
#2628 = ORIENTED_EDGE('',*,*,#2592,.F.);
#2629 = ORIENTED_EDGE('',*,*,#2621,.F.);
#2630 = ORIENTED_EDGE('',*,*,#2631,.T.);
#2631 = EDGE_CURVE('',#2622,#2632,#2634,.T.);
#2632 = VERTEX_POINT('',#2633);
#2633 = CARTESIAN_POINT('',(74.465103814382,15.,5.998263134714));
#2634 = B_SPLINE_CURVE_WITH_KNOTS('',7,(#2635,#2636,#2637,#2638,#2639,
    #2640,#2641,#2642,#2643,#2644,#2645,#2646,#2647,#2648,#2649,#2650,
    #2651,#2652,#2653,#2654),.UNSPECIFIED.,.F.,.F.,(8,6,6,8),(0.,
    0.299213323662,0.509438769415,1.),.UNSPECIFIED.);
#2635 = CARTESIAN_POINT('',(75.,13.071796769724,4.));
#2636 = CARTESIAN_POINT('',(75.,13.071796769724,4.15494891201));
#2637 = CARTESIAN_POINT('',(74.992997344416,13.083925929123,
    4.310001901719));
#2638 = CARTESIAN_POINT('',(74.978974947134,13.108212246037,
    4.462554543631));
#2639 = CARTESIAN_POINT('',(74.958545561635,13.144135895953,
    4.610441156735));
#2640 = CARTESIAN_POINT('',(74.932750476991,13.190951104243,
    4.751888547057));
#2641 = CARTESIAN_POINT('',(74.902884576559,13.247699463159,
    4.885507106409));
#2642 = CARTESIAN_POINT('',(74.847428013705,13.359276657356,
    5.09795596584));
#2643 = CARTESIAN_POINT('',(74.823189036064,13.409694104185,
    5.181332763727));
#2644 = CARTESIAN_POINT('',(74.798045169191,13.464139991219,
    5.260131672254));
#2645 = CARTESIAN_POINT('',(74.772448572667,13.522263618728,
    5.334173429723));
#2646 = CARTESIAN_POINT('',(74.746827059523,13.583719954105,
    5.403364702823));
#2647 = CARTESIAN_POINT('',(74.721565701839,13.648177699542,
    5.467681764565));
#2648 = CARTESIAN_POINT('',(74.639666626768,13.872011691579,
    5.665945892501));
#2649 = CARTESIAN_POINT('',(74.586163156026,14.043196311124,
    5.77824522427));
#2650 = CARTESIAN_POINT('',(74.540638831628,14.225012556157,
    5.864700299786));
#2651 = CARTESIAN_POINT('',(74.505796057094,14.414082853065,
    5.927279515617));
#2652 = CARTESIAN_POINT('',(74.482189310107,14.60757355917,
    5.968601027082));
#2653 = CARTESIAN_POINT('',(74.469045402111,14.803323443302,
    5.991428193785));
#2654 = CARTESIAN_POINT('',(74.465103802357,15.0000006,5.998263155565));
#2655 = ORIENTED_EDGE('',*,*,#2656,.T.);
#2656 = EDGE_CURVE('',#2632,#2657,#2659,.T.);
#2657 = VERTEX_POINT('',#2658);
#2658 = CARTESIAN_POINT('',(67.534896185618,15.,5.998263134714));
#2659 = CIRCLE('',#2660,4.);
#2660 = AXIS2_PLACEMENT_3D('',#2661,#2662,#2663);
#2661 = CARTESIAN_POINT('',(71.,15.,4.));
#2662 = DIRECTION('',(0.,-1.,1.110223024625E-16));
#2663 = DIRECTION('',(1.,0.,0.));
#2664 = ORIENTED_EDGE('',*,*,#2665,.F.);
#2665 = EDGE_CURVE('',#2666,#2657,#2668,.T.);
#2666 = VERTEX_POINT('',#2667);
#2667 = CARTESIAN_POINT('',(67.,13.071796769724,4.));
#2668 = B_SPLINE_CURVE_WITH_KNOTS('',7,(#2669,#2670,#2671,#2672,#2673,
    #2674,#2675,#2676,#2677,#2678,#2679,#2680,#2681,#2682,#2683,#2684,
    #2685,#2686,#2687,#2688),.UNSPECIFIED.,.F.,.F.,(8,6,6,8),(0.,
    0.299212889432,0.509438290013,1.),.UNSPECIFIED.);
#2669 = CARTESIAN_POINT('',(67.,13.071796769724,4.));
#2670 = CARTESIAN_POINT('',(67.,13.071796769724,4.154948687085));
#2671 = CARTESIAN_POINT('',(67.007002635253,13.083925893908,
    4.310001451352));
#2672 = CARTESIAN_POINT('',(67.021024991766,13.10821214022,
    4.462553879143));
#2673 = CARTESIAN_POINT('',(67.041454319738,13.144135687346,
    4.610440298209));
#2674 = CARTESIAN_POINT('',(67.067249335875,13.190950764606,
    4.75188752089));
#2675 = CARTESIAN_POINT('',(67.09711516343,13.247698969136,4.88550594298
    ));
#2676 = CARTESIAN_POINT('',(67.152571633489,13.359275927065,
    5.097954731852));
#2677 = CARTESIAN_POINT('',(67.176810593538,13.409693311566,
    5.181331569129));
#2678 = CARTESIAN_POINT('',(67.201954447207,13.464139138272,
    5.260130521144));
#2679 = CARTESIAN_POINT('',(67.22755103505,13.522262707631,
    5.334172325512));
#2680 = CARTESIAN_POINT('',(67.253172544012,13.583718987155,
    5.403363648292));
#2681 = CARTESIAN_POINT('',(67.278433901859,13.648176679115,
    5.467680761914));
#2682 = CARTESIAN_POINT('',(67.360333059447,13.872010687723,
    5.665945233851));
#2683 = CARTESIAN_POINT('',(67.413836621396,14.043195422252,
    5.778244801521));
#2684 = CARTESIAN_POINT('',(67.459361032051,14.225011816581,
    5.864700055019));
#2685 = CARTESIAN_POINT('',(67.494203873734,14.414082285578,
    5.927279394501));
#2686 = CARTESIAN_POINT('',(67.517810664233,14.607573176762,
    5.968600982529));
#2687 = CARTESIAN_POINT('',(67.530954594044,14.803323251443,
    5.991428187118));
#2688 = CARTESIAN_POINT('',(67.534896197643,15.0000006,5.998263155565));
#2689 = ORIENTED_EDGE('',*,*,#2690,.T.);
#2690 = EDGE_CURVE('',#2666,#2691,#2693,.T.);
#2691 = VERTEX_POINT('',#2692);
#2692 = CARTESIAN_POINT('',(67.534896185618,15.,2.001736865286));
#2693 = B_SPLINE_CURVE_WITH_KNOTS('',7,(#2694,#2695,#2696,#2697,#2698,
    #2699,#2700,#2701,#2702,#2703,#2704,#2705,#2706,#2707,#2708,#2709,
    #2710,#2711,#2712,#2713),.UNSPECIFIED.,.F.,.F.,(8,6,6,8),(0.,
    0.299212889433,0.509438290013,1.),.UNSPECIFIED.);
#2694 = CARTESIAN_POINT('',(67.,13.071796769724,4.));
#2695 = CARTESIAN_POINT('',(67.,13.071796769724,3.845051312915));
#2696 = CARTESIAN_POINT('',(67.007002635253,13.083925893908,
    3.689998548648));
#2697 = CARTESIAN_POINT('',(67.021024991766,13.10821214022,
    3.537446120856));
#2698 = CARTESIAN_POINT('',(67.041454319738,13.144135687346,
    3.389559701792));
#2699 = CARTESIAN_POINT('',(67.067249335875,13.190950764607,
    3.248112479109));
#2700 = CARTESIAN_POINT('',(67.09711516343,13.247698969136,3.11449405702
    ));
#2701 = CARTESIAN_POINT('',(67.152571633489,13.359275927065,
    2.902045268148));
#2702 = CARTESIAN_POINT('',(67.176810593538,13.409693311566,
    2.818668430871));
#2703 = CARTESIAN_POINT('',(67.201954447207,13.464139138272,
    2.739869478856));
#2704 = CARTESIAN_POINT('',(67.22755103505,13.522262707631,
    2.665827674488));
#2705 = CARTESIAN_POINT('',(67.253172544012,13.583718987155,
    2.596636351708));
#2706 = CARTESIAN_POINT('',(67.278433901859,13.648176679115,
    2.532319238086));
#2707 = CARTESIAN_POINT('',(67.360333059447,13.872010687722,
    2.33405476615));
#2708 = CARTESIAN_POINT('',(67.413836621397,14.043195422253,
    2.221755198478));
#2709 = CARTESIAN_POINT('',(67.45936103205,14.225011816579,
    2.135299944983));
#2710 = CARTESIAN_POINT('',(67.494203873734,14.414082285579,
    2.072720605498));
#2711 = CARTESIAN_POINT('',(67.517810664233,14.607573176761,
    2.031399017472));
#2712 = CARTESIAN_POINT('',(67.530954594044,14.803323251443,
    2.008571812882));
#2713 = CARTESIAN_POINT('',(67.534896197643,15.0000006,2.001736844435));
#2714 = ORIENTED_EDGE('',*,*,#2715,.T.);
#2715 = EDGE_CURVE('',#2691,#2716,#2718,.T.);
#2716 = VERTEX_POINT('',#2717);
#2717 = CARTESIAN_POINT('',(74.465103814382,15.,2.001736865286));
#2718 = CIRCLE('',#2719,4.);
#2719 = AXIS2_PLACEMENT_3D('',#2720,#2721,#2722);
#2720 = CARTESIAN_POINT('',(71.,15.,4.));
#2721 = DIRECTION('',(0.,-1.,1.110223024625E-16));
#2722 = DIRECTION('',(1.,0.,0.));
#2723 = ORIENTED_EDGE('',*,*,#2724,.F.);
#2724 = EDGE_CURVE('',#2622,#2716,#2725,.T.);
#2725 = B_SPLINE_CURVE_WITH_KNOTS('',7,(#2726,#2727,#2728,#2729,#2730,
    #2731,#2732,#2733,#2734,#2735,#2736,#2737,#2738,#2739,#2740,#2741,
    #2742,#2743,#2744,#2745),.UNSPECIFIED.,.F.,.F.,(8,6,6,8),(0.,
    0.299213165045,0.509438594297,1.),.UNSPECIFIED.);
#2726 = CARTESIAN_POINT('',(75.,13.071796769724,4.));
#2727 = CARTESIAN_POINT('',(75.,13.071796769724,3.845051170151));
#2728 = CARTESIAN_POINT('',(74.992997351843,13.08392591626,
    3.689998262793));
#2729 = CARTESIAN_POINT('',(74.978974969453,13.108212207384,
    3.537445699096));
#2730 = CARTESIAN_POINT('',(74.958545604967,13.144135819752,
    3.38955915687));
#2731 = CARTESIAN_POINT('',(74.932750545348,13.190950980179,
    3.248111827785));
#2732 = CARTESIAN_POINT('',(74.902884671537,13.2476992827,3.114493318573
    ));
#2733 = CARTESIAN_POINT('',(74.847428142579,13.359276390592,
    2.902044484916));
#2734 = CARTESIAN_POINT('',(74.823189171364,13.409693814654,
    2.818667672641));
#2735 = CARTESIAN_POINT('',(74.798045309315,13.464139679651,
    2.739868748228));
#2736 = CARTESIAN_POINT('',(74.772448715962,13.522263285919,
    2.665826973628));
#2737 = CARTESIAN_POINT('',(74.746827204346,13.583719600894,
    2.596635682381));
#2738 = CARTESIAN_POINT('',(74.721565846602,13.648177326796,
    2.532318601688));
#2739 = CARTESIAN_POINT('',(74.639666741389,13.872011324886,
    2.334054348093));
#2740 = CARTESIAN_POINT('',(74.58616323733,14.043195986433,
    2.221754930153));
#2741 = CARTESIAN_POINT('',(74.540638881424,14.225012286001,
    2.135299789624));
#2742 = CARTESIAN_POINT('',(74.505796082361,14.414082645771,
    2.072720528624));
#2743 = CARTESIAN_POINT('',(74.48218931948,14.607573419482,
    2.031398989193));
#2744 = CARTESIAN_POINT('',(74.469045403516,14.803323373219,
    2.00857180865));
#2745 = CARTESIAN_POINT('',(74.465103802357,15.0000006,2.001736844435));
#2746 = CYLINDRICAL_SURFACE('',#2747,4.);
#2747 = AXIS2_PLACEMENT_3D('',#2748,#2749,#2750);
#2748 = CARTESIAN_POINT('',(71.,15.,4.));
#2749 = DIRECTION('',(0.,-1.,1.110223024625E-16));
#2750 = DIRECTION('',(1.,0.,0.));
#2751 = ADVANCED_FACE('',(#2752),#2882,.T.);
#2752 = FACE_BOUND('',#2753,.T.);
#2753 = EDGE_LOOP('',(#2754,#2755,#2762,#2763,#2791,#2800,#2826,#2827,
    #2828,#2829,#2855,#2856));
#2754 = ORIENTED_EDGE('',*,*,#2631,.F.);
#2755 = ORIENTED_EDGE('',*,*,#2756,.T.);
#2756 = EDGE_CURVE('',#2622,#2666,#2757,.T.);
#2757 = CIRCLE('',#2758,8.);
#2758 = AXIS2_PLACEMENT_3D('',#2759,#2760,#2761);
#2759 = CARTESIAN_POINT('',(71.,20.,4.));
#2760 = DIRECTION('',(-0.,1.110223024625E-16,1.));
#2761 = DIRECTION('',(0.,-1.,1.110223024625E-16));
#2762 = ORIENTED_EDGE('',*,*,#2665,.T.);
#2763 = ORIENTED_EDGE('',*,*,#2764,.T.);
#2764 = EDGE_CURVE('',#2657,#2765,#2767,.T.);
#2765 = VERTEX_POINT('',#2766);
#2766 = CARTESIAN_POINT('',(71.,15.,5.732050807569));
#2767 = B_SPLINE_CURVE_WITH_KNOTS('',8,(#2768,#2769,#2770,#2771,#2772,
    #2773,#2774,#2775,#2776,#2777,#2778,#2779,#2780,#2781,#2782,#2783,
    #2784,#2785,#2786,#2787,#2788,#2789,#2790),.UNSPECIFIED.,.F.,.F.,(9,
    7,7,9),(0.,0.485318039186,0.616165017574,1.),.UNSPECIFIED.);
#2768 = CARTESIAN_POINT('',(66.2,15.,5.770048746669));
#2769 = CARTESIAN_POINT('',(66.46792045434,15.,5.867649182158));
#2770 = CARTESIAN_POINT('',(66.747120720814,15.,5.937740761606));
#2771 = CARTESIAN_POINT('',(67.033331985703,15.,5.983315088433));
#2772 = CARTESIAN_POINT('',(67.3233664348,15.,6.007447893562));
#2773 = CARTESIAN_POINT('',(67.614977534648,15.,6.013559256078));
#2774 = CARTESIAN_POINT('',(67.906900340346,15.,6.005118245403));
#2775 = CARTESIAN_POINT('',(68.198824567792,15.,5.98556211375));
#2776 = CARTESIAN_POINT('',(68.570341364288,15.,5.951022843046));
#2777 = CARTESIAN_POINT('',(68.649254003233,15.,5.943135237091));
#2778 = CARTESIAN_POINT('',(68.728187286031,15.,5.934764480283));
#2779 = CARTESIAN_POINT('',(68.807144850286,15.,5.925981227471));
#2780 = CARTESIAN_POINT('',(68.886131759622,15.,5.916856990489));
#2781 = CARTESIAN_POINT('',(68.965154503688,15.,5.907464138157));
#2782 = CARTESIAN_POINT('',(69.044220998151,15.,5.897875896282));
#2783 = CARTESIAN_POINT('',(69.355435093018,15.,5.859683730243));
#2784 = CARTESIAN_POINT('',(69.588006016686,15.,5.830154285629));
#2785 = CARTESIAN_POINT('',(69.821316484237,15.,5.801440211198));
#2786 = CARTESIAN_POINT('',(70.055527376522,15.,5.775475991161));
#2787 = CARTESIAN_POINT('',(70.290691387146,15.,5.75421772939));
#2788 = CARTESIAN_POINT('',(70.526734463197,15.,5.73944110033));
#2789 = CARTESIAN_POINT('',(70.763356166018,15.,5.732050807569));
#2790 = CARTESIAN_POINT('',(71.,15.,5.732050807569));
#2791 = ORIENTED_EDGE('',*,*,#2792,.T.);
#2792 = EDGE_CURVE('',#2765,#2793,#2795,.T.);
#2793 = VERTEX_POINT('',#2794);
#2794 = CARTESIAN_POINT('',(71.,15.,2.267949192431));
#2795 = CIRCLE('',#2796,2.);
#2796 = AXIS2_PLACEMENT_3D('',#2797,#2798,#2799);
#2797 = CARTESIAN_POINT('',(71.,14.,4.));
#2798 = DIRECTION('',(-1.,2.449293598295E-16,-2.719262146894E-32));
#2799 = DIRECTION('',(-2.449293598295E-16,-1.,1.110223024625E-16));
#2800 = ORIENTED_EDGE('',*,*,#2801,.T.);
#2801 = EDGE_CURVE('',#2793,#2691,#2802,.T.);
#2802 = B_SPLINE_CURVE_WITH_KNOTS('',8,(#2803,#2804,#2805,#2806,#2807,
    #2808,#2809,#2810,#2811,#2812,#2813,#2814,#2815,#2816,#2817,#2818,
    #2819,#2820,#2821,#2822,#2823,#2824,#2825),.UNSPECIFIED.,.F.,.F.,(9,
    7,7,9),(0.,0.385437212752,0.861213844097,1.),.UNSPECIFIED.);
#2803 = CARTESIAN_POINT('',(71.,15.,2.267949192431));
#2804 = CARTESIAN_POINT('',(70.762366644507,15.,2.267949192431));
#2805 = CARTESIAN_POINT('',(70.524757231285,15.,2.26049696483));
#2806 = CARTESIAN_POINT('',(70.287734202173,15.,2.245596700855));
#2807 = CARTESIAN_POINT('',(70.051599904421,15.,2.224168284401));
#2808 = CARTESIAN_POINT('',(69.816427161813,15.,2.198016953668));
#2809 = CARTESIAN_POINT('',(69.582160810331,15.,2.169125590264));
#2810 = CARTESIAN_POINT('',(69.348636258911,15.,2.139452692868));
#2811 = CARTESIAN_POINT('',(68.827911701726,15.,2.075615816414));
#2812 = CARTESIAN_POINT('',(68.541319354848,15.,2.042073391306));
#2813 = CARTESIAN_POINT('',(68.254843186606,15.,2.013735425565));
#2814 = CARTESIAN_POINT('',(67.968148170419,15.,1.993995997575));
#2815 = CARTESIAN_POINT('',(67.681514000859,15.,1.98612369207));
#2816 = CARTESIAN_POINT('',(67.395832703563,15.,1.993353568754));
#2817 = CARTESIAN_POINT('',(67.112605676992,15.,2.018775056259));
#2818 = CARTESIAN_POINT('',(66.752721720818,15.,2.079288340376));
#2819 = CARTESIAN_POINT('',(66.671872514227,15.,2.094772096514));
#2820 = CARTESIAN_POINT('',(66.591511236489,15.,2.11214989334));
#2821 = CARTESIAN_POINT('',(66.511712972142,15.,2.131496087223));
#2822 = CARTESIAN_POINT('',(66.432562855648,15.,2.152882640627));
#2823 = CARTESIAN_POINT('',(66.354155905355,15.,2.176378316363));
#2824 = CARTESIAN_POINT('',(66.276596857466,15.,2.202047871844));
#2825 = CARTESIAN_POINT('',(66.2,15.,2.229951253331));
#2826 = ORIENTED_EDGE('',*,*,#2690,.F.);
#2827 = ORIENTED_EDGE('',*,*,#2756,.F.);
#2828 = ORIENTED_EDGE('',*,*,#2724,.T.);
#2829 = ORIENTED_EDGE('',*,*,#2830,.T.);
#2830 = EDGE_CURVE('',#2716,#2793,#2831,.T.);
#2831 = B_SPLINE_CURVE_WITH_KNOTS('',8,(#2832,#2833,#2834,#2835,#2836,
    #2837,#2838,#2839,#2840,#2841,#2842,#2843,#2844,#2845,#2846,#2847,
    #2848,#2849,#2850,#2851,#2852,#2853,#2854),.UNSPECIFIED.,.F.,.F.,(9,
    7,7,9),(0.,0.485318039187,0.616165017575,1.),.UNSPECIFIED.);
#2832 = CARTESIAN_POINT('',(75.8,15.,2.229951253331));
#2833 = CARTESIAN_POINT('',(75.532079545659,15.,2.132350817842));
#2834 = CARTESIAN_POINT('',(75.25287927919,15.,2.062259238395));
#2835 = CARTESIAN_POINT('',(74.966668014291,15.,2.016684911566));
#2836 = CARTESIAN_POINT('',(74.676633565209,15.,1.992552106438));
#2837 = CARTESIAN_POINT('',(74.385022465347,15.,1.986440743922));
#2838 = CARTESIAN_POINT('',(74.093099659658,15.,1.994881754597));
#2839 = CARTESIAN_POINT('',(73.801175432209,15.,2.01443788625));
#2840 = CARTESIAN_POINT('',(73.429658635713,15.,2.048977156954));
#2841 = CARTESIAN_POINT('',(73.350745996768,15.,2.056864762909));
#2842 = CARTESIAN_POINT('',(73.27181271397,15.,2.065235519717));
#2843 = CARTESIAN_POINT('',(73.192855149715,15.,2.074018772529));
#2844 = CARTESIAN_POINT('',(73.113868240379,15.,2.083143009511));
#2845 = CARTESIAN_POINT('',(73.034845496313,15.,2.092535861843));
#2846 = CARTESIAN_POINT('',(72.95577900185,15.,2.102124103718));
#2847 = CARTESIAN_POINT('',(72.644564906985,15.,2.140316269756));
#2848 = CARTESIAN_POINT('',(72.411993983306,15.,2.169845714371));
#2849 = CARTESIAN_POINT('',(72.178683515783,15.,2.198559788801));
#2850 = CARTESIAN_POINT('',(71.944472623455,15.,2.22452400884));
#2851 = CARTESIAN_POINT('',(71.709308612873,15.,2.245782270609));
#2852 = CARTESIAN_POINT('',(71.473265536795,15.,2.26055889967));
#2853 = CARTESIAN_POINT('',(71.236643833983,15.,2.267949192431));
#2854 = CARTESIAN_POINT('',(71.,15.,2.267949192431));
#2855 = ORIENTED_EDGE('',*,*,#2792,.F.);
#2856 = ORIENTED_EDGE('',*,*,#2857,.F.);
#2857 = EDGE_CURVE('',#2632,#2765,#2858,.T.);
#2858 = B_SPLINE_CURVE_WITH_KNOTS('',8,(#2859,#2860,#2861,#2862,#2863,
    #2864,#2865,#2866,#2867,#2868,#2869,#2870,#2871,#2872,#2873,#2874,
    #2875,#2876,#2877,#2878,#2879,#2880,#2881),.UNSPECIFIED.,.F.,.F.,(9,
    7,7,9),(0.,0.485318039187,0.616165017575,1.),.UNSPECIFIED.);
#2859 = CARTESIAN_POINT('',(75.8,15.,5.770048746669));
#2860 = CARTESIAN_POINT('',(75.53207954566,15.,5.867649182158));
#2861 = CARTESIAN_POINT('',(75.252879279185,15.,5.937740761607));
#2862 = CARTESIAN_POINT('',(74.966668014297,15.,5.983315088432));
#2863 = CARTESIAN_POINT('',(74.676633565201,15.,6.007447893564));
#2864 = CARTESIAN_POINT('',(74.385022465348,15.,6.013559256077));
#2865 = CARTESIAN_POINT('',(74.093099659655,15.,6.005118245404));
#2866 = CARTESIAN_POINT('',(73.801175432206,15.,5.98556211375));
#2867 = CARTESIAN_POINT('',(73.42965863571,15.,5.951022843046));
#2868 = CARTESIAN_POINT('',(73.350745996765,15.,5.943135237091));
#2869 = CARTESIAN_POINT('',(73.271812713967,15.,5.934764480283));
#2870 = CARTESIAN_POINT('',(73.192855149712,15.,5.925981227471));
#2871 = CARTESIAN_POINT('',(73.113868240376,15.,5.916856990488));
#2872 = CARTESIAN_POINT('',(73.03484549631,15.,5.907464138156));
#2873 = CARTESIAN_POINT('',(72.955779001847,15.,5.897875896282));
#2874 = CARTESIAN_POINT('',(72.644564906982,15.,5.859683730243));
#2875 = CARTESIAN_POINT('',(72.411993983305,15.,5.830154285628));
#2876 = CARTESIAN_POINT('',(72.178683515778,15.,5.801440211199));
#2877 = CARTESIAN_POINT('',(71.944472623457,15.,5.77547599116));
#2878 = CARTESIAN_POINT('',(71.709308612869,15.,5.754217729391));
#2879 = CARTESIAN_POINT('',(71.473265536795,15.,5.73944110033));
#2880 = CARTESIAN_POINT('',(71.236643833983,15.,5.732050807569));
#2881 = CARTESIAN_POINT('',(71.,15.,5.732050807569));
#2882 = TOROIDAL_SURFACE('',#2883,6.,2.);
#2883 = AXIS2_PLACEMENT_3D('',#2884,#2885,#2886);
#2884 = CARTESIAN_POINT('',(71.,20.,4.));
#2885 = DIRECTION('',(0.,1.110223024625E-16,1.));
#2886 = DIRECTION('',(0.,-1.,1.110223024625E-16));
#2887 = ADVANCED_FACE('',(#2888),#2893,.F.);
#2888 = FACE_BOUND('',#2889,.F.);
#2889 = EDGE_LOOP('',(#2890,#2891,#2892));
#2890 = ORIENTED_EDGE('',*,*,#2715,.T.);
#2891 = ORIENTED_EDGE('',*,*,#2830,.T.);
#2892 = ORIENTED_EDGE('',*,*,#2801,.T.);
#2893 = PLANE('',#2894);
#2894 = AXIS2_PLACEMENT_3D('',#2895,#2896,#2897);
#2895 = CARTESIAN_POINT('',(71.,15.,4.));
#2896 = DIRECTION('',(0.,-1.,1.110223024625E-16));
#2897 = DIRECTION('',(1.,0.,0.));
#2898 = ADVANCED_FACE('',(#2899),#2904,.F.);
#2899 = FACE_BOUND('',#2900,.F.);
#2900 = EDGE_LOOP('',(#2901,#2902,#2903));
#2901 = ORIENTED_EDGE('',*,*,#2857,.F.);
#2902 = ORIENTED_EDGE('',*,*,#2656,.T.);
#2903 = ORIENTED_EDGE('',*,*,#2764,.T.);
#2904 = PLANE('',#2905);
#2905 = AXIS2_PLACEMENT_3D('',#2906,#2907,#2908);
#2906 = CARTESIAN_POINT('',(71.,15.,4.));
#2907 = DIRECTION('',(0.,-1.,1.110223024625E-16));
#2908 = DIRECTION('',(1.,0.,0.));
#2909 = MANIFOLD_SOLID_BREP('',#2910);
#2910 = CLOSED_SHELL('',(#2911,#2944,#2964,#2973,#3107,#3243,#3254));
#2911 = ADVANCED_FACE('',(#2912),#2939,.T.);
#2912 = FACE_BOUND('',#2913,.T.);
#2913 = EDGE_LOOP('',(#2914,#2924,#2931,#2932));
#2914 = ORIENTED_EDGE('',*,*,#2915,.T.);
#2915 = EDGE_CURVE('',#2916,#2918,#2920,.T.);
#2916 = VERTEX_POINT('',#2917);
#2917 = CARTESIAN_POINT('',(-54.05,-41.,4.));
#2918 = VERTEX_POINT('',#2919);
#2919 = CARTESIAN_POINT('',(-54.05,-78.,4.));
#2920 = LINE('',#2921,#2922);
#2921 = CARTESIAN_POINT('',(-54.05,-40.,4.));
#2922 = VECTOR('',#2923,1.);
#2923 = DIRECTION('',(0.,-1.,1.110223024625E-16));
#2924 = ORIENTED_EDGE('',*,*,#2925,.F.);
#2925 = EDGE_CURVE('',#2918,#2918,#2926,.T.);
#2926 = CIRCLE('',#2927,1.95);
#2927 = AXIS2_PLACEMENT_3D('',#2928,#2929,#2930);
#2928 = CARTESIAN_POINT('',(-56.,-78.,4.));
#2929 = DIRECTION('',(0.,-1.,1.110223024625E-16));
#2930 = DIRECTION('',(1.,0.,0.));
#2931 = ORIENTED_EDGE('',*,*,#2915,.F.);
#2932 = ORIENTED_EDGE('',*,*,#2933,.T.);
#2933 = EDGE_CURVE('',#2916,#2916,#2934,.T.);
#2934 = CIRCLE('',#2935,1.95);
#2935 = AXIS2_PLACEMENT_3D('',#2936,#2937,#2938);
#2936 = CARTESIAN_POINT('',(-56.,-41.,4.));
#2937 = DIRECTION('',(0.,-1.,1.110223024625E-16));
#2938 = DIRECTION('',(1.,0.,0.));
#2939 = CYLINDRICAL_SURFACE('',#2940,1.95);
#2940 = AXIS2_PLACEMENT_3D('',#2941,#2942,#2943);
#2941 = CARTESIAN_POINT('',(-56.,-40.,4.));
#2942 = DIRECTION('',(0.,-1.,1.110223024625E-16));
#2943 = DIRECTION('',(1.,0.,0.));
#2944 = ADVANCED_FACE('',(#2945,#2956),#2959,.T.);
#2945 = FACE_BOUND('',#2946,.T.);
#2946 = EDGE_LOOP('',(#2947));
#2947 = ORIENTED_EDGE('',*,*,#2948,.T.);
#2948 = EDGE_CURVE('',#2949,#2949,#2951,.T.);
#2949 = VERTEX_POINT('',#2950);
#2950 = CARTESIAN_POINT('',(-52.,-41.,4.));
#2951 = CIRCLE('',#2952,4.);
#2952 = AXIS2_PLACEMENT_3D('',#2953,#2954,#2955);
#2953 = CARTESIAN_POINT('',(-56.,-41.,4.));
#2954 = DIRECTION('',(0.,-1.,1.110223024625E-16));
#2955 = DIRECTION('',(1.,0.,0.));
#2956 = FACE_BOUND('',#2957,.T.);
#2957 = EDGE_LOOP('',(#2958));
#2958 = ORIENTED_EDGE('',*,*,#2933,.F.);
#2959 = PLANE('',#2960);
#2960 = AXIS2_PLACEMENT_3D('',#2961,#2962,#2963);
#2961 = CARTESIAN_POINT('',(-56.,-41.,4.));
#2962 = DIRECTION('',(0.,-1.,1.110223024625E-16));
#2963 = DIRECTION('',(1.,0.,0.));
#2964 = ADVANCED_FACE('',(#2965),#2968,.T.);
#2965 = FACE_BOUND('',#2966,.T.);
#2966 = EDGE_LOOP('',(#2967));
#2967 = ORIENTED_EDGE('',*,*,#2925,.T.);
#2968 = PLANE('',#2969);
#2969 = AXIS2_PLACEMENT_3D('',#2970,#2971,#2972);
#2970 = CARTESIAN_POINT('',(-56.,-78.,4.));
#2971 = DIRECTION('',(0.,-1.,1.110223024625E-16));
#2972 = DIRECTION('',(1.,0.,0.));
#2973 = ADVANCED_FACE('',(#2974),#3102,.T.);
#2974 = FACE_BOUND('',#2975,.T.);
#2975 = EDGE_LOOP('',(#2976,#2984,#2985,#2986,#3011,#3020,#3045,#3070,
    #3079));
#2976 = ORIENTED_EDGE('',*,*,#2977,.T.);
#2977 = EDGE_CURVE('',#2978,#2949,#2980,.T.);
#2978 = VERTEX_POINT('',#2979);
#2979 = CARTESIAN_POINT('',(-52.,-36.92820323027,4.));
#2980 = LINE('',#2981,#2982);
#2981 = CARTESIAN_POINT('',(-52.,-35.,4.));
#2982 = VECTOR('',#2983,1.);
#2983 = DIRECTION('',(0.,-1.,1.110223024625E-16));
#2984 = ORIENTED_EDGE('',*,*,#2948,.F.);
#2985 = ORIENTED_EDGE('',*,*,#2977,.F.);
#2986 = ORIENTED_EDGE('',*,*,#2987,.T.);
#2987 = EDGE_CURVE('',#2978,#2988,#2990,.T.);
#2988 = VERTEX_POINT('',#2989);
#2989 = CARTESIAN_POINT('',(-52.53489618561,-35.,5.998263134714));
#2990 = B_SPLINE_CURVE_WITH_KNOTS('',7,(#2991,#2992,#2993,#2994,#2995,
    #2996,#2997,#2998,#2999,#3000,#3001,#3002,#3003,#3004,#3005,#3006,
    #3007,#3008,#3009,#3010),.UNSPECIFIED.,.F.,.F.,(8,6,6,8),(0.,
    0.299213323662,0.509438769415,1.),.UNSPECIFIED.);
#2991 = CARTESIAN_POINT('',(-52.,-36.92820323027,4.));
#2992 = CARTESIAN_POINT('',(-52.,-36.92820323027,4.15494891201));
#2993 = CARTESIAN_POINT('',(-52.00700265558,-36.91607407087,
    4.310001901719));
#2994 = CARTESIAN_POINT('',(-52.02102505286,-36.89178775396,
    4.462554543631));
#2995 = CARTESIAN_POINT('',(-52.04145443836,-36.85586410404,
    4.610441156735));
#2996 = CARTESIAN_POINT('',(-52.067249523,-36.80904889575,4.751888547057
    ));
#2997 = CARTESIAN_POINT('',(-52.09711542344,-36.75230053684,
    4.885507106409));
#2998 = CARTESIAN_POINT('',(-52.15257198629,-36.64072334264,
    5.09795596584));
#2999 = CARTESIAN_POINT('',(-52.17681096393,-36.59030589581,
    5.181332763727));
#3000 = CARTESIAN_POINT('',(-52.2019548308,-36.53586000878,
    5.260131672254));
#3001 = CARTESIAN_POINT('',(-52.22755142733,-36.47773638127,
    5.334173429723));
#3002 = CARTESIAN_POINT('',(-52.25317294047,-36.41628004589,
    5.403364702823));
#3003 = CARTESIAN_POINT('',(-52.27843429816,-36.35182230045,
    5.467681764565));
#3004 = CARTESIAN_POINT('',(-52.36033337323,-36.12798830842,
    5.665945892501));
#3005 = CARTESIAN_POINT('',(-52.41383684397,-35.95680368887,
    5.77824522427));
#3006 = CARTESIAN_POINT('',(-52.45936116837,-35.77498744384,
    5.864700299786));
#3007 = CARTESIAN_POINT('',(-52.4942039429,-35.58591714693,
    5.927279515617));
#3008 = CARTESIAN_POINT('',(-52.51781068989,-35.39242644083,
    5.968601027082));
#3009 = CARTESIAN_POINT('',(-52.53095459788,-35.19667655669,
    5.991428193785));
#3010 = CARTESIAN_POINT('',(-52.53489619764,-34.9999994,5.998263155565)
  );
#3011 = ORIENTED_EDGE('',*,*,#3012,.T.);
#3012 = EDGE_CURVE('',#2988,#3013,#3015,.T.);
#3013 = VERTEX_POINT('',#3014);
#3014 = CARTESIAN_POINT('',(-59.46510381438,-35.,5.998263134714));
#3015 = CIRCLE('',#3016,4.);
#3016 = AXIS2_PLACEMENT_3D('',#3017,#3018,#3019);
#3017 = CARTESIAN_POINT('',(-56.,-35.,4.));
#3018 = DIRECTION('',(0.,-1.,1.110223024625E-16));
#3019 = DIRECTION('',(1.,0.,0.));
#3020 = ORIENTED_EDGE('',*,*,#3021,.F.);
#3021 = EDGE_CURVE('',#3022,#3013,#3024,.T.);
#3022 = VERTEX_POINT('',#3023);
#3023 = CARTESIAN_POINT('',(-60.,-36.92820323027,4.));
#3024 = B_SPLINE_CURVE_WITH_KNOTS('',7,(#3025,#3026,#3027,#3028,#3029,
    #3030,#3031,#3032,#3033,#3034,#3035,#3036,#3037,#3038,#3039,#3040,
    #3041,#3042,#3043,#3044),.UNSPECIFIED.,.F.,.F.,(8,6,6,8),(0.,
    0.299212889432,0.509438290013,1.),.UNSPECIFIED.);
#3025 = CARTESIAN_POINT('',(-60.,-36.92820323027,4.));
#3026 = CARTESIAN_POINT('',(-60.,-36.92820323027,4.154948687085));
#3027 = CARTESIAN_POINT('',(-59.99299736474,-36.91607410609,
    4.310001451352));
#3028 = CARTESIAN_POINT('',(-59.97897500823,-36.89178785978,
    4.462553879143));
#3029 = CARTESIAN_POINT('',(-59.95854568026,-36.85586431265,
    4.610440298209));
#3030 = CARTESIAN_POINT('',(-59.93275066412,-36.80904923539,
    4.75188752089));
#3031 = CARTESIAN_POINT('',(-59.90288483657,-36.75230103086,
    4.88550594298));
#3032 = CARTESIAN_POINT('',(-59.84742836651,-36.64072407293,
    5.097954731852));
#3033 = CARTESIAN_POINT('',(-59.82318940646,-36.59030668843,
    5.181331569129));
#3034 = CARTESIAN_POINT('',(-59.79804555279,-36.53586086172,
    5.260130521144));
#3035 = CARTESIAN_POINT('',(-59.77244896495,-36.47773729236,
    5.334172325512));
#3036 = CARTESIAN_POINT('',(-59.74682745598,-36.41628101284,
    5.403363648292));
#3037 = CARTESIAN_POINT('',(-59.72156609814,-36.35182332088,
    5.467680761914));
#3038 = CARTESIAN_POINT('',(-59.63966694055,-36.12798931227,
    5.665945233851));
#3039 = CARTESIAN_POINT('',(-59.5861633786,-35.95680457774,
    5.778244801521));
#3040 = CARTESIAN_POINT('',(-59.54063896794,-35.77498818341,
    5.864700055019));
#3041 = CARTESIAN_POINT('',(-59.50579612626,-35.58591771442,
    5.927279394501));
#3042 = CARTESIAN_POINT('',(-59.48218933576,-35.39242682323,
    5.968600982529));
#3043 = CARTESIAN_POINT('',(-59.46904540595,-35.19667674855,
    5.991428187118));
#3044 = CARTESIAN_POINT('',(-59.46510380235,-34.9999994,5.998263155565)
  );
#3045 = ORIENTED_EDGE('',*,*,#3046,.T.);
#3046 = EDGE_CURVE('',#3022,#3047,#3049,.T.);
#3047 = VERTEX_POINT('',#3048);
#3048 = CARTESIAN_POINT('',(-59.46510381438,-35.,2.001736865286));
#3049 = B_SPLINE_CURVE_WITH_KNOTS('',7,(#3050,#3051,#3052,#3053,#3054,
    #3055,#3056,#3057,#3058,#3059,#3060,#3061,#3062,#3063,#3064,#3065,
    #3066,#3067,#3068,#3069),.UNSPECIFIED.,.F.,.F.,(8,6,6,8),(0.,
    0.299212889433,0.509438290013,1.),.UNSPECIFIED.);
#3050 = CARTESIAN_POINT('',(-60.,-36.92820323027,4.));
#3051 = CARTESIAN_POINT('',(-60.,-36.92820323027,3.845051312915));
#3052 = CARTESIAN_POINT('',(-59.99299736474,-36.91607410609,
    3.689998548648));
#3053 = CARTESIAN_POINT('',(-59.97897500823,-36.89178785978,
    3.537446120856));
#3054 = CARTESIAN_POINT('',(-59.95854568026,-36.85586431265,
    3.389559701792));
#3055 = CARTESIAN_POINT('',(-59.93275066412,-36.80904923539,
    3.248112479109));
#3056 = CARTESIAN_POINT('',(-59.90288483657,-36.75230103086,
    3.11449405702));
#3057 = CARTESIAN_POINT('',(-59.84742836651,-36.64072407293,
    2.902045268148));
#3058 = CARTESIAN_POINT('',(-59.82318940646,-36.59030668843,
    2.818668430871));
#3059 = CARTESIAN_POINT('',(-59.79804555279,-36.53586086172,
    2.739869478856));
#3060 = CARTESIAN_POINT('',(-59.77244896495,-36.47773729236,
    2.665827674488));
#3061 = CARTESIAN_POINT('',(-59.74682745598,-36.41628101284,
    2.596636351708));
#3062 = CARTESIAN_POINT('',(-59.72156609814,-36.35182332088,
    2.532319238086));
#3063 = CARTESIAN_POINT('',(-59.63966694055,-36.12798931227,
    2.33405476615));
#3064 = CARTESIAN_POINT('',(-59.5861633786,-35.95680457774,
    2.221755198478));
#3065 = CARTESIAN_POINT('',(-59.54063896795,-35.77498818342,
    2.135299944983));
#3066 = CARTESIAN_POINT('',(-59.50579612626,-35.58591771442,
    2.072720605498));
#3067 = CARTESIAN_POINT('',(-59.48218933576,-35.39242682323,
    2.031399017472));
#3068 = CARTESIAN_POINT('',(-59.46904540595,-35.19667674855,
    2.008571812882));
#3069 = CARTESIAN_POINT('',(-59.46510380235,-34.9999994,2.001736844435)
  );
#3070 = ORIENTED_EDGE('',*,*,#3071,.T.);
#3071 = EDGE_CURVE('',#3047,#3072,#3074,.T.);
#3072 = VERTEX_POINT('',#3073);
#3073 = CARTESIAN_POINT('',(-52.53489618561,-35.,2.001736865286));
#3074 = CIRCLE('',#3075,4.);
#3075 = AXIS2_PLACEMENT_3D('',#3076,#3077,#3078);
#3076 = CARTESIAN_POINT('',(-56.,-35.,4.));
#3077 = DIRECTION('',(0.,-1.,1.110223024625E-16));
#3078 = DIRECTION('',(1.,0.,0.));
#3079 = ORIENTED_EDGE('',*,*,#3080,.F.);
#3080 = EDGE_CURVE('',#2978,#3072,#3081,.T.);
#3081 = B_SPLINE_CURVE_WITH_KNOTS('',7,(#3082,#3083,#3084,#3085,#3086,
    #3087,#3088,#3089,#3090,#3091,#3092,#3093,#3094,#3095,#3096,#3097,
    #3098,#3099,#3100,#3101),.UNSPECIFIED.,.F.,.F.,(8,6,6,8),(0.,
    0.299213165045,0.509438594297,1.),.UNSPECIFIED.);
#3082 = CARTESIAN_POINT('',(-52.,-36.92820323027,4.));
#3083 = CARTESIAN_POINT('',(-52.,-36.92820323027,3.845051170151));
#3084 = CARTESIAN_POINT('',(-52.00700264815,-36.91607408374,
    3.689998262793));
#3085 = CARTESIAN_POINT('',(-52.02102503054,-36.89178779261,
    3.537445699096));
#3086 = CARTESIAN_POINT('',(-52.04145439503,-36.85586418024,
    3.38955915687));
#3087 = CARTESIAN_POINT('',(-52.06724945465,-36.80904901982,
    3.248111827785));
#3088 = CARTESIAN_POINT('',(-52.09711532846,-36.7523007173,
    3.114493318573));
#3089 = CARTESIAN_POINT('',(-52.15257185742,-36.6407236094,
    2.902044484916));
#3090 = CARTESIAN_POINT('',(-52.17681082863,-36.59030618534,
    2.818667672641));
#3091 = CARTESIAN_POINT('',(-52.20195469068,-36.53586032034,
    2.739868748228));
#3092 = CARTESIAN_POINT('',(-52.22755128403,-36.47773671408,
    2.665826973628));
#3093 = CARTESIAN_POINT('',(-52.25317279565,-36.4162803991,
    2.596635682381));
#3094 = CARTESIAN_POINT('',(-52.27843415339,-36.3518226732,
    2.532318601688));
#3095 = CARTESIAN_POINT('',(-52.36033325861,-36.12798867511,
    2.334054348093));
#3096 = CARTESIAN_POINT('',(-52.41383676267,-35.95680401356,
    2.221754930153));
#3097 = CARTESIAN_POINT('',(-52.45936111857,-35.77498771399,
    2.135299789624));
#3098 = CARTESIAN_POINT('',(-52.49420391763,-35.58591735422,
    2.072720528624));
#3099 = CARTESIAN_POINT('',(-52.51781068052,-35.39242658051,
    2.031398989193));
#3100 = CARTESIAN_POINT('',(-52.53095459648,-35.19667662678,
    2.00857180865));
#3101 = CARTESIAN_POINT('',(-52.53489619764,-34.9999994,2.001736844435)
  );
#3102 = CYLINDRICAL_SURFACE('',#3103,4.);
#3103 = AXIS2_PLACEMENT_3D('',#3104,#3105,#3106);
#3104 = CARTESIAN_POINT('',(-56.,-35.,4.));
#3105 = DIRECTION('',(0.,-1.,1.110223024625E-16));
#3106 = DIRECTION('',(1.,0.,0.));
#3107 = ADVANCED_FACE('',(#3108),#3238,.T.);
#3108 = FACE_BOUND('',#3109,.T.);
#3109 = EDGE_LOOP('',(#3110,#3111,#3118,#3119,#3147,#3156,#3182,#3183,
    #3184,#3185,#3211,#3212));
#3110 = ORIENTED_EDGE('',*,*,#2987,.F.);
#3111 = ORIENTED_EDGE('',*,*,#3112,.T.);
#3112 = EDGE_CURVE('',#2978,#3022,#3113,.T.);
#3113 = CIRCLE('',#3114,8.);
#3114 = AXIS2_PLACEMENT_3D('',#3115,#3116,#3117);
#3115 = CARTESIAN_POINT('',(-56.,-30.,4.));
#3116 = DIRECTION('',(-0.,1.110223024625E-16,1.));
#3117 = DIRECTION('',(0.,-1.,1.110223024625E-16));
#3118 = ORIENTED_EDGE('',*,*,#3021,.T.);
#3119 = ORIENTED_EDGE('',*,*,#3120,.T.);
#3120 = EDGE_CURVE('',#3013,#3121,#3123,.T.);
#3121 = VERTEX_POINT('',#3122);
#3122 = CARTESIAN_POINT('',(-56.,-35.,5.732050807569));
#3123 = B_SPLINE_CURVE_WITH_KNOTS('',8,(#3124,#3125,#3126,#3127,#3128,
    #3129,#3130,#3131,#3132,#3133,#3134,#3135,#3136,#3137,#3138,#3139,
    #3140,#3141,#3142,#3143,#3144,#3145,#3146),.UNSPECIFIED.,.F.,.F.,(9,
    7,7,9),(0.,0.485318039186,0.616165017574,1.),.UNSPECIFIED.);
#3124 = CARTESIAN_POINT('',(-60.8,-35.,5.770048746669));
#3125 = CARTESIAN_POINT('',(-60.53207954566,-35.,5.867649182158));
#3126 = CARTESIAN_POINT('',(-60.25287927918,-35.,5.937740761606));
#3127 = CARTESIAN_POINT('',(-59.96666801429,-35.,5.983315088433));
#3128 = CARTESIAN_POINT('',(-59.6766335652,-35.,6.007447893562));
#3129 = CARTESIAN_POINT('',(-59.38502246535,-35.,6.013559256078));
#3130 = CARTESIAN_POINT('',(-59.09309965965,-35.,6.005118245403));
#3131 = CARTESIAN_POINT('',(-58.8011754322,-35.,5.98556211375));
#3132 = CARTESIAN_POINT('',(-58.42965863571,-35.,5.951022843046));
#3133 = CARTESIAN_POINT('',(-58.35074599676,-35.,5.943135237091));
#3134 = CARTESIAN_POINT('',(-58.27181271396,-35.,5.934764480283));
#3135 = CARTESIAN_POINT('',(-58.19285514971,-35.,5.925981227471));
#3136 = CARTESIAN_POINT('',(-58.11386824037,-35.,5.916856990489));
#3137 = CARTESIAN_POINT('',(-58.03484549631,-35.,5.907464138157));
#3138 = CARTESIAN_POINT('',(-57.95577900184,-35.,5.897875896282));
#3139 = CARTESIAN_POINT('',(-57.64456490698,-35.,5.859683730243));
#3140 = CARTESIAN_POINT('',(-57.41199398331,-35.,5.830154285629));
#3141 = CARTESIAN_POINT('',(-57.17868351576,-35.,5.801440211198));
#3142 = CARTESIAN_POINT('',(-56.94447262347,-35.,5.775475991161));
#3143 = CARTESIAN_POINT('',(-56.70930861285,-35.,5.75421772939));
#3144 = CARTESIAN_POINT('',(-56.4732655368,-35.,5.73944110033));
#3145 = CARTESIAN_POINT('',(-56.23664383398,-35.,5.732050807569));
#3146 = CARTESIAN_POINT('',(-56.,-35.,5.732050807569));
#3147 = ORIENTED_EDGE('',*,*,#3148,.T.);
#3148 = EDGE_CURVE('',#3121,#3149,#3151,.T.);
#3149 = VERTEX_POINT('',#3150);
#3150 = CARTESIAN_POINT('',(-56.,-35.,2.267949192431));
#3151 = CIRCLE('',#3152,2.);
#3152 = AXIS2_PLACEMENT_3D('',#3153,#3154,#3155);
#3153 = CARTESIAN_POINT('',(-56.,-36.,4.));
#3154 = DIRECTION('',(-1.,2.449293598295E-16,-2.719262146894E-32));
#3155 = DIRECTION('',(-2.449293598295E-16,-1.,1.110223024625E-16));
#3156 = ORIENTED_EDGE('',*,*,#3157,.T.);
#3157 = EDGE_CURVE('',#3149,#3047,#3158,.T.);
#3158 = B_SPLINE_CURVE_WITH_KNOTS('',8,(#3159,#3160,#3161,#3162,#3163,
    #3164,#3165,#3166,#3167,#3168,#3169,#3170,#3171,#3172,#3173,#3174,
    #3175,#3176,#3177,#3178,#3179,#3180,#3181),.UNSPECIFIED.,.F.,.F.,(9,
    7,7,9),(0.,0.385437212752,0.861213844097,1.),.UNSPECIFIED.);
#3159 = CARTESIAN_POINT('',(-56.,-35.,2.267949192431));
#3160 = CARTESIAN_POINT('',(-56.23763335549,-35.,2.267949192431));
#3161 = CARTESIAN_POINT('',(-56.47524276871,-35.,2.26049696483));
#3162 = CARTESIAN_POINT('',(-56.71226579782,-35.,2.245596700855));
#3163 = CARTESIAN_POINT('',(-56.94840009557,-35.,2.224168284401));
#3164 = CARTESIAN_POINT('',(-57.18357283818,-35.,2.198016953668));
#3165 = CARTESIAN_POINT('',(-57.41783918966,-35.,2.169125590264));
#3166 = CARTESIAN_POINT('',(-57.65136374108,-35.,2.139452692868));
#3167 = CARTESIAN_POINT('',(-58.17208829827,-35.,2.075615816414));
#3168 = CARTESIAN_POINT('',(-58.45868064515,-35.,2.042073391306));
#3169 = CARTESIAN_POINT('',(-58.74515681339,-35.,2.013735425565));
#3170 = CARTESIAN_POINT('',(-59.03185182958,-35.,1.993995997575));
#3171 = CARTESIAN_POINT('',(-59.31848599914,-35.,1.98612369207));
#3172 = CARTESIAN_POINT('',(-59.60416729643,-35.,1.993353568754));
#3173 = CARTESIAN_POINT('',(-59.887394323,-35.,2.018775056259));
#3174 = CARTESIAN_POINT('',(-60.24727827918,-35.,2.079288340376));
#3175 = CARTESIAN_POINT('',(-60.32812748577,-35.,2.094772096514));
#3176 = CARTESIAN_POINT('',(-60.40848876351,-35.,2.11214989334));
#3177 = CARTESIAN_POINT('',(-60.48828702785,-35.,2.131496087223));
#3178 = CARTESIAN_POINT('',(-60.56743714435,-35.,2.152882640627));
#3179 = CARTESIAN_POINT('',(-60.64584409464,-35.,2.176378316363));
#3180 = CARTESIAN_POINT('',(-60.72340314253,-35.,2.202047871844));
#3181 = CARTESIAN_POINT('',(-60.8,-35.,2.229951253331));
#3182 = ORIENTED_EDGE('',*,*,#3046,.F.);
#3183 = ORIENTED_EDGE('',*,*,#3112,.F.);
#3184 = ORIENTED_EDGE('',*,*,#3080,.T.);
#3185 = ORIENTED_EDGE('',*,*,#3186,.T.);
#3186 = EDGE_CURVE('',#3072,#3149,#3187,.T.);
#3187 = B_SPLINE_CURVE_WITH_KNOTS('',8,(#3188,#3189,#3190,#3191,#3192,
    #3193,#3194,#3195,#3196,#3197,#3198,#3199,#3200,#3201,#3202,#3203,
    #3204,#3205,#3206,#3207,#3208,#3209,#3210),.UNSPECIFIED.,.F.,.F.,(9,
    7,7,9),(0.,0.485318039187,0.616165017575,1.),.UNSPECIFIED.);
#3188 = CARTESIAN_POINT('',(-51.2,-35.,2.229951253331));
#3189 = CARTESIAN_POINT('',(-51.46792045434,-35.,2.132350817842));
#3190 = CARTESIAN_POINT('',(-51.74712072081,-35.,2.062259238395));
#3191 = CARTESIAN_POINT('',(-52.0333319857,-35.,2.016684911566));
#3192 = CARTESIAN_POINT('',(-52.32336643479,-35.,1.992552106438));
#3193 = CARTESIAN_POINT('',(-52.61497753465,-35.,1.986440743922));
#3194 = CARTESIAN_POINT('',(-52.90690034034,-35.,1.994881754597));
#3195 = CARTESIAN_POINT('',(-53.19882456779,-35.,2.01443788625));
#3196 = CARTESIAN_POINT('',(-53.57034136428,-35.,2.048977156954));
#3197 = CARTESIAN_POINT('',(-53.64925400323,-35.,2.056864762909));
#3198 = CARTESIAN_POINT('',(-53.72818728603,-35.,2.065235519717));
#3199 = CARTESIAN_POINT('',(-53.80714485028,-35.,2.074018772529));
#3200 = CARTESIAN_POINT('',(-53.88613175962,-35.,2.083143009511));
#3201 = CARTESIAN_POINT('',(-53.96515450368,-35.,2.092535861843));
#3202 = CARTESIAN_POINT('',(-54.04422099815,-35.,2.102124103718));
#3203 = CARTESIAN_POINT('',(-54.35543509301,-35.,2.140316269756));
#3204 = CARTESIAN_POINT('',(-54.58800601669,-35.,2.169845714371));
#3205 = CARTESIAN_POINT('',(-54.82131648421,-35.,2.198559788801));
#3206 = CARTESIAN_POINT('',(-55.05552737654,-35.,2.22452400884));
#3207 = CARTESIAN_POINT('',(-55.29069138712,-35.,2.245782270609));
#3208 = CARTESIAN_POINT('',(-55.5267344632,-35.,2.26055889967));
#3209 = CARTESIAN_POINT('',(-55.76335616601,-35.,2.267949192431));
#3210 = CARTESIAN_POINT('',(-56.,-35.,2.267949192431));
#3211 = ORIENTED_EDGE('',*,*,#3148,.F.);
#3212 = ORIENTED_EDGE('',*,*,#3213,.F.);
#3213 = EDGE_CURVE('',#2988,#3121,#3214,.T.);
#3214 = B_SPLINE_CURVE_WITH_KNOTS('',8,(#3215,#3216,#3217,#3218,#3219,
    #3220,#3221,#3222,#3223,#3224,#3225,#3226,#3227,#3228,#3229,#3230,
    #3231,#3232,#3233,#3234,#3235,#3236,#3237),.UNSPECIFIED.,.F.,.F.,(9,
    7,7,9),(0.,0.485318039187,0.616165017575,1.),.UNSPECIFIED.);
#3215 = CARTESIAN_POINT('',(-51.2,-35.,5.770048746669));
#3216 = CARTESIAN_POINT('',(-51.46792045434,-35.,5.867649182158));
#3217 = CARTESIAN_POINT('',(-51.74712072081,-35.,5.937740761607));
#3218 = CARTESIAN_POINT('',(-52.0333319857,-35.,5.983315088432));
#3219 = CARTESIAN_POINT('',(-52.32336643479,-35.,6.007447893564));
#3220 = CARTESIAN_POINT('',(-52.61497753465,-35.,6.013559256077));
#3221 = CARTESIAN_POINT('',(-52.90690034034,-35.,6.005118245404));
#3222 = CARTESIAN_POINT('',(-53.19882456779,-35.,5.98556211375));
#3223 = CARTESIAN_POINT('',(-53.57034136429,-35.,5.951022843046));
#3224 = CARTESIAN_POINT('',(-53.64925400323,-35.,5.943135237091));
#3225 = CARTESIAN_POINT('',(-53.72818728603,-35.,5.934764480283));
#3226 = CARTESIAN_POINT('',(-53.80714485028,-35.,5.925981227471));
#3227 = CARTESIAN_POINT('',(-53.88613175962,-35.,5.916856990488));
#3228 = CARTESIAN_POINT('',(-53.96515450369,-35.,5.907464138156));
#3229 = CARTESIAN_POINT('',(-54.04422099815,-35.,5.897875896282));
#3230 = CARTESIAN_POINT('',(-54.35543509301,-35.,5.859683730243));
#3231 = CARTESIAN_POINT('',(-54.58800601669,-35.,5.830154285628));
#3232 = CARTESIAN_POINT('',(-54.82131648422,-35.,5.801440211199));
#3233 = CARTESIAN_POINT('',(-55.05552737654,-35.,5.77547599116));
#3234 = CARTESIAN_POINT('',(-55.29069138713,-35.,5.754217729391));
#3235 = CARTESIAN_POINT('',(-55.5267344632,-35.,5.73944110033));
#3236 = CARTESIAN_POINT('',(-55.76335616601,-35.,5.732050807569));
#3237 = CARTESIAN_POINT('',(-56.,-35.,5.732050807569));
#3238 = TOROIDAL_SURFACE('',#3239,6.,2.);
#3239 = AXIS2_PLACEMENT_3D('',#3240,#3241,#3242);
#3240 = CARTESIAN_POINT('',(-56.,-30.,4.));
#3241 = DIRECTION('',(0.,1.110223024625E-16,1.));
#3242 = DIRECTION('',(0.,-1.,1.110223024625E-16));
#3243 = ADVANCED_FACE('',(#3244),#3249,.F.);
#3244 = FACE_BOUND('',#3245,.F.);
#3245 = EDGE_LOOP('',(#3246,#3247,#3248));
#3246 = ORIENTED_EDGE('',*,*,#3071,.T.);
#3247 = ORIENTED_EDGE('',*,*,#3186,.T.);
#3248 = ORIENTED_EDGE('',*,*,#3157,.T.);
#3249 = PLANE('',#3250);
#3250 = AXIS2_PLACEMENT_3D('',#3251,#3252,#3253);
#3251 = CARTESIAN_POINT('',(-56.,-35.,4.));
#3252 = DIRECTION('',(0.,-1.,1.110223024625E-16));
#3253 = DIRECTION('',(1.,0.,0.));
#3254 = ADVANCED_FACE('',(#3255),#3260,.F.);
#3255 = FACE_BOUND('',#3256,.F.);
#3256 = EDGE_LOOP('',(#3257,#3258,#3259));
#3257 = ORIENTED_EDGE('',*,*,#3213,.F.);
#3258 = ORIENTED_EDGE('',*,*,#3012,.T.);
#3259 = ORIENTED_EDGE('',*,*,#3120,.T.);
#3260 = PLANE('',#3261);
#3261 = AXIS2_PLACEMENT_3D('',#3262,#3263,#3264);
#3262 = CARTESIAN_POINT('',(-56.,-35.,4.));
#3263 = DIRECTION('',(0.,-1.,1.110223024625E-16));
#3264 = DIRECTION('',(1.,0.,0.));
#3265 = MANIFOLD_SOLID_BREP('',#3266);
#3266 = CLOSED_SHELL('',(#3267,#3300,#3320,#3329,#3463,#3599,#3610));
#3267 = ADVANCED_FACE('',(#3268),#3295,.T.);
#3268 = FACE_BOUND('',#3269,.T.);
#3269 = EDGE_LOOP('',(#3270,#3280,#3287,#3288));
#3270 = ORIENTED_EDGE('',*,*,#3271,.T.);
#3271 = EDGE_CURVE('',#3272,#3274,#3276,.T.);
#3272 = VERTEX_POINT('',#3273);
#3273 = CARTESIAN_POINT('',(85.95,9.,4.));
#3274 = VERTEX_POINT('',#3275);
#3275 = CARTESIAN_POINT('',(85.95,-28.,4.));
#3276 = LINE('',#3277,#3278);
#3277 = CARTESIAN_POINT('',(85.95,10.,4.));
#3278 = VECTOR('',#3279,1.);
#3279 = DIRECTION('',(0.,-1.,1.110223024625E-16));
#3280 = ORIENTED_EDGE('',*,*,#3281,.F.);
#3281 = EDGE_CURVE('',#3274,#3274,#3282,.T.);
#3282 = CIRCLE('',#3283,1.95);
#3283 = AXIS2_PLACEMENT_3D('',#3284,#3285,#3286);
#3284 = CARTESIAN_POINT('',(84.,-28.,4.));
#3285 = DIRECTION('',(0.,-1.,1.110223024625E-16));
#3286 = DIRECTION('',(1.,0.,0.));
#3287 = ORIENTED_EDGE('',*,*,#3271,.F.);
#3288 = ORIENTED_EDGE('',*,*,#3289,.T.);
#3289 = EDGE_CURVE('',#3272,#3272,#3290,.T.);
#3290 = CIRCLE('',#3291,1.95);
#3291 = AXIS2_PLACEMENT_3D('',#3292,#3293,#3294);
#3292 = CARTESIAN_POINT('',(84.,9.,4.));
#3293 = DIRECTION('',(0.,-1.,1.110223024625E-16));
#3294 = DIRECTION('',(1.,0.,0.));
#3295 = CYLINDRICAL_SURFACE('',#3296,1.95);
#3296 = AXIS2_PLACEMENT_3D('',#3297,#3298,#3299);
#3297 = CARTESIAN_POINT('',(84.,10.,4.));
#3298 = DIRECTION('',(0.,-1.,1.110223024625E-16));
#3299 = DIRECTION('',(1.,0.,0.));
#3300 = ADVANCED_FACE('',(#3301,#3312),#3315,.T.);
#3301 = FACE_BOUND('',#3302,.T.);
#3302 = EDGE_LOOP('',(#3303));
#3303 = ORIENTED_EDGE('',*,*,#3304,.T.);
#3304 = EDGE_CURVE('',#3305,#3305,#3307,.T.);
#3305 = VERTEX_POINT('',#3306);
#3306 = CARTESIAN_POINT('',(88.,9.,4.));
#3307 = CIRCLE('',#3308,4.);
#3308 = AXIS2_PLACEMENT_3D('',#3309,#3310,#3311);
#3309 = CARTESIAN_POINT('',(84.,9.,4.));
#3310 = DIRECTION('',(0.,-1.,1.110223024625E-16));
#3311 = DIRECTION('',(1.,0.,0.));
#3312 = FACE_BOUND('',#3313,.T.);
#3313 = EDGE_LOOP('',(#3314));
#3314 = ORIENTED_EDGE('',*,*,#3289,.F.);
#3315 = PLANE('',#3316);
#3316 = AXIS2_PLACEMENT_3D('',#3317,#3318,#3319);
#3317 = CARTESIAN_POINT('',(84.,9.,4.));
#3318 = DIRECTION('',(0.,-1.,1.110223024625E-16));
#3319 = DIRECTION('',(1.,0.,0.));
#3320 = ADVANCED_FACE('',(#3321),#3324,.T.);
#3321 = FACE_BOUND('',#3322,.T.);
#3322 = EDGE_LOOP('',(#3323));
#3323 = ORIENTED_EDGE('',*,*,#3281,.T.);
#3324 = PLANE('',#3325);
#3325 = AXIS2_PLACEMENT_3D('',#3326,#3327,#3328);
#3326 = CARTESIAN_POINT('',(84.,-28.,4.));
#3327 = DIRECTION('',(0.,-1.,1.110223024625E-16));
#3328 = DIRECTION('',(1.,0.,0.));
#3329 = ADVANCED_FACE('',(#3330),#3458,.T.);
#3330 = FACE_BOUND('',#3331,.T.);
#3331 = EDGE_LOOP('',(#3332,#3340,#3341,#3342,#3367,#3376,#3401,#3426,
    #3435));
#3332 = ORIENTED_EDGE('',*,*,#3333,.T.);
#3333 = EDGE_CURVE('',#3334,#3305,#3336,.T.);
#3334 = VERTEX_POINT('',#3335);
#3335 = CARTESIAN_POINT('',(88.,13.071796769725,4.));
#3336 = LINE('',#3337,#3338);
#3337 = CARTESIAN_POINT('',(88.,15.,4.));
#3338 = VECTOR('',#3339,1.);
#3339 = DIRECTION('',(0.,-1.,1.110223024625E-16));
#3340 = ORIENTED_EDGE('',*,*,#3304,.F.);
#3341 = ORIENTED_EDGE('',*,*,#3333,.F.);
#3342 = ORIENTED_EDGE('',*,*,#3343,.T.);
#3343 = EDGE_CURVE('',#3334,#3344,#3346,.T.);
#3344 = VERTEX_POINT('',#3345);
#3345 = CARTESIAN_POINT('',(87.465103814382,15.,5.998263134714));
#3346 = B_SPLINE_CURVE_WITH_KNOTS('',7,(#3347,#3348,#3349,#3350,#3351,
    #3352,#3353,#3354,#3355,#3356,#3357,#3358,#3359,#3360,#3361,#3362,
    #3363,#3364,#3365,#3366),.UNSPECIFIED.,.F.,.F.,(8,6,6,8),(0.,
    0.299213323662,0.509438769415,1.),.UNSPECIFIED.);
#3347 = CARTESIAN_POINT('',(88.,13.071796769724,4.));
#3348 = CARTESIAN_POINT('',(88.,13.071796769724,4.15494891201));
#3349 = CARTESIAN_POINT('',(87.992997344416,13.083925929123,
    4.310001901719));
#3350 = CARTESIAN_POINT('',(87.978974947134,13.108212246037,
    4.462554543631));
#3351 = CARTESIAN_POINT('',(87.958545561635,13.144135895953,
    4.610441156735));
#3352 = CARTESIAN_POINT('',(87.932750476991,13.190951104243,
    4.751888547057));
#3353 = CARTESIAN_POINT('',(87.902884576559,13.247699463159,
    4.885507106409));
#3354 = CARTESIAN_POINT('',(87.847428013705,13.359276657356,
    5.09795596584));
#3355 = CARTESIAN_POINT('',(87.823189036064,13.409694104185,
    5.181332763727));
#3356 = CARTESIAN_POINT('',(87.798045169191,13.464139991219,
    5.260131672254));
#3357 = CARTESIAN_POINT('',(87.772448572667,13.522263618728,
    5.334173429723));
#3358 = CARTESIAN_POINT('',(87.746827059523,13.583719954105,
    5.403364702823));
#3359 = CARTESIAN_POINT('',(87.721565701839,13.648177699542,
    5.467681764565));
#3360 = CARTESIAN_POINT('',(87.639666626768,13.872011691579,
    5.665945892501));
#3361 = CARTESIAN_POINT('',(87.586163156026,14.043196311124,
    5.77824522427));
#3362 = CARTESIAN_POINT('',(87.540638831628,14.225012556157,
    5.864700299786));
#3363 = CARTESIAN_POINT('',(87.505796057094,14.414082853065,
    5.927279515617));
#3364 = CARTESIAN_POINT('',(87.482189310107,14.60757355917,
    5.968601027082));
#3365 = CARTESIAN_POINT('',(87.469045402111,14.803323443302,
    5.991428193785));
#3366 = CARTESIAN_POINT('',(87.465103802357,15.0000006,5.998263155565));
#3367 = ORIENTED_EDGE('',*,*,#3368,.T.);
#3368 = EDGE_CURVE('',#3344,#3369,#3371,.T.);
#3369 = VERTEX_POINT('',#3370);
#3370 = CARTESIAN_POINT('',(80.534896185618,15.,5.998263134714));
#3371 = CIRCLE('',#3372,4.);
#3372 = AXIS2_PLACEMENT_3D('',#3373,#3374,#3375);
#3373 = CARTESIAN_POINT('',(84.,15.,4.));
#3374 = DIRECTION('',(0.,-1.,1.110223024625E-16));
#3375 = DIRECTION('',(1.,0.,0.));
#3376 = ORIENTED_EDGE('',*,*,#3377,.F.);
#3377 = EDGE_CURVE('',#3378,#3369,#3380,.T.);
#3378 = VERTEX_POINT('',#3379);
#3379 = CARTESIAN_POINT('',(80.,13.071796769724,4.));
#3380 = B_SPLINE_CURVE_WITH_KNOTS('',7,(#3381,#3382,#3383,#3384,#3385,
    #3386,#3387,#3388,#3389,#3390,#3391,#3392,#3393,#3394,#3395,#3396,
    #3397,#3398,#3399,#3400),.UNSPECIFIED.,.F.,.F.,(8,6,6,8),(0.,
    0.299212889432,0.509438290013,1.),.UNSPECIFIED.);
#3381 = CARTESIAN_POINT('',(80.,13.071796769724,4.));
#3382 = CARTESIAN_POINT('',(80.,13.071796769724,4.154948687085));
#3383 = CARTESIAN_POINT('',(80.007002635253,13.083925893908,
    4.310001451352));
#3384 = CARTESIAN_POINT('',(80.021024991766,13.10821214022,
    4.462553879143));
#3385 = CARTESIAN_POINT('',(80.041454319738,13.144135687346,
    4.610440298209));
#3386 = CARTESIAN_POINT('',(80.067249335875,13.190950764606,
    4.75188752089));
#3387 = CARTESIAN_POINT('',(80.09711516343,13.247698969136,4.88550594298
    ));
#3388 = CARTESIAN_POINT('',(80.152571633489,13.359275927065,
    5.097954731852));
#3389 = CARTESIAN_POINT('',(80.176810593538,13.409693311566,
    5.181331569129));
#3390 = CARTESIAN_POINT('',(80.201954447207,13.464139138272,
    5.260130521144));
#3391 = CARTESIAN_POINT('',(80.22755103505,13.522262707631,
    5.334172325512));
#3392 = CARTESIAN_POINT('',(80.253172544012,13.583718987155,
    5.403363648292));
#3393 = CARTESIAN_POINT('',(80.278433901859,13.648176679115,
    5.467680761914));
#3394 = CARTESIAN_POINT('',(80.360333059447,13.872010687723,
    5.665945233851));
#3395 = CARTESIAN_POINT('',(80.413836621396,14.043195422252,
    5.778244801521));
#3396 = CARTESIAN_POINT('',(80.459361032051,14.225011816581,
    5.864700055019));
#3397 = CARTESIAN_POINT('',(80.494203873734,14.414082285578,
    5.927279394501));
#3398 = CARTESIAN_POINT('',(80.517810664233,14.607573176762,
    5.968600982529));
#3399 = CARTESIAN_POINT('',(80.530954594044,14.803323251443,
    5.991428187118));
#3400 = CARTESIAN_POINT('',(80.534896197643,15.0000006,5.998263155565));
#3401 = ORIENTED_EDGE('',*,*,#3402,.T.);
#3402 = EDGE_CURVE('',#3378,#3403,#3405,.T.);
#3403 = VERTEX_POINT('',#3404);
#3404 = CARTESIAN_POINT('',(80.534896185618,15.,2.001736865286));
#3405 = B_SPLINE_CURVE_WITH_KNOTS('',7,(#3406,#3407,#3408,#3409,#3410,
    #3411,#3412,#3413,#3414,#3415,#3416,#3417,#3418,#3419,#3420,#3421,
    #3422,#3423,#3424,#3425),.UNSPECIFIED.,.F.,.F.,(8,6,6,8),(0.,
    0.299212889433,0.509438290013,1.),.UNSPECIFIED.);
#3406 = CARTESIAN_POINT('',(80.,13.071796769724,4.));
#3407 = CARTESIAN_POINT('',(80.,13.071796769724,3.845051312915));
#3408 = CARTESIAN_POINT('',(80.007002635253,13.083925893908,
    3.689998548648));
#3409 = CARTESIAN_POINT('',(80.021024991766,13.10821214022,
    3.537446120856));
#3410 = CARTESIAN_POINT('',(80.041454319738,13.144135687346,
    3.389559701792));
#3411 = CARTESIAN_POINT('',(80.067249335875,13.190950764607,
    3.248112479109));
#3412 = CARTESIAN_POINT('',(80.09711516343,13.247698969136,3.11449405702
    ));
#3413 = CARTESIAN_POINT('',(80.152571633489,13.359275927065,
    2.902045268148));
#3414 = CARTESIAN_POINT('',(80.176810593538,13.409693311566,
    2.818668430871));
#3415 = CARTESIAN_POINT('',(80.201954447207,13.464139138272,
    2.739869478856));
#3416 = CARTESIAN_POINT('',(80.22755103505,13.522262707631,
    2.665827674488));
#3417 = CARTESIAN_POINT('',(80.253172544012,13.583718987155,
    2.596636351708));
#3418 = CARTESIAN_POINT('',(80.278433901859,13.648176679115,
    2.532319238086));
#3419 = CARTESIAN_POINT('',(80.360333059447,13.872010687722,
    2.33405476615));
#3420 = CARTESIAN_POINT('',(80.413836621397,14.043195422253,
    2.221755198478));
#3421 = CARTESIAN_POINT('',(80.45936103205,14.225011816579,
    2.135299944983));
#3422 = CARTESIAN_POINT('',(80.494203873734,14.414082285579,
    2.072720605498));
#3423 = CARTESIAN_POINT('',(80.517810664233,14.607573176761,
    2.031399017472));
#3424 = CARTESIAN_POINT('',(80.530954594044,14.803323251443,
    2.008571812882));
#3425 = CARTESIAN_POINT('',(80.534896197643,15.0000006,2.001736844435));
#3426 = ORIENTED_EDGE('',*,*,#3427,.T.);
#3427 = EDGE_CURVE('',#3403,#3428,#3430,.T.);
#3428 = VERTEX_POINT('',#3429);
#3429 = CARTESIAN_POINT('',(87.465103814382,15.,2.001736865286));
#3430 = CIRCLE('',#3431,4.);
#3431 = AXIS2_PLACEMENT_3D('',#3432,#3433,#3434);
#3432 = CARTESIAN_POINT('',(84.,15.,4.));
#3433 = DIRECTION('',(0.,-1.,1.110223024625E-16));
#3434 = DIRECTION('',(1.,0.,0.));
#3435 = ORIENTED_EDGE('',*,*,#3436,.F.);
#3436 = EDGE_CURVE('',#3334,#3428,#3437,.T.);
#3437 = B_SPLINE_CURVE_WITH_KNOTS('',7,(#3438,#3439,#3440,#3441,#3442,
    #3443,#3444,#3445,#3446,#3447,#3448,#3449,#3450,#3451,#3452,#3453,
    #3454,#3455,#3456,#3457),.UNSPECIFIED.,.F.,.F.,(8,6,6,8),(0.,
    0.299213165045,0.509438594297,1.),.UNSPECIFIED.);
#3438 = CARTESIAN_POINT('',(88.,13.071796769724,4.));
#3439 = CARTESIAN_POINT('',(88.,13.071796769724,3.845051170151));
#3440 = CARTESIAN_POINT('',(87.992997351843,13.08392591626,
    3.689998262793));
#3441 = CARTESIAN_POINT('',(87.978974969453,13.108212207384,
    3.537445699096));
#3442 = CARTESIAN_POINT('',(87.958545604967,13.144135819752,
    3.38955915687));
#3443 = CARTESIAN_POINT('',(87.932750545348,13.190950980179,
    3.248111827785));
#3444 = CARTESIAN_POINT('',(87.902884671537,13.2476992827,3.114493318573
    ));
#3445 = CARTESIAN_POINT('',(87.847428142579,13.359276390592,
    2.902044484916));
#3446 = CARTESIAN_POINT('',(87.823189171364,13.409693814654,
    2.818667672641));
#3447 = CARTESIAN_POINT('',(87.798045309315,13.464139679651,
    2.739868748228));
#3448 = CARTESIAN_POINT('',(87.772448715962,13.522263285919,
    2.665826973628));
#3449 = CARTESIAN_POINT('',(87.746827204346,13.583719600894,
    2.596635682381));
#3450 = CARTESIAN_POINT('',(87.721565846602,13.648177326796,
    2.532318601688));
#3451 = CARTESIAN_POINT('',(87.639666741389,13.872011324886,
    2.334054348093));
#3452 = CARTESIAN_POINT('',(87.58616323733,14.043195986433,
    2.221754930153));
#3453 = CARTESIAN_POINT('',(87.540638881424,14.225012286001,
    2.135299789624));
#3454 = CARTESIAN_POINT('',(87.505796082361,14.414082645771,
    2.072720528624));
#3455 = CARTESIAN_POINT('',(87.48218931948,14.607573419482,
    2.031398989193));
#3456 = CARTESIAN_POINT('',(87.469045403516,14.803323373219,
    2.00857180865));
#3457 = CARTESIAN_POINT('',(87.465103802357,15.0000006,2.001736844435));
#3458 = CYLINDRICAL_SURFACE('',#3459,4.);
#3459 = AXIS2_PLACEMENT_3D('',#3460,#3461,#3462);
#3460 = CARTESIAN_POINT('',(84.,15.,4.));
#3461 = DIRECTION('',(0.,-1.,1.110223024625E-16));
#3462 = DIRECTION('',(1.,0.,0.));
#3463 = ADVANCED_FACE('',(#3464),#3594,.T.);
#3464 = FACE_BOUND('',#3465,.T.);
#3465 = EDGE_LOOP('',(#3466,#3467,#3474,#3475,#3503,#3512,#3538,#3539,
    #3540,#3541,#3567,#3568));
#3466 = ORIENTED_EDGE('',*,*,#3343,.F.);
#3467 = ORIENTED_EDGE('',*,*,#3468,.T.);
#3468 = EDGE_CURVE('',#3334,#3378,#3469,.T.);
#3469 = CIRCLE('',#3470,8.);
#3470 = AXIS2_PLACEMENT_3D('',#3471,#3472,#3473);
#3471 = CARTESIAN_POINT('',(84.,20.,4.));
#3472 = DIRECTION('',(-0.,1.110223024625E-16,1.));
#3473 = DIRECTION('',(0.,-1.,1.110223024625E-16));
#3474 = ORIENTED_EDGE('',*,*,#3377,.T.);
#3475 = ORIENTED_EDGE('',*,*,#3476,.T.);
#3476 = EDGE_CURVE('',#3369,#3477,#3479,.T.);
#3477 = VERTEX_POINT('',#3478);
#3478 = CARTESIAN_POINT('',(84.,15.,5.732050807569));
#3479 = B_SPLINE_CURVE_WITH_KNOTS('',8,(#3480,#3481,#3482,#3483,#3484,
    #3485,#3486,#3487,#3488,#3489,#3490,#3491,#3492,#3493,#3494,#3495,
    #3496,#3497,#3498,#3499,#3500,#3501,#3502),.UNSPECIFIED.,.F.,.F.,(9,
    7,7,9),(0.,0.485318039186,0.616165017574,1.),.UNSPECIFIED.);
#3480 = CARTESIAN_POINT('',(79.2,15.,5.770048746669));
#3481 = CARTESIAN_POINT('',(79.46792045434,15.,5.867649182158));
#3482 = CARTESIAN_POINT('',(79.747120720814,15.,5.937740761606));
#3483 = CARTESIAN_POINT('',(80.033331985703,15.,5.983315088433));
#3484 = CARTESIAN_POINT('',(80.3233664348,15.,6.007447893562));
#3485 = CARTESIAN_POINT('',(80.614977534648,15.,6.013559256078));
#3486 = CARTESIAN_POINT('',(80.906900340346,15.,6.005118245403));
#3487 = CARTESIAN_POINT('',(81.198824567792,15.,5.98556211375));
#3488 = CARTESIAN_POINT('',(81.570341364288,15.,5.951022843046));
#3489 = CARTESIAN_POINT('',(81.649254003233,15.,5.943135237091));
#3490 = CARTESIAN_POINT('',(81.728187286031,15.,5.934764480283));
#3491 = CARTESIAN_POINT('',(81.807144850286,15.,5.925981227471));
#3492 = CARTESIAN_POINT('',(81.886131759622,15.,5.916856990489));
#3493 = CARTESIAN_POINT('',(81.965154503688,15.,5.907464138157));
#3494 = CARTESIAN_POINT('',(82.044220998151,15.,5.897875896282));
#3495 = CARTESIAN_POINT('',(82.355435093018,15.,5.859683730243));
#3496 = CARTESIAN_POINT('',(82.588006016686,15.,5.830154285629));
#3497 = CARTESIAN_POINT('',(82.821316484237,15.,5.801440211198));
#3498 = CARTESIAN_POINT('',(83.055527376522,15.,5.775475991161));
#3499 = CARTESIAN_POINT('',(83.290691387146,15.,5.75421772939));
#3500 = CARTESIAN_POINT('',(83.526734463197,15.,5.73944110033));
#3501 = CARTESIAN_POINT('',(83.763356166018,15.,5.732050807569));
#3502 = CARTESIAN_POINT('',(84.,15.,5.732050807569));
#3503 = ORIENTED_EDGE('',*,*,#3504,.T.);
#3504 = EDGE_CURVE('',#3477,#3505,#3507,.T.);
#3505 = VERTEX_POINT('',#3506);
#3506 = CARTESIAN_POINT('',(84.,15.,2.267949192431));
#3507 = CIRCLE('',#3508,2.);
#3508 = AXIS2_PLACEMENT_3D('',#3509,#3510,#3511);
#3509 = CARTESIAN_POINT('',(84.,14.,4.));
#3510 = DIRECTION('',(-1.,2.449293598295E-16,-2.719262146894E-32));
#3511 = DIRECTION('',(-2.449293598295E-16,-1.,1.110223024625E-16));
#3512 = ORIENTED_EDGE('',*,*,#3513,.T.);
#3513 = EDGE_CURVE('',#3505,#3403,#3514,.T.);
#3514 = B_SPLINE_CURVE_WITH_KNOTS('',8,(#3515,#3516,#3517,#3518,#3519,
    #3520,#3521,#3522,#3523,#3524,#3525,#3526,#3527,#3528,#3529,#3530,
    #3531,#3532,#3533,#3534,#3535,#3536,#3537),.UNSPECIFIED.,.F.,.F.,(9,
    7,7,9),(0.,0.385437212752,0.861213844097,1.),.UNSPECIFIED.);
#3515 = CARTESIAN_POINT('',(84.,15.,2.267949192431));
#3516 = CARTESIAN_POINT('',(83.762366644507,15.,2.267949192431));
#3517 = CARTESIAN_POINT('',(83.524757231285,15.,2.26049696483));
#3518 = CARTESIAN_POINT('',(83.287734202173,15.,2.245596700855));
#3519 = CARTESIAN_POINT('',(83.051599904421,15.,2.224168284401));
#3520 = CARTESIAN_POINT('',(82.816427161813,15.,2.198016953668));
#3521 = CARTESIAN_POINT('',(82.582160810331,15.,2.169125590264));
#3522 = CARTESIAN_POINT('',(82.348636258911,15.,2.139452692868));
#3523 = CARTESIAN_POINT('',(81.827911701726,15.,2.075615816414));
#3524 = CARTESIAN_POINT('',(81.541319354848,15.,2.042073391306));
#3525 = CARTESIAN_POINT('',(81.254843186606,15.,2.013735425565));
#3526 = CARTESIAN_POINT('',(80.968148170419,15.,1.993995997575));
#3527 = CARTESIAN_POINT('',(80.681514000859,15.,1.98612369207));
#3528 = CARTESIAN_POINT('',(80.395832703563,15.,1.993353568754));
#3529 = CARTESIAN_POINT('',(80.112605676992,15.,2.018775056259));
#3530 = CARTESIAN_POINT('',(79.752721720818,15.,2.079288340376));
#3531 = CARTESIAN_POINT('',(79.671872514227,15.,2.094772096514));
#3532 = CARTESIAN_POINT('',(79.591511236489,15.,2.11214989334));
#3533 = CARTESIAN_POINT('',(79.511712972142,15.,2.131496087223));
#3534 = CARTESIAN_POINT('',(79.432562855648,15.,2.152882640627));
#3535 = CARTESIAN_POINT('',(79.354155905355,15.,2.176378316363));
#3536 = CARTESIAN_POINT('',(79.276596857466,15.,2.202047871844));
#3537 = CARTESIAN_POINT('',(79.2,15.,2.229951253331));
#3538 = ORIENTED_EDGE('',*,*,#3402,.F.);
#3539 = ORIENTED_EDGE('',*,*,#3468,.F.);
#3540 = ORIENTED_EDGE('',*,*,#3436,.T.);
#3541 = ORIENTED_EDGE('',*,*,#3542,.T.);
#3542 = EDGE_CURVE('',#3428,#3505,#3543,.T.);
#3543 = B_SPLINE_CURVE_WITH_KNOTS('',8,(#3544,#3545,#3546,#3547,#3548,
    #3549,#3550,#3551,#3552,#3553,#3554,#3555,#3556,#3557,#3558,#3559,
    #3560,#3561,#3562,#3563,#3564,#3565,#3566),.UNSPECIFIED.,.F.,.F.,(9,
    7,7,9),(0.,0.485318039187,0.616165017575,1.),.UNSPECIFIED.);
#3544 = CARTESIAN_POINT('',(88.8,15.,2.229951253331));
#3545 = CARTESIAN_POINT('',(88.532079545659,15.,2.132350817842));
#3546 = CARTESIAN_POINT('',(88.25287927919,15.,2.062259238395));
#3547 = CARTESIAN_POINT('',(87.966668014291,15.,2.016684911566));
#3548 = CARTESIAN_POINT('',(87.676633565209,15.,1.992552106438));
#3549 = CARTESIAN_POINT('',(87.385022465347,15.,1.986440743922));
#3550 = CARTESIAN_POINT('',(87.093099659658,15.,1.994881754597));
#3551 = CARTESIAN_POINT('',(86.801175432209,15.,2.01443788625));
#3552 = CARTESIAN_POINT('',(86.429658635713,15.,2.048977156954));
#3553 = CARTESIAN_POINT('',(86.350745996768,15.,2.056864762909));
#3554 = CARTESIAN_POINT('',(86.27181271397,15.,2.065235519717));
#3555 = CARTESIAN_POINT('',(86.192855149715,15.,2.074018772529));
#3556 = CARTESIAN_POINT('',(86.113868240379,15.,2.083143009511));
#3557 = CARTESIAN_POINT('',(86.034845496313,15.,2.092535861843));
#3558 = CARTESIAN_POINT('',(85.95577900185,15.,2.102124103718));
#3559 = CARTESIAN_POINT('',(85.644564906985,15.,2.140316269756));
#3560 = CARTESIAN_POINT('',(85.411993983306,15.,2.169845714371));
#3561 = CARTESIAN_POINT('',(85.178683515783,15.,2.198559788801));
#3562 = CARTESIAN_POINT('',(84.944472623455,15.,2.22452400884));
#3563 = CARTESIAN_POINT('',(84.709308612873,15.,2.245782270609));
#3564 = CARTESIAN_POINT('',(84.473265536795,15.,2.26055889967));
#3565 = CARTESIAN_POINT('',(84.236643833983,15.,2.267949192431));
#3566 = CARTESIAN_POINT('',(84.,15.,2.267949192431));
#3567 = ORIENTED_EDGE('',*,*,#3504,.F.);
#3568 = ORIENTED_EDGE('',*,*,#3569,.F.);
#3569 = EDGE_CURVE('',#3344,#3477,#3570,.T.);
#3570 = B_SPLINE_CURVE_WITH_KNOTS('',8,(#3571,#3572,#3573,#3574,#3575,
    #3576,#3577,#3578,#3579,#3580,#3581,#3582,#3583,#3584,#3585,#3586,
    #3587,#3588,#3589,#3590,#3591,#3592,#3593),.UNSPECIFIED.,.F.,.F.,(9,
    7,7,9),(0.,0.485318039187,0.616165017575,1.),.UNSPECIFIED.);
#3571 = CARTESIAN_POINT('',(88.8,15.,5.770048746669));
#3572 = CARTESIAN_POINT('',(88.53207954566,15.,5.867649182158));
#3573 = CARTESIAN_POINT('',(88.252879279185,15.,5.937740761607));
#3574 = CARTESIAN_POINT('',(87.966668014297,15.,5.983315088432));
#3575 = CARTESIAN_POINT('',(87.676633565201,15.,6.007447893564));
#3576 = CARTESIAN_POINT('',(87.385022465348,15.,6.013559256077));
#3577 = CARTESIAN_POINT('',(87.093099659655,15.,6.005118245404));
#3578 = CARTESIAN_POINT('',(86.801175432206,15.,5.98556211375));
#3579 = CARTESIAN_POINT('',(86.42965863571,15.,5.951022843046));
#3580 = CARTESIAN_POINT('',(86.350745996765,15.,5.943135237091));
#3581 = CARTESIAN_POINT('',(86.271812713967,15.,5.934764480283));
#3582 = CARTESIAN_POINT('',(86.192855149712,15.,5.925981227471));
#3583 = CARTESIAN_POINT('',(86.113868240376,15.,5.916856990488));
#3584 = CARTESIAN_POINT('',(86.03484549631,15.,5.907464138156));
#3585 = CARTESIAN_POINT('',(85.955779001847,15.,5.897875896282));
#3586 = CARTESIAN_POINT('',(85.644564906982,15.,5.859683730243));
#3587 = CARTESIAN_POINT('',(85.411993983305,15.,5.830154285628));
#3588 = CARTESIAN_POINT('',(85.178683515778,15.,5.801440211199));
#3589 = CARTESIAN_POINT('',(84.944472623457,15.,5.77547599116));
#3590 = CARTESIAN_POINT('',(84.709308612869,15.,5.754217729391));
#3591 = CARTESIAN_POINT('',(84.473265536795,15.,5.73944110033));
#3592 = CARTESIAN_POINT('',(84.236643833983,15.,5.732050807569));
#3593 = CARTESIAN_POINT('',(84.,15.,5.732050807569));
#3594 = TOROIDAL_SURFACE('',#3595,6.,2.);
#3595 = AXIS2_PLACEMENT_3D('',#3596,#3597,#3598);
#3596 = CARTESIAN_POINT('',(84.,20.,4.));
#3597 = DIRECTION('',(0.,1.110223024625E-16,1.));
#3598 = DIRECTION('',(0.,-1.,1.110223024625E-16));
#3599 = ADVANCED_FACE('',(#3600),#3605,.F.);
#3600 = FACE_BOUND('',#3601,.F.);
#3601 = EDGE_LOOP('',(#3602,#3603,#3604));
#3602 = ORIENTED_EDGE('',*,*,#3427,.T.);
#3603 = ORIENTED_EDGE('',*,*,#3542,.T.);
#3604 = ORIENTED_EDGE('',*,*,#3513,.T.);
#3605 = PLANE('',#3606);
#3606 = AXIS2_PLACEMENT_3D('',#3607,#3608,#3609);
#3607 = CARTESIAN_POINT('',(84.,15.,4.));
#3608 = DIRECTION('',(0.,-1.,1.110223024625E-16));
#3609 = DIRECTION('',(1.,0.,0.));
#3610 = ADVANCED_FACE('',(#3611),#3616,.F.);
#3611 = FACE_BOUND('',#3612,.F.);
#3612 = EDGE_LOOP('',(#3613,#3614,#3615));
#3613 = ORIENTED_EDGE('',*,*,#3569,.F.);
#3614 = ORIENTED_EDGE('',*,*,#3368,.T.);
#3615 = ORIENTED_EDGE('',*,*,#3476,.T.);
#3616 = PLANE('',#3617);
#3617 = AXIS2_PLACEMENT_3D('',#3618,#3619,#3620);
#3618 = CARTESIAN_POINT('',(84.,15.,4.));
#3619 = DIRECTION('',(0.,-1.,1.110223024625E-16));
#3620 = DIRECTION('',(1.,0.,0.));
#3621 = MANIFOLD_SOLID_BREP('',#3622);
#3622 = CLOSED_SHELL('',(#3623,#3656,#3676,#3685,#3819,#3955,#3966));
#3623 = ADVANCED_FACE('',(#3624),#3651,.T.);
#3624 = FACE_BOUND('',#3625,.T.);
#3625 = EDGE_LOOP('',(#3626,#3636,#3643,#3644));
#3626 = ORIENTED_EDGE('',*,*,#3627,.T.);
#3627 = EDGE_CURVE('',#3628,#3630,#3632,.T.);
#3628 = VERTEX_POINT('',#3629);
#3629 = CARTESIAN_POINT('',(-41.05,-41.,4.));
#3630 = VERTEX_POINT('',#3631);
#3631 = CARTESIAN_POINT('',(-41.05,-78.,4.));
#3632 = LINE('',#3633,#3634);
#3633 = CARTESIAN_POINT('',(-41.05,-40.,4.));
#3634 = VECTOR('',#3635,1.);
#3635 = DIRECTION('',(0.,-1.,1.110223024625E-16));
#3636 = ORIENTED_EDGE('',*,*,#3637,.F.);
#3637 = EDGE_CURVE('',#3630,#3630,#3638,.T.);
#3638 = CIRCLE('',#3639,1.95);
#3639 = AXIS2_PLACEMENT_3D('',#3640,#3641,#3642);
#3640 = CARTESIAN_POINT('',(-43.,-78.,4.));
#3641 = DIRECTION('',(0.,-1.,1.110223024625E-16));
#3642 = DIRECTION('',(1.,0.,0.));
#3643 = ORIENTED_EDGE('',*,*,#3627,.F.);
#3644 = ORIENTED_EDGE('',*,*,#3645,.T.);
#3645 = EDGE_CURVE('',#3628,#3628,#3646,.T.);
#3646 = CIRCLE('',#3647,1.95);
#3647 = AXIS2_PLACEMENT_3D('',#3648,#3649,#3650);
#3648 = CARTESIAN_POINT('',(-43.,-41.,4.));
#3649 = DIRECTION('',(0.,-1.,1.110223024625E-16));
#3650 = DIRECTION('',(1.,0.,0.));
#3651 = CYLINDRICAL_SURFACE('',#3652,1.95);
#3652 = AXIS2_PLACEMENT_3D('',#3653,#3654,#3655);
#3653 = CARTESIAN_POINT('',(-43.,-40.,4.));
#3654 = DIRECTION('',(0.,-1.,1.110223024625E-16));
#3655 = DIRECTION('',(1.,0.,0.));
#3656 = ADVANCED_FACE('',(#3657,#3668),#3671,.T.);
#3657 = FACE_BOUND('',#3658,.T.);
#3658 = EDGE_LOOP('',(#3659));
#3659 = ORIENTED_EDGE('',*,*,#3660,.T.);
#3660 = EDGE_CURVE('',#3661,#3661,#3663,.T.);
#3661 = VERTEX_POINT('',#3662);
#3662 = CARTESIAN_POINT('',(-39.,-41.,4.));
#3663 = CIRCLE('',#3664,4.);
#3664 = AXIS2_PLACEMENT_3D('',#3665,#3666,#3667);
#3665 = CARTESIAN_POINT('',(-43.,-41.,4.));
#3666 = DIRECTION('',(0.,-1.,1.110223024625E-16));
#3667 = DIRECTION('',(1.,0.,0.));
#3668 = FACE_BOUND('',#3669,.T.);
#3669 = EDGE_LOOP('',(#3670));
#3670 = ORIENTED_EDGE('',*,*,#3645,.F.);
#3671 = PLANE('',#3672);
#3672 = AXIS2_PLACEMENT_3D('',#3673,#3674,#3675);
#3673 = CARTESIAN_POINT('',(-43.,-41.,4.));
#3674 = DIRECTION('',(0.,-1.,1.110223024625E-16));
#3675 = DIRECTION('',(1.,0.,0.));
#3676 = ADVANCED_FACE('',(#3677),#3680,.T.);
#3677 = FACE_BOUND('',#3678,.T.);
#3678 = EDGE_LOOP('',(#3679));
#3679 = ORIENTED_EDGE('',*,*,#3637,.T.);
#3680 = PLANE('',#3681);
#3681 = AXIS2_PLACEMENT_3D('',#3682,#3683,#3684);
#3682 = CARTESIAN_POINT('',(-43.,-78.,4.));
#3683 = DIRECTION('',(0.,-1.,1.110223024625E-16));
#3684 = DIRECTION('',(1.,0.,0.));
#3685 = ADVANCED_FACE('',(#3686),#3814,.T.);
#3686 = FACE_BOUND('',#3687,.T.);
#3687 = EDGE_LOOP('',(#3688,#3696,#3697,#3698,#3723,#3732,#3757,#3782,
    #3791));
#3688 = ORIENTED_EDGE('',*,*,#3689,.T.);
#3689 = EDGE_CURVE('',#3690,#3661,#3692,.T.);
#3690 = VERTEX_POINT('',#3691);
#3691 = CARTESIAN_POINT('',(-39.,-36.92820323027,4.));
#3692 = LINE('',#3693,#3694);
#3693 = CARTESIAN_POINT('',(-39.,-35.,4.));
#3694 = VECTOR('',#3695,1.);
#3695 = DIRECTION('',(0.,-1.,1.110223024625E-16));
#3696 = ORIENTED_EDGE('',*,*,#3660,.F.);
#3697 = ORIENTED_EDGE('',*,*,#3689,.F.);
#3698 = ORIENTED_EDGE('',*,*,#3699,.T.);
#3699 = EDGE_CURVE('',#3690,#3700,#3702,.T.);
#3700 = VERTEX_POINT('',#3701);
#3701 = CARTESIAN_POINT('',(-39.53489618561,-35.,5.998263134714));
#3702 = B_SPLINE_CURVE_WITH_KNOTS('',7,(#3703,#3704,#3705,#3706,#3707,
    #3708,#3709,#3710,#3711,#3712,#3713,#3714,#3715,#3716,#3717,#3718,
    #3719,#3720,#3721,#3722),.UNSPECIFIED.,.F.,.F.,(8,6,6,8),(0.,
    0.299213323662,0.509438769415,1.),.UNSPECIFIED.);
#3703 = CARTESIAN_POINT('',(-39.,-36.92820323027,4.));
#3704 = CARTESIAN_POINT('',(-39.,-36.92820323027,4.15494891201));
#3705 = CARTESIAN_POINT('',(-39.00700265558,-36.91607407087,
    4.310001901719));
#3706 = CARTESIAN_POINT('',(-39.02102505286,-36.89178775396,
    4.462554543631));
#3707 = CARTESIAN_POINT('',(-39.04145443836,-36.85586410404,
    4.610441156735));
#3708 = CARTESIAN_POINT('',(-39.067249523,-36.80904889575,4.751888547057
    ));
#3709 = CARTESIAN_POINT('',(-39.09711542344,-36.75230053684,
    4.885507106409));
#3710 = CARTESIAN_POINT('',(-39.15257198629,-36.64072334264,
    5.09795596584));
#3711 = CARTESIAN_POINT('',(-39.17681096393,-36.59030589581,
    5.181332763727));
#3712 = CARTESIAN_POINT('',(-39.2019548308,-36.53586000878,
    5.260131672254));
#3713 = CARTESIAN_POINT('',(-39.22755142733,-36.47773638127,
    5.334173429723));
#3714 = CARTESIAN_POINT('',(-39.25317294047,-36.41628004589,
    5.403364702823));
#3715 = CARTESIAN_POINT('',(-39.27843429816,-36.35182230045,
    5.467681764565));
#3716 = CARTESIAN_POINT('',(-39.36033337323,-36.12798830842,
    5.665945892501));
#3717 = CARTESIAN_POINT('',(-39.41383684397,-35.95680368887,
    5.77824522427));
#3718 = CARTESIAN_POINT('',(-39.45936116837,-35.77498744384,
    5.864700299786));
#3719 = CARTESIAN_POINT('',(-39.4942039429,-35.58591714693,
    5.927279515617));
#3720 = CARTESIAN_POINT('',(-39.51781068989,-35.39242644083,
    5.968601027082));
#3721 = CARTESIAN_POINT('',(-39.53095459788,-35.19667655669,
    5.991428193785));
#3722 = CARTESIAN_POINT('',(-39.53489619764,-34.9999994,5.998263155565)
  );
#3723 = ORIENTED_EDGE('',*,*,#3724,.T.);
#3724 = EDGE_CURVE('',#3700,#3725,#3727,.T.);
#3725 = VERTEX_POINT('',#3726);
#3726 = CARTESIAN_POINT('',(-46.46510381438,-35.,5.998263134714));
#3727 = CIRCLE('',#3728,4.);
#3728 = AXIS2_PLACEMENT_3D('',#3729,#3730,#3731);
#3729 = CARTESIAN_POINT('',(-43.,-35.,4.));
#3730 = DIRECTION('',(0.,-1.,1.110223024625E-16));
#3731 = DIRECTION('',(1.,0.,0.));
#3732 = ORIENTED_EDGE('',*,*,#3733,.F.);
#3733 = EDGE_CURVE('',#3734,#3725,#3736,.T.);
#3734 = VERTEX_POINT('',#3735);
#3735 = CARTESIAN_POINT('',(-47.,-36.92820323027,4.));
#3736 = B_SPLINE_CURVE_WITH_KNOTS('',7,(#3737,#3738,#3739,#3740,#3741,
    #3742,#3743,#3744,#3745,#3746,#3747,#3748,#3749,#3750,#3751,#3752,
    #3753,#3754,#3755,#3756),.UNSPECIFIED.,.F.,.F.,(8,6,6,8),(0.,
    0.299212889432,0.509438290013,1.),.UNSPECIFIED.);
#3737 = CARTESIAN_POINT('',(-47.,-36.92820323027,4.));
#3738 = CARTESIAN_POINT('',(-47.,-36.92820323027,4.154948687085));
#3739 = CARTESIAN_POINT('',(-46.99299736474,-36.91607410609,
    4.310001451352));
#3740 = CARTESIAN_POINT('',(-46.97897500823,-36.89178785978,
    4.462553879143));
#3741 = CARTESIAN_POINT('',(-46.95854568026,-36.85586431265,
    4.610440298209));
#3742 = CARTESIAN_POINT('',(-46.93275066412,-36.80904923539,
    4.75188752089));
#3743 = CARTESIAN_POINT('',(-46.90288483657,-36.75230103086,
    4.88550594298));
#3744 = CARTESIAN_POINT('',(-46.84742836651,-36.64072407293,
    5.097954731852));
#3745 = CARTESIAN_POINT('',(-46.82318940646,-36.59030668843,
    5.181331569129));
#3746 = CARTESIAN_POINT('',(-46.79804555279,-36.53586086172,
    5.260130521144));
#3747 = CARTESIAN_POINT('',(-46.77244896495,-36.47773729236,
    5.334172325512));
#3748 = CARTESIAN_POINT('',(-46.74682745598,-36.41628101284,
    5.403363648292));
#3749 = CARTESIAN_POINT('',(-46.72156609814,-36.35182332088,
    5.467680761914));
#3750 = CARTESIAN_POINT('',(-46.63966694055,-36.12798931227,
    5.665945233851));
#3751 = CARTESIAN_POINT('',(-46.5861633786,-35.95680457774,
    5.778244801521));
#3752 = CARTESIAN_POINT('',(-46.54063896794,-35.77498818341,
    5.864700055019));
#3753 = CARTESIAN_POINT('',(-46.50579612626,-35.58591771442,
    5.927279394501));
#3754 = CARTESIAN_POINT('',(-46.48218933576,-35.39242682323,
    5.968600982529));
#3755 = CARTESIAN_POINT('',(-46.46904540595,-35.19667674855,
    5.991428187118));
#3756 = CARTESIAN_POINT('',(-46.46510380235,-34.9999994,5.998263155565)
  );
#3757 = ORIENTED_EDGE('',*,*,#3758,.T.);
#3758 = EDGE_CURVE('',#3734,#3759,#3761,.T.);
#3759 = VERTEX_POINT('',#3760);
#3760 = CARTESIAN_POINT('',(-46.46510381438,-35.,2.001736865286));
#3761 = B_SPLINE_CURVE_WITH_KNOTS('',7,(#3762,#3763,#3764,#3765,#3766,
    #3767,#3768,#3769,#3770,#3771,#3772,#3773,#3774,#3775,#3776,#3777,
    #3778,#3779,#3780,#3781),.UNSPECIFIED.,.F.,.F.,(8,6,6,8),(0.,
    0.299212889433,0.509438290013,1.),.UNSPECIFIED.);
#3762 = CARTESIAN_POINT('',(-47.,-36.92820323027,4.));
#3763 = CARTESIAN_POINT('',(-47.,-36.92820323027,3.845051312915));
#3764 = CARTESIAN_POINT('',(-46.99299736474,-36.91607410609,
    3.689998548648));
#3765 = CARTESIAN_POINT('',(-46.97897500823,-36.89178785978,
    3.537446120856));
#3766 = CARTESIAN_POINT('',(-46.95854568026,-36.85586431265,
    3.389559701792));
#3767 = CARTESIAN_POINT('',(-46.93275066412,-36.80904923539,
    3.248112479109));
#3768 = CARTESIAN_POINT('',(-46.90288483657,-36.75230103086,
    3.11449405702));
#3769 = CARTESIAN_POINT('',(-46.84742836651,-36.64072407293,
    2.902045268148));
#3770 = CARTESIAN_POINT('',(-46.82318940646,-36.59030668843,
    2.818668430871));
#3771 = CARTESIAN_POINT('',(-46.79804555279,-36.53586086172,
    2.739869478856));
#3772 = CARTESIAN_POINT('',(-46.77244896495,-36.47773729236,
    2.665827674488));
#3773 = CARTESIAN_POINT('',(-46.74682745598,-36.41628101284,
    2.596636351708));
#3774 = CARTESIAN_POINT('',(-46.72156609814,-36.35182332088,
    2.532319238086));
#3775 = CARTESIAN_POINT('',(-46.63966694055,-36.12798931227,
    2.33405476615));
#3776 = CARTESIAN_POINT('',(-46.5861633786,-35.95680457774,
    2.221755198478));
#3777 = CARTESIAN_POINT('',(-46.54063896795,-35.77498818342,
    2.135299944983));
#3778 = CARTESIAN_POINT('',(-46.50579612626,-35.58591771442,
    2.072720605498));
#3779 = CARTESIAN_POINT('',(-46.48218933576,-35.39242682323,
    2.031399017472));
#3780 = CARTESIAN_POINT('',(-46.46904540595,-35.19667674855,
    2.008571812882));
#3781 = CARTESIAN_POINT('',(-46.46510380235,-34.9999994,2.001736844435)
  );
#3782 = ORIENTED_EDGE('',*,*,#3783,.T.);
#3783 = EDGE_CURVE('',#3759,#3784,#3786,.T.);
#3784 = VERTEX_POINT('',#3785);
#3785 = CARTESIAN_POINT('',(-39.53489618561,-35.,2.001736865286));
#3786 = CIRCLE('',#3787,4.);
#3787 = AXIS2_PLACEMENT_3D('',#3788,#3789,#3790);
#3788 = CARTESIAN_POINT('',(-43.,-35.,4.));
#3789 = DIRECTION('',(0.,-1.,1.110223024625E-16));
#3790 = DIRECTION('',(1.,0.,0.));
#3791 = ORIENTED_EDGE('',*,*,#3792,.F.);
#3792 = EDGE_CURVE('',#3690,#3784,#3793,.T.);
#3793 = B_SPLINE_CURVE_WITH_KNOTS('',7,(#3794,#3795,#3796,#3797,#3798,
    #3799,#3800,#3801,#3802,#3803,#3804,#3805,#3806,#3807,#3808,#3809,
    #3810,#3811,#3812,#3813),.UNSPECIFIED.,.F.,.F.,(8,6,6,8),(0.,
    0.299213165045,0.509438594297,1.),.UNSPECIFIED.);
#3794 = CARTESIAN_POINT('',(-39.,-36.92820323027,4.));
#3795 = CARTESIAN_POINT('',(-39.,-36.92820323027,3.845051170151));
#3796 = CARTESIAN_POINT('',(-39.00700264815,-36.91607408374,
    3.689998262793));
#3797 = CARTESIAN_POINT('',(-39.02102503054,-36.89178779261,
    3.537445699096));
#3798 = CARTESIAN_POINT('',(-39.04145439503,-36.85586418024,
    3.38955915687));
#3799 = CARTESIAN_POINT('',(-39.06724945465,-36.80904901982,
    3.248111827785));
#3800 = CARTESIAN_POINT('',(-39.09711532846,-36.7523007173,
    3.114493318573));
#3801 = CARTESIAN_POINT('',(-39.15257185742,-36.6407236094,
    2.902044484916));
#3802 = CARTESIAN_POINT('',(-39.17681082863,-36.59030618534,
    2.818667672641));
#3803 = CARTESIAN_POINT('',(-39.20195469068,-36.53586032034,
    2.739868748228));
#3804 = CARTESIAN_POINT('',(-39.22755128403,-36.47773671408,
    2.665826973628));
#3805 = CARTESIAN_POINT('',(-39.25317279565,-36.4162803991,
    2.596635682381));
#3806 = CARTESIAN_POINT('',(-39.27843415339,-36.3518226732,
    2.532318601688));
#3807 = CARTESIAN_POINT('',(-39.36033325861,-36.12798867511,
    2.334054348093));
#3808 = CARTESIAN_POINT('',(-39.41383676267,-35.95680401356,
    2.221754930153));
#3809 = CARTESIAN_POINT('',(-39.45936111857,-35.77498771399,
    2.135299789624));
#3810 = CARTESIAN_POINT('',(-39.49420391763,-35.58591735422,
    2.072720528624));
#3811 = CARTESIAN_POINT('',(-39.51781068052,-35.39242658051,
    2.031398989193));
#3812 = CARTESIAN_POINT('',(-39.53095459648,-35.19667662678,
    2.00857180865));
#3813 = CARTESIAN_POINT('',(-39.53489619764,-34.9999994,2.001736844435)
  );
#3814 = CYLINDRICAL_SURFACE('',#3815,4.);
#3815 = AXIS2_PLACEMENT_3D('',#3816,#3817,#3818);
#3816 = CARTESIAN_POINT('',(-43.,-35.,4.));
#3817 = DIRECTION('',(0.,-1.,1.110223024625E-16));
#3818 = DIRECTION('',(1.,0.,0.));
#3819 = ADVANCED_FACE('',(#3820),#3950,.T.);
#3820 = FACE_BOUND('',#3821,.T.);
#3821 = EDGE_LOOP('',(#3822,#3823,#3830,#3831,#3859,#3868,#3894,#3895,
    #3896,#3897,#3923,#3924));
#3822 = ORIENTED_EDGE('',*,*,#3699,.F.);
#3823 = ORIENTED_EDGE('',*,*,#3824,.T.);
#3824 = EDGE_CURVE('',#3690,#3734,#3825,.T.);
#3825 = CIRCLE('',#3826,8.);
#3826 = AXIS2_PLACEMENT_3D('',#3827,#3828,#3829);
#3827 = CARTESIAN_POINT('',(-43.,-30.,4.));
#3828 = DIRECTION('',(-0.,1.110223024625E-16,1.));
#3829 = DIRECTION('',(0.,-1.,1.110223024625E-16));
#3830 = ORIENTED_EDGE('',*,*,#3733,.T.);
#3831 = ORIENTED_EDGE('',*,*,#3832,.T.);
#3832 = EDGE_CURVE('',#3725,#3833,#3835,.T.);
#3833 = VERTEX_POINT('',#3834);
#3834 = CARTESIAN_POINT('',(-43.,-35.,5.732050807569));
#3835 = B_SPLINE_CURVE_WITH_KNOTS('',8,(#3836,#3837,#3838,#3839,#3840,
    #3841,#3842,#3843,#3844,#3845,#3846,#3847,#3848,#3849,#3850,#3851,
    #3852,#3853,#3854,#3855,#3856,#3857,#3858),.UNSPECIFIED.,.F.,.F.,(9,
    7,7,9),(0.,0.485318039186,0.616165017574,1.),.UNSPECIFIED.);
#3836 = CARTESIAN_POINT('',(-47.8,-35.,5.770048746669));
#3837 = CARTESIAN_POINT('',(-47.53207954566,-35.,5.867649182158));
#3838 = CARTESIAN_POINT('',(-47.25287927918,-35.,5.937740761606));
#3839 = CARTESIAN_POINT('',(-46.96666801429,-35.,5.983315088433));
#3840 = CARTESIAN_POINT('',(-46.6766335652,-35.,6.007447893562));
#3841 = CARTESIAN_POINT('',(-46.38502246535,-35.,6.013559256078));
#3842 = CARTESIAN_POINT('',(-46.09309965965,-35.,6.005118245403));
#3843 = CARTESIAN_POINT('',(-45.8011754322,-35.,5.98556211375));
#3844 = CARTESIAN_POINT('',(-45.42965863571,-35.,5.951022843046));
#3845 = CARTESIAN_POINT('',(-45.35074599676,-35.,5.943135237091));
#3846 = CARTESIAN_POINT('',(-45.27181271396,-35.,5.934764480283));
#3847 = CARTESIAN_POINT('',(-45.19285514971,-35.,5.925981227471));
#3848 = CARTESIAN_POINT('',(-45.11386824037,-35.,5.916856990489));
#3849 = CARTESIAN_POINT('',(-45.03484549631,-35.,5.907464138157));
#3850 = CARTESIAN_POINT('',(-44.95577900184,-35.,5.897875896282));
#3851 = CARTESIAN_POINT('',(-44.64456490698,-35.,5.859683730243));
#3852 = CARTESIAN_POINT('',(-44.41199398331,-35.,5.830154285629));
#3853 = CARTESIAN_POINT('',(-44.17868351576,-35.,5.801440211198));
#3854 = CARTESIAN_POINT('',(-43.94447262347,-35.,5.775475991161));
#3855 = CARTESIAN_POINT('',(-43.70930861285,-35.,5.75421772939));
#3856 = CARTESIAN_POINT('',(-43.4732655368,-35.,5.73944110033));
#3857 = CARTESIAN_POINT('',(-43.23664383398,-35.,5.732050807569));
#3858 = CARTESIAN_POINT('',(-43.,-35.,5.732050807569));
#3859 = ORIENTED_EDGE('',*,*,#3860,.T.);
#3860 = EDGE_CURVE('',#3833,#3861,#3863,.T.);
#3861 = VERTEX_POINT('',#3862);
#3862 = CARTESIAN_POINT('',(-43.,-35.,2.267949192431));
#3863 = CIRCLE('',#3864,2.);
#3864 = AXIS2_PLACEMENT_3D('',#3865,#3866,#3867);
#3865 = CARTESIAN_POINT('',(-43.,-36.,4.));
#3866 = DIRECTION('',(-1.,2.449293598295E-16,-2.719262146894E-32));
#3867 = DIRECTION('',(-2.449293598295E-16,-1.,1.110223024625E-16));
#3868 = ORIENTED_EDGE('',*,*,#3869,.T.);
#3869 = EDGE_CURVE('',#3861,#3759,#3870,.T.);
#3870 = B_SPLINE_CURVE_WITH_KNOTS('',8,(#3871,#3872,#3873,#3874,#3875,
    #3876,#3877,#3878,#3879,#3880,#3881,#3882,#3883,#3884,#3885,#3886,
    #3887,#3888,#3889,#3890,#3891,#3892,#3893),.UNSPECIFIED.,.F.,.F.,(9,
    7,7,9),(0.,0.385437212752,0.861213844097,1.),.UNSPECIFIED.);
#3871 = CARTESIAN_POINT('',(-43.,-35.,2.267949192431));
#3872 = CARTESIAN_POINT('',(-43.23763335549,-35.,2.267949192431));
#3873 = CARTESIAN_POINT('',(-43.47524276871,-35.,2.26049696483));
#3874 = CARTESIAN_POINT('',(-43.71226579782,-35.,2.245596700855));
#3875 = CARTESIAN_POINT('',(-43.94840009557,-35.,2.224168284401));
#3876 = CARTESIAN_POINT('',(-44.18357283818,-35.,2.198016953668));
#3877 = CARTESIAN_POINT('',(-44.41783918966,-35.,2.169125590264));
#3878 = CARTESIAN_POINT('',(-44.65136374108,-35.,2.139452692868));
#3879 = CARTESIAN_POINT('',(-45.17208829827,-35.,2.075615816414));
#3880 = CARTESIAN_POINT('',(-45.45868064515,-35.,2.042073391306));
#3881 = CARTESIAN_POINT('',(-45.74515681339,-35.,2.013735425565));
#3882 = CARTESIAN_POINT('',(-46.03185182958,-35.,1.993995997575));
#3883 = CARTESIAN_POINT('',(-46.31848599914,-35.,1.98612369207));
#3884 = CARTESIAN_POINT('',(-46.60416729643,-35.,1.993353568754));
#3885 = CARTESIAN_POINT('',(-46.887394323,-35.,2.018775056259));
#3886 = CARTESIAN_POINT('',(-47.24727827918,-35.,2.079288340376));
#3887 = CARTESIAN_POINT('',(-47.32812748577,-35.,2.094772096514));
#3888 = CARTESIAN_POINT('',(-47.40848876351,-35.,2.11214989334));
#3889 = CARTESIAN_POINT('',(-47.48828702785,-35.,2.131496087223));
#3890 = CARTESIAN_POINT('',(-47.56743714435,-35.,2.152882640627));
#3891 = CARTESIAN_POINT('',(-47.64584409464,-35.,2.176378316363));
#3892 = CARTESIAN_POINT('',(-47.72340314253,-35.,2.202047871844));
#3893 = CARTESIAN_POINT('',(-47.8,-35.,2.229951253331));
#3894 = ORIENTED_EDGE('',*,*,#3758,.F.);
#3895 = ORIENTED_EDGE('',*,*,#3824,.F.);
#3896 = ORIENTED_EDGE('',*,*,#3792,.T.);
#3897 = ORIENTED_EDGE('',*,*,#3898,.T.);
#3898 = EDGE_CURVE('',#3784,#3861,#3899,.T.);
#3899 = B_SPLINE_CURVE_WITH_KNOTS('',8,(#3900,#3901,#3902,#3903,#3904,
    #3905,#3906,#3907,#3908,#3909,#3910,#3911,#3912,#3913,#3914,#3915,
    #3916,#3917,#3918,#3919,#3920,#3921,#3922),.UNSPECIFIED.,.F.,.F.,(9,
    7,7,9),(0.,0.485318039187,0.616165017575,1.),.UNSPECIFIED.);
#3900 = CARTESIAN_POINT('',(-38.2,-35.,2.229951253331));
#3901 = CARTESIAN_POINT('',(-38.46792045434,-35.,2.132350817842));
#3902 = CARTESIAN_POINT('',(-38.74712072081,-35.,2.062259238395));
#3903 = CARTESIAN_POINT('',(-39.0333319857,-35.,2.016684911566));
#3904 = CARTESIAN_POINT('',(-39.32336643479,-35.,1.992552106438));
#3905 = CARTESIAN_POINT('',(-39.61497753465,-35.,1.986440743922));
#3906 = CARTESIAN_POINT('',(-39.90690034034,-35.,1.994881754597));
#3907 = CARTESIAN_POINT('',(-40.19882456779,-35.,2.01443788625));
#3908 = CARTESIAN_POINT('',(-40.57034136428,-35.,2.048977156954));
#3909 = CARTESIAN_POINT('',(-40.64925400323,-35.,2.056864762909));
#3910 = CARTESIAN_POINT('',(-40.72818728603,-35.,2.065235519717));
#3911 = CARTESIAN_POINT('',(-40.80714485028,-35.,2.074018772529));
#3912 = CARTESIAN_POINT('',(-40.88613175962,-35.,2.083143009511));
#3913 = CARTESIAN_POINT('',(-40.96515450368,-35.,2.092535861843));
#3914 = CARTESIAN_POINT('',(-41.04422099815,-35.,2.102124103718));
#3915 = CARTESIAN_POINT('',(-41.35543509301,-35.,2.140316269756));
#3916 = CARTESIAN_POINT('',(-41.58800601669,-35.,2.169845714371));
#3917 = CARTESIAN_POINT('',(-41.82131648421,-35.,2.198559788801));
#3918 = CARTESIAN_POINT('',(-42.05552737654,-35.,2.22452400884));
#3919 = CARTESIAN_POINT('',(-42.29069138712,-35.,2.245782270609));
#3920 = CARTESIAN_POINT('',(-42.5267344632,-35.,2.26055889967));
#3921 = CARTESIAN_POINT('',(-42.76335616601,-35.,2.267949192431));
#3922 = CARTESIAN_POINT('',(-43.,-35.,2.267949192431));
#3923 = ORIENTED_EDGE('',*,*,#3860,.F.);
#3924 = ORIENTED_EDGE('',*,*,#3925,.F.);
#3925 = EDGE_CURVE('',#3700,#3833,#3926,.T.);
#3926 = B_SPLINE_CURVE_WITH_KNOTS('',8,(#3927,#3928,#3929,#3930,#3931,
    #3932,#3933,#3934,#3935,#3936,#3937,#3938,#3939,#3940,#3941,#3942,
    #3943,#3944,#3945,#3946,#3947,#3948,#3949),.UNSPECIFIED.,.F.,.F.,(9,
    7,7,9),(0.,0.485318039187,0.616165017575,1.),.UNSPECIFIED.);
#3927 = CARTESIAN_POINT('',(-38.2,-35.,5.770048746669));
#3928 = CARTESIAN_POINT('',(-38.46792045434,-35.,5.867649182158));
#3929 = CARTESIAN_POINT('',(-38.74712072081,-35.,5.937740761607));
#3930 = CARTESIAN_POINT('',(-39.0333319857,-35.,5.983315088432));
#3931 = CARTESIAN_POINT('',(-39.32336643479,-35.,6.007447893564));
#3932 = CARTESIAN_POINT('',(-39.61497753465,-35.,6.013559256077));
#3933 = CARTESIAN_POINT('',(-39.90690034034,-35.,6.005118245404));
#3934 = CARTESIAN_POINT('',(-40.19882456779,-35.,5.98556211375));
#3935 = CARTESIAN_POINT('',(-40.57034136429,-35.,5.951022843046));
#3936 = CARTESIAN_POINT('',(-40.64925400323,-35.,5.943135237091));
#3937 = CARTESIAN_POINT('',(-40.72818728603,-35.,5.934764480283));
#3938 = CARTESIAN_POINT('',(-40.80714485028,-35.,5.925981227471));
#3939 = CARTESIAN_POINT('',(-40.88613175962,-35.,5.916856990488));
#3940 = CARTESIAN_POINT('',(-40.96515450369,-35.,5.907464138156));
#3941 = CARTESIAN_POINT('',(-41.04422099815,-35.,5.897875896282));
#3942 = CARTESIAN_POINT('',(-41.35543509301,-35.,5.859683730243));
#3943 = CARTESIAN_POINT('',(-41.58800601669,-35.,5.830154285628));
#3944 = CARTESIAN_POINT('',(-41.82131648422,-35.,5.801440211199));
#3945 = CARTESIAN_POINT('',(-42.05552737654,-35.,5.77547599116));
#3946 = CARTESIAN_POINT('',(-42.29069138713,-35.,5.754217729391));
#3947 = CARTESIAN_POINT('',(-42.5267344632,-35.,5.73944110033));
#3948 = CARTESIAN_POINT('',(-42.76335616601,-35.,5.732050807569));
#3949 = CARTESIAN_POINT('',(-43.,-35.,5.732050807569));
#3950 = TOROIDAL_SURFACE('',#3951,6.,2.);
#3951 = AXIS2_PLACEMENT_3D('',#3952,#3953,#3954);
#3952 = CARTESIAN_POINT('',(-43.,-30.,4.));
#3953 = DIRECTION('',(0.,1.110223024625E-16,1.));
#3954 = DIRECTION('',(0.,-1.,1.110223024625E-16));
#3955 = ADVANCED_FACE('',(#3956),#3961,.F.);
#3956 = FACE_BOUND('',#3957,.F.);
#3957 = EDGE_LOOP('',(#3958,#3959,#3960));
#3958 = ORIENTED_EDGE('',*,*,#3783,.T.);
#3959 = ORIENTED_EDGE('',*,*,#3898,.T.);
#3960 = ORIENTED_EDGE('',*,*,#3869,.T.);
#3961 = PLANE('',#3962);
#3962 = AXIS2_PLACEMENT_3D('',#3963,#3964,#3965);
#3963 = CARTESIAN_POINT('',(-43.,-35.,4.));
#3964 = DIRECTION('',(0.,-1.,1.110223024625E-16));
#3965 = DIRECTION('',(1.,0.,0.));
#3966 = ADVANCED_FACE('',(#3967),#3972,.F.);
#3967 = FACE_BOUND('',#3968,.F.);
#3968 = EDGE_LOOP('',(#3969,#3970,#3971));
#3969 = ORIENTED_EDGE('',*,*,#3925,.F.);
#3970 = ORIENTED_EDGE('',*,*,#3724,.T.);
#3971 = ORIENTED_EDGE('',*,*,#3832,.T.);
#3972 = PLANE('',#3973);
#3973 = AXIS2_PLACEMENT_3D('',#3974,#3975,#3976);
#3974 = CARTESIAN_POINT('',(-43.,-35.,4.));
#3975 = DIRECTION('',(0.,-1.,1.110223024625E-16));
#3976 = DIRECTION('',(1.,0.,0.));
#3977 = MANIFOLD_SOLID_BREP('',#3978);
#3978 = CLOSED_SHELL('',(#3979,#4012,#4032,#4041,#4175,#4311,#4322));
#3979 = ADVANCED_FACE('',(#3980),#4007,.T.);
#3980 = FACE_BOUND('',#3981,.T.);
#3981 = EDGE_LOOP('',(#3982,#3992,#3999,#4000));
#3982 = ORIENTED_EDGE('',*,*,#3983,.T.);
#3983 = EDGE_CURVE('',#3984,#3986,#3988,.T.);
#3984 = VERTEX_POINT('',#3985);
#3985 = CARTESIAN_POINT('',(98.95,9.,4.));
#3986 = VERTEX_POINT('',#3987);
#3987 = CARTESIAN_POINT('',(98.95,-28.,4.));
#3988 = LINE('',#3989,#3990);
#3989 = CARTESIAN_POINT('',(98.95,10.,4.));
#3990 = VECTOR('',#3991,1.);
#3991 = DIRECTION('',(0.,-1.,1.110223024625E-16));
#3992 = ORIENTED_EDGE('',*,*,#3993,.F.);
#3993 = EDGE_CURVE('',#3986,#3986,#3994,.T.);
#3994 = CIRCLE('',#3995,1.95);
#3995 = AXIS2_PLACEMENT_3D('',#3996,#3997,#3998);
#3996 = CARTESIAN_POINT('',(97.,-28.,4.));
#3997 = DIRECTION('',(0.,-1.,1.110223024625E-16));
#3998 = DIRECTION('',(1.,0.,0.));
#3999 = ORIENTED_EDGE('',*,*,#3983,.F.);
#4000 = ORIENTED_EDGE('',*,*,#4001,.T.);
#4001 = EDGE_CURVE('',#3984,#3984,#4002,.T.);
#4002 = CIRCLE('',#4003,1.95);
#4003 = AXIS2_PLACEMENT_3D('',#4004,#4005,#4006);
#4004 = CARTESIAN_POINT('',(97.,9.,4.));
#4005 = DIRECTION('',(0.,-1.,1.110223024625E-16));
#4006 = DIRECTION('',(1.,0.,0.));
#4007 = CYLINDRICAL_SURFACE('',#4008,1.95);
#4008 = AXIS2_PLACEMENT_3D('',#4009,#4010,#4011);
#4009 = CARTESIAN_POINT('',(97.,10.,4.));
#4010 = DIRECTION('',(0.,-1.,1.110223024625E-16));
#4011 = DIRECTION('',(1.,0.,0.));
#4012 = ADVANCED_FACE('',(#4013,#4024),#4027,.T.);
#4013 = FACE_BOUND('',#4014,.T.);
#4014 = EDGE_LOOP('',(#4015));
#4015 = ORIENTED_EDGE('',*,*,#4016,.T.);
#4016 = EDGE_CURVE('',#4017,#4017,#4019,.T.);
#4017 = VERTEX_POINT('',#4018);
#4018 = CARTESIAN_POINT('',(101.,9.,4.));
#4019 = CIRCLE('',#4020,4.);
#4020 = AXIS2_PLACEMENT_3D('',#4021,#4022,#4023);
#4021 = CARTESIAN_POINT('',(97.,9.,4.));
#4022 = DIRECTION('',(0.,-1.,1.110223024625E-16));
#4023 = DIRECTION('',(1.,0.,0.));
#4024 = FACE_BOUND('',#4025,.T.);
#4025 = EDGE_LOOP('',(#4026));
#4026 = ORIENTED_EDGE('',*,*,#4001,.F.);
#4027 = PLANE('',#4028);
#4028 = AXIS2_PLACEMENT_3D('',#4029,#4030,#4031);
#4029 = CARTESIAN_POINT('',(97.,9.,4.));
#4030 = DIRECTION('',(0.,-1.,1.110223024625E-16));
#4031 = DIRECTION('',(1.,0.,0.));
#4032 = ADVANCED_FACE('',(#4033),#4036,.T.);
#4033 = FACE_BOUND('',#4034,.T.);
#4034 = EDGE_LOOP('',(#4035));
#4035 = ORIENTED_EDGE('',*,*,#3993,.T.);
#4036 = PLANE('',#4037);
#4037 = AXIS2_PLACEMENT_3D('',#4038,#4039,#4040);
#4038 = CARTESIAN_POINT('',(97.,-28.,4.));
#4039 = DIRECTION('',(0.,-1.,1.110223024625E-16));
#4040 = DIRECTION('',(1.,0.,0.));
#4041 = ADVANCED_FACE('',(#4042),#4170,.T.);
#4042 = FACE_BOUND('',#4043,.T.);
#4043 = EDGE_LOOP('',(#4044,#4052,#4053,#4054,#4079,#4088,#4113,#4138,
    #4147));
#4044 = ORIENTED_EDGE('',*,*,#4045,.T.);
#4045 = EDGE_CURVE('',#4046,#4017,#4048,.T.);
#4046 = VERTEX_POINT('',#4047);
#4047 = CARTESIAN_POINT('',(101.,13.071796769725,4.));
#4048 = LINE('',#4049,#4050);
#4049 = CARTESIAN_POINT('',(101.,15.,4.));
#4050 = VECTOR('',#4051,1.);
#4051 = DIRECTION('',(0.,-1.,1.110223024625E-16));
#4052 = ORIENTED_EDGE('',*,*,#4016,.F.);
#4053 = ORIENTED_EDGE('',*,*,#4045,.F.);
#4054 = ORIENTED_EDGE('',*,*,#4055,.T.);
#4055 = EDGE_CURVE('',#4046,#4056,#4058,.T.);
#4056 = VERTEX_POINT('',#4057);
#4057 = CARTESIAN_POINT('',(100.46510381438,15.,5.998263134714));
#4058 = B_SPLINE_CURVE_WITH_KNOTS('',7,(#4059,#4060,#4061,#4062,#4063,
    #4064,#4065,#4066,#4067,#4068,#4069,#4070,#4071,#4072,#4073,#4074,
    #4075,#4076,#4077,#4078),.UNSPECIFIED.,.F.,.F.,(8,6,6,8),(0.,
    0.299213323662,0.509438769415,1.),.UNSPECIFIED.);
#4059 = CARTESIAN_POINT('',(101.,13.071796769724,4.));
#4060 = CARTESIAN_POINT('',(101.,13.071796769724,4.15494891201));
#4061 = CARTESIAN_POINT('',(100.99299734441,13.083925929123,
    4.310001901719));
#4062 = CARTESIAN_POINT('',(100.97897494713,13.108212246037,
    4.462554543631));
#4063 = CARTESIAN_POINT('',(100.95854556163,13.144135895953,
    4.610441156735));
#4064 = CARTESIAN_POINT('',(100.93275047699,13.190951104243,
    4.751888547057));
#4065 = CARTESIAN_POINT('',(100.90288457655,13.247699463159,
    4.885507106409));
#4066 = CARTESIAN_POINT('',(100.8474280137,13.359276657356,5.09795596584
    ));
#4067 = CARTESIAN_POINT('',(100.82318903606,13.409694104185,
    5.181332763727));
#4068 = CARTESIAN_POINT('',(100.79804516919,13.464139991219,
    5.260131672254));
#4069 = CARTESIAN_POINT('',(100.77244857266,13.522263618728,
    5.334173429723));
#4070 = CARTESIAN_POINT('',(100.74682705952,13.583719954105,
    5.403364702823));
#4071 = CARTESIAN_POINT('',(100.72156570183,13.648177699542,
    5.467681764565));
#4072 = CARTESIAN_POINT('',(100.63966662676,13.872011691579,
    5.665945892501));
#4073 = CARTESIAN_POINT('',(100.58616315602,14.043196311124,
    5.77824522427));
#4074 = CARTESIAN_POINT('',(100.54063883162,14.225012556157,
    5.864700299786));
#4075 = CARTESIAN_POINT('',(100.50579605709,14.414082853065,
    5.927279515617));
#4076 = CARTESIAN_POINT('',(100.4821893101,14.60757355917,5.968601027082
    ));
#4077 = CARTESIAN_POINT('',(100.46904540211,14.803323443302,
    5.991428193785));
#4078 = CARTESIAN_POINT('',(100.46510380235,15.0000006,5.998263155565));
#4079 = ORIENTED_EDGE('',*,*,#4080,.T.);
#4080 = EDGE_CURVE('',#4056,#4081,#4083,.T.);
#4081 = VERTEX_POINT('',#4082);
#4082 = CARTESIAN_POINT('',(93.534896185618,15.,5.998263134714));
#4083 = CIRCLE('',#4084,4.);
#4084 = AXIS2_PLACEMENT_3D('',#4085,#4086,#4087);
#4085 = CARTESIAN_POINT('',(97.,15.,4.));
#4086 = DIRECTION('',(0.,-1.,1.110223024625E-16));
#4087 = DIRECTION('',(1.,0.,0.));
#4088 = ORIENTED_EDGE('',*,*,#4089,.F.);
#4089 = EDGE_CURVE('',#4090,#4081,#4092,.T.);
#4090 = VERTEX_POINT('',#4091);
#4091 = CARTESIAN_POINT('',(93.,13.071796769724,4.));
#4092 = B_SPLINE_CURVE_WITH_KNOTS('',7,(#4093,#4094,#4095,#4096,#4097,
    #4098,#4099,#4100,#4101,#4102,#4103,#4104,#4105,#4106,#4107,#4108,
    #4109,#4110,#4111,#4112),.UNSPECIFIED.,.F.,.F.,(8,6,6,8),(0.,
    0.299212889432,0.509438290013,1.),.UNSPECIFIED.);
#4093 = CARTESIAN_POINT('',(93.,13.071796769724,4.));
#4094 = CARTESIAN_POINT('',(93.,13.071796769724,4.154948687085));
#4095 = CARTESIAN_POINT('',(93.007002635253,13.083925893908,
    4.310001451352));
#4096 = CARTESIAN_POINT('',(93.021024991766,13.10821214022,
    4.462553879143));
#4097 = CARTESIAN_POINT('',(93.041454319738,13.144135687346,
    4.610440298209));
#4098 = CARTESIAN_POINT('',(93.067249335875,13.190950764606,
    4.75188752089));
#4099 = CARTESIAN_POINT('',(93.09711516343,13.247698969136,4.88550594298
    ));
#4100 = CARTESIAN_POINT('',(93.152571633489,13.359275927065,
    5.097954731852));
#4101 = CARTESIAN_POINT('',(93.176810593538,13.409693311566,
    5.181331569129));
#4102 = CARTESIAN_POINT('',(93.201954447207,13.464139138272,
    5.260130521144));
#4103 = CARTESIAN_POINT('',(93.22755103505,13.522262707631,
    5.334172325512));
#4104 = CARTESIAN_POINT('',(93.253172544012,13.583718987155,
    5.403363648292));
#4105 = CARTESIAN_POINT('',(93.278433901859,13.648176679115,
    5.467680761914));
#4106 = CARTESIAN_POINT('',(93.360333059447,13.872010687723,
    5.665945233851));
#4107 = CARTESIAN_POINT('',(93.413836621396,14.043195422252,
    5.778244801521));
#4108 = CARTESIAN_POINT('',(93.459361032051,14.225011816581,
    5.864700055019));
#4109 = CARTESIAN_POINT('',(93.494203873734,14.414082285578,
    5.927279394501));
#4110 = CARTESIAN_POINT('',(93.517810664233,14.607573176762,
    5.968600982529));
#4111 = CARTESIAN_POINT('',(93.530954594044,14.803323251443,
    5.991428187118));
#4112 = CARTESIAN_POINT('',(93.534896197643,15.0000006,5.998263155565));
#4113 = ORIENTED_EDGE('',*,*,#4114,.T.);
#4114 = EDGE_CURVE('',#4090,#4115,#4117,.T.);
#4115 = VERTEX_POINT('',#4116);
#4116 = CARTESIAN_POINT('',(93.534896185618,15.,2.001736865286));
#4117 = B_SPLINE_CURVE_WITH_KNOTS('',7,(#4118,#4119,#4120,#4121,#4122,
    #4123,#4124,#4125,#4126,#4127,#4128,#4129,#4130,#4131,#4132,#4133,
    #4134,#4135,#4136,#4137),.UNSPECIFIED.,.F.,.F.,(8,6,6,8),(0.,
    0.299212889433,0.509438290013,1.),.UNSPECIFIED.);
#4118 = CARTESIAN_POINT('',(93.,13.071796769724,4.));
#4119 = CARTESIAN_POINT('',(93.,13.071796769724,3.845051312915));
#4120 = CARTESIAN_POINT('',(93.007002635253,13.083925893908,
    3.689998548648));
#4121 = CARTESIAN_POINT('',(93.021024991766,13.10821214022,
    3.537446120856));
#4122 = CARTESIAN_POINT('',(93.041454319738,13.144135687346,
    3.389559701792));
#4123 = CARTESIAN_POINT('',(93.067249335875,13.190950764607,
    3.248112479109));
#4124 = CARTESIAN_POINT('',(93.09711516343,13.247698969136,3.11449405702
    ));
#4125 = CARTESIAN_POINT('',(93.152571633489,13.359275927065,
    2.902045268148));
#4126 = CARTESIAN_POINT('',(93.176810593538,13.409693311566,
    2.818668430871));
#4127 = CARTESIAN_POINT('',(93.201954447207,13.464139138272,
    2.739869478856));
#4128 = CARTESIAN_POINT('',(93.22755103505,13.522262707631,
    2.665827674488));
#4129 = CARTESIAN_POINT('',(93.253172544012,13.583718987155,
    2.596636351708));
#4130 = CARTESIAN_POINT('',(93.278433901859,13.648176679115,
    2.532319238086));
#4131 = CARTESIAN_POINT('',(93.360333059447,13.872010687722,
    2.33405476615));
#4132 = CARTESIAN_POINT('',(93.413836621397,14.043195422253,
    2.221755198478));
#4133 = CARTESIAN_POINT('',(93.45936103205,14.225011816579,
    2.135299944983));
#4134 = CARTESIAN_POINT('',(93.494203873734,14.414082285579,
    2.072720605498));
#4135 = CARTESIAN_POINT('',(93.517810664233,14.607573176761,
    2.031399017472));
#4136 = CARTESIAN_POINT('',(93.530954594044,14.803323251443,
    2.008571812882));
#4137 = CARTESIAN_POINT('',(93.534896197643,15.0000006,2.001736844435));
#4138 = ORIENTED_EDGE('',*,*,#4139,.T.);
#4139 = EDGE_CURVE('',#4115,#4140,#4142,.T.);
#4140 = VERTEX_POINT('',#4141);
#4141 = CARTESIAN_POINT('',(100.46510381438,15.,2.001736865286));
#4142 = CIRCLE('',#4143,4.);
#4143 = AXIS2_PLACEMENT_3D('',#4144,#4145,#4146);
#4144 = CARTESIAN_POINT('',(97.,15.,4.));
#4145 = DIRECTION('',(0.,-1.,1.110223024625E-16));
#4146 = DIRECTION('',(1.,0.,0.));
#4147 = ORIENTED_EDGE('',*,*,#4148,.F.);
#4148 = EDGE_CURVE('',#4046,#4140,#4149,.T.);
#4149 = B_SPLINE_CURVE_WITH_KNOTS('',7,(#4150,#4151,#4152,#4153,#4154,
    #4155,#4156,#4157,#4158,#4159,#4160,#4161,#4162,#4163,#4164,#4165,
    #4166,#4167,#4168,#4169),.UNSPECIFIED.,.F.,.F.,(8,6,6,8),(0.,
    0.299213165045,0.509438594297,1.),.UNSPECIFIED.);
#4150 = CARTESIAN_POINT('',(101.,13.071796769724,4.));
#4151 = CARTESIAN_POINT('',(101.,13.071796769724,3.845051170151));
#4152 = CARTESIAN_POINT('',(100.99299735184,13.08392591626,
    3.689998262793));
#4153 = CARTESIAN_POINT('',(100.97897496945,13.108212207384,
    3.537445699096));
#4154 = CARTESIAN_POINT('',(100.95854560496,13.144135819752,
    3.38955915687));
#4155 = CARTESIAN_POINT('',(100.93275054534,13.190950980179,
    3.248111827785));
#4156 = CARTESIAN_POINT('',(100.90288467153,13.2476992827,3.114493318573
    ));
#4157 = CARTESIAN_POINT('',(100.84742814257,13.359276390592,
    2.902044484916));
#4158 = CARTESIAN_POINT('',(100.82318917136,13.409693814654,
    2.818667672641));
#4159 = CARTESIAN_POINT('',(100.79804530931,13.464139679651,
    2.739868748228));
#4160 = CARTESIAN_POINT('',(100.77244871596,13.522263285919,
    2.665826973628));
#4161 = CARTESIAN_POINT('',(100.74682720434,13.583719600894,
    2.596635682381));
#4162 = CARTESIAN_POINT('',(100.7215658466,13.648177326796,
    2.532318601688));
#4163 = CARTESIAN_POINT('',(100.63966674138,13.872011324886,
    2.334054348093));
#4164 = CARTESIAN_POINT('',(100.58616323733,14.043195986433,
    2.221754930153));
#4165 = CARTESIAN_POINT('',(100.54063888142,14.225012286001,
    2.135299789624));
#4166 = CARTESIAN_POINT('',(100.50579608236,14.414082645771,
    2.072720528624));
#4167 = CARTESIAN_POINT('',(100.48218931948,14.607573419482,
    2.031398989193));
#4168 = CARTESIAN_POINT('',(100.46904540351,14.803323373219,
    2.00857180865));
#4169 = CARTESIAN_POINT('',(100.46510380235,15.0000006,2.001736844435));
#4170 = CYLINDRICAL_SURFACE('',#4171,4.);
#4171 = AXIS2_PLACEMENT_3D('',#4172,#4173,#4174);
#4172 = CARTESIAN_POINT('',(97.,15.,4.));
#4173 = DIRECTION('',(0.,-1.,1.110223024625E-16));
#4174 = DIRECTION('',(1.,0.,0.));
#4175 = ADVANCED_FACE('',(#4176),#4306,.T.);
#4176 = FACE_BOUND('',#4177,.T.);
#4177 = EDGE_LOOP('',(#4178,#4179,#4186,#4187,#4215,#4224,#4250,#4251,
    #4252,#4253,#4279,#4280));
#4178 = ORIENTED_EDGE('',*,*,#4055,.F.);
#4179 = ORIENTED_EDGE('',*,*,#4180,.T.);
#4180 = EDGE_CURVE('',#4046,#4090,#4181,.T.);
#4181 = CIRCLE('',#4182,8.);
#4182 = AXIS2_PLACEMENT_3D('',#4183,#4184,#4185);
#4183 = CARTESIAN_POINT('',(97.,20.,4.));
#4184 = DIRECTION('',(-0.,1.110223024625E-16,1.));
#4185 = DIRECTION('',(0.,-1.,1.110223024625E-16));
#4186 = ORIENTED_EDGE('',*,*,#4089,.T.);
#4187 = ORIENTED_EDGE('',*,*,#4188,.T.);
#4188 = EDGE_CURVE('',#4081,#4189,#4191,.T.);
#4189 = VERTEX_POINT('',#4190);
#4190 = CARTESIAN_POINT('',(97.,15.,5.732050807569));
#4191 = B_SPLINE_CURVE_WITH_KNOTS('',8,(#4192,#4193,#4194,#4195,#4196,
    #4197,#4198,#4199,#4200,#4201,#4202,#4203,#4204,#4205,#4206,#4207,
    #4208,#4209,#4210,#4211,#4212,#4213,#4214),.UNSPECIFIED.,.F.,.F.,(9,
    7,7,9),(0.,0.485318039186,0.616165017574,1.),.UNSPECIFIED.);
#4192 = CARTESIAN_POINT('',(92.2,15.,5.770048746669));
#4193 = CARTESIAN_POINT('',(92.46792045434,15.,5.867649182158));
#4194 = CARTESIAN_POINT('',(92.747120720814,15.,5.937740761606));
#4195 = CARTESIAN_POINT('',(93.033331985703,15.,5.983315088433));
#4196 = CARTESIAN_POINT('',(93.3233664348,15.,6.007447893562));
#4197 = CARTESIAN_POINT('',(93.614977534648,15.,6.013559256078));
#4198 = CARTESIAN_POINT('',(93.906900340346,15.,6.005118245403));
#4199 = CARTESIAN_POINT('',(94.198824567792,15.,5.98556211375));
#4200 = CARTESIAN_POINT('',(94.570341364288,15.,5.951022843046));
#4201 = CARTESIAN_POINT('',(94.649254003233,15.,5.943135237091));
#4202 = CARTESIAN_POINT('',(94.728187286031,15.,5.934764480283));
#4203 = CARTESIAN_POINT('',(94.807144850286,15.,5.925981227471));
#4204 = CARTESIAN_POINT('',(94.886131759622,15.,5.916856990489));
#4205 = CARTESIAN_POINT('',(94.965154503688,15.,5.907464138157));
#4206 = CARTESIAN_POINT('',(95.044220998151,15.,5.897875896282));
#4207 = CARTESIAN_POINT('',(95.355435093018,15.,5.859683730243));
#4208 = CARTESIAN_POINT('',(95.588006016686,15.,5.830154285629));
#4209 = CARTESIAN_POINT('',(95.821316484237,15.,5.801440211198));
#4210 = CARTESIAN_POINT('',(96.055527376522,15.,5.775475991161));
#4211 = CARTESIAN_POINT('',(96.290691387146,15.,5.75421772939));
#4212 = CARTESIAN_POINT('',(96.526734463197,15.,5.73944110033));
#4213 = CARTESIAN_POINT('',(96.763356166018,15.,5.732050807569));
#4214 = CARTESIAN_POINT('',(97.,15.,5.732050807569));
#4215 = ORIENTED_EDGE('',*,*,#4216,.T.);
#4216 = EDGE_CURVE('',#4189,#4217,#4219,.T.);
#4217 = VERTEX_POINT('',#4218);
#4218 = CARTESIAN_POINT('',(97.,15.,2.267949192431));
#4219 = CIRCLE('',#4220,2.);
#4220 = AXIS2_PLACEMENT_3D('',#4221,#4222,#4223);
#4221 = CARTESIAN_POINT('',(97.,14.,4.));
#4222 = DIRECTION('',(-1.,2.449293598295E-16,-2.719262146894E-32));
#4223 = DIRECTION('',(-2.449293598295E-16,-1.,1.110223024625E-16));
#4224 = ORIENTED_EDGE('',*,*,#4225,.T.);
#4225 = EDGE_CURVE('',#4217,#4115,#4226,.T.);
#4226 = B_SPLINE_CURVE_WITH_KNOTS('',8,(#4227,#4228,#4229,#4230,#4231,
    #4232,#4233,#4234,#4235,#4236,#4237,#4238,#4239,#4240,#4241,#4242,
    #4243,#4244,#4245,#4246,#4247,#4248,#4249),.UNSPECIFIED.,.F.,.F.,(9,
    7,7,9),(0.,0.385437212752,0.861213844097,1.),.UNSPECIFIED.);
#4227 = CARTESIAN_POINT('',(97.,15.,2.267949192431));
#4228 = CARTESIAN_POINT('',(96.762366644507,15.,2.267949192431));
#4229 = CARTESIAN_POINT('',(96.524757231285,15.,2.26049696483));
#4230 = CARTESIAN_POINT('',(96.287734202173,15.,2.245596700855));
#4231 = CARTESIAN_POINT('',(96.051599904421,15.,2.224168284401));
#4232 = CARTESIAN_POINT('',(95.816427161813,15.,2.198016953668));
#4233 = CARTESIAN_POINT('',(95.582160810331,15.,2.169125590264));
#4234 = CARTESIAN_POINT('',(95.348636258911,15.,2.139452692868));
#4235 = CARTESIAN_POINT('',(94.827911701726,15.,2.075615816414));
#4236 = CARTESIAN_POINT('',(94.541319354848,15.,2.042073391306));
#4237 = CARTESIAN_POINT('',(94.254843186606,15.,2.013735425565));
#4238 = CARTESIAN_POINT('',(93.968148170419,15.,1.993995997575));
#4239 = CARTESIAN_POINT('',(93.681514000859,15.,1.98612369207));
#4240 = CARTESIAN_POINT('',(93.395832703563,15.,1.993353568754));
#4241 = CARTESIAN_POINT('',(93.112605676992,15.,2.018775056259));
#4242 = CARTESIAN_POINT('',(92.752721720818,15.,2.079288340376));
#4243 = CARTESIAN_POINT('',(92.671872514227,15.,2.094772096514));
#4244 = CARTESIAN_POINT('',(92.591511236489,15.,2.11214989334));
#4245 = CARTESIAN_POINT('',(92.511712972142,15.,2.131496087223));
#4246 = CARTESIAN_POINT('',(92.432562855648,15.,2.152882640627));
#4247 = CARTESIAN_POINT('',(92.354155905355,15.,2.176378316363));
#4248 = CARTESIAN_POINT('',(92.276596857466,15.,2.202047871844));
#4249 = CARTESIAN_POINT('',(92.2,15.,2.229951253331));
#4250 = ORIENTED_EDGE('',*,*,#4114,.F.);
#4251 = ORIENTED_EDGE('',*,*,#4180,.F.);
#4252 = ORIENTED_EDGE('',*,*,#4148,.T.);
#4253 = ORIENTED_EDGE('',*,*,#4254,.T.);
#4254 = EDGE_CURVE('',#4140,#4217,#4255,.T.);
#4255 = B_SPLINE_CURVE_WITH_KNOTS('',8,(#4256,#4257,#4258,#4259,#4260,
    #4261,#4262,#4263,#4264,#4265,#4266,#4267,#4268,#4269,#4270,#4271,
    #4272,#4273,#4274,#4275,#4276,#4277,#4278),.UNSPECIFIED.,.F.,.F.,(9,
    7,7,9),(0.,0.485318039187,0.616165017575,1.),.UNSPECIFIED.);
#4256 = CARTESIAN_POINT('',(101.8,15.,2.229951253331));
#4257 = CARTESIAN_POINT('',(101.53207954565,15.,2.132350817842));
#4258 = CARTESIAN_POINT('',(101.25287927919,15.,2.062259238395));
#4259 = CARTESIAN_POINT('',(100.96666801429,15.,2.016684911566));
#4260 = CARTESIAN_POINT('',(100.6766335652,15.,1.992552106438));
#4261 = CARTESIAN_POINT('',(100.38502246534,15.,1.986440743922));
#4262 = CARTESIAN_POINT('',(100.09309965965,15.,1.994881754597));
#4263 = CARTESIAN_POINT('',(99.801175432209,15.,2.01443788625));
#4264 = CARTESIAN_POINT('',(99.429658635713,15.,2.048977156954));
#4265 = CARTESIAN_POINT('',(99.350745996768,15.,2.056864762909));
#4266 = CARTESIAN_POINT('',(99.27181271397,15.,2.065235519717));
#4267 = CARTESIAN_POINT('',(99.192855149715,15.,2.074018772529));
#4268 = CARTESIAN_POINT('',(99.113868240379,15.,2.083143009511));
#4269 = CARTESIAN_POINT('',(99.034845496313,15.,2.092535861843));
#4270 = CARTESIAN_POINT('',(98.95577900185,15.,2.102124103718));
#4271 = CARTESIAN_POINT('',(98.644564906985,15.,2.140316269756));
#4272 = CARTESIAN_POINT('',(98.411993983306,15.,2.169845714371));
#4273 = CARTESIAN_POINT('',(98.178683515783,15.,2.198559788801));
#4274 = CARTESIAN_POINT('',(97.944472623455,15.,2.22452400884));
#4275 = CARTESIAN_POINT('',(97.709308612873,15.,2.245782270609));
#4276 = CARTESIAN_POINT('',(97.473265536795,15.,2.26055889967));
#4277 = CARTESIAN_POINT('',(97.236643833983,15.,2.267949192431));
#4278 = CARTESIAN_POINT('',(97.,15.,2.267949192431));
#4279 = ORIENTED_EDGE('',*,*,#4216,.F.);
#4280 = ORIENTED_EDGE('',*,*,#4281,.F.);
#4281 = EDGE_CURVE('',#4056,#4189,#4282,.T.);
#4282 = B_SPLINE_CURVE_WITH_KNOTS('',8,(#4283,#4284,#4285,#4286,#4287,
    #4288,#4289,#4290,#4291,#4292,#4293,#4294,#4295,#4296,#4297,#4298,
    #4299,#4300,#4301,#4302,#4303,#4304,#4305),.UNSPECIFIED.,.F.,.F.,(9,
    7,7,9),(0.,0.485318039187,0.616165017575,1.),.UNSPECIFIED.);
#4283 = CARTESIAN_POINT('',(101.8,15.,5.770048746669));
#4284 = CARTESIAN_POINT('',(101.53207954566,15.,5.867649182158));
#4285 = CARTESIAN_POINT('',(101.25287927918,15.,5.937740761607));
#4286 = CARTESIAN_POINT('',(100.96666801429,15.,5.983315088432));
#4287 = CARTESIAN_POINT('',(100.6766335652,15.,6.007447893564));
#4288 = CARTESIAN_POINT('',(100.38502246534,15.,6.013559256077));
#4289 = CARTESIAN_POINT('',(100.09309965965,15.,6.005118245404));
#4290 = CARTESIAN_POINT('',(99.801175432206,15.,5.98556211375));
#4291 = CARTESIAN_POINT('',(99.42965863571,15.,5.951022843046));
#4292 = CARTESIAN_POINT('',(99.350745996765,15.,5.943135237091));
#4293 = CARTESIAN_POINT('',(99.271812713967,15.,5.934764480283));
#4294 = CARTESIAN_POINT('',(99.192855149712,15.,5.925981227471));
#4295 = CARTESIAN_POINT('',(99.113868240376,15.,5.916856990488));
#4296 = CARTESIAN_POINT('',(99.03484549631,15.,5.907464138156));
#4297 = CARTESIAN_POINT('',(98.955779001847,15.,5.897875896282));
#4298 = CARTESIAN_POINT('',(98.644564906982,15.,5.859683730243));
#4299 = CARTESIAN_POINT('',(98.411993983305,15.,5.830154285628));
#4300 = CARTESIAN_POINT('',(98.178683515778,15.,5.801440211199));
#4301 = CARTESIAN_POINT('',(97.944472623457,15.,5.77547599116));
#4302 = CARTESIAN_POINT('',(97.709308612869,15.,5.754217729391));
#4303 = CARTESIAN_POINT('',(97.473265536795,15.,5.73944110033));
#4304 = CARTESIAN_POINT('',(97.236643833983,15.,5.732050807569));
#4305 = CARTESIAN_POINT('',(97.,15.,5.732050807569));
#4306 = TOROIDAL_SURFACE('',#4307,6.,2.);
#4307 = AXIS2_PLACEMENT_3D('',#4308,#4309,#4310);
#4308 = CARTESIAN_POINT('',(97.,20.,4.));
#4309 = DIRECTION('',(0.,1.110223024625E-16,1.));
#4310 = DIRECTION('',(0.,-1.,1.110223024625E-16));
#4311 = ADVANCED_FACE('',(#4312),#4317,.F.);
#4312 = FACE_BOUND('',#4313,.F.);
#4313 = EDGE_LOOP('',(#4314,#4315,#4316));
#4314 = ORIENTED_EDGE('',*,*,#4139,.T.);
#4315 = ORIENTED_EDGE('',*,*,#4254,.T.);
#4316 = ORIENTED_EDGE('',*,*,#4225,.T.);
#4317 = PLANE('',#4318);
#4318 = AXIS2_PLACEMENT_3D('',#4319,#4320,#4321);
#4319 = CARTESIAN_POINT('',(97.,15.,4.));
#4320 = DIRECTION('',(0.,-1.,1.110223024625E-16));
#4321 = DIRECTION('',(1.,0.,0.));
#4322 = ADVANCED_FACE('',(#4323),#4328,.F.);
#4323 = FACE_BOUND('',#4324,.F.);
#4324 = EDGE_LOOP('',(#4325,#4326,#4327));
#4325 = ORIENTED_EDGE('',*,*,#4281,.F.);
#4326 = ORIENTED_EDGE('',*,*,#4080,.T.);
#4327 = ORIENTED_EDGE('',*,*,#4188,.T.);
#4328 = PLANE('',#4329);
#4329 = AXIS2_PLACEMENT_3D('',#4330,#4331,#4332);
#4330 = CARTESIAN_POINT('',(97.,15.,4.));
#4331 = DIRECTION('',(0.,-1.,1.110223024625E-16));
#4332 = DIRECTION('',(1.,0.,0.));
#4333 = ( GEOMETRIC_REPRESENTATION_CONTEXT(3) 
GLOBAL_UNCERTAINTY_ASSIGNED_CONTEXT((#4337)) 
GLOBAL_UNIT_ASSIGNED_CONTEXT((#4334,#4335,#4336)) REPRESENTATION_CONTEXT
('Context #1','3D Context with UNIT and UNCERTAINTY') );
#4334 = ( LENGTH_UNIT() NAMED_UNIT(*) SI_UNIT(.MILLI.,.METRE.) );
#4335 = ( NAMED_UNIT(*) PLANE_ANGLE_UNIT() SI_UNIT($,.RADIAN.) );
#4336 = ( NAMED_UNIT(*) SI_UNIT($,.STERADIAN.) SOLID_ANGLE_UNIT() );
#4337 = UNCERTAINTY_MEASURE_WITH_UNIT(LENGTH_MEASURE(5.E-07),#4334,
  'distance_accuracy_value','confusion accuracy');
#4338 = PRODUCT_RELATED_PRODUCT_CATEGORY('part',$,(#7));
ENDSEC;
END-ISO-10303-21;
