ISO-10303-21;
HEADER;
FILE_DESCRIPTION(('FreeCAD Model'),'2;1');
FILE_NAME('Open CASCADE Shape Model','2026-10-05T18:49:47',('FreeCAD'),(
    'FreeCAD'),'Open CASCADE STEP processor 7.8','FreeCAD','Unknown');
FILE_SCHEMA(('AUTOMOTIVE_DESIGN { 1 0 10303 214 1 1 1 1 }'));
ENDSEC;
DATA;
#1 = APPLICATION_PROTOCOL_DEFINITION('international standard',
  'automotive_design',2000,#2);
#2 = APPLICATION_CONTEXT(
  'core data for automotive mechanical design processes');
#3 = SHAPE_DEFINITION_REPRESENTATION(#4,#10);
#4 = PRODUCT_DEFINITION_SHAPE('','',#5);
#5 = PRODUCT_DEFINITION('design','',#6,#9);
#6 = PRODUCT_DEFINITION_FORMATION('','',#7);
#7 = PRODUCT('Open CASCADE STEP translator 7.8 11',
  'Open CASCADE STEP translator 7.8 11','',(#8));
#8 = PRODUCT_CONTEXT('',#2,'mechanical');
#9 = PRODUCT_DEFINITION_CONTEXT('part definition',#2,'design');
#10 = SHAPE_REPRESENTATION('',(#11,#15,#1007,#1999,#2628,#3257,#3485,
    #3713,#4264,#4815,#5371,#6791,#6889,#6977),#7075);
#11 = AXIS2_PLACEMENT_3D('',#12,#13,#14);
#12 = CARTESIAN_POINT('',(0.,0.,0.));
#13 = DIRECTION('',(0.,0.,1.));
#14 = DIRECTION('',(1.,0.,-0.));
#15 = MANIFOLD_SOLID_BREP('',#16);
#16 = CLOSED_SHELL('',(#17,#57,#88,#200,#224,#307,#342,#366,#390,#407,
    #432,#463,#498,#533,#550,#575,#600,#625,#650,#675,#700,#725,#737,
    #749,#795,#820,#845,#857,#866,#875,#884,#893,#924,#951,#975,#995));
#17 = ADVANCED_FACE('',(#18),#52,.F.);
#18 = FACE_BOUND('',#19,.F.);
#19 = EDGE_LOOP('',(#20,#30,#38,#46));
#20 = ORIENTED_EDGE('',*,*,#21,.F.);
#21 = EDGE_CURVE('',#22,#24,#26,.T.);
#22 = VERTEX_POINT('',#23);
#23 = CARTESIAN_POINT('',(-97.5,-100.,0.));
#24 = VERTEX_POINT('',#25);
#25 = CARTESIAN_POINT('',(-97.5,-100.,12.));
#26 = LINE('',#27,#28);
#27 = CARTESIAN_POINT('',(-97.5,-100.,0.));
#28 = VECTOR('',#29,1.);
#29 = DIRECTION('',(0.,0.,1.));
#30 = ORIENTED_EDGE('',*,*,#31,.T.);
#31 = EDGE_CURVE('',#22,#32,#34,.T.);
#32 = VERTEX_POINT('',#33);
#33 = CARTESIAN_POINT('',(-97.5,100.,0.));
#34 = LINE('',#35,#36);
#35 = CARTESIAN_POINT('',(-97.5,-100.,0.));
#36 = VECTOR('',#37,1.);
#37 = DIRECTION('',(-0.,1.,0.));
#38 = ORIENTED_EDGE('',*,*,#39,.T.);
#39 = EDGE_CURVE('',#32,#40,#42,.T.);
#40 = VERTEX_POINT('',#41);
#41 = CARTESIAN_POINT('',(-97.5,100.,12.));
#42 = LINE('',#43,#44);
#43 = CARTESIAN_POINT('',(-97.5,100.,0.));
#44 = VECTOR('',#45,1.);
#45 = DIRECTION('',(0.,0.,1.));
#46 = ORIENTED_EDGE('',*,*,#47,.F.);
#47 = EDGE_CURVE('',#24,#40,#48,.T.);
#48 = LINE('',#49,#50);
#49 = CARTESIAN_POINT('',(-97.5,-100.,12.));
#50 = VECTOR('',#51,1.);
#51 = DIRECTION('',(-0.,1.,0.));
#52 = PLANE('',#53);
#53 = AXIS2_PLACEMENT_3D('',#54,#55,#56);
#54 = CARTESIAN_POINT('',(-97.5,-100.,0.));
#55 = DIRECTION('',(1.,0.,-0.));
#56 = DIRECTION('',(0.,0.,1.));
#57 = ADVANCED_FACE('',(#58),#83,.F.);
#58 = FACE_BOUND('',#59,.F.);
#59 = EDGE_LOOP('',(#60,#68,#69,#77));
#60 = ORIENTED_EDGE('',*,*,#61,.F.);
#61 = EDGE_CURVE('',#22,#62,#64,.T.);
#62 = VERTEX_POINT('',#63);
#63 = CARTESIAN_POINT('',(-42.5,-100.,0.));
#64 = LINE('',#65,#66);
#65 = CARTESIAN_POINT('',(-97.5,-100.,0.));
#66 = VECTOR('',#67,1.);
#67 = DIRECTION('',(1.,0.,-0.));
#68 = ORIENTED_EDGE('',*,*,#21,.T.);
#69 = ORIENTED_EDGE('',*,*,#70,.T.);
#70 = EDGE_CURVE('',#24,#71,#73,.T.);
#71 = VERTEX_POINT('',#72);
#72 = CARTESIAN_POINT('',(-42.5,-100.,12.));
#73 = LINE('',#74,#75);
#74 = CARTESIAN_POINT('',(-97.5,-100.,12.));
#75 = VECTOR('',#76,1.);
#76 = DIRECTION('',(1.,0.,-0.));
#77 = ORIENTED_EDGE('',*,*,#78,.F.);
#78 = EDGE_CURVE('',#62,#71,#79,.T.);
#79 = LINE('',#80,#81);
#80 = CARTESIAN_POINT('',(-42.5,-100.,0.));
#81 = VECTOR('',#82,1.);
#82 = DIRECTION('',(0.,0.,1.));
#83 = PLANE('',#84);
#84 = AXIS2_PLACEMENT_3D('',#85,#86,#87);
#85 = CARTESIAN_POINT('',(-97.5,-100.,0.));
#86 = DIRECTION('',(-0.,1.,0.));
#87 = DIRECTION('',(0.,0.,1.));
#88 = ADVANCED_FACE('',(#89,#139,#150,#184),#195,.T.);
#89 = FACE_BOUND('',#90,.T.);
#90 = EDGE_LOOP('',(#91,#99,#100,#101,#109,#117,#125,#133));
#91 = ORIENTED_EDGE('',*,*,#92,.F.);
#92 = EDGE_CURVE('',#40,#93,#95,.T.);
#93 = VERTEX_POINT('',#94);
#94 = CARTESIAN_POINT('',(-42.5,100.,12.));
#95 = LINE('',#96,#97);
#96 = CARTESIAN_POINT('',(-97.5,100.,12.));
#97 = VECTOR('',#98,1.);
#98 = DIRECTION('',(1.,0.,-0.));
#99 = ORIENTED_EDGE('',*,*,#47,.F.);
#100 = ORIENTED_EDGE('',*,*,#70,.T.);
#101 = ORIENTED_EDGE('',*,*,#102,.T.);
#102 = EDGE_CURVE('',#71,#103,#105,.T.);
#103 = VERTEX_POINT('',#104);
#104 = CARTESIAN_POINT('',(-42.5,-20.,12.));
#105 = LINE('',#106,#107);
#106 = CARTESIAN_POINT('',(-42.5,-100.,12.));
#107 = VECTOR('',#108,1.);
#108 = DIRECTION('',(-0.,1.,0.));
#109 = ORIENTED_EDGE('',*,*,#110,.T.);
#110 = EDGE_CURVE('',#103,#111,#113,.T.);
#111 = VERTEX_POINT('',#112);
#112 = CARTESIAN_POINT('',(-43.5,-20.,12.));
#113 = LINE('',#114,#115);
#114 = CARTESIAN_POINT('',(-70.5,-20.,12.));
#115 = VECTOR('',#116,1.);
#116 = DIRECTION('',(-1.,-0.,0.));
#117 = ORIENTED_EDGE('',*,*,#118,.T.);
#118 = EDGE_CURVE('',#111,#119,#121,.T.);
#119 = VERTEX_POINT('',#120);
#120 = CARTESIAN_POINT('',(-43.5,20.,12.));
#121 = LINE('',#122,#123);
#122 = CARTESIAN_POINT('',(-43.5,-60.,12.));
#123 = VECTOR('',#124,1.);
#124 = DIRECTION('',(-0.,1.,0.));
#125 = ORIENTED_EDGE('',*,*,#126,.F.);
#126 = EDGE_CURVE('',#127,#119,#129,.T.);
#127 = VERTEX_POINT('',#128);
#128 = CARTESIAN_POINT('',(-42.5,20.,12.));
#129 = LINE('',#130,#131);
#130 = CARTESIAN_POINT('',(-70.5,20.,12.));
#131 = VECTOR('',#132,1.);
#132 = DIRECTION('',(-1.,-0.,0.));
#133 = ORIENTED_EDGE('',*,*,#134,.T.);
#134 = EDGE_CURVE('',#127,#93,#135,.T.);
#135 = LINE('',#136,#137);
#136 = CARTESIAN_POINT('',(-42.5,-100.,12.));
#137 = VECTOR('',#138,1.);
#138 = DIRECTION('',(-0.,1.,0.));
#139 = FACE_BOUND('',#140,.T.);
#140 = EDGE_LOOP('',(#141));
#141 = ORIENTED_EDGE('',*,*,#142,.F.);
#142 = EDGE_CURVE('',#143,#143,#145,.T.);
#143 = VERTEX_POINT('',#144);
#144 = CARTESIAN_POINT('',(-65.5,-70.,12.));
#145 = CIRCLE('',#146,4.5);
#146 = AXIS2_PLACEMENT_3D('',#147,#148,#149);
#147 = CARTESIAN_POINT('',(-70.,-70.,12.));
#148 = DIRECTION('',(0.,0.,1.));
#149 = DIRECTION('',(1.,0.,-0.));
#150 = FACE_BOUND('',#151,.T.);
#151 = EDGE_LOOP('',(#152,#162,#170,#178));
#152 = ORIENTED_EDGE('',*,*,#153,.T.);
#153 = EDGE_CURVE('',#154,#156,#158,.T.);
#154 = VERTEX_POINT('',#155);
#155 = CARTESIAN_POINT('',(-46.,-24.,12.));
#156 = VERTEX_POINT('',#157);
#157 = CARTESIAN_POINT('',(-94.,-24.,12.));
#158 = LINE('',#159,#160);
#159 = CARTESIAN_POINT('',(-95.75,-24.,12.));
#160 = VECTOR('',#161,1.);
#161 = DIRECTION('',(-1.,-0.,0.));
#162 = ORIENTED_EDGE('',*,*,#163,.T.);
#163 = EDGE_CURVE('',#156,#164,#166,.T.);
#164 = VERTEX_POINT('',#165);
#165 = CARTESIAN_POINT('',(-94.,24.,12.));
#166 = LINE('',#167,#168);
#167 = CARTESIAN_POINT('',(-94.,-62.,12.));
#168 = VECTOR('',#169,1.);
#169 = DIRECTION('',(-0.,1.,0.));
#170 = ORIENTED_EDGE('',*,*,#171,.F.);
#171 = EDGE_CURVE('',#172,#164,#174,.T.);
#172 = VERTEX_POINT('',#173);
#173 = CARTESIAN_POINT('',(-46.,24.,12.));
#174 = LINE('',#175,#176);
#175 = CARTESIAN_POINT('',(-95.75,24.,12.));
#176 = VECTOR('',#177,1.);
#177 = DIRECTION('',(-1.,-0.,0.));
#178 = ORIENTED_EDGE('',*,*,#179,.F.);
#179 = EDGE_CURVE('',#154,#172,#180,.T.);
#180 = LINE('',#181,#182);
#181 = CARTESIAN_POINT('',(-46.,-62.,12.));
#182 = VECTOR('',#183,1.);
#183 = DIRECTION('',(-0.,1.,0.));
#184 = FACE_BOUND('',#185,.T.);
#185 = EDGE_LOOP('',(#186));
#186 = ORIENTED_EDGE('',*,*,#187,.F.);
#187 = EDGE_CURVE('',#188,#188,#190,.T.);
#188 = VERTEX_POINT('',#189);
#189 = CARTESIAN_POINT('',(-65.5,70.,12.));
#190 = CIRCLE('',#191,4.5);
#191 = AXIS2_PLACEMENT_3D('',#192,#193,#194);
#192 = CARTESIAN_POINT('',(-70.,70.,12.));
#193 = DIRECTION('',(0.,0.,1.));
#194 = DIRECTION('',(1.,0.,-0.));
#195 = PLANE('',#196);
#196 = AXIS2_PLACEMENT_3D('',#197,#198,#199);
#197 = CARTESIAN_POINT('',(-97.5,-100.,12.));
#198 = DIRECTION('',(0.,0.,1.));
#199 = DIRECTION('',(1.,0.,-0.));
#200 = ADVANCED_FACE('',(#201),#219,.T.);
#201 = FACE_BOUND('',#202,.T.);
#202 = EDGE_LOOP('',(#203,#211,#212,#213));
#203 = ORIENTED_EDGE('',*,*,#204,.F.);
#204 = EDGE_CURVE('',#32,#205,#207,.T.);
#205 = VERTEX_POINT('',#206);
#206 = CARTESIAN_POINT('',(-42.5,100.,0.));
#207 = LINE('',#208,#209);
#208 = CARTESIAN_POINT('',(-97.5,100.,0.));
#209 = VECTOR('',#210,1.);
#210 = DIRECTION('',(1.,0.,-0.));
#211 = ORIENTED_EDGE('',*,*,#39,.T.);
#212 = ORIENTED_EDGE('',*,*,#92,.T.);
#213 = ORIENTED_EDGE('',*,*,#214,.F.);
#214 = EDGE_CURVE('',#205,#93,#215,.T.);
#215 = LINE('',#216,#217);
#216 = CARTESIAN_POINT('',(-42.5,100.,0.));
#217 = VECTOR('',#218,1.);
#218 = DIRECTION('',(0.,0.,1.));
#219 = PLANE('',#220);
#220 = AXIS2_PLACEMENT_3D('',#221,#222,#223);
#221 = CARTESIAN_POINT('',(-97.5,100.,0.));
#222 = DIRECTION('',(-0.,1.,0.));
#223 = DIRECTION('',(0.,0.,1.));
#224 = ADVANCED_FACE('',(#225,#236,#247,#258,#269,#280,#291),#302,.F.);
#225 = FACE_BOUND('',#226,.F.);
#226 = EDGE_LOOP('',(#227,#228,#229,#235));
#227 = ORIENTED_EDGE('',*,*,#31,.F.);
#228 = ORIENTED_EDGE('',*,*,#61,.T.);
#229 = ORIENTED_EDGE('',*,*,#230,.T.);
#230 = EDGE_CURVE('',#62,#205,#231,.T.);
#231 = LINE('',#232,#233);
#232 = CARTESIAN_POINT('',(-42.5,-100.,0.));
#233 = VECTOR('',#234,1.);
#234 = DIRECTION('',(-0.,1.,0.));
#235 = ORIENTED_EDGE('',*,*,#204,.F.);
#236 = FACE_BOUND('',#237,.F.);
#237 = EDGE_LOOP('',(#238));
#238 = ORIENTED_EDGE('',*,*,#239,.F.);
#239 = EDGE_CURVE('',#240,#240,#242,.T.);
#240 = VERTEX_POINT('',#241);
#241 = CARTESIAN_POINT('',(-64.,-85.,0.));
#242 = CIRCLE('',#243,6.);
#243 = AXIS2_PLACEMENT_3D('',#244,#245,#246);
#244 = CARTESIAN_POINT('',(-70.,-85.,0.));
#245 = DIRECTION('',(0.,0.,1.));
#246 = DIRECTION('',(1.,0.,-0.));
#247 = FACE_BOUND('',#248,.F.);
#248 = EDGE_LOOP('',(#249));
#249 = ORIENTED_EDGE('',*,*,#250,.F.);
#250 = EDGE_CURVE('',#251,#251,#253,.T.);
#251 = VERTEX_POINT('',#252);
#252 = CARTESIAN_POINT('',(-67.75,-70.,0.));
#253 = CIRCLE('',#254,2.25);
#254 = AXIS2_PLACEMENT_3D('',#255,#256,#257);
#255 = CARTESIAN_POINT('',(-70.,-70.,0.));
#256 = DIRECTION('',(0.,0.,1.));
#257 = DIRECTION('',(1.,0.,-0.));
#258 = FACE_BOUND('',#259,.F.);
#259 = EDGE_LOOP('',(#260));
#260 = ORIENTED_EDGE('',*,*,#261,.F.);
#261 = EDGE_CURVE('',#262,#262,#264,.T.);
#262 = VERTEX_POINT('',#263);
#263 = CARTESIAN_POINT('',(-64.,-40.,0.));
#264 = CIRCLE('',#265,6.);
#265 = AXIS2_PLACEMENT_3D('',#266,#267,#268);
#266 = CARTESIAN_POINT('',(-70.,-40.,0.));
#267 = DIRECTION('',(0.,0.,1.));
#268 = DIRECTION('',(1.,0.,-0.));
#269 = FACE_BOUND('',#270,.F.);
#270 = EDGE_LOOP('',(#271));
#271 = ORIENTED_EDGE('',*,*,#272,.F.);
#272 = EDGE_CURVE('',#273,#273,#275,.T.);
#273 = VERTEX_POINT('',#274);
#274 = CARTESIAN_POINT('',(-64.,40.,0.));
#275 = CIRCLE('',#276,6.);
#276 = AXIS2_PLACEMENT_3D('',#277,#278,#279);
#277 = CARTESIAN_POINT('',(-70.,40.,0.));
#278 = DIRECTION('',(0.,0.,1.));
#279 = DIRECTION('',(1.,0.,-0.));
#280 = FACE_BOUND('',#281,.F.);
#281 = EDGE_LOOP('',(#282));
#282 = ORIENTED_EDGE('',*,*,#283,.F.);
#283 = EDGE_CURVE('',#284,#284,#286,.T.);
#284 = VERTEX_POINT('',#285);
#285 = CARTESIAN_POINT('',(-67.75,70.,0.));
#286 = CIRCLE('',#287,2.25);
#287 = AXIS2_PLACEMENT_3D('',#288,#289,#290);
#288 = CARTESIAN_POINT('',(-70.,70.,0.));
#289 = DIRECTION('',(0.,0.,1.));
#290 = DIRECTION('',(1.,0.,-0.));
#291 = FACE_BOUND('',#292,.F.);
#292 = EDGE_LOOP('',(#293));
#293 = ORIENTED_EDGE('',*,*,#294,.F.);
#294 = EDGE_CURVE('',#295,#295,#297,.T.);
#295 = VERTEX_POINT('',#296);
#296 = CARTESIAN_POINT('',(-64.,85.,0.));
#297 = CIRCLE('',#298,6.);
#298 = AXIS2_PLACEMENT_3D('',#299,#300,#301);
#299 = CARTESIAN_POINT('',(-70.,85.,0.));
#300 = DIRECTION('',(0.,0.,1.));
#301 = DIRECTION('',(1.,0.,-0.));
#302 = PLANE('',#303);
#303 = AXIS2_PLACEMENT_3D('',#304,#305,#306);
#304 = CARTESIAN_POINT('',(-97.5,-100.,0.));
#305 = DIRECTION('',(0.,0.,1.));
#306 = DIRECTION('',(1.,0.,-0.));
#307 = ADVANCED_FACE('',(#308),#337,.T.);
#308 = FACE_BOUND('',#309,.T.);
#309 = EDGE_LOOP('',(#310,#311,#312,#313,#314,#315,#323,#331));
#310 = ORIENTED_EDGE('',*,*,#102,.F.);
#311 = ORIENTED_EDGE('',*,*,#78,.F.);
#312 = ORIENTED_EDGE('',*,*,#230,.T.);
#313 = ORIENTED_EDGE('',*,*,#214,.T.);
#314 = ORIENTED_EDGE('',*,*,#134,.F.);
#315 = ORIENTED_EDGE('',*,*,#316,.F.);
#316 = EDGE_CURVE('',#317,#127,#319,.T.);
#317 = VERTEX_POINT('',#318);
#318 = CARTESIAN_POINT('',(-42.5,20.,7.));
#319 = LINE('',#320,#321);
#320 = CARTESIAN_POINT('',(-42.5,20.,3.5));
#321 = VECTOR('',#322,1.);
#322 = DIRECTION('',(0.,0.,1.));
#323 = ORIENTED_EDGE('',*,*,#324,.T.);
#324 = EDGE_CURVE('',#317,#325,#327,.T.);
#325 = VERTEX_POINT('',#326);
#326 = CARTESIAN_POINT('',(-42.5,-20.,7.));
#327 = LINE('',#328,#329);
#328 = CARTESIAN_POINT('',(-42.5,-60.,7.));
#329 = VECTOR('',#330,1.);
#330 = DIRECTION('',(0.,-1.,0.));
#331 = ORIENTED_EDGE('',*,*,#332,.T.);
#332 = EDGE_CURVE('',#325,#103,#333,.T.);
#333 = LINE('',#334,#335);
#334 = CARTESIAN_POINT('',(-42.5,-20.,3.5));
#335 = VECTOR('',#336,1.);
#336 = DIRECTION('',(0.,0.,1.));
#337 = PLANE('',#338);
#338 = AXIS2_PLACEMENT_3D('',#339,#340,#341);
#339 = CARTESIAN_POINT('',(-42.5,-100.,0.));
#340 = DIRECTION('',(1.,0.,-0.));
#341 = DIRECTION('',(0.,0.,1.));
#342 = ADVANCED_FACE('',(#343),#361,.F.);
#343 = FACE_BOUND('',#344,.F.);
#344 = EDGE_LOOP('',(#345,#353,#359,#360));
#345 = ORIENTED_EDGE('',*,*,#346,.F.);
#346 = EDGE_CURVE('',#347,#317,#349,.T.);
#347 = VERTEX_POINT('',#348);
#348 = CARTESIAN_POINT('',(-43.5,20.,7.));
#349 = LINE('',#350,#351);
#350 = CARTESIAN_POINT('',(-43.5,20.,7.));
#351 = VECTOR('',#352,1.);
#352 = DIRECTION('',(1.,0.,-0.));
#353 = ORIENTED_EDGE('',*,*,#354,.T.);
#354 = EDGE_CURVE('',#347,#119,#355,.T.);
#355 = LINE('',#356,#357);
#356 = CARTESIAN_POINT('',(-43.5,20.,7.));
#357 = VECTOR('',#358,1.);
#358 = DIRECTION('',(0.,0.,1.));
#359 = ORIENTED_EDGE('',*,*,#126,.F.);
#360 = ORIENTED_EDGE('',*,*,#316,.F.);
#361 = PLANE('',#362);
#362 = AXIS2_PLACEMENT_3D('',#363,#364,#365);
#363 = CARTESIAN_POINT('',(-43.5,20.,7.));
#364 = DIRECTION('',(-0.,1.,0.));
#365 = DIRECTION('',(0.,0.,1.));
#366 = ADVANCED_FACE('',(#367),#385,.T.);
#367 = FACE_BOUND('',#368,.T.);
#368 = EDGE_LOOP('',(#369,#377,#383,#384));
#369 = ORIENTED_EDGE('',*,*,#370,.F.);
#370 = EDGE_CURVE('',#371,#111,#373,.T.);
#371 = VERTEX_POINT('',#372);
#372 = CARTESIAN_POINT('',(-43.5,-20.,7.));
#373 = LINE('',#374,#375);
#374 = CARTESIAN_POINT('',(-43.5,-20.,7.));
#375 = VECTOR('',#376,1.);
#376 = DIRECTION('',(0.,0.,1.));
#377 = ORIENTED_EDGE('',*,*,#378,.T.);
#378 = EDGE_CURVE('',#371,#347,#379,.T.);
#379 = LINE('',#380,#381);
#380 = CARTESIAN_POINT('',(-43.5,-20.,7.));
#381 = VECTOR('',#382,1.);
#382 = DIRECTION('',(-0.,1.,0.));
#383 = ORIENTED_EDGE('',*,*,#354,.T.);
#384 = ORIENTED_EDGE('',*,*,#118,.F.);
#385 = PLANE('',#386);
#386 = AXIS2_PLACEMENT_3D('',#387,#388,#389);
#387 = CARTESIAN_POINT('',(-43.5,-20.,7.));
#388 = DIRECTION('',(1.,0.,-0.));
#389 = DIRECTION('',(0.,0.,1.));
#390 = ADVANCED_FACE('',(#391),#402,.T.);
#391 = FACE_BOUND('',#392,.T.);
#392 = EDGE_LOOP('',(#393,#399,#400,#401));
#393 = ORIENTED_EDGE('',*,*,#394,.F.);
#394 = EDGE_CURVE('',#371,#325,#395,.T.);
#395 = LINE('',#396,#397);
#396 = CARTESIAN_POINT('',(-43.5,-20.,7.));
#397 = VECTOR('',#398,1.);
#398 = DIRECTION('',(1.,0.,-0.));
#399 = ORIENTED_EDGE('',*,*,#370,.T.);
#400 = ORIENTED_EDGE('',*,*,#110,.F.);
#401 = ORIENTED_EDGE('',*,*,#332,.F.);
#402 = PLANE('',#403);
#403 = AXIS2_PLACEMENT_3D('',#404,#405,#406);
#404 = CARTESIAN_POINT('',(-43.5,-20.,7.));
#405 = DIRECTION('',(-0.,1.,0.));
#406 = DIRECTION('',(0.,0.,1.));
#407 = ADVANCED_FACE('',(#408),#427,.F.);
#408 = FACE_BOUND('',#409,.F.);
#409 = EDGE_LOOP('',(#410,#411,#419,#426));
#410 = ORIENTED_EDGE('',*,*,#142,.F.);
#411 = ORIENTED_EDGE('',*,*,#412,.F.);
#412 = EDGE_CURVE('',#413,#143,#415,.T.);
#413 = VERTEX_POINT('',#414);
#414 = CARTESIAN_POINT('',(-65.5,-70.,7.));
#415 = LINE('',#416,#417);
#416 = CARTESIAN_POINT('',(-65.5,-70.,7.));
#417 = VECTOR('',#418,1.);
#418 = DIRECTION('',(0.,0.,1.));
#419 = ORIENTED_EDGE('',*,*,#420,.T.);
#420 = EDGE_CURVE('',#413,#413,#421,.T.);
#421 = CIRCLE('',#422,4.5);
#422 = AXIS2_PLACEMENT_3D('',#423,#424,#425);
#423 = CARTESIAN_POINT('',(-70.,-70.,7.));
#424 = DIRECTION('',(0.,0.,1.));
#425 = DIRECTION('',(1.,0.,-0.));
#426 = ORIENTED_EDGE('',*,*,#412,.T.);
#427 = CYLINDRICAL_SURFACE('',#428,4.5);
#428 = AXIS2_PLACEMENT_3D('',#429,#430,#431);
#429 = CARTESIAN_POINT('',(-70.,-70.,7.));
#430 = DIRECTION('',(0.,0.,1.));
#431 = DIRECTION('',(1.,0.,-0.));
#432 = ADVANCED_FACE('',(#433),#458,.F.);
#433 = FACE_BOUND('',#434,.F.);
#434 = EDGE_LOOP('',(#435,#443,#444,#452));
#435 = ORIENTED_EDGE('',*,*,#436,.F.);
#436 = EDGE_CURVE('',#154,#437,#439,.T.);
#437 = VERTEX_POINT('',#438);
#438 = CARTESIAN_POINT('',(-46.,-24.,30.));
#439 = LINE('',#440,#441);
#440 = CARTESIAN_POINT('',(-46.,-24.,11.));
#441 = VECTOR('',#442,1.);
#442 = DIRECTION('',(0.,0.,1.));
#443 = ORIENTED_EDGE('',*,*,#153,.T.);
#444 = ORIENTED_EDGE('',*,*,#445,.T.);
#445 = EDGE_CURVE('',#156,#446,#448,.T.);
#446 = VERTEX_POINT('',#447);
#447 = CARTESIAN_POINT('',(-94.,-24.,30.));
#448 = LINE('',#449,#450);
#449 = CARTESIAN_POINT('',(-94.,-24.,11.));
#450 = VECTOR('',#451,1.);
#451 = DIRECTION('',(0.,0.,1.));
#452 = ORIENTED_EDGE('',*,*,#453,.T.);
#453 = EDGE_CURVE('',#446,#437,#454,.T.);
#454 = LINE('',#455,#456);
#455 = CARTESIAN_POINT('',(-94.,-24.,30.));
#456 = VECTOR('',#457,1.);
#457 = DIRECTION('',(1.,0.,-0.));
#458 = PLANE('',#459);
#459 = AXIS2_PLACEMENT_3D('',#460,#461,#462);
#460 = CARTESIAN_POINT('',(-94.,-24.,11.));
#461 = DIRECTION('',(-0.,1.,0.));
#462 = DIRECTION('',(0.,0.,1.));
#463 = ADVANCED_FACE('',(#464,#482),#493,.T.);
#464 = FACE_BOUND('',#465,.T.);
#465 = EDGE_LOOP('',(#466,#467,#468,#476));
#466 = ORIENTED_EDGE('',*,*,#436,.F.);
#467 = ORIENTED_EDGE('',*,*,#179,.T.);
#468 = ORIENTED_EDGE('',*,*,#469,.T.);
#469 = EDGE_CURVE('',#172,#470,#472,.T.);
#470 = VERTEX_POINT('',#471);
#471 = CARTESIAN_POINT('',(-46.,24.,30.));
#472 = LINE('',#473,#474);
#473 = CARTESIAN_POINT('',(-46.,24.,11.));
#474 = VECTOR('',#475,1.);
#475 = DIRECTION('',(0.,0.,1.));
#476 = ORIENTED_EDGE('',*,*,#477,.F.);
#477 = EDGE_CURVE('',#437,#470,#478,.T.);
#478 = LINE('',#479,#480);
#479 = CARTESIAN_POINT('',(-46.,-24.,30.));
#480 = VECTOR('',#481,1.);
#481 = DIRECTION('',(-0.,1.,0.));
#482 = FACE_BOUND('',#483,.T.);
#483 = EDGE_LOOP('',(#484));
#484 = ORIENTED_EDGE('',*,*,#485,.F.);
#485 = EDGE_CURVE('',#486,#486,#488,.T.);
#486 = VERTEX_POINT('',#487);
#487 = CARTESIAN_POINT('',(-46.,5.143516556419E-16,19.6));
#488 = CIRCLE('',#489,2.1);
#489 = AXIS2_PLACEMENT_3D('',#490,#491,#492);
#490 = CARTESIAN_POINT('',(-46.,0.,17.5));
#491 = DIRECTION('',(1.,0.,0.));
#492 = DIRECTION('',(-0.,0.,1.));
#493 = PLANE('',#494);
#494 = AXIS2_PLACEMENT_3D('',#495,#496,#497);
#495 = CARTESIAN_POINT('',(-46.,-24.,11.));
#496 = DIRECTION('',(1.,0.,-0.));
#497 = DIRECTION('',(0.,0.,1.));
#498 = ADVANCED_FACE('',(#499,#517),#528,.F.);
#499 = FACE_BOUND('',#500,.F.);
#500 = EDGE_LOOP('',(#501,#502,#503,#511));
#501 = ORIENTED_EDGE('',*,*,#445,.F.);
#502 = ORIENTED_EDGE('',*,*,#163,.T.);
#503 = ORIENTED_EDGE('',*,*,#504,.T.);
#504 = EDGE_CURVE('',#164,#505,#507,.T.);
#505 = VERTEX_POINT('',#506);
#506 = CARTESIAN_POINT('',(-94.,24.,30.));
#507 = LINE('',#508,#509);
#508 = CARTESIAN_POINT('',(-94.,24.,11.));
#509 = VECTOR('',#510,1.);
#510 = DIRECTION('',(0.,0.,1.));
#511 = ORIENTED_EDGE('',*,*,#512,.F.);
#512 = EDGE_CURVE('',#446,#505,#513,.T.);
#513 = LINE('',#514,#515);
#514 = CARTESIAN_POINT('',(-94.,-24.,30.));
#515 = VECTOR('',#516,1.);
#516 = DIRECTION('',(-0.,1.,0.));
#517 = FACE_BOUND('',#518,.F.);
#518 = EDGE_LOOP('',(#519));
#519 = ORIENTED_EDGE('',*,*,#520,.F.);
#520 = EDGE_CURVE('',#521,#521,#523,.T.);
#521 = VERTEX_POINT('',#522);
#522 = CARTESIAN_POINT('',(-94.,5.143516556419E-16,19.6));
#523 = CIRCLE('',#524,2.1);
#524 = AXIS2_PLACEMENT_3D('',#525,#526,#527);
#525 = CARTESIAN_POINT('',(-94.,0.,17.5));
#526 = DIRECTION('',(1.,0.,0.));
#527 = DIRECTION('',(-0.,0.,1.));
#528 = PLANE('',#529);
#529 = AXIS2_PLACEMENT_3D('',#530,#531,#532);
#530 = CARTESIAN_POINT('',(-94.,-24.,11.));
#531 = DIRECTION('',(1.,0.,-0.));
#532 = DIRECTION('',(0.,0.,1.));
#533 = ADVANCED_FACE('',(#534),#545,.T.);
#534 = FACE_BOUND('',#535,.T.);
#535 = EDGE_LOOP('',(#536,#537,#538,#539));
#536 = ORIENTED_EDGE('',*,*,#469,.F.);
#537 = ORIENTED_EDGE('',*,*,#171,.T.);
#538 = ORIENTED_EDGE('',*,*,#504,.T.);
#539 = ORIENTED_EDGE('',*,*,#540,.T.);
#540 = EDGE_CURVE('',#505,#470,#541,.T.);
#541 = LINE('',#542,#543);
#542 = CARTESIAN_POINT('',(-94.,24.,30.));
#543 = VECTOR('',#544,1.);
#544 = DIRECTION('',(1.,0.,-0.));
#545 = PLANE('',#546);
#546 = AXIS2_PLACEMENT_3D('',#547,#548,#549);
#547 = CARTESIAN_POINT('',(-94.,24.,11.));
#548 = DIRECTION('',(-0.,1.,0.));
#549 = DIRECTION('',(0.,0.,1.));
#550 = ADVANCED_FACE('',(#551),#570,.F.);
#551 = FACE_BOUND('',#552,.F.);
#552 = EDGE_LOOP('',(#553,#554,#562,#569));
#553 = ORIENTED_EDGE('',*,*,#187,.F.);
#554 = ORIENTED_EDGE('',*,*,#555,.F.);
#555 = EDGE_CURVE('',#556,#188,#558,.T.);
#556 = VERTEX_POINT('',#557);
#557 = CARTESIAN_POINT('',(-65.5,70.,7.));
#558 = LINE('',#559,#560);
#559 = CARTESIAN_POINT('',(-65.5,70.,7.));
#560 = VECTOR('',#561,1.);
#561 = DIRECTION('',(0.,0.,1.));
#562 = ORIENTED_EDGE('',*,*,#563,.T.);
#563 = EDGE_CURVE('',#556,#556,#564,.T.);
#564 = CIRCLE('',#565,4.5);
#565 = AXIS2_PLACEMENT_3D('',#566,#567,#568);
#566 = CARTESIAN_POINT('',(-70.,70.,7.));
#567 = DIRECTION('',(0.,0.,1.));
#568 = DIRECTION('',(1.,0.,-0.));
#569 = ORIENTED_EDGE('',*,*,#555,.T.);
#570 = CYLINDRICAL_SURFACE('',#571,4.5);
#571 = AXIS2_PLACEMENT_3D('',#572,#573,#574);
#572 = CARTESIAN_POINT('',(-70.,70.,7.));
#573 = DIRECTION('',(0.,0.,1.));
#574 = DIRECTION('',(1.,0.,-0.));
#575 = ADVANCED_FACE('',(#576),#595,.F.);
#576 = FACE_BOUND('',#577,.F.);
#577 = EDGE_LOOP('',(#578,#586,#593,#594));
#578 = ORIENTED_EDGE('',*,*,#579,.T.);
#579 = EDGE_CURVE('',#240,#580,#582,.T.);
#580 = VERTEX_POINT('',#581);
#581 = CARTESIAN_POINT('',(-64.,-85.,1.5));
#582 = LINE('',#583,#584);
#583 = CARTESIAN_POINT('',(-64.,-85.,-0.1));
#584 = VECTOR('',#585,1.);
#585 = DIRECTION('',(0.,0.,1.));
#586 = ORIENTED_EDGE('',*,*,#587,.F.);
#587 = EDGE_CURVE('',#580,#580,#588,.T.);
#588 = CIRCLE('',#589,6.);
#589 = AXIS2_PLACEMENT_3D('',#590,#591,#592);
#590 = CARTESIAN_POINT('',(-70.,-85.,1.5));
#591 = DIRECTION('',(0.,0.,1.));
#592 = DIRECTION('',(1.,0.,-0.));
#593 = ORIENTED_EDGE('',*,*,#579,.F.);
#594 = ORIENTED_EDGE('',*,*,#239,.T.);
#595 = CYLINDRICAL_SURFACE('',#596,6.);
#596 = AXIS2_PLACEMENT_3D('',#597,#598,#599);
#597 = CARTESIAN_POINT('',(-70.,-85.,-0.1));
#598 = DIRECTION('',(0.,0.,1.));
#599 = DIRECTION('',(1.,0.,-0.));
#600 = ADVANCED_FACE('',(#601),#620,.F.);
#601 = FACE_BOUND('',#602,.F.);
#602 = EDGE_LOOP('',(#603,#612,#618,#619));
#603 = ORIENTED_EDGE('',*,*,#604,.F.);
#604 = EDGE_CURVE('',#605,#605,#607,.T.);
#605 = VERTEX_POINT('',#606);
#606 = CARTESIAN_POINT('',(-67.75,-70.,7.));
#607 = CIRCLE('',#608,2.25);
#608 = AXIS2_PLACEMENT_3D('',#609,#610,#611);
#609 = CARTESIAN_POINT('',(-70.,-70.,7.));
#610 = DIRECTION('',(0.,0.,1.));
#611 = DIRECTION('',(1.,0.,-0.));
#612 = ORIENTED_EDGE('',*,*,#613,.F.);
#613 = EDGE_CURVE('',#251,#605,#614,.T.);
#614 = LINE('',#615,#616);
#615 = CARTESIAN_POINT('',(-67.75,-70.,-1.));
#616 = VECTOR('',#617,1.);
#617 = DIRECTION('',(0.,0.,1.));
#618 = ORIENTED_EDGE('',*,*,#250,.T.);
#619 = ORIENTED_EDGE('',*,*,#613,.T.);
#620 = CYLINDRICAL_SURFACE('',#621,2.25);
#621 = AXIS2_PLACEMENT_3D('',#622,#623,#624);
#622 = CARTESIAN_POINT('',(-70.,-70.,-1.));
#623 = DIRECTION('',(0.,0.,1.));
#624 = DIRECTION('',(1.,0.,-0.));
#625 = ADVANCED_FACE('',(#626),#645,.F.);
#626 = FACE_BOUND('',#627,.F.);
#627 = EDGE_LOOP('',(#628,#636,#643,#644));
#628 = ORIENTED_EDGE('',*,*,#629,.T.);
#629 = EDGE_CURVE('',#262,#630,#632,.T.);
#630 = VERTEX_POINT('',#631);
#631 = CARTESIAN_POINT('',(-64.,-40.,1.5));
#632 = LINE('',#633,#634);
#633 = CARTESIAN_POINT('',(-64.,-40.,-0.1));
#634 = VECTOR('',#635,1.);
#635 = DIRECTION('',(0.,0.,1.));
#636 = ORIENTED_EDGE('',*,*,#637,.F.);
#637 = EDGE_CURVE('',#630,#630,#638,.T.);
#638 = CIRCLE('',#639,6.);
#639 = AXIS2_PLACEMENT_3D('',#640,#641,#642);
#640 = CARTESIAN_POINT('',(-70.,-40.,1.5));
#641 = DIRECTION('',(0.,0.,1.));
#642 = DIRECTION('',(1.,0.,-0.));
#643 = ORIENTED_EDGE('',*,*,#629,.F.);
#644 = ORIENTED_EDGE('',*,*,#261,.T.);
#645 = CYLINDRICAL_SURFACE('',#646,6.);
#646 = AXIS2_PLACEMENT_3D('',#647,#648,#649);
#647 = CARTESIAN_POINT('',(-70.,-40.,-0.1));
#648 = DIRECTION('',(0.,0.,1.));
#649 = DIRECTION('',(1.,0.,-0.));
#650 = ADVANCED_FACE('',(#651),#670,.F.);
#651 = FACE_BOUND('',#652,.F.);
#652 = EDGE_LOOP('',(#653,#661,#668,#669));
#653 = ORIENTED_EDGE('',*,*,#654,.T.);
#654 = EDGE_CURVE('',#273,#655,#657,.T.);
#655 = VERTEX_POINT('',#656);
#656 = CARTESIAN_POINT('',(-64.,40.,1.5));
#657 = LINE('',#658,#659);
#658 = CARTESIAN_POINT('',(-64.,40.,-0.1));
#659 = VECTOR('',#660,1.);
#660 = DIRECTION('',(0.,0.,1.));
#661 = ORIENTED_EDGE('',*,*,#662,.F.);
#662 = EDGE_CURVE('',#655,#655,#663,.T.);
#663 = CIRCLE('',#664,6.);
#664 = AXIS2_PLACEMENT_3D('',#665,#666,#667);
#665 = CARTESIAN_POINT('',(-70.,40.,1.5));
#666 = DIRECTION('',(0.,0.,1.));
#667 = DIRECTION('',(1.,0.,-0.));
#668 = ORIENTED_EDGE('',*,*,#654,.F.);
#669 = ORIENTED_EDGE('',*,*,#272,.T.);
#670 = CYLINDRICAL_SURFACE('',#671,6.);
#671 = AXIS2_PLACEMENT_3D('',#672,#673,#674);
#672 = CARTESIAN_POINT('',(-70.,40.,-0.1));
#673 = DIRECTION('',(0.,0.,1.));
#674 = DIRECTION('',(1.,0.,-0.));
#675 = ADVANCED_FACE('',(#676),#695,.F.);
#676 = FACE_BOUND('',#677,.F.);
#677 = EDGE_LOOP('',(#678,#687,#693,#694));
#678 = ORIENTED_EDGE('',*,*,#679,.F.);
#679 = EDGE_CURVE('',#680,#680,#682,.T.);
#680 = VERTEX_POINT('',#681);
#681 = CARTESIAN_POINT('',(-67.75,70.,7.));
#682 = CIRCLE('',#683,2.25);
#683 = AXIS2_PLACEMENT_3D('',#684,#685,#686);
#684 = CARTESIAN_POINT('',(-70.,70.,7.));
#685 = DIRECTION('',(0.,0.,1.));
#686 = DIRECTION('',(1.,0.,-0.));
#687 = ORIENTED_EDGE('',*,*,#688,.F.);
#688 = EDGE_CURVE('',#284,#680,#689,.T.);
#689 = LINE('',#690,#691);
#690 = CARTESIAN_POINT('',(-67.75,70.,-1.));
#691 = VECTOR('',#692,1.);
#692 = DIRECTION('',(0.,0.,1.));
#693 = ORIENTED_EDGE('',*,*,#283,.T.);
#694 = ORIENTED_EDGE('',*,*,#688,.T.);
#695 = CYLINDRICAL_SURFACE('',#696,2.25);
#696 = AXIS2_PLACEMENT_3D('',#697,#698,#699);
#697 = CARTESIAN_POINT('',(-70.,70.,-1.));
#698 = DIRECTION('',(0.,0.,1.));
#699 = DIRECTION('',(1.,0.,-0.));
#700 = ADVANCED_FACE('',(#701),#720,.F.);
#701 = FACE_BOUND('',#702,.F.);
#702 = EDGE_LOOP('',(#703,#711,#718,#719));
#703 = ORIENTED_EDGE('',*,*,#704,.T.);
#704 = EDGE_CURVE('',#295,#705,#707,.T.);
#705 = VERTEX_POINT('',#706);
#706 = CARTESIAN_POINT('',(-64.,85.,1.5));
#707 = LINE('',#708,#709);
#708 = CARTESIAN_POINT('',(-64.,85.,-0.1));
#709 = VECTOR('',#710,1.);
#710 = DIRECTION('',(0.,0.,1.));
#711 = ORIENTED_EDGE('',*,*,#712,.F.);
#712 = EDGE_CURVE('',#705,#705,#713,.T.);
#713 = CIRCLE('',#714,6.);
#714 = AXIS2_PLACEMENT_3D('',#715,#716,#717);
#715 = CARTESIAN_POINT('',(-70.,85.,1.5));
#716 = DIRECTION('',(0.,0.,1.));
#717 = DIRECTION('',(1.,0.,-0.));
#718 = ORIENTED_EDGE('',*,*,#704,.F.);
#719 = ORIENTED_EDGE('',*,*,#294,.T.);
#720 = CYLINDRICAL_SURFACE('',#721,6.);
#721 = AXIS2_PLACEMENT_3D('',#722,#723,#724);
#722 = CARTESIAN_POINT('',(-70.,85.,-0.1));
#723 = DIRECTION('',(0.,0.,1.));
#724 = DIRECTION('',(1.,0.,-0.));
#725 = ADVANCED_FACE('',(#726),#732,.T.);
#726 = FACE_BOUND('',#727,.T.);
#727 = EDGE_LOOP('',(#728,#729,#730,#731));
#728 = ORIENTED_EDGE('',*,*,#346,.F.);
#729 = ORIENTED_EDGE('',*,*,#378,.F.);
#730 = ORIENTED_EDGE('',*,*,#394,.T.);
#731 = ORIENTED_EDGE('',*,*,#324,.F.);
#732 = PLANE('',#733);
#733 = AXIS2_PLACEMENT_3D('',#734,#735,#736);
#734 = CARTESIAN_POINT('',(-43.5,-20.,7.));
#735 = DIRECTION('',(0.,0.,1.));
#736 = DIRECTION('',(1.,0.,-0.));
#737 = ADVANCED_FACE('',(#738,#741),#744,.T.);
#738 = FACE_BOUND('',#739,.T.);
#739 = EDGE_LOOP('',(#740));
#740 = ORIENTED_EDGE('',*,*,#420,.T.);
#741 = FACE_BOUND('',#742,.T.);
#742 = EDGE_LOOP('',(#743));
#743 = ORIENTED_EDGE('',*,*,#604,.F.);
#744 = PLANE('',#745);
#745 = AXIS2_PLACEMENT_3D('',#746,#747,#748);
#746 = CARTESIAN_POINT('',(-70.,-70.,7.));
#747 = DIRECTION('',(0.,0.,1.));
#748 = DIRECTION('',(1.,0.,-0.));
#749 = ADVANCED_FACE('',(#750,#756),#790,.T.);
#750 = FACE_BOUND('',#751,.T.);
#751 = EDGE_LOOP('',(#752,#753,#754,#755));
#752 = ORIENTED_EDGE('',*,*,#512,.F.);
#753 = ORIENTED_EDGE('',*,*,#453,.T.);
#754 = ORIENTED_EDGE('',*,*,#477,.T.);
#755 = ORIENTED_EDGE('',*,*,#540,.F.);
#756 = FACE_BOUND('',#757,.T.);
#757 = EDGE_LOOP('',(#758,#768,#776,#784));
#758 = ORIENTED_EDGE('',*,*,#759,.T.);
#759 = EDGE_CURVE('',#760,#762,#764,.T.);
#760 = VERTEX_POINT('',#761);
#761 = CARTESIAN_POINT('',(-54.75,-15.25,30.));
#762 = VERTEX_POINT('',#763);
#763 = CARTESIAN_POINT('',(-85.25,-15.25,30.));
#764 = LINE('',#765,#766);
#765 = CARTESIAN_POINT('',(-89.625,-15.25,30.));
#766 = VECTOR('',#767,1.);
#767 = DIRECTION('',(-1.,-0.,0.));
#768 = ORIENTED_EDGE('',*,*,#769,.T.);
#769 = EDGE_CURVE('',#762,#770,#772,.T.);
#770 = VERTEX_POINT('',#771);
#771 = CARTESIAN_POINT('',(-85.25,15.25,30.));
#772 = LINE('',#773,#774);
#773 = CARTESIAN_POINT('',(-85.25,-19.625,30.));
#774 = VECTOR('',#775,1.);
#775 = DIRECTION('',(-0.,1.,0.));
#776 = ORIENTED_EDGE('',*,*,#777,.F.);
#777 = EDGE_CURVE('',#778,#770,#780,.T.);
#778 = VERTEX_POINT('',#779);
#779 = CARTESIAN_POINT('',(-54.75,15.25,30.));
#780 = LINE('',#781,#782);
#781 = CARTESIAN_POINT('',(-89.625,15.25,30.));
#782 = VECTOR('',#783,1.);
#783 = DIRECTION('',(-1.,-0.,0.));
#784 = ORIENTED_EDGE('',*,*,#785,.F.);
#785 = EDGE_CURVE('',#760,#778,#786,.T.);
#786 = LINE('',#787,#788);
#787 = CARTESIAN_POINT('',(-54.75,-19.625,30.));
#788 = VECTOR('',#789,1.);
#789 = DIRECTION('',(-0.,1.,0.));
#790 = PLANE('',#791);
#791 = AXIS2_PLACEMENT_3D('',#792,#793,#794);
#792 = CARTESIAN_POINT('',(-94.,-24.,30.));
#793 = DIRECTION('',(0.,0.,1.));
#794 = DIRECTION('',(1.,0.,-0.));
#795 = ADVANCED_FACE('',(#796),#815,.F.);
#796 = FACE_BOUND('',#797,.F.);
#797 = EDGE_LOOP('',(#798,#799,#807,#814));
#798 = ORIENTED_EDGE('',*,*,#485,.F.);
#799 = ORIENTED_EDGE('',*,*,#800,.F.);
#800 = EDGE_CURVE('',#801,#486,#803,.T.);
#801 = VERTEX_POINT('',#802);
#802 = CARTESIAN_POINT('',(-54.75,5.143516556419E-16,19.6));
#803 = LINE('',#804,#805);
#804 = CARTESIAN_POINT('',(-100.,5.143516556419E-16,19.6));
#805 = VECTOR('',#806,1.);
#806 = DIRECTION('',(1.,0.,0.));
#807 = ORIENTED_EDGE('',*,*,#808,.T.);
#808 = EDGE_CURVE('',#801,#801,#809,.T.);
#809 = CIRCLE('',#810,2.1);
#810 = AXIS2_PLACEMENT_3D('',#811,#812,#813);
#811 = CARTESIAN_POINT('',(-54.75,0.,17.5));
#812 = DIRECTION('',(1.,0.,0.));
#813 = DIRECTION('',(-0.,0.,1.));
#814 = ORIENTED_EDGE('',*,*,#800,.T.);
#815 = CYLINDRICAL_SURFACE('',#816,2.1);
#816 = AXIS2_PLACEMENT_3D('',#817,#818,#819);
#817 = CARTESIAN_POINT('',(-100.,0.,17.5));
#818 = DIRECTION('',(1.,0.,0.));
#819 = DIRECTION('',(-0.,0.,1.));
#820 = ADVANCED_FACE('',(#821),#840,.F.);
#821 = FACE_BOUND('',#822,.F.);
#822 = EDGE_LOOP('',(#823,#832,#838,#839));
#823 = ORIENTED_EDGE('',*,*,#824,.F.);
#824 = EDGE_CURVE('',#825,#825,#827,.T.);
#825 = VERTEX_POINT('',#826);
#826 = CARTESIAN_POINT('',(-85.25,5.143516556419E-16,19.6));
#827 = CIRCLE('',#828,2.1);
#828 = AXIS2_PLACEMENT_3D('',#829,#830,#831);
#829 = CARTESIAN_POINT('',(-85.25,0.,17.5));
#830 = DIRECTION('',(1.,0.,0.));
#831 = DIRECTION('',(-0.,0.,1.));
#832 = ORIENTED_EDGE('',*,*,#833,.F.);
#833 = EDGE_CURVE('',#521,#825,#834,.T.);
#834 = LINE('',#835,#836);
#835 = CARTESIAN_POINT('',(-100.,5.143516556419E-16,19.6));
#836 = VECTOR('',#837,1.);
#837 = DIRECTION('',(1.,0.,0.));
#838 = ORIENTED_EDGE('',*,*,#520,.T.);
#839 = ORIENTED_EDGE('',*,*,#833,.T.);
#840 = CYLINDRICAL_SURFACE('',#841,2.1);
#841 = AXIS2_PLACEMENT_3D('',#842,#843,#844);
#842 = CARTESIAN_POINT('',(-100.,0.,17.5));
#843 = DIRECTION('',(1.,0.,0.));
#844 = DIRECTION('',(-0.,0.,1.));
#845 = ADVANCED_FACE('',(#846,#849),#852,.T.);
#846 = FACE_BOUND('',#847,.T.);
#847 = EDGE_LOOP('',(#848));
#848 = ORIENTED_EDGE('',*,*,#563,.T.);
#849 = FACE_BOUND('',#850,.T.);
#850 = EDGE_LOOP('',(#851));
#851 = ORIENTED_EDGE('',*,*,#679,.F.);
#852 = PLANE('',#853);
#853 = AXIS2_PLACEMENT_3D('',#854,#855,#856);
#854 = CARTESIAN_POINT('',(-70.,70.,7.));
#855 = DIRECTION('',(0.,0.,1.));
#856 = DIRECTION('',(1.,0.,-0.));
#857 = ADVANCED_FACE('',(#858),#861,.F.);
#858 = FACE_BOUND('',#859,.F.);
#859 = EDGE_LOOP('',(#860));
#860 = ORIENTED_EDGE('',*,*,#587,.T.);
#861 = PLANE('',#862);
#862 = AXIS2_PLACEMENT_3D('',#863,#864,#865);
#863 = CARTESIAN_POINT('',(-70.,-85.,1.5));
#864 = DIRECTION('',(0.,0.,1.));
#865 = DIRECTION('',(1.,0.,-0.));
#866 = ADVANCED_FACE('',(#867),#870,.F.);
#867 = FACE_BOUND('',#868,.F.);
#868 = EDGE_LOOP('',(#869));
#869 = ORIENTED_EDGE('',*,*,#637,.T.);
#870 = PLANE('',#871);
#871 = AXIS2_PLACEMENT_3D('',#872,#873,#874);
#872 = CARTESIAN_POINT('',(-70.,-40.,1.5));
#873 = DIRECTION('',(0.,0.,1.));
#874 = DIRECTION('',(1.,0.,-0.));
#875 = ADVANCED_FACE('',(#876),#879,.F.);
#876 = FACE_BOUND('',#877,.F.);
#877 = EDGE_LOOP('',(#878));
#878 = ORIENTED_EDGE('',*,*,#662,.T.);
#879 = PLANE('',#880);
#880 = AXIS2_PLACEMENT_3D('',#881,#882,#883);
#881 = CARTESIAN_POINT('',(-70.,40.,1.5));
#882 = DIRECTION('',(0.,0.,1.));
#883 = DIRECTION('',(1.,0.,-0.));
#884 = ADVANCED_FACE('',(#885),#888,.F.);
#885 = FACE_BOUND('',#886,.F.);
#886 = EDGE_LOOP('',(#887));
#887 = ORIENTED_EDGE('',*,*,#712,.T.);
#888 = PLANE('',#889);
#889 = AXIS2_PLACEMENT_3D('',#890,#891,#892);
#890 = CARTESIAN_POINT('',(-70.,85.,1.5));
#891 = DIRECTION('',(0.,0.,1.));
#892 = DIRECTION('',(1.,0.,-0.));
#893 = ADVANCED_FACE('',(#894),#919,.T.);
#894 = FACE_BOUND('',#895,.T.);
#895 = EDGE_LOOP('',(#896,#904,#912,#918));
#896 = ORIENTED_EDGE('',*,*,#897,.F.);
#897 = EDGE_CURVE('',#898,#760,#900,.T.);
#898 = VERTEX_POINT('',#899);
#899 = CARTESIAN_POINT('',(-54.75,-15.25,5.));
#900 = LINE('',#901,#902);
#901 = CARTESIAN_POINT('',(-54.75,-15.25,5.));
#902 = VECTOR('',#903,1.);
#903 = DIRECTION('',(0.,0.,1.));
#904 = ORIENTED_EDGE('',*,*,#905,.F.);
#905 = EDGE_CURVE('',#906,#898,#908,.T.);
#906 = VERTEX_POINT('',#907);
#907 = CARTESIAN_POINT('',(-85.25,-15.25,5.));
#908 = LINE('',#909,#910);
#909 = CARTESIAN_POINT('',(-85.25,-15.25,5.));
#910 = VECTOR('',#911,1.);
#911 = DIRECTION('',(1.,0.,-0.));
#912 = ORIENTED_EDGE('',*,*,#913,.T.);
#913 = EDGE_CURVE('',#906,#762,#914,.T.);
#914 = LINE('',#915,#916);
#915 = CARTESIAN_POINT('',(-85.25,-15.25,5.));
#916 = VECTOR('',#917,1.);
#917 = DIRECTION('',(0.,0.,1.));
#918 = ORIENTED_EDGE('',*,*,#759,.F.);
#919 = PLANE('',#920);
#920 = AXIS2_PLACEMENT_3D('',#921,#922,#923);
#921 = CARTESIAN_POINT('',(-85.25,-15.25,5.));
#922 = DIRECTION('',(-0.,1.,0.));
#923 = DIRECTION('',(0.,0.,1.));
#924 = ADVANCED_FACE('',(#925,#943),#946,.F.);
#925 = FACE_BOUND('',#926,.F.);
#926 = EDGE_LOOP('',(#927,#928,#936,#942));
#927 = ORIENTED_EDGE('',*,*,#897,.F.);
#928 = ORIENTED_EDGE('',*,*,#929,.T.);
#929 = EDGE_CURVE('',#898,#930,#932,.T.);
#930 = VERTEX_POINT('',#931);
#931 = CARTESIAN_POINT('',(-54.75,15.25,5.));
#932 = LINE('',#933,#934);
#933 = CARTESIAN_POINT('',(-54.75,-15.25,5.));
#934 = VECTOR('',#935,1.);
#935 = DIRECTION('',(-0.,1.,0.));
#936 = ORIENTED_EDGE('',*,*,#937,.T.);
#937 = EDGE_CURVE('',#930,#778,#938,.T.);
#938 = LINE('',#939,#940);
#939 = CARTESIAN_POINT('',(-54.75,15.25,5.));
#940 = VECTOR('',#941,1.);
#941 = DIRECTION('',(0.,0.,1.));
#942 = ORIENTED_EDGE('',*,*,#785,.F.);
#943 = FACE_BOUND('',#944,.F.);
#944 = EDGE_LOOP('',(#945));
#945 = ORIENTED_EDGE('',*,*,#808,.F.);
#946 = PLANE('',#947);
#947 = AXIS2_PLACEMENT_3D('',#948,#949,#950);
#948 = CARTESIAN_POINT('',(-54.75,-15.25,5.));
#949 = DIRECTION('',(1.,0.,-0.));
#950 = DIRECTION('',(0.,0.,1.));
#951 = ADVANCED_FACE('',(#952),#970,.F.);
#952 = FACE_BOUND('',#953,.F.);
#953 = EDGE_LOOP('',(#954,#955,#963,#969));
#954 = ORIENTED_EDGE('',*,*,#937,.F.);
#955 = ORIENTED_EDGE('',*,*,#956,.F.);
#956 = EDGE_CURVE('',#957,#930,#959,.T.);
#957 = VERTEX_POINT('',#958);
#958 = CARTESIAN_POINT('',(-85.25,15.25,5.));
#959 = LINE('',#960,#961);
#960 = CARTESIAN_POINT('',(-85.25,15.25,5.));
#961 = VECTOR('',#962,1.);
#962 = DIRECTION('',(1.,0.,-0.));
#963 = ORIENTED_EDGE('',*,*,#964,.T.);
#964 = EDGE_CURVE('',#957,#770,#965,.T.);
#965 = LINE('',#966,#967);
#966 = CARTESIAN_POINT('',(-85.25,15.25,5.));
#967 = VECTOR('',#968,1.);
#968 = DIRECTION('',(0.,0.,1.));
#969 = ORIENTED_EDGE('',*,*,#777,.F.);
#970 = PLANE('',#971);
#971 = AXIS2_PLACEMENT_3D('',#972,#973,#974);
#972 = CARTESIAN_POINT('',(-85.25,15.25,5.));
#973 = DIRECTION('',(-0.,1.,0.));
#974 = DIRECTION('',(0.,0.,1.));
#975 = ADVANCED_FACE('',(#976,#987),#990,.T.);
#976 = FACE_BOUND('',#977,.T.);
#977 = EDGE_LOOP('',(#978,#979,#985,#986));
#978 = ORIENTED_EDGE('',*,*,#913,.F.);
#979 = ORIENTED_EDGE('',*,*,#980,.T.);
#980 = EDGE_CURVE('',#906,#957,#981,.T.);
#981 = LINE('',#982,#983);
#982 = CARTESIAN_POINT('',(-85.25,-15.25,5.));
#983 = VECTOR('',#984,1.);
#984 = DIRECTION('',(-0.,1.,0.));
#985 = ORIENTED_EDGE('',*,*,#964,.T.);
#986 = ORIENTED_EDGE('',*,*,#769,.F.);
#987 = FACE_BOUND('',#988,.T.);
#988 = EDGE_LOOP('',(#989));
#989 = ORIENTED_EDGE('',*,*,#824,.F.);
#990 = PLANE('',#991);
#991 = AXIS2_PLACEMENT_3D('',#992,#993,#994);
#992 = CARTESIAN_POINT('',(-85.25,-15.25,5.));
#993 = DIRECTION('',(1.,0.,-0.));
#994 = DIRECTION('',(0.,0.,1.));
#995 = ADVANCED_FACE('',(#996),#1002,.T.);
#996 = FACE_BOUND('',#997,.T.);
#997 = EDGE_LOOP('',(#998,#999,#1000,#1001));
#998 = ORIENTED_EDGE('',*,*,#980,.F.);
#999 = ORIENTED_EDGE('',*,*,#905,.T.);
#1000 = ORIENTED_EDGE('',*,*,#929,.T.);
#1001 = ORIENTED_EDGE('',*,*,#956,.F.);
#1002 = PLANE('',#1003);
#1003 = AXIS2_PLACEMENT_3D('',#1004,#1005,#1006);
#1004 = CARTESIAN_POINT('',(-85.25,-15.25,5.));
#1005 = DIRECTION('',(0.,0.,1.));
#1006 = DIRECTION('',(1.,0.,-0.));
#1007 = MANIFOLD_SOLID_BREP('',#1008);
#1008 = CLOSED_SHELL('',(#1009,#1049,#1080,#1192,#1216,#1299,#1334,#1358
    ,#1382,#1399,#1424,#1455,#1490,#1525,#1542,#1567,#1592,#1617,#1642,
    #1667,#1692,#1717,#1729,#1741,#1787,#1812,#1837,#1849,#1858,#1867,
    #1876,#1885,#1916,#1943,#1967,#1987));
#1009 = ADVANCED_FACE('',(#1010),#1044,.F.);
#1010 = FACE_BOUND('',#1011,.F.);
#1011 = EDGE_LOOP('',(#1012,#1022,#1030,#1038));
#1012 = ORIENTED_EDGE('',*,*,#1013,.F.);
#1013 = EDGE_CURVE('',#1014,#1016,#1018,.T.);
#1014 = VERTEX_POINT('',#1015);
#1015 = CARTESIAN_POINT('',(42.5,-100.,0.));
#1016 = VERTEX_POINT('',#1017);
#1017 = CARTESIAN_POINT('',(42.5,-100.,12.));
#1018 = LINE('',#1019,#1020);
#1019 = CARTESIAN_POINT('',(42.5,-100.,0.));
#1020 = VECTOR('',#1021,1.);
#1021 = DIRECTION('',(0.,0.,1.));
#1022 = ORIENTED_EDGE('',*,*,#1023,.T.);
#1023 = EDGE_CURVE('',#1014,#1024,#1026,.T.);
#1024 = VERTEX_POINT('',#1025);
#1025 = CARTESIAN_POINT('',(42.5,100.,0.));
#1026 = LINE('',#1027,#1028);
#1027 = CARTESIAN_POINT('',(42.5,-100.,0.));
#1028 = VECTOR('',#1029,1.);
#1029 = DIRECTION('',(-0.,1.,0.));
#1030 = ORIENTED_EDGE('',*,*,#1031,.T.);
#1031 = EDGE_CURVE('',#1024,#1032,#1034,.T.);
#1032 = VERTEX_POINT('',#1033);
#1033 = CARTESIAN_POINT('',(42.5,100.,12.));
#1034 = LINE('',#1035,#1036);
#1035 = CARTESIAN_POINT('',(42.5,100.,0.));
#1036 = VECTOR('',#1037,1.);
#1037 = DIRECTION('',(0.,0.,1.));
#1038 = ORIENTED_EDGE('',*,*,#1039,.F.);
#1039 = EDGE_CURVE('',#1016,#1032,#1040,.T.);
#1040 = LINE('',#1041,#1042);
#1041 = CARTESIAN_POINT('',(42.5,-100.,12.));
#1042 = VECTOR('',#1043,1.);
#1043 = DIRECTION('',(-0.,1.,0.));
#1044 = PLANE('',#1045);
#1045 = AXIS2_PLACEMENT_3D('',#1046,#1047,#1048);
#1046 = CARTESIAN_POINT('',(42.5,-100.,0.));
#1047 = DIRECTION('',(1.,0.,-0.));
#1048 = DIRECTION('',(0.,0.,1.));
#1049 = ADVANCED_FACE('',(#1050),#1075,.F.);
#1050 = FACE_BOUND('',#1051,.F.);
#1051 = EDGE_LOOP('',(#1052,#1060,#1061,#1069));
#1052 = ORIENTED_EDGE('',*,*,#1053,.F.);
#1053 = EDGE_CURVE('',#1014,#1054,#1056,.T.);
#1054 = VERTEX_POINT('',#1055);
#1055 = CARTESIAN_POINT('',(97.5,-100.,0.));
#1056 = LINE('',#1057,#1058);
#1057 = CARTESIAN_POINT('',(42.5,-100.,0.));
#1058 = VECTOR('',#1059,1.);
#1059 = DIRECTION('',(1.,0.,-0.));
#1060 = ORIENTED_EDGE('',*,*,#1013,.T.);
#1061 = ORIENTED_EDGE('',*,*,#1062,.T.);
#1062 = EDGE_CURVE('',#1016,#1063,#1065,.T.);
#1063 = VERTEX_POINT('',#1064);
#1064 = CARTESIAN_POINT('',(97.5,-100.,12.));
#1065 = LINE('',#1066,#1067);
#1066 = CARTESIAN_POINT('',(42.5,-100.,12.));
#1067 = VECTOR('',#1068,1.);
#1068 = DIRECTION('',(1.,0.,-0.));
#1069 = ORIENTED_EDGE('',*,*,#1070,.F.);
#1070 = EDGE_CURVE('',#1054,#1063,#1071,.T.);
#1071 = LINE('',#1072,#1073);
#1072 = CARTESIAN_POINT('',(97.5,-100.,0.));
#1073 = VECTOR('',#1074,1.);
#1074 = DIRECTION('',(0.,0.,1.));
#1075 = PLANE('',#1076);
#1076 = AXIS2_PLACEMENT_3D('',#1077,#1078,#1079);
#1077 = CARTESIAN_POINT('',(42.5,-100.,0.));
#1078 = DIRECTION('',(-0.,1.,0.));
#1079 = DIRECTION('',(0.,0.,1.));
#1080 = ADVANCED_FACE('',(#1081,#1131,#1142,#1176),#1187,.T.);
#1081 = FACE_BOUND('',#1082,.T.);
#1082 = EDGE_LOOP('',(#1083,#1091,#1092,#1093,#1101,#1109,#1117,#1125));
#1083 = ORIENTED_EDGE('',*,*,#1084,.F.);
#1084 = EDGE_CURVE('',#1032,#1085,#1087,.T.);
#1085 = VERTEX_POINT('',#1086);
#1086 = CARTESIAN_POINT('',(97.5,100.,12.));
#1087 = LINE('',#1088,#1089);
#1088 = CARTESIAN_POINT('',(42.5,100.,12.));
#1089 = VECTOR('',#1090,1.);
#1090 = DIRECTION('',(1.,0.,-0.));
#1091 = ORIENTED_EDGE('',*,*,#1039,.F.);
#1092 = ORIENTED_EDGE('',*,*,#1062,.T.);
#1093 = ORIENTED_EDGE('',*,*,#1094,.T.);
#1094 = EDGE_CURVE('',#1063,#1095,#1097,.T.);
#1095 = VERTEX_POINT('',#1096);
#1096 = CARTESIAN_POINT('',(97.5,-20.,12.));
#1097 = LINE('',#1098,#1099);
#1098 = CARTESIAN_POINT('',(97.5,-100.,12.));
#1099 = VECTOR('',#1100,1.);
#1100 = DIRECTION('',(-0.,1.,0.));
#1101 = ORIENTED_EDGE('',*,*,#1102,.T.);
#1102 = EDGE_CURVE('',#1095,#1103,#1105,.T.);
#1103 = VERTEX_POINT('',#1104);
#1104 = CARTESIAN_POINT('',(96.5,-20.,12.));
#1105 = LINE('',#1106,#1107);
#1106 = CARTESIAN_POINT('',(69.5,-20.,12.));
#1107 = VECTOR('',#1108,1.);
#1108 = DIRECTION('',(-1.,-0.,0.));
#1109 = ORIENTED_EDGE('',*,*,#1110,.T.);
#1110 = EDGE_CURVE('',#1103,#1111,#1113,.T.);
#1111 = VERTEX_POINT('',#1112);
#1112 = CARTESIAN_POINT('',(96.5,20.,12.));
#1113 = LINE('',#1114,#1115);
#1114 = CARTESIAN_POINT('',(96.5,-60.,12.));
#1115 = VECTOR('',#1116,1.);
#1116 = DIRECTION('',(-0.,1.,0.));
#1117 = ORIENTED_EDGE('',*,*,#1118,.F.);
#1118 = EDGE_CURVE('',#1119,#1111,#1121,.T.);
#1119 = VERTEX_POINT('',#1120);
#1120 = CARTESIAN_POINT('',(97.5,20.,12.));
#1121 = LINE('',#1122,#1123);
#1122 = CARTESIAN_POINT('',(69.5,20.,12.));
#1123 = VECTOR('',#1124,1.);
#1124 = DIRECTION('',(-1.,-0.,0.));
#1125 = ORIENTED_EDGE('',*,*,#1126,.T.);
#1126 = EDGE_CURVE('',#1119,#1085,#1127,.T.);
#1127 = LINE('',#1128,#1129);
#1128 = CARTESIAN_POINT('',(97.5,-100.,12.));
#1129 = VECTOR('',#1130,1.);
#1130 = DIRECTION('',(-0.,1.,0.));
#1131 = FACE_BOUND('',#1132,.T.);
#1132 = EDGE_LOOP('',(#1133));
#1133 = ORIENTED_EDGE('',*,*,#1134,.F.);
#1134 = EDGE_CURVE('',#1135,#1135,#1137,.T.);
#1135 = VERTEX_POINT('',#1136);
#1136 = CARTESIAN_POINT('',(74.5,-70.,12.));
#1137 = CIRCLE('',#1138,4.5);
#1138 = AXIS2_PLACEMENT_3D('',#1139,#1140,#1141);
#1139 = CARTESIAN_POINT('',(70.,-70.,12.));
#1140 = DIRECTION('',(0.,0.,1.));
#1141 = DIRECTION('',(1.,0.,-0.));
#1142 = FACE_BOUND('',#1143,.T.);
#1143 = EDGE_LOOP('',(#1144,#1154,#1162,#1170));
#1144 = ORIENTED_EDGE('',*,*,#1145,.T.);
#1145 = EDGE_CURVE('',#1146,#1148,#1150,.T.);
#1146 = VERTEX_POINT('',#1147);
#1147 = CARTESIAN_POINT('',(94.,-24.,12.));
#1148 = VERTEX_POINT('',#1149);
#1149 = CARTESIAN_POINT('',(46.,-24.,12.));
#1150 = LINE('',#1151,#1152);
#1151 = CARTESIAN_POINT('',(44.25,-24.,12.));
#1152 = VECTOR('',#1153,1.);
#1153 = DIRECTION('',(-1.,-0.,0.));
#1154 = ORIENTED_EDGE('',*,*,#1155,.T.);
#1155 = EDGE_CURVE('',#1148,#1156,#1158,.T.);
#1156 = VERTEX_POINT('',#1157);
#1157 = CARTESIAN_POINT('',(46.,24.,12.));
#1158 = LINE('',#1159,#1160);
#1159 = CARTESIAN_POINT('',(46.,-62.,12.));
#1160 = VECTOR('',#1161,1.);
#1161 = DIRECTION('',(-0.,1.,0.));
#1162 = ORIENTED_EDGE('',*,*,#1163,.F.);
#1163 = EDGE_CURVE('',#1164,#1156,#1166,.T.);
#1164 = VERTEX_POINT('',#1165);
#1165 = CARTESIAN_POINT('',(94.,24.,12.));
#1166 = LINE('',#1167,#1168);
#1167 = CARTESIAN_POINT('',(44.25,24.,12.));
#1168 = VECTOR('',#1169,1.);
#1169 = DIRECTION('',(-1.,-0.,0.));
#1170 = ORIENTED_EDGE('',*,*,#1171,.F.);
#1171 = EDGE_CURVE('',#1146,#1164,#1172,.T.);
#1172 = LINE('',#1173,#1174);
#1173 = CARTESIAN_POINT('',(94.,-62.,12.));
#1174 = VECTOR('',#1175,1.);
#1175 = DIRECTION('',(-0.,1.,0.));
#1176 = FACE_BOUND('',#1177,.T.);
#1177 = EDGE_LOOP('',(#1178));
#1178 = ORIENTED_EDGE('',*,*,#1179,.F.);
#1179 = EDGE_CURVE('',#1180,#1180,#1182,.T.);
#1180 = VERTEX_POINT('',#1181);
#1181 = CARTESIAN_POINT('',(74.5,70.,12.));
#1182 = CIRCLE('',#1183,4.5);
#1183 = AXIS2_PLACEMENT_3D('',#1184,#1185,#1186);
#1184 = CARTESIAN_POINT('',(70.,70.,12.));
#1185 = DIRECTION('',(0.,0.,1.));
#1186 = DIRECTION('',(1.,0.,-0.));
#1187 = PLANE('',#1188);
#1188 = AXIS2_PLACEMENT_3D('',#1189,#1190,#1191);
#1189 = CARTESIAN_POINT('',(42.5,-100.,12.));
#1190 = DIRECTION('',(0.,0.,1.));
#1191 = DIRECTION('',(1.,0.,-0.));
#1192 = ADVANCED_FACE('',(#1193),#1211,.T.);
#1193 = FACE_BOUND('',#1194,.T.);
#1194 = EDGE_LOOP('',(#1195,#1203,#1204,#1205));
#1195 = ORIENTED_EDGE('',*,*,#1196,.F.);
#1196 = EDGE_CURVE('',#1024,#1197,#1199,.T.);
#1197 = VERTEX_POINT('',#1198);
#1198 = CARTESIAN_POINT('',(97.5,100.,0.));
#1199 = LINE('',#1200,#1201);
#1200 = CARTESIAN_POINT('',(42.5,100.,0.));
#1201 = VECTOR('',#1202,1.);
#1202 = DIRECTION('',(1.,0.,-0.));
#1203 = ORIENTED_EDGE('',*,*,#1031,.T.);
#1204 = ORIENTED_EDGE('',*,*,#1084,.T.);
#1205 = ORIENTED_EDGE('',*,*,#1206,.F.);
#1206 = EDGE_CURVE('',#1197,#1085,#1207,.T.);
#1207 = LINE('',#1208,#1209);
#1208 = CARTESIAN_POINT('',(97.5,100.,0.));
#1209 = VECTOR('',#1210,1.);
#1210 = DIRECTION('',(0.,0.,1.));
#1211 = PLANE('',#1212);
#1212 = AXIS2_PLACEMENT_3D('',#1213,#1214,#1215);
#1213 = CARTESIAN_POINT('',(42.5,100.,0.));
#1214 = DIRECTION('',(-0.,1.,0.));
#1215 = DIRECTION('',(0.,0.,1.));
#1216 = ADVANCED_FACE('',(#1217,#1228,#1239,#1250,#1261,#1272,#1283),
  #1294,.F.);
#1217 = FACE_BOUND('',#1218,.F.);
#1218 = EDGE_LOOP('',(#1219,#1220,#1221,#1227));
#1219 = ORIENTED_EDGE('',*,*,#1023,.F.);
#1220 = ORIENTED_EDGE('',*,*,#1053,.T.);
#1221 = ORIENTED_EDGE('',*,*,#1222,.T.);
#1222 = EDGE_CURVE('',#1054,#1197,#1223,.T.);
#1223 = LINE('',#1224,#1225);
#1224 = CARTESIAN_POINT('',(97.5,-100.,0.));
#1225 = VECTOR('',#1226,1.);
#1226 = DIRECTION('',(-0.,1.,0.));
#1227 = ORIENTED_EDGE('',*,*,#1196,.F.);
#1228 = FACE_BOUND('',#1229,.F.);
#1229 = EDGE_LOOP('',(#1230));
#1230 = ORIENTED_EDGE('',*,*,#1231,.F.);
#1231 = EDGE_CURVE('',#1232,#1232,#1234,.T.);
#1232 = VERTEX_POINT('',#1233);
#1233 = CARTESIAN_POINT('',(76.,-85.,0.));
#1234 = CIRCLE('',#1235,6.);
#1235 = AXIS2_PLACEMENT_3D('',#1236,#1237,#1238);
#1236 = CARTESIAN_POINT('',(70.,-85.,0.));
#1237 = DIRECTION('',(0.,0.,1.));
#1238 = DIRECTION('',(1.,0.,-0.));
#1239 = FACE_BOUND('',#1240,.F.);
#1240 = EDGE_LOOP('',(#1241));
#1241 = ORIENTED_EDGE('',*,*,#1242,.F.);
#1242 = EDGE_CURVE('',#1243,#1243,#1245,.T.);
#1243 = VERTEX_POINT('',#1244);
#1244 = CARTESIAN_POINT('',(72.25,-70.,0.));
#1245 = CIRCLE('',#1246,2.25);
#1246 = AXIS2_PLACEMENT_3D('',#1247,#1248,#1249);
#1247 = CARTESIAN_POINT('',(70.,-70.,0.));
#1248 = DIRECTION('',(0.,0.,1.));
#1249 = DIRECTION('',(1.,0.,-0.));
#1250 = FACE_BOUND('',#1251,.F.);
#1251 = EDGE_LOOP('',(#1252));
#1252 = ORIENTED_EDGE('',*,*,#1253,.F.);
#1253 = EDGE_CURVE('',#1254,#1254,#1256,.T.);
#1254 = VERTEX_POINT('',#1255);
#1255 = CARTESIAN_POINT('',(76.,-40.,0.));
#1256 = CIRCLE('',#1257,6.);
#1257 = AXIS2_PLACEMENT_3D('',#1258,#1259,#1260);
#1258 = CARTESIAN_POINT('',(70.,-40.,0.));
#1259 = DIRECTION('',(0.,0.,1.));
#1260 = DIRECTION('',(1.,0.,-0.));
#1261 = FACE_BOUND('',#1262,.F.);
#1262 = EDGE_LOOP('',(#1263));
#1263 = ORIENTED_EDGE('',*,*,#1264,.F.);
#1264 = EDGE_CURVE('',#1265,#1265,#1267,.T.);
#1265 = VERTEX_POINT('',#1266);
#1266 = CARTESIAN_POINT('',(76.,40.,0.));
#1267 = CIRCLE('',#1268,6.);
#1268 = AXIS2_PLACEMENT_3D('',#1269,#1270,#1271);
#1269 = CARTESIAN_POINT('',(70.,40.,0.));
#1270 = DIRECTION('',(0.,0.,1.));
#1271 = DIRECTION('',(1.,0.,-0.));
#1272 = FACE_BOUND('',#1273,.F.);
#1273 = EDGE_LOOP('',(#1274));
#1274 = ORIENTED_EDGE('',*,*,#1275,.F.);
#1275 = EDGE_CURVE('',#1276,#1276,#1278,.T.);
#1276 = VERTEX_POINT('',#1277);
#1277 = CARTESIAN_POINT('',(72.25,70.,0.));
#1278 = CIRCLE('',#1279,2.25);
#1279 = AXIS2_PLACEMENT_3D('',#1280,#1281,#1282);
#1280 = CARTESIAN_POINT('',(70.,70.,0.));
#1281 = DIRECTION('',(0.,0.,1.));
#1282 = DIRECTION('',(1.,0.,-0.));
#1283 = FACE_BOUND('',#1284,.F.);
#1284 = EDGE_LOOP('',(#1285));
#1285 = ORIENTED_EDGE('',*,*,#1286,.F.);
#1286 = EDGE_CURVE('',#1287,#1287,#1289,.T.);
#1287 = VERTEX_POINT('',#1288);
#1288 = CARTESIAN_POINT('',(76.,85.,0.));
#1289 = CIRCLE('',#1290,6.);
#1290 = AXIS2_PLACEMENT_3D('',#1291,#1292,#1293);
#1291 = CARTESIAN_POINT('',(70.,85.,0.));
#1292 = DIRECTION('',(0.,0.,1.));
#1293 = DIRECTION('',(1.,0.,-0.));
#1294 = PLANE('',#1295);
#1295 = AXIS2_PLACEMENT_3D('',#1296,#1297,#1298);
#1296 = CARTESIAN_POINT('',(42.5,-100.,0.));
#1297 = DIRECTION('',(0.,0.,1.));
#1298 = DIRECTION('',(1.,0.,-0.));
#1299 = ADVANCED_FACE('',(#1300),#1329,.T.);
#1300 = FACE_BOUND('',#1301,.T.);
#1301 = EDGE_LOOP('',(#1302,#1303,#1304,#1305,#1306,#1307,#1315,#1323));
#1302 = ORIENTED_EDGE('',*,*,#1094,.F.);
#1303 = ORIENTED_EDGE('',*,*,#1070,.F.);
#1304 = ORIENTED_EDGE('',*,*,#1222,.T.);
#1305 = ORIENTED_EDGE('',*,*,#1206,.T.);
#1306 = ORIENTED_EDGE('',*,*,#1126,.F.);
#1307 = ORIENTED_EDGE('',*,*,#1308,.F.);
#1308 = EDGE_CURVE('',#1309,#1119,#1311,.T.);
#1309 = VERTEX_POINT('',#1310);
#1310 = CARTESIAN_POINT('',(97.5,20.,7.));
#1311 = LINE('',#1312,#1313);
#1312 = CARTESIAN_POINT('',(97.5,20.,3.5));
#1313 = VECTOR('',#1314,1.);
#1314 = DIRECTION('',(0.,0.,1.));
#1315 = ORIENTED_EDGE('',*,*,#1316,.T.);
#1316 = EDGE_CURVE('',#1309,#1317,#1319,.T.);
#1317 = VERTEX_POINT('',#1318);
#1318 = CARTESIAN_POINT('',(97.5,-20.,7.));
#1319 = LINE('',#1320,#1321);
#1320 = CARTESIAN_POINT('',(97.5,-60.,7.));
#1321 = VECTOR('',#1322,1.);
#1322 = DIRECTION('',(0.,-1.,0.));
#1323 = ORIENTED_EDGE('',*,*,#1324,.T.);
#1324 = EDGE_CURVE('',#1317,#1095,#1325,.T.);
#1325 = LINE('',#1326,#1327);
#1326 = CARTESIAN_POINT('',(97.5,-20.,3.5));
#1327 = VECTOR('',#1328,1.);
#1328 = DIRECTION('',(0.,0.,1.));
#1329 = PLANE('',#1330);
#1330 = AXIS2_PLACEMENT_3D('',#1331,#1332,#1333);
#1331 = CARTESIAN_POINT('',(97.5,-100.,0.));
#1332 = DIRECTION('',(1.,0.,-0.));
#1333 = DIRECTION('',(0.,0.,1.));
#1334 = ADVANCED_FACE('',(#1335),#1353,.F.);
#1335 = FACE_BOUND('',#1336,.F.);
#1336 = EDGE_LOOP('',(#1337,#1345,#1351,#1352));
#1337 = ORIENTED_EDGE('',*,*,#1338,.F.);
#1338 = EDGE_CURVE('',#1339,#1309,#1341,.T.);
#1339 = VERTEX_POINT('',#1340);
#1340 = CARTESIAN_POINT('',(96.5,20.,7.));
#1341 = LINE('',#1342,#1343);
#1342 = CARTESIAN_POINT('',(96.5,20.,7.));
#1343 = VECTOR('',#1344,1.);
#1344 = DIRECTION('',(1.,0.,-0.));
#1345 = ORIENTED_EDGE('',*,*,#1346,.T.);
#1346 = EDGE_CURVE('',#1339,#1111,#1347,.T.);
#1347 = LINE('',#1348,#1349);
#1348 = CARTESIAN_POINT('',(96.5,20.,7.));
#1349 = VECTOR('',#1350,1.);
#1350 = DIRECTION('',(0.,0.,1.));
#1351 = ORIENTED_EDGE('',*,*,#1118,.F.);
#1352 = ORIENTED_EDGE('',*,*,#1308,.F.);
#1353 = PLANE('',#1354);
#1354 = AXIS2_PLACEMENT_3D('',#1355,#1356,#1357);
#1355 = CARTESIAN_POINT('',(96.5,20.,7.));
#1356 = DIRECTION('',(-0.,1.,0.));
#1357 = DIRECTION('',(0.,0.,1.));
#1358 = ADVANCED_FACE('',(#1359),#1377,.T.);
#1359 = FACE_BOUND('',#1360,.T.);
#1360 = EDGE_LOOP('',(#1361,#1369,#1375,#1376));
#1361 = ORIENTED_EDGE('',*,*,#1362,.F.);
#1362 = EDGE_CURVE('',#1363,#1103,#1365,.T.);
#1363 = VERTEX_POINT('',#1364);
#1364 = CARTESIAN_POINT('',(96.5,-20.,7.));
#1365 = LINE('',#1366,#1367);
#1366 = CARTESIAN_POINT('',(96.5,-20.,7.));
#1367 = VECTOR('',#1368,1.);
#1368 = DIRECTION('',(0.,0.,1.));
#1369 = ORIENTED_EDGE('',*,*,#1370,.T.);
#1370 = EDGE_CURVE('',#1363,#1339,#1371,.T.);
#1371 = LINE('',#1372,#1373);
#1372 = CARTESIAN_POINT('',(96.5,-20.,7.));
#1373 = VECTOR('',#1374,1.);
#1374 = DIRECTION('',(-0.,1.,0.));
#1375 = ORIENTED_EDGE('',*,*,#1346,.T.);
#1376 = ORIENTED_EDGE('',*,*,#1110,.F.);
#1377 = PLANE('',#1378);
#1378 = AXIS2_PLACEMENT_3D('',#1379,#1380,#1381);
#1379 = CARTESIAN_POINT('',(96.5,-20.,7.));
#1380 = DIRECTION('',(1.,0.,-0.));
#1381 = DIRECTION('',(0.,0.,1.));
#1382 = ADVANCED_FACE('',(#1383),#1394,.T.);
#1383 = FACE_BOUND('',#1384,.T.);
#1384 = EDGE_LOOP('',(#1385,#1391,#1392,#1393));
#1385 = ORIENTED_EDGE('',*,*,#1386,.F.);
#1386 = EDGE_CURVE('',#1363,#1317,#1387,.T.);
#1387 = LINE('',#1388,#1389);
#1388 = CARTESIAN_POINT('',(96.5,-20.,7.));
#1389 = VECTOR('',#1390,1.);
#1390 = DIRECTION('',(1.,0.,-0.));
#1391 = ORIENTED_EDGE('',*,*,#1362,.T.);
#1392 = ORIENTED_EDGE('',*,*,#1102,.F.);
#1393 = ORIENTED_EDGE('',*,*,#1324,.F.);
#1394 = PLANE('',#1395);
#1395 = AXIS2_PLACEMENT_3D('',#1396,#1397,#1398);
#1396 = CARTESIAN_POINT('',(96.5,-20.,7.));
#1397 = DIRECTION('',(-0.,1.,0.));
#1398 = DIRECTION('',(0.,0.,1.));
#1399 = ADVANCED_FACE('',(#1400),#1419,.F.);
#1400 = FACE_BOUND('',#1401,.F.);
#1401 = EDGE_LOOP('',(#1402,#1403,#1411,#1418));
#1402 = ORIENTED_EDGE('',*,*,#1134,.F.);
#1403 = ORIENTED_EDGE('',*,*,#1404,.F.);
#1404 = EDGE_CURVE('',#1405,#1135,#1407,.T.);
#1405 = VERTEX_POINT('',#1406);
#1406 = CARTESIAN_POINT('',(74.5,-70.,7.));
#1407 = LINE('',#1408,#1409);
#1408 = CARTESIAN_POINT('',(74.5,-70.,7.));
#1409 = VECTOR('',#1410,1.);
#1410 = DIRECTION('',(0.,0.,1.));
#1411 = ORIENTED_EDGE('',*,*,#1412,.T.);
#1412 = EDGE_CURVE('',#1405,#1405,#1413,.T.);
#1413 = CIRCLE('',#1414,4.5);
#1414 = AXIS2_PLACEMENT_3D('',#1415,#1416,#1417);
#1415 = CARTESIAN_POINT('',(70.,-70.,7.));
#1416 = DIRECTION('',(0.,0.,1.));
#1417 = DIRECTION('',(1.,0.,-0.));
#1418 = ORIENTED_EDGE('',*,*,#1404,.T.);
#1419 = CYLINDRICAL_SURFACE('',#1420,4.5);
#1420 = AXIS2_PLACEMENT_3D('',#1421,#1422,#1423);
#1421 = CARTESIAN_POINT('',(70.,-70.,7.));
#1422 = DIRECTION('',(0.,0.,1.));
#1423 = DIRECTION('',(1.,0.,-0.));
#1424 = ADVANCED_FACE('',(#1425),#1450,.F.);
#1425 = FACE_BOUND('',#1426,.F.);
#1426 = EDGE_LOOP('',(#1427,#1435,#1436,#1444));
#1427 = ORIENTED_EDGE('',*,*,#1428,.F.);
#1428 = EDGE_CURVE('',#1146,#1429,#1431,.T.);
#1429 = VERTEX_POINT('',#1430);
#1430 = CARTESIAN_POINT('',(94.,-24.,30.));
#1431 = LINE('',#1432,#1433);
#1432 = CARTESIAN_POINT('',(94.,-24.,11.));
#1433 = VECTOR('',#1434,1.);
#1434 = DIRECTION('',(0.,0.,1.));
#1435 = ORIENTED_EDGE('',*,*,#1145,.T.);
#1436 = ORIENTED_EDGE('',*,*,#1437,.T.);
#1437 = EDGE_CURVE('',#1148,#1438,#1440,.T.);
#1438 = VERTEX_POINT('',#1439);
#1439 = CARTESIAN_POINT('',(46.,-24.,30.));
#1440 = LINE('',#1441,#1442);
#1441 = CARTESIAN_POINT('',(46.,-24.,11.));
#1442 = VECTOR('',#1443,1.);
#1443 = DIRECTION('',(0.,0.,1.));
#1444 = ORIENTED_EDGE('',*,*,#1445,.T.);
#1445 = EDGE_CURVE('',#1438,#1429,#1446,.T.);
#1446 = LINE('',#1447,#1448);
#1447 = CARTESIAN_POINT('',(46.,-24.,30.));
#1448 = VECTOR('',#1449,1.);
#1449 = DIRECTION('',(1.,0.,-0.));
#1450 = PLANE('',#1451);
#1451 = AXIS2_PLACEMENT_3D('',#1452,#1453,#1454);
#1452 = CARTESIAN_POINT('',(46.,-24.,11.));
#1453 = DIRECTION('',(-0.,1.,0.));
#1454 = DIRECTION('',(0.,0.,1.));
#1455 = ADVANCED_FACE('',(#1456,#1474),#1485,.T.);
#1456 = FACE_BOUND('',#1457,.T.);
#1457 = EDGE_LOOP('',(#1458,#1459,#1460,#1468));
#1458 = ORIENTED_EDGE('',*,*,#1428,.F.);
#1459 = ORIENTED_EDGE('',*,*,#1171,.T.);
#1460 = ORIENTED_EDGE('',*,*,#1461,.T.);
#1461 = EDGE_CURVE('',#1164,#1462,#1464,.T.);
#1462 = VERTEX_POINT('',#1463);
#1463 = CARTESIAN_POINT('',(94.,24.,30.));
#1464 = LINE('',#1465,#1466);
#1465 = CARTESIAN_POINT('',(94.,24.,11.));
#1466 = VECTOR('',#1467,1.);
#1467 = DIRECTION('',(0.,0.,1.));
#1468 = ORIENTED_EDGE('',*,*,#1469,.F.);
#1469 = EDGE_CURVE('',#1429,#1462,#1470,.T.);
#1470 = LINE('',#1471,#1472);
#1471 = CARTESIAN_POINT('',(94.,-24.,30.));
#1472 = VECTOR('',#1473,1.);
#1473 = DIRECTION('',(-0.,1.,0.));
#1474 = FACE_BOUND('',#1475,.T.);
#1475 = EDGE_LOOP('',(#1476));
#1476 = ORIENTED_EDGE('',*,*,#1477,.F.);
#1477 = EDGE_CURVE('',#1478,#1478,#1480,.T.);
#1478 = VERTEX_POINT('',#1479);
#1479 = CARTESIAN_POINT('',(94.,5.143516556419E-16,19.6));
#1480 = CIRCLE('',#1481,2.1);
#1481 = AXIS2_PLACEMENT_3D('',#1482,#1483,#1484);
#1482 = CARTESIAN_POINT('',(94.,0.,17.5));
#1483 = DIRECTION('',(1.,0.,0.));
#1484 = DIRECTION('',(-0.,0.,1.));
#1485 = PLANE('',#1486);
#1486 = AXIS2_PLACEMENT_3D('',#1487,#1488,#1489);
#1487 = CARTESIAN_POINT('',(94.,-24.,11.));
#1488 = DIRECTION('',(1.,0.,-0.));
#1489 = DIRECTION('',(0.,0.,1.));
#1490 = ADVANCED_FACE('',(#1491,#1509),#1520,.F.);
#1491 = FACE_BOUND('',#1492,.F.);
#1492 = EDGE_LOOP('',(#1493,#1494,#1495,#1503));
#1493 = ORIENTED_EDGE('',*,*,#1437,.F.);
#1494 = ORIENTED_EDGE('',*,*,#1155,.T.);
#1495 = ORIENTED_EDGE('',*,*,#1496,.T.);
#1496 = EDGE_CURVE('',#1156,#1497,#1499,.T.);
#1497 = VERTEX_POINT('',#1498);
#1498 = CARTESIAN_POINT('',(46.,24.,30.));
#1499 = LINE('',#1500,#1501);
#1500 = CARTESIAN_POINT('',(46.,24.,11.));
#1501 = VECTOR('',#1502,1.);
#1502 = DIRECTION('',(0.,0.,1.));
#1503 = ORIENTED_EDGE('',*,*,#1504,.F.);
#1504 = EDGE_CURVE('',#1438,#1497,#1505,.T.);
#1505 = LINE('',#1506,#1507);
#1506 = CARTESIAN_POINT('',(46.,-24.,30.));
#1507 = VECTOR('',#1508,1.);
#1508 = DIRECTION('',(-0.,1.,0.));
#1509 = FACE_BOUND('',#1510,.F.);
#1510 = EDGE_LOOP('',(#1511));
#1511 = ORIENTED_EDGE('',*,*,#1512,.F.);
#1512 = EDGE_CURVE('',#1513,#1513,#1515,.T.);
#1513 = VERTEX_POINT('',#1514);
#1514 = CARTESIAN_POINT('',(46.,5.143516556419E-16,19.6));
#1515 = CIRCLE('',#1516,2.1);
#1516 = AXIS2_PLACEMENT_3D('',#1517,#1518,#1519);
#1517 = CARTESIAN_POINT('',(46.,0.,17.5));
#1518 = DIRECTION('',(1.,0.,0.));
#1519 = DIRECTION('',(-0.,0.,1.));
#1520 = PLANE('',#1521);
#1521 = AXIS2_PLACEMENT_3D('',#1522,#1523,#1524);
#1522 = CARTESIAN_POINT('',(46.,-24.,11.));
#1523 = DIRECTION('',(1.,0.,-0.));
#1524 = DIRECTION('',(0.,0.,1.));
#1525 = ADVANCED_FACE('',(#1526),#1537,.T.);
#1526 = FACE_BOUND('',#1527,.T.);
#1527 = EDGE_LOOP('',(#1528,#1529,#1530,#1531));
#1528 = ORIENTED_EDGE('',*,*,#1461,.F.);
#1529 = ORIENTED_EDGE('',*,*,#1163,.T.);
#1530 = ORIENTED_EDGE('',*,*,#1496,.T.);
#1531 = ORIENTED_EDGE('',*,*,#1532,.T.);
#1532 = EDGE_CURVE('',#1497,#1462,#1533,.T.);
#1533 = LINE('',#1534,#1535);
#1534 = CARTESIAN_POINT('',(46.,24.,30.));
#1535 = VECTOR('',#1536,1.);
#1536 = DIRECTION('',(1.,0.,-0.));
#1537 = PLANE('',#1538);
#1538 = AXIS2_PLACEMENT_3D('',#1539,#1540,#1541);
#1539 = CARTESIAN_POINT('',(46.,24.,11.));
#1540 = DIRECTION('',(-0.,1.,0.));
#1541 = DIRECTION('',(0.,0.,1.));
#1542 = ADVANCED_FACE('',(#1543),#1562,.F.);
#1543 = FACE_BOUND('',#1544,.F.);
#1544 = EDGE_LOOP('',(#1545,#1546,#1554,#1561));
#1545 = ORIENTED_EDGE('',*,*,#1179,.F.);
#1546 = ORIENTED_EDGE('',*,*,#1547,.F.);
#1547 = EDGE_CURVE('',#1548,#1180,#1550,.T.);
#1548 = VERTEX_POINT('',#1549);
#1549 = CARTESIAN_POINT('',(74.5,70.,7.));
#1550 = LINE('',#1551,#1552);
#1551 = CARTESIAN_POINT('',(74.5,70.,7.));
#1552 = VECTOR('',#1553,1.);
#1553 = DIRECTION('',(0.,0.,1.));
#1554 = ORIENTED_EDGE('',*,*,#1555,.T.);
#1555 = EDGE_CURVE('',#1548,#1548,#1556,.T.);
#1556 = CIRCLE('',#1557,4.5);
#1557 = AXIS2_PLACEMENT_3D('',#1558,#1559,#1560);
#1558 = CARTESIAN_POINT('',(70.,70.,7.));
#1559 = DIRECTION('',(0.,0.,1.));
#1560 = DIRECTION('',(1.,0.,-0.));
#1561 = ORIENTED_EDGE('',*,*,#1547,.T.);
#1562 = CYLINDRICAL_SURFACE('',#1563,4.5);
#1563 = AXIS2_PLACEMENT_3D('',#1564,#1565,#1566);
#1564 = CARTESIAN_POINT('',(70.,70.,7.));
#1565 = DIRECTION('',(0.,0.,1.));
#1566 = DIRECTION('',(1.,0.,-0.));
#1567 = ADVANCED_FACE('',(#1568),#1587,.F.);
#1568 = FACE_BOUND('',#1569,.F.);
#1569 = EDGE_LOOP('',(#1570,#1578,#1585,#1586));
#1570 = ORIENTED_EDGE('',*,*,#1571,.T.);
#1571 = EDGE_CURVE('',#1232,#1572,#1574,.T.);
#1572 = VERTEX_POINT('',#1573);
#1573 = CARTESIAN_POINT('',(76.,-85.,1.5));
#1574 = LINE('',#1575,#1576);
#1575 = CARTESIAN_POINT('',(76.,-85.,-0.1));
#1576 = VECTOR('',#1577,1.);
#1577 = DIRECTION('',(0.,0.,1.));
#1578 = ORIENTED_EDGE('',*,*,#1579,.F.);
#1579 = EDGE_CURVE('',#1572,#1572,#1580,.T.);
#1580 = CIRCLE('',#1581,6.);
#1581 = AXIS2_PLACEMENT_3D('',#1582,#1583,#1584);
#1582 = CARTESIAN_POINT('',(70.,-85.,1.5));
#1583 = DIRECTION('',(0.,0.,1.));
#1584 = DIRECTION('',(1.,0.,-0.));
#1585 = ORIENTED_EDGE('',*,*,#1571,.F.);
#1586 = ORIENTED_EDGE('',*,*,#1231,.T.);
#1587 = CYLINDRICAL_SURFACE('',#1588,6.);
#1588 = AXIS2_PLACEMENT_3D('',#1589,#1590,#1591);
#1589 = CARTESIAN_POINT('',(70.,-85.,-0.1));
#1590 = DIRECTION('',(0.,0.,1.));
#1591 = DIRECTION('',(1.,0.,-0.));
#1592 = ADVANCED_FACE('',(#1593),#1612,.F.);
#1593 = FACE_BOUND('',#1594,.F.);
#1594 = EDGE_LOOP('',(#1595,#1604,#1610,#1611));
#1595 = ORIENTED_EDGE('',*,*,#1596,.F.);
#1596 = EDGE_CURVE('',#1597,#1597,#1599,.T.);
#1597 = VERTEX_POINT('',#1598);
#1598 = CARTESIAN_POINT('',(72.25,-70.,7.));
#1599 = CIRCLE('',#1600,2.25);
#1600 = AXIS2_PLACEMENT_3D('',#1601,#1602,#1603);
#1601 = CARTESIAN_POINT('',(70.,-70.,7.));
#1602 = DIRECTION('',(0.,0.,1.));
#1603 = DIRECTION('',(1.,0.,-0.));
#1604 = ORIENTED_EDGE('',*,*,#1605,.F.);
#1605 = EDGE_CURVE('',#1243,#1597,#1606,.T.);
#1606 = LINE('',#1607,#1608);
#1607 = CARTESIAN_POINT('',(72.25,-70.,-1.));
#1608 = VECTOR('',#1609,1.);
#1609 = DIRECTION('',(0.,0.,1.));
#1610 = ORIENTED_EDGE('',*,*,#1242,.T.);
#1611 = ORIENTED_EDGE('',*,*,#1605,.T.);
#1612 = CYLINDRICAL_SURFACE('',#1613,2.25);
#1613 = AXIS2_PLACEMENT_3D('',#1614,#1615,#1616);
#1614 = CARTESIAN_POINT('',(70.,-70.,-1.));
#1615 = DIRECTION('',(0.,0.,1.));
#1616 = DIRECTION('',(1.,0.,-0.));
#1617 = ADVANCED_FACE('',(#1618),#1637,.F.);
#1618 = FACE_BOUND('',#1619,.F.);
#1619 = EDGE_LOOP('',(#1620,#1628,#1635,#1636));
#1620 = ORIENTED_EDGE('',*,*,#1621,.T.);
#1621 = EDGE_CURVE('',#1254,#1622,#1624,.T.);
#1622 = VERTEX_POINT('',#1623);
#1623 = CARTESIAN_POINT('',(76.,-40.,1.5));
#1624 = LINE('',#1625,#1626);
#1625 = CARTESIAN_POINT('',(76.,-40.,-0.1));
#1626 = VECTOR('',#1627,1.);
#1627 = DIRECTION('',(0.,0.,1.));
#1628 = ORIENTED_EDGE('',*,*,#1629,.F.);
#1629 = EDGE_CURVE('',#1622,#1622,#1630,.T.);
#1630 = CIRCLE('',#1631,6.);
#1631 = AXIS2_PLACEMENT_3D('',#1632,#1633,#1634);
#1632 = CARTESIAN_POINT('',(70.,-40.,1.5));
#1633 = DIRECTION('',(0.,0.,1.));
#1634 = DIRECTION('',(1.,0.,-0.));
#1635 = ORIENTED_EDGE('',*,*,#1621,.F.);
#1636 = ORIENTED_EDGE('',*,*,#1253,.T.);
#1637 = CYLINDRICAL_SURFACE('',#1638,6.);
#1638 = AXIS2_PLACEMENT_3D('',#1639,#1640,#1641);
#1639 = CARTESIAN_POINT('',(70.,-40.,-0.1));
#1640 = DIRECTION('',(0.,0.,1.));
#1641 = DIRECTION('',(1.,0.,-0.));
#1642 = ADVANCED_FACE('',(#1643),#1662,.F.);
#1643 = FACE_BOUND('',#1644,.F.);
#1644 = EDGE_LOOP('',(#1645,#1653,#1660,#1661));
#1645 = ORIENTED_EDGE('',*,*,#1646,.T.);
#1646 = EDGE_CURVE('',#1265,#1647,#1649,.T.);
#1647 = VERTEX_POINT('',#1648);
#1648 = CARTESIAN_POINT('',(76.,40.,1.5));
#1649 = LINE('',#1650,#1651);
#1650 = CARTESIAN_POINT('',(76.,40.,-0.1));
#1651 = VECTOR('',#1652,1.);
#1652 = DIRECTION('',(0.,0.,1.));
#1653 = ORIENTED_EDGE('',*,*,#1654,.F.);
#1654 = EDGE_CURVE('',#1647,#1647,#1655,.T.);
#1655 = CIRCLE('',#1656,6.);
#1656 = AXIS2_PLACEMENT_3D('',#1657,#1658,#1659);
#1657 = CARTESIAN_POINT('',(70.,40.,1.5));
#1658 = DIRECTION('',(0.,0.,1.));
#1659 = DIRECTION('',(1.,0.,-0.));
#1660 = ORIENTED_EDGE('',*,*,#1646,.F.);
#1661 = ORIENTED_EDGE('',*,*,#1264,.T.);
#1662 = CYLINDRICAL_SURFACE('',#1663,6.);
#1663 = AXIS2_PLACEMENT_3D('',#1664,#1665,#1666);
#1664 = CARTESIAN_POINT('',(70.,40.,-0.1));
#1665 = DIRECTION('',(0.,0.,1.));
#1666 = DIRECTION('',(1.,0.,-0.));
#1667 = ADVANCED_FACE('',(#1668),#1687,.F.);
#1668 = FACE_BOUND('',#1669,.F.);
#1669 = EDGE_LOOP('',(#1670,#1679,#1685,#1686));
#1670 = ORIENTED_EDGE('',*,*,#1671,.F.);
#1671 = EDGE_CURVE('',#1672,#1672,#1674,.T.);
#1672 = VERTEX_POINT('',#1673);
#1673 = CARTESIAN_POINT('',(72.25,70.,7.));
#1674 = CIRCLE('',#1675,2.25);
#1675 = AXIS2_PLACEMENT_3D('',#1676,#1677,#1678);
#1676 = CARTESIAN_POINT('',(70.,70.,7.));
#1677 = DIRECTION('',(0.,0.,1.));
#1678 = DIRECTION('',(1.,0.,-0.));
#1679 = ORIENTED_EDGE('',*,*,#1680,.F.);
#1680 = EDGE_CURVE('',#1276,#1672,#1681,.T.);
#1681 = LINE('',#1682,#1683);
#1682 = CARTESIAN_POINT('',(72.25,70.,-1.));
#1683 = VECTOR('',#1684,1.);
#1684 = DIRECTION('',(0.,0.,1.));
#1685 = ORIENTED_EDGE('',*,*,#1275,.T.);
#1686 = ORIENTED_EDGE('',*,*,#1680,.T.);
#1687 = CYLINDRICAL_SURFACE('',#1688,2.25);
#1688 = AXIS2_PLACEMENT_3D('',#1689,#1690,#1691);
#1689 = CARTESIAN_POINT('',(70.,70.,-1.));
#1690 = DIRECTION('',(0.,0.,1.));
#1691 = DIRECTION('',(1.,0.,-0.));
#1692 = ADVANCED_FACE('',(#1693),#1712,.F.);
#1693 = FACE_BOUND('',#1694,.F.);
#1694 = EDGE_LOOP('',(#1695,#1703,#1710,#1711));
#1695 = ORIENTED_EDGE('',*,*,#1696,.T.);
#1696 = EDGE_CURVE('',#1287,#1697,#1699,.T.);
#1697 = VERTEX_POINT('',#1698);
#1698 = CARTESIAN_POINT('',(76.,85.,1.5));
#1699 = LINE('',#1700,#1701);
#1700 = CARTESIAN_POINT('',(76.,85.,-0.1));
#1701 = VECTOR('',#1702,1.);
#1702 = DIRECTION('',(0.,0.,1.));
#1703 = ORIENTED_EDGE('',*,*,#1704,.F.);
#1704 = EDGE_CURVE('',#1697,#1697,#1705,.T.);
#1705 = CIRCLE('',#1706,6.);
#1706 = AXIS2_PLACEMENT_3D('',#1707,#1708,#1709);
#1707 = CARTESIAN_POINT('',(70.,85.,1.5));
#1708 = DIRECTION('',(0.,0.,1.));
#1709 = DIRECTION('',(1.,0.,-0.));
#1710 = ORIENTED_EDGE('',*,*,#1696,.F.);
#1711 = ORIENTED_EDGE('',*,*,#1286,.T.);
#1712 = CYLINDRICAL_SURFACE('',#1713,6.);
#1713 = AXIS2_PLACEMENT_3D('',#1714,#1715,#1716);
#1714 = CARTESIAN_POINT('',(70.,85.,-0.1));
#1715 = DIRECTION('',(0.,0.,1.));
#1716 = DIRECTION('',(1.,0.,-0.));
#1717 = ADVANCED_FACE('',(#1718),#1724,.T.);
#1718 = FACE_BOUND('',#1719,.T.);
#1719 = EDGE_LOOP('',(#1720,#1721,#1722,#1723));
#1720 = ORIENTED_EDGE('',*,*,#1338,.F.);
#1721 = ORIENTED_EDGE('',*,*,#1370,.F.);
#1722 = ORIENTED_EDGE('',*,*,#1386,.T.);
#1723 = ORIENTED_EDGE('',*,*,#1316,.F.);
#1724 = PLANE('',#1725);
#1725 = AXIS2_PLACEMENT_3D('',#1726,#1727,#1728);
#1726 = CARTESIAN_POINT('',(96.5,-20.,7.));
#1727 = DIRECTION('',(0.,0.,1.));
#1728 = DIRECTION('',(1.,0.,-0.));
#1729 = ADVANCED_FACE('',(#1730,#1733),#1736,.T.);
#1730 = FACE_BOUND('',#1731,.T.);
#1731 = EDGE_LOOP('',(#1732));
#1732 = ORIENTED_EDGE('',*,*,#1412,.T.);
#1733 = FACE_BOUND('',#1734,.T.);
#1734 = EDGE_LOOP('',(#1735));
#1735 = ORIENTED_EDGE('',*,*,#1596,.F.);
#1736 = PLANE('',#1737);
#1737 = AXIS2_PLACEMENT_3D('',#1738,#1739,#1740);
#1738 = CARTESIAN_POINT('',(70.,-70.,7.));
#1739 = DIRECTION('',(0.,0.,1.));
#1740 = DIRECTION('',(1.,0.,-0.));
#1741 = ADVANCED_FACE('',(#1742,#1748),#1782,.T.);
#1742 = FACE_BOUND('',#1743,.T.);
#1743 = EDGE_LOOP('',(#1744,#1745,#1746,#1747));
#1744 = ORIENTED_EDGE('',*,*,#1504,.F.);
#1745 = ORIENTED_EDGE('',*,*,#1445,.T.);
#1746 = ORIENTED_EDGE('',*,*,#1469,.T.);
#1747 = ORIENTED_EDGE('',*,*,#1532,.F.);
#1748 = FACE_BOUND('',#1749,.T.);
#1749 = EDGE_LOOP('',(#1750,#1760,#1768,#1776));
#1750 = ORIENTED_EDGE('',*,*,#1751,.T.);
#1751 = EDGE_CURVE('',#1752,#1754,#1756,.T.);
#1752 = VERTEX_POINT('',#1753);
#1753 = CARTESIAN_POINT('',(85.25,-15.25,30.));
#1754 = VERTEX_POINT('',#1755);
#1755 = CARTESIAN_POINT('',(54.75,-15.25,30.));
#1756 = LINE('',#1757,#1758);
#1757 = CARTESIAN_POINT('',(50.375,-15.25,30.));
#1758 = VECTOR('',#1759,1.);
#1759 = DIRECTION('',(-1.,-0.,0.));
#1760 = ORIENTED_EDGE('',*,*,#1761,.T.);
#1761 = EDGE_CURVE('',#1754,#1762,#1764,.T.);
#1762 = VERTEX_POINT('',#1763);
#1763 = CARTESIAN_POINT('',(54.75,15.25,30.));
#1764 = LINE('',#1765,#1766);
#1765 = CARTESIAN_POINT('',(54.75,-19.625,30.));
#1766 = VECTOR('',#1767,1.);
#1767 = DIRECTION('',(-0.,1.,0.));
#1768 = ORIENTED_EDGE('',*,*,#1769,.F.);
#1769 = EDGE_CURVE('',#1770,#1762,#1772,.T.);
#1770 = VERTEX_POINT('',#1771);
#1771 = CARTESIAN_POINT('',(85.25,15.25,30.));
#1772 = LINE('',#1773,#1774);
#1773 = CARTESIAN_POINT('',(50.375,15.25,30.));
#1774 = VECTOR('',#1775,1.);
#1775 = DIRECTION('',(-1.,-0.,0.));
#1776 = ORIENTED_EDGE('',*,*,#1777,.F.);
#1777 = EDGE_CURVE('',#1752,#1770,#1778,.T.);
#1778 = LINE('',#1779,#1780);
#1779 = CARTESIAN_POINT('',(85.25,-19.625,30.));
#1780 = VECTOR('',#1781,1.);
#1781 = DIRECTION('',(-0.,1.,0.));
#1782 = PLANE('',#1783);
#1783 = AXIS2_PLACEMENT_3D('',#1784,#1785,#1786);
#1784 = CARTESIAN_POINT('',(46.,-24.,30.));
#1785 = DIRECTION('',(0.,0.,1.));
#1786 = DIRECTION('',(1.,0.,-0.));
#1787 = ADVANCED_FACE('',(#1788),#1807,.F.);
#1788 = FACE_BOUND('',#1789,.F.);
#1789 = EDGE_LOOP('',(#1790,#1791,#1799,#1806));
#1790 = ORIENTED_EDGE('',*,*,#1477,.F.);
#1791 = ORIENTED_EDGE('',*,*,#1792,.F.);
#1792 = EDGE_CURVE('',#1793,#1478,#1795,.T.);
#1793 = VERTEX_POINT('',#1794);
#1794 = CARTESIAN_POINT('',(85.25,5.143516556419E-16,19.6));
#1795 = LINE('',#1796,#1797);
#1796 = CARTESIAN_POINT('',(40.,5.143516556419E-16,19.6));
#1797 = VECTOR('',#1798,1.);
#1798 = DIRECTION('',(1.,0.,0.));
#1799 = ORIENTED_EDGE('',*,*,#1800,.T.);
#1800 = EDGE_CURVE('',#1793,#1793,#1801,.T.);
#1801 = CIRCLE('',#1802,2.1);
#1802 = AXIS2_PLACEMENT_3D('',#1803,#1804,#1805);
#1803 = CARTESIAN_POINT('',(85.25,0.,17.5));
#1804 = DIRECTION('',(1.,0.,0.));
#1805 = DIRECTION('',(-0.,0.,1.));
#1806 = ORIENTED_EDGE('',*,*,#1792,.T.);
#1807 = CYLINDRICAL_SURFACE('',#1808,2.1);
#1808 = AXIS2_PLACEMENT_3D('',#1809,#1810,#1811);
#1809 = CARTESIAN_POINT('',(40.,0.,17.5));
#1810 = DIRECTION('',(1.,0.,0.));
#1811 = DIRECTION('',(-0.,0.,1.));
#1812 = ADVANCED_FACE('',(#1813),#1832,.F.);
#1813 = FACE_BOUND('',#1814,.F.);
#1814 = EDGE_LOOP('',(#1815,#1824,#1830,#1831));
#1815 = ORIENTED_EDGE('',*,*,#1816,.F.);
#1816 = EDGE_CURVE('',#1817,#1817,#1819,.T.);
#1817 = VERTEX_POINT('',#1818);
#1818 = CARTESIAN_POINT('',(54.75,5.143516556419E-16,19.6));
#1819 = CIRCLE('',#1820,2.1);
#1820 = AXIS2_PLACEMENT_3D('',#1821,#1822,#1823);
#1821 = CARTESIAN_POINT('',(54.75,0.,17.5));
#1822 = DIRECTION('',(1.,0.,0.));
#1823 = DIRECTION('',(-0.,0.,1.));
#1824 = ORIENTED_EDGE('',*,*,#1825,.F.);
#1825 = EDGE_CURVE('',#1513,#1817,#1826,.T.);
#1826 = LINE('',#1827,#1828);
#1827 = CARTESIAN_POINT('',(40.,5.143516556419E-16,19.6));
#1828 = VECTOR('',#1829,1.);
#1829 = DIRECTION('',(1.,0.,0.));
#1830 = ORIENTED_EDGE('',*,*,#1512,.T.);
#1831 = ORIENTED_EDGE('',*,*,#1825,.T.);
#1832 = CYLINDRICAL_SURFACE('',#1833,2.1);
#1833 = AXIS2_PLACEMENT_3D('',#1834,#1835,#1836);
#1834 = CARTESIAN_POINT('',(40.,0.,17.5));
#1835 = DIRECTION('',(1.,0.,0.));
#1836 = DIRECTION('',(-0.,0.,1.));
#1837 = ADVANCED_FACE('',(#1838,#1841),#1844,.T.);
#1838 = FACE_BOUND('',#1839,.T.);
#1839 = EDGE_LOOP('',(#1840));
#1840 = ORIENTED_EDGE('',*,*,#1555,.T.);
#1841 = FACE_BOUND('',#1842,.T.);
#1842 = EDGE_LOOP('',(#1843));
#1843 = ORIENTED_EDGE('',*,*,#1671,.F.);
#1844 = PLANE('',#1845);
#1845 = AXIS2_PLACEMENT_3D('',#1846,#1847,#1848);
#1846 = CARTESIAN_POINT('',(70.,70.,7.));
#1847 = DIRECTION('',(0.,0.,1.));
#1848 = DIRECTION('',(1.,0.,-0.));
#1849 = ADVANCED_FACE('',(#1850),#1853,.F.);
#1850 = FACE_BOUND('',#1851,.F.);
#1851 = EDGE_LOOP('',(#1852));
#1852 = ORIENTED_EDGE('',*,*,#1579,.T.);
#1853 = PLANE('',#1854);
#1854 = AXIS2_PLACEMENT_3D('',#1855,#1856,#1857);
#1855 = CARTESIAN_POINT('',(70.,-85.,1.5));
#1856 = DIRECTION('',(0.,0.,1.));
#1857 = DIRECTION('',(1.,0.,-0.));
#1858 = ADVANCED_FACE('',(#1859),#1862,.F.);
#1859 = FACE_BOUND('',#1860,.F.);
#1860 = EDGE_LOOP('',(#1861));
#1861 = ORIENTED_EDGE('',*,*,#1629,.T.);
#1862 = PLANE('',#1863);
#1863 = AXIS2_PLACEMENT_3D('',#1864,#1865,#1866);
#1864 = CARTESIAN_POINT('',(70.,-40.,1.5));
#1865 = DIRECTION('',(0.,0.,1.));
#1866 = DIRECTION('',(1.,0.,-0.));
#1867 = ADVANCED_FACE('',(#1868),#1871,.F.);
#1868 = FACE_BOUND('',#1869,.F.);
#1869 = EDGE_LOOP('',(#1870));
#1870 = ORIENTED_EDGE('',*,*,#1654,.T.);
#1871 = PLANE('',#1872);
#1872 = AXIS2_PLACEMENT_3D('',#1873,#1874,#1875);
#1873 = CARTESIAN_POINT('',(70.,40.,1.5));
#1874 = DIRECTION('',(0.,0.,1.));
#1875 = DIRECTION('',(1.,0.,-0.));
#1876 = ADVANCED_FACE('',(#1877),#1880,.F.);
#1877 = FACE_BOUND('',#1878,.F.);
#1878 = EDGE_LOOP('',(#1879));
#1879 = ORIENTED_EDGE('',*,*,#1704,.T.);
#1880 = PLANE('',#1881);
#1881 = AXIS2_PLACEMENT_3D('',#1882,#1883,#1884);
#1882 = CARTESIAN_POINT('',(70.,85.,1.5));
#1883 = DIRECTION('',(0.,0.,1.));
#1884 = DIRECTION('',(1.,0.,-0.));
#1885 = ADVANCED_FACE('',(#1886),#1911,.T.);
#1886 = FACE_BOUND('',#1887,.T.);
#1887 = EDGE_LOOP('',(#1888,#1896,#1904,#1910));
#1888 = ORIENTED_EDGE('',*,*,#1889,.F.);
#1889 = EDGE_CURVE('',#1890,#1752,#1892,.T.);
#1890 = VERTEX_POINT('',#1891);
#1891 = CARTESIAN_POINT('',(85.25,-15.25,5.));
#1892 = LINE('',#1893,#1894);
#1893 = CARTESIAN_POINT('',(85.25,-15.25,5.));
#1894 = VECTOR('',#1895,1.);
#1895 = DIRECTION('',(0.,0.,1.));
#1896 = ORIENTED_EDGE('',*,*,#1897,.F.);
#1897 = EDGE_CURVE('',#1898,#1890,#1900,.T.);
#1898 = VERTEX_POINT('',#1899);
#1899 = CARTESIAN_POINT('',(54.75,-15.25,5.));
#1900 = LINE('',#1901,#1902);
#1901 = CARTESIAN_POINT('',(54.75,-15.25,5.));
#1902 = VECTOR('',#1903,1.);
#1903 = DIRECTION('',(1.,0.,-0.));
#1904 = ORIENTED_EDGE('',*,*,#1905,.T.);
#1905 = EDGE_CURVE('',#1898,#1754,#1906,.T.);
#1906 = LINE('',#1907,#1908);
#1907 = CARTESIAN_POINT('',(54.75,-15.25,5.));
#1908 = VECTOR('',#1909,1.);
#1909 = DIRECTION('',(0.,0.,1.));
#1910 = ORIENTED_EDGE('',*,*,#1751,.F.);
#1911 = PLANE('',#1912);
#1912 = AXIS2_PLACEMENT_3D('',#1913,#1914,#1915);
#1913 = CARTESIAN_POINT('',(54.75,-15.25,5.));
#1914 = DIRECTION('',(-0.,1.,0.));
#1915 = DIRECTION('',(0.,0.,1.));
#1916 = ADVANCED_FACE('',(#1917,#1935),#1938,.F.);
#1917 = FACE_BOUND('',#1918,.F.);
#1918 = EDGE_LOOP('',(#1919,#1920,#1928,#1934));
#1919 = ORIENTED_EDGE('',*,*,#1889,.F.);
#1920 = ORIENTED_EDGE('',*,*,#1921,.T.);
#1921 = EDGE_CURVE('',#1890,#1922,#1924,.T.);
#1922 = VERTEX_POINT('',#1923);
#1923 = CARTESIAN_POINT('',(85.25,15.25,5.));
#1924 = LINE('',#1925,#1926);
#1925 = CARTESIAN_POINT('',(85.25,-15.25,5.));
#1926 = VECTOR('',#1927,1.);
#1927 = DIRECTION('',(-0.,1.,0.));
#1928 = ORIENTED_EDGE('',*,*,#1929,.T.);
#1929 = EDGE_CURVE('',#1922,#1770,#1930,.T.);
#1930 = LINE('',#1931,#1932);
#1931 = CARTESIAN_POINT('',(85.25,15.25,5.));
#1932 = VECTOR('',#1933,1.);
#1933 = DIRECTION('',(0.,0.,1.));
#1934 = ORIENTED_EDGE('',*,*,#1777,.F.);
#1935 = FACE_BOUND('',#1936,.F.);
#1936 = EDGE_LOOP('',(#1937));
#1937 = ORIENTED_EDGE('',*,*,#1800,.F.);
#1938 = PLANE('',#1939);
#1939 = AXIS2_PLACEMENT_3D('',#1940,#1941,#1942);
#1940 = CARTESIAN_POINT('',(85.25,-15.25,5.));
#1941 = DIRECTION('',(1.,0.,-0.));
#1942 = DIRECTION('',(0.,0.,1.));
#1943 = ADVANCED_FACE('',(#1944),#1962,.F.);
#1944 = FACE_BOUND('',#1945,.F.);
#1945 = EDGE_LOOP('',(#1946,#1947,#1955,#1961));
#1946 = ORIENTED_EDGE('',*,*,#1929,.F.);
#1947 = ORIENTED_EDGE('',*,*,#1948,.F.);
#1948 = EDGE_CURVE('',#1949,#1922,#1951,.T.);
#1949 = VERTEX_POINT('',#1950);
#1950 = CARTESIAN_POINT('',(54.75,15.25,5.));
#1951 = LINE('',#1952,#1953);
#1952 = CARTESIAN_POINT('',(54.75,15.25,5.));
#1953 = VECTOR('',#1954,1.);
#1954 = DIRECTION('',(1.,0.,-0.));
#1955 = ORIENTED_EDGE('',*,*,#1956,.T.);
#1956 = EDGE_CURVE('',#1949,#1762,#1957,.T.);
#1957 = LINE('',#1958,#1959);
#1958 = CARTESIAN_POINT('',(54.75,15.25,5.));
#1959 = VECTOR('',#1960,1.);
#1960 = DIRECTION('',(0.,0.,1.));
#1961 = ORIENTED_EDGE('',*,*,#1769,.F.);
#1962 = PLANE('',#1963);
#1963 = AXIS2_PLACEMENT_3D('',#1964,#1965,#1966);
#1964 = CARTESIAN_POINT('',(54.75,15.25,5.));
#1965 = DIRECTION('',(-0.,1.,0.));
#1966 = DIRECTION('',(0.,0.,1.));
#1967 = ADVANCED_FACE('',(#1968,#1979),#1982,.T.);
#1968 = FACE_BOUND('',#1969,.T.);
#1969 = EDGE_LOOP('',(#1970,#1971,#1977,#1978));
#1970 = ORIENTED_EDGE('',*,*,#1905,.F.);
#1971 = ORIENTED_EDGE('',*,*,#1972,.T.);
#1972 = EDGE_CURVE('',#1898,#1949,#1973,.T.);
#1973 = LINE('',#1974,#1975);
#1974 = CARTESIAN_POINT('',(54.75,-15.25,5.));
#1975 = VECTOR('',#1976,1.);
#1976 = DIRECTION('',(-0.,1.,0.));
#1977 = ORIENTED_EDGE('',*,*,#1956,.T.);
#1978 = ORIENTED_EDGE('',*,*,#1761,.F.);
#1979 = FACE_BOUND('',#1980,.T.);
#1980 = EDGE_LOOP('',(#1981));
#1981 = ORIENTED_EDGE('',*,*,#1816,.F.);
#1982 = PLANE('',#1983);
#1983 = AXIS2_PLACEMENT_3D('',#1984,#1985,#1986);
#1984 = CARTESIAN_POINT('',(54.75,-15.25,5.));
#1985 = DIRECTION('',(1.,0.,-0.));
#1986 = DIRECTION('',(0.,0.,1.));
#1987 = ADVANCED_FACE('',(#1988),#1994,.T.);
#1988 = FACE_BOUND('',#1989,.T.);
#1989 = EDGE_LOOP('',(#1990,#1991,#1992,#1993));
#1990 = ORIENTED_EDGE('',*,*,#1972,.F.);
#1991 = ORIENTED_EDGE('',*,*,#1897,.T.);
#1992 = ORIENTED_EDGE('',*,*,#1921,.T.);
#1993 = ORIENTED_EDGE('',*,*,#1948,.F.);
#1994 = PLANE('',#1995);
#1995 = AXIS2_PLACEMENT_3D('',#1996,#1997,#1998);
#1996 = CARTESIAN_POINT('',(54.75,-15.25,5.));
#1997 = DIRECTION('',(0.,0.,1.));
#1998 = DIRECTION('',(1.,0.,-0.));
#1999 = MANIFOLD_SOLID_BREP('',#2000);
#2000 = CLOSED_SHELL('',(#2001,#2063,#2105,#2163,#2187,#2215,#2240,#2265
    ,#2325,#2350,#2381,#2416,#2440,#2460,#2485,#2516,#2543,#2567,#2587,
    #2604,#2616));
#2001 = ADVANCED_FACE('',(#2002,#2036,#2047),#2058,.F.);
#2002 = FACE_BOUND('',#2003,.F.);
#2003 = EDGE_LOOP('',(#2004,#2014,#2022,#2030));
#2004 = ORIENTED_EDGE('',*,*,#2005,.F.);
#2005 = EDGE_CURVE('',#2006,#2008,#2010,.T.);
#2006 = VERTEX_POINT('',#2007);
#2007 = CARTESIAN_POINT('',(-85.,-15.,5.));
#2008 = VERTEX_POINT('',#2009);
#2009 = CARTESIAN_POINT('',(-85.,-15.,180.));
#2010 = LINE('',#2011,#2012);
#2011 = CARTESIAN_POINT('',(-85.,-15.,5.));
#2012 = VECTOR('',#2013,1.);
#2013 = DIRECTION('',(0.,0.,1.));
#2014 = ORIENTED_EDGE('',*,*,#2015,.T.);
#2015 = EDGE_CURVE('',#2006,#2016,#2018,.T.);
#2016 = VERTEX_POINT('',#2017);
#2017 = CARTESIAN_POINT('',(-85.,15.,5.));
#2018 = LINE('',#2019,#2020);
#2019 = CARTESIAN_POINT('',(-85.,-15.,5.));
#2020 = VECTOR('',#2021,1.);
#2021 = DIRECTION('',(-0.,1.,0.));
#2022 = ORIENTED_EDGE('',*,*,#2023,.T.);
#2023 = EDGE_CURVE('',#2016,#2024,#2026,.T.);
#2024 = VERTEX_POINT('',#2025);
#2025 = CARTESIAN_POINT('',(-85.,15.,180.));
#2026 = LINE('',#2027,#2028);
#2027 = CARTESIAN_POINT('',(-85.,15.,5.));
#2028 = VECTOR('',#2029,1.);
#2029 = DIRECTION('',(0.,0.,1.));
#2030 = ORIENTED_EDGE('',*,*,#2031,.F.);
#2031 = EDGE_CURVE('',#2008,#2024,#2032,.T.);
#2032 = LINE('',#2033,#2034);
#2033 = CARTESIAN_POINT('',(-85.,-15.,180.));
#2034 = VECTOR('',#2035,1.);
#2035 = DIRECTION('',(-0.,1.,0.));
#2036 = FACE_BOUND('',#2037,.F.);
#2037 = EDGE_LOOP('',(#2038));
#2038 = ORIENTED_EDGE('',*,*,#2039,.F.);
#2039 = EDGE_CURVE('',#2040,#2040,#2042,.T.);
#2040 = VERTEX_POINT('',#2041);
#2041 = CARTESIAN_POINT('',(-85.,5.143516556419E-16,19.6));
#2042 = CIRCLE('',#2043,2.1);
#2043 = AXIS2_PLACEMENT_3D('',#2044,#2045,#2046);
#2044 = CARTESIAN_POINT('',(-85.,0.,17.5));
#2045 = DIRECTION('',(1.,0.,0.));
#2046 = DIRECTION('',(-0.,0.,1.));
#2047 = FACE_BOUND('',#2048,.F.);
#2048 = EDGE_LOOP('',(#2049));
#2049 = ORIENTED_EDGE('',*,*,#2050,.F.);
#2050 = EDGE_CURVE('',#2051,#2051,#2053,.T.);
#2051 = VERTEX_POINT('',#2052);
#2052 = CARTESIAN_POINT('',(-85.,5.143516556419E-16,169.6));
#2053 = CIRCLE('',#2054,2.1);
#2054 = AXIS2_PLACEMENT_3D('',#2055,#2056,#2057);
#2055 = CARTESIAN_POINT('',(-85.,0.,167.5));
#2056 = DIRECTION('',(1.,0.,0.));
#2057 = DIRECTION('',(-0.,0.,1.));
#2058 = PLANE('',#2059);
#2059 = AXIS2_PLACEMENT_3D('',#2060,#2061,#2062);
#2060 = CARTESIAN_POINT('',(-85.,-15.,5.));
#2061 = DIRECTION('',(1.,0.,-0.));
#2062 = DIRECTION('',(0.,0.,1.));
#2063 = ADVANCED_FACE('',(#2064,#2089),#2100,.F.);
#2064 = FACE_BOUND('',#2065,.F.);
#2065 = EDGE_LOOP('',(#2066,#2074,#2075,#2083));
#2066 = ORIENTED_EDGE('',*,*,#2067,.F.);
#2067 = EDGE_CURVE('',#2006,#2068,#2070,.T.);
#2068 = VERTEX_POINT('',#2069);
#2069 = CARTESIAN_POINT('',(-55.,-15.,5.));
#2070 = LINE('',#2071,#2072);
#2071 = CARTESIAN_POINT('',(-85.,-15.,5.));
#2072 = VECTOR('',#2073,1.);
#2073 = DIRECTION('',(1.,0.,-0.));
#2074 = ORIENTED_EDGE('',*,*,#2005,.T.);
#2075 = ORIENTED_EDGE('',*,*,#2076,.T.);
#2076 = EDGE_CURVE('',#2008,#2077,#2079,.T.);
#2077 = VERTEX_POINT('',#2078);
#2078 = CARTESIAN_POINT('',(-55.,-15.,180.));
#2079 = LINE('',#2080,#2081);
#2080 = CARTESIAN_POINT('',(-85.,-15.,180.));
#2081 = VECTOR('',#2082,1.);
#2082 = DIRECTION('',(1.,0.,-0.));
#2083 = ORIENTED_EDGE('',*,*,#2084,.F.);
#2084 = EDGE_CURVE('',#2068,#2077,#2085,.T.);
#2085 = LINE('',#2086,#2087);
#2086 = CARTESIAN_POINT('',(-55.,-15.,5.));
#2087 = VECTOR('',#2088,1.);
#2088 = DIRECTION('',(0.,0.,1.));
#2089 = FACE_BOUND('',#2090,.F.);
#2090 = EDGE_LOOP('',(#2091));
#2091 = ORIENTED_EDGE('',*,*,#2092,.F.);
#2092 = EDGE_CURVE('',#2093,#2093,#2095,.T.);
#2093 = VERTEX_POINT('',#2094);
#2094 = CARTESIAN_POINT('',(-59.75,-15.,97.1));
#2095 = CIRCLE('',#2096,2.1);
#2096 = AXIS2_PLACEMENT_3D('',#2097,#2098,#2099);
#2097 = CARTESIAN_POINT('',(-59.75,-15.,95.));
#2098 = DIRECTION('',(0.,1.,0.));
#2099 = DIRECTION('',(0.,-0.,1.));
#2100 = PLANE('',#2101);
#2101 = AXIS2_PLACEMENT_3D('',#2102,#2103,#2104);
#2102 = CARTESIAN_POINT('',(-85.,-15.,5.));
#2103 = DIRECTION('',(-0.,1.,0.));
#2104 = DIRECTION('',(0.,0.,1.));
#2105 = ADVANCED_FACE('',(#2106,#2124),#2158,.T.);
#2106 = FACE_BOUND('',#2107,.T.);
#2107 = EDGE_LOOP('',(#2108,#2109,#2110,#2118));
#2108 = ORIENTED_EDGE('',*,*,#2031,.F.);
#2109 = ORIENTED_EDGE('',*,*,#2076,.T.);
#2110 = ORIENTED_EDGE('',*,*,#2111,.T.);
#2111 = EDGE_CURVE('',#2077,#2112,#2114,.T.);
#2112 = VERTEX_POINT('',#2113);
#2113 = CARTESIAN_POINT('',(-55.,15.,180.));
#2114 = LINE('',#2115,#2116);
#2115 = CARTESIAN_POINT('',(-55.,-15.,180.));
#2116 = VECTOR('',#2117,1.);
#2117 = DIRECTION('',(-0.,1.,0.));
#2118 = ORIENTED_EDGE('',*,*,#2119,.F.);
#2119 = EDGE_CURVE('',#2024,#2112,#2120,.T.);
#2120 = LINE('',#2121,#2122);
#2121 = CARTESIAN_POINT('',(-85.,15.,180.));
#2122 = VECTOR('',#2123,1.);
#2123 = DIRECTION('',(1.,0.,-0.));
#2124 = FACE_BOUND('',#2125,.T.);
#2125 = EDGE_LOOP('',(#2126,#2136,#2144,#2152));
#2126 = ORIENTED_EDGE('',*,*,#2127,.T.);
#2127 = EDGE_CURVE('',#2128,#2130,#2132,.T.);
#2128 = VERTEX_POINT('',#2129);
#2129 = CARTESIAN_POINT('',(-59.75,-10.25,180.));
#2130 = VERTEX_POINT('',#2131);
#2131 = CARTESIAN_POINT('',(-80.25,-10.25,180.));
#2132 = LINE('',#2133,#2134);
#2133 = CARTESIAN_POINT('',(-82.625,-10.25,180.));
#2134 = VECTOR('',#2135,1.);
#2135 = DIRECTION('',(-1.,-0.,0.));
#2136 = ORIENTED_EDGE('',*,*,#2137,.T.);
#2137 = EDGE_CURVE('',#2130,#2138,#2140,.T.);
#2138 = VERTEX_POINT('',#2139);
#2139 = CARTESIAN_POINT('',(-80.25,10.25,180.));
#2140 = LINE('',#2141,#2142);
#2141 = CARTESIAN_POINT('',(-80.25,-12.625,180.));
#2142 = VECTOR('',#2143,1.);
#2143 = DIRECTION('',(-0.,1.,0.));
#2144 = ORIENTED_EDGE('',*,*,#2145,.F.);
#2145 = EDGE_CURVE('',#2146,#2138,#2148,.T.);
#2146 = VERTEX_POINT('',#2147);
#2147 = CARTESIAN_POINT('',(-59.75,10.25,180.));
#2148 = LINE('',#2149,#2150);
#2149 = CARTESIAN_POINT('',(-82.625,10.25,180.));
#2150 = VECTOR('',#2151,1.);
#2151 = DIRECTION('',(-1.,-0.,0.));
#2152 = ORIENTED_EDGE('',*,*,#2153,.F.);
#2153 = EDGE_CURVE('',#2128,#2146,#2154,.T.);
#2154 = LINE('',#2155,#2156);
#2155 = CARTESIAN_POINT('',(-59.75,-12.625,180.));
#2156 = VECTOR('',#2157,1.);
#2157 = DIRECTION('',(-0.,1.,0.));
#2158 = PLANE('',#2159);
#2159 = AXIS2_PLACEMENT_3D('',#2160,#2161,#2162);
#2160 = CARTESIAN_POINT('',(-85.,-15.,180.));
#2161 = DIRECTION('',(0.,0.,1.));
#2162 = DIRECTION('',(1.,0.,-0.));
#2163 = ADVANCED_FACE('',(#2164),#2182,.F.);
#2164 = FACE_BOUND('',#2165,.F.);
#2165 = EDGE_LOOP('',(#2166,#2167,#2168,#2176));
#2166 = ORIENTED_EDGE('',*,*,#2015,.F.);
#2167 = ORIENTED_EDGE('',*,*,#2067,.T.);
#2168 = ORIENTED_EDGE('',*,*,#2169,.T.);
#2169 = EDGE_CURVE('',#2068,#2170,#2172,.T.);
#2170 = VERTEX_POINT('',#2171);
#2171 = CARTESIAN_POINT('',(-55.,15.,5.));
#2172 = LINE('',#2173,#2174);
#2173 = CARTESIAN_POINT('',(-55.,-15.,5.));
#2174 = VECTOR('',#2175,1.);
#2175 = DIRECTION('',(-0.,1.,0.));
#2176 = ORIENTED_EDGE('',*,*,#2177,.F.);
#2177 = EDGE_CURVE('',#2016,#2170,#2178,.T.);
#2178 = LINE('',#2179,#2180);
#2179 = CARTESIAN_POINT('',(-85.,15.,5.));
#2180 = VECTOR('',#2181,1.);
#2181 = DIRECTION('',(1.,0.,-0.));
#2182 = PLANE('',#2183);
#2183 = AXIS2_PLACEMENT_3D('',#2184,#2185,#2186);
#2184 = CARTESIAN_POINT('',(-85.,-15.,5.));
#2185 = DIRECTION('',(0.,0.,1.));
#2186 = DIRECTION('',(1.,0.,-0.));
#2187 = ADVANCED_FACE('',(#2188,#2199),#2210,.T.);
#2188 = FACE_BOUND('',#2189,.T.);
#2189 = EDGE_LOOP('',(#2190,#2191,#2192,#2193));
#2190 = ORIENTED_EDGE('',*,*,#2177,.F.);
#2191 = ORIENTED_EDGE('',*,*,#2023,.T.);
#2192 = ORIENTED_EDGE('',*,*,#2119,.T.);
#2193 = ORIENTED_EDGE('',*,*,#2194,.F.);
#2194 = EDGE_CURVE('',#2170,#2112,#2195,.T.);
#2195 = LINE('',#2196,#2197);
#2196 = CARTESIAN_POINT('',(-55.,15.,5.));
#2197 = VECTOR('',#2198,1.);
#2198 = DIRECTION('',(0.,0.,1.));
#2199 = FACE_BOUND('',#2200,.T.);
#2200 = EDGE_LOOP('',(#2201));
#2201 = ORIENTED_EDGE('',*,*,#2202,.F.);
#2202 = EDGE_CURVE('',#2203,#2203,#2205,.T.);
#2203 = VERTEX_POINT('',#2204);
#2204 = CARTESIAN_POINT('',(-59.75,15.,97.1));
#2205 = CIRCLE('',#2206,2.1);
#2206 = AXIS2_PLACEMENT_3D('',#2207,#2208,#2209);
#2207 = CARTESIAN_POINT('',(-59.75,15.,95.));
#2208 = DIRECTION('',(0.,1.,0.));
#2209 = DIRECTION('',(0.,-0.,1.));
#2210 = PLANE('',#2211);
#2211 = AXIS2_PLACEMENT_3D('',#2212,#2213,#2214);
#2212 = CARTESIAN_POINT('',(-85.,15.,5.));
#2213 = DIRECTION('',(-0.,1.,0.));
#2214 = DIRECTION('',(0.,0.,1.));
#2215 = ADVANCED_FACE('',(#2216),#2235,.F.);
#2216 = FACE_BOUND('',#2217,.F.);
#2217 = EDGE_LOOP('',(#2218,#2227,#2233,#2234));
#2218 = ORIENTED_EDGE('',*,*,#2219,.F.);
#2219 = EDGE_CURVE('',#2220,#2220,#2222,.T.);
#2220 = VERTEX_POINT('',#2221);
#2221 = CARTESIAN_POINT('',(-55.,5.143516556419E-16,19.6));
#2222 = CIRCLE('',#2223,2.1);
#2223 = AXIS2_PLACEMENT_3D('',#2224,#2225,#2226);
#2224 = CARTESIAN_POINT('',(-55.,0.,17.5));
#2225 = DIRECTION('',(1.,0.,0.));
#2226 = DIRECTION('',(-0.,0.,1.));
#2227 = ORIENTED_EDGE('',*,*,#2228,.F.);
#2228 = EDGE_CURVE('',#2040,#2220,#2229,.T.);
#2229 = LINE('',#2230,#2231);
#2230 = CARTESIAN_POINT('',(-90.,5.143516556419E-16,19.6));
#2231 = VECTOR('',#2232,1.);
#2232 = DIRECTION('',(1.,0.,0.));
#2233 = ORIENTED_EDGE('',*,*,#2039,.T.);
#2234 = ORIENTED_EDGE('',*,*,#2228,.T.);
#2235 = CYLINDRICAL_SURFACE('',#2236,2.1);
#2236 = AXIS2_PLACEMENT_3D('',#2237,#2238,#2239);
#2237 = CARTESIAN_POINT('',(-90.,0.,17.5));
#2238 = DIRECTION('',(1.,0.,0.));
#2239 = DIRECTION('',(-0.,0.,1.));
#2240 = ADVANCED_FACE('',(#2241),#2260,.F.);
#2241 = FACE_BOUND('',#2242,.F.);
#2242 = EDGE_LOOP('',(#2243,#2252,#2258,#2259));
#2243 = ORIENTED_EDGE('',*,*,#2244,.F.);
#2244 = EDGE_CURVE('',#2245,#2245,#2247,.T.);
#2245 = VERTEX_POINT('',#2246);
#2246 = CARTESIAN_POINT('',(-80.25,5.143516556419E-16,169.6));
#2247 = CIRCLE('',#2248,2.1);
#2248 = AXIS2_PLACEMENT_3D('',#2249,#2250,#2251);
#2249 = CARTESIAN_POINT('',(-80.25,0.,167.5));
#2250 = DIRECTION('',(1.,0.,0.));
#2251 = DIRECTION('',(-0.,0.,1.));
#2252 = ORIENTED_EDGE('',*,*,#2253,.F.);
#2253 = EDGE_CURVE('',#2051,#2245,#2254,.T.);
#2254 = LINE('',#2255,#2256);
#2255 = CARTESIAN_POINT('',(-90.,5.143516556419E-16,169.6));
#2256 = VECTOR('',#2257,1.);
#2257 = DIRECTION('',(1.,0.,0.));
#2258 = ORIENTED_EDGE('',*,*,#2050,.T.);
#2259 = ORIENTED_EDGE('',*,*,#2253,.T.);
#2260 = CYLINDRICAL_SURFACE('',#2261,2.1);
#2261 = AXIS2_PLACEMENT_3D('',#2262,#2263,#2264);
#2262 = CARTESIAN_POINT('',(-90.,0.,167.5));
#2263 = DIRECTION('',(1.,0.,0.));
#2264 = DIRECTION('',(-0.,0.,1.));
#2265 = ADVANCED_FACE('',(#2266,#2272,#2275,#2309),#2320,.T.);
#2266 = FACE_BOUND('',#2267,.T.);
#2267 = EDGE_LOOP('',(#2268,#2269,#2270,#2271));
#2268 = ORIENTED_EDGE('',*,*,#2084,.F.);
#2269 = ORIENTED_EDGE('',*,*,#2169,.T.);
#2270 = ORIENTED_EDGE('',*,*,#2194,.T.);
#2271 = ORIENTED_EDGE('',*,*,#2111,.F.);
#2272 = FACE_BOUND('',#2273,.T.);
#2273 = EDGE_LOOP('',(#2274));
#2274 = ORIENTED_EDGE('',*,*,#2219,.F.);
#2275 = FACE_BOUND('',#2276,.T.);
#2276 = EDGE_LOOP('',(#2277,#2287,#2295,#2303));
#2277 = ORIENTED_EDGE('',*,*,#2278,.T.);
#2278 = EDGE_CURVE('',#2279,#2281,#2283,.T.);
#2279 = VERTEX_POINT('',#2280);
#2280 = CARTESIAN_POINT('',(-55.,7.75,82.25));
#2281 = VERTEX_POINT('',#2282);
#2282 = CARTESIAN_POINT('',(-55.,-7.75,82.25));
#2283 = LINE('',#2284,#2285);
#2284 = CARTESIAN_POINT('',(-55.,-11.375,82.25));
#2285 = VECTOR('',#2286,1.);
#2286 = DIRECTION('',(0.,-1.,0.));
#2287 = ORIENTED_EDGE('',*,*,#2288,.T.);
#2288 = EDGE_CURVE('',#2281,#2289,#2291,.T.);
#2289 = VERTEX_POINT('',#2290);
#2290 = CARTESIAN_POINT('',(-55.,-7.75,107.75));
#2291 = LINE('',#2292,#2293);
#2292 = CARTESIAN_POINT('',(-55.,-7.75,43.625));
#2293 = VECTOR('',#2294,1.);
#2294 = DIRECTION('',(0.,0.,1.));
#2295 = ORIENTED_EDGE('',*,*,#2296,.F.);
#2296 = EDGE_CURVE('',#2297,#2289,#2299,.T.);
#2297 = VERTEX_POINT('',#2298);
#2298 = CARTESIAN_POINT('',(-55.,7.75,107.75));
#2299 = LINE('',#2300,#2301);
#2300 = CARTESIAN_POINT('',(-55.,-11.375,107.75));
#2301 = VECTOR('',#2302,1.);
#2302 = DIRECTION('',(0.,-1.,0.));
#2303 = ORIENTED_EDGE('',*,*,#2304,.F.);
#2304 = EDGE_CURVE('',#2279,#2297,#2305,.T.);
#2305 = LINE('',#2306,#2307);
#2306 = CARTESIAN_POINT('',(-55.,7.75,43.625));
#2307 = VECTOR('',#2308,1.);
#2308 = DIRECTION('',(0.,0.,1.));
#2309 = FACE_BOUND('',#2310,.T.);
#2310 = EDGE_LOOP('',(#2311));
#2311 = ORIENTED_EDGE('',*,*,#2312,.F.);
#2312 = EDGE_CURVE('',#2313,#2313,#2315,.T.);
#2313 = VERTEX_POINT('',#2314);
#2314 = CARTESIAN_POINT('',(-55.,5.143516556419E-16,169.6));
#2315 = CIRCLE('',#2316,2.1);
#2316 = AXIS2_PLACEMENT_3D('',#2317,#2318,#2319);
#2317 = CARTESIAN_POINT('',(-55.,0.,167.5));
#2318 = DIRECTION('',(1.,0.,0.));
#2319 = DIRECTION('',(-0.,0.,1.));
#2320 = PLANE('',#2321);
#2321 = AXIS2_PLACEMENT_3D('',#2322,#2323,#2324);
#2322 = CARTESIAN_POINT('',(-55.,-15.,5.));
#2323 = DIRECTION('',(1.,0.,-0.));
#2324 = DIRECTION('',(0.,0.,1.));
#2325 = ADVANCED_FACE('',(#2326),#2345,.F.);
#2326 = FACE_BOUND('',#2327,.F.);
#2327 = EDGE_LOOP('',(#2328,#2337,#2343,#2344));
#2328 = ORIENTED_EDGE('',*,*,#2329,.F.);
#2329 = EDGE_CURVE('',#2330,#2330,#2332,.T.);
#2330 = VERTEX_POINT('',#2331);
#2331 = CARTESIAN_POINT('',(-59.75,-7.75,97.1));
#2332 = CIRCLE('',#2333,2.1);
#2333 = AXIS2_PLACEMENT_3D('',#2334,#2335,#2336);
#2334 = CARTESIAN_POINT('',(-59.75,-7.75,95.));
#2335 = DIRECTION('',(0.,1.,0.));
#2336 = DIRECTION('',(0.,-0.,1.));
#2337 = ORIENTED_EDGE('',*,*,#2338,.F.);
#2338 = EDGE_CURVE('',#2093,#2330,#2339,.T.);
#2339 = LINE('',#2340,#2341);
#2340 = CARTESIAN_POINT('',(-59.75,-20.,97.1));
#2341 = VECTOR('',#2342,1.);
#2342 = DIRECTION('',(0.,1.,0.));
#2343 = ORIENTED_EDGE('',*,*,#2092,.T.);
#2344 = ORIENTED_EDGE('',*,*,#2338,.T.);
#2345 = CYLINDRICAL_SURFACE('',#2346,2.1);
#2346 = AXIS2_PLACEMENT_3D('',#2347,#2348,#2349);
#2347 = CARTESIAN_POINT('',(-59.75,-20.,95.));
#2348 = DIRECTION('',(0.,1.,0.));
#2349 = DIRECTION('',(0.,-0.,1.));
#2350 = ADVANCED_FACE('',(#2351),#2376,.T.);
#2351 = FACE_BOUND('',#2352,.T.);
#2352 = EDGE_LOOP('',(#2353,#2361,#2369,#2375));
#2353 = ORIENTED_EDGE('',*,*,#2354,.F.);
#2354 = EDGE_CURVE('',#2355,#2128,#2357,.T.);
#2355 = VERTEX_POINT('',#2356);
#2356 = CARTESIAN_POINT('',(-59.75,-10.25,154.5));
#2357 = LINE('',#2358,#2359);
#2358 = CARTESIAN_POINT('',(-59.75,-10.25,154.5));
#2359 = VECTOR('',#2360,1.);
#2360 = DIRECTION('',(0.,0.,1.));
#2361 = ORIENTED_EDGE('',*,*,#2362,.F.);
#2362 = EDGE_CURVE('',#2363,#2355,#2365,.T.);
#2363 = VERTEX_POINT('',#2364);
#2364 = CARTESIAN_POINT('',(-80.25,-10.25,154.5));
#2365 = LINE('',#2366,#2367);
#2366 = CARTESIAN_POINT('',(-80.25,-10.25,154.5));
#2367 = VECTOR('',#2368,1.);
#2368 = DIRECTION('',(1.,0.,-0.));
#2369 = ORIENTED_EDGE('',*,*,#2370,.T.);
#2370 = EDGE_CURVE('',#2363,#2130,#2371,.T.);
#2371 = LINE('',#2372,#2373);
#2372 = CARTESIAN_POINT('',(-80.25,-10.25,154.5));
#2373 = VECTOR('',#2374,1.);
#2374 = DIRECTION('',(0.,0.,1.));
#2375 = ORIENTED_EDGE('',*,*,#2127,.F.);
#2376 = PLANE('',#2377);
#2377 = AXIS2_PLACEMENT_3D('',#2378,#2379,#2380);
#2378 = CARTESIAN_POINT('',(-80.25,-10.25,154.5));
#2379 = DIRECTION('',(-0.,1.,0.));
#2380 = DIRECTION('',(0.,0.,1.));
#2381 = ADVANCED_FACE('',(#2382,#2400),#2411,.F.);
#2382 = FACE_BOUND('',#2383,.F.);
#2383 = EDGE_LOOP('',(#2384,#2385,#2393,#2399));
#2384 = ORIENTED_EDGE('',*,*,#2354,.F.);
#2385 = ORIENTED_EDGE('',*,*,#2386,.T.);
#2386 = EDGE_CURVE('',#2355,#2387,#2389,.T.);
#2387 = VERTEX_POINT('',#2388);
#2388 = CARTESIAN_POINT('',(-59.75,10.25,154.5));
#2389 = LINE('',#2390,#2391);
#2390 = CARTESIAN_POINT('',(-59.75,-10.25,154.5));
#2391 = VECTOR('',#2392,1.);
#2392 = DIRECTION('',(-0.,1.,0.));
#2393 = ORIENTED_EDGE('',*,*,#2394,.T.);
#2394 = EDGE_CURVE('',#2387,#2146,#2395,.T.);
#2395 = LINE('',#2396,#2397);
#2396 = CARTESIAN_POINT('',(-59.75,10.25,154.5));
#2397 = VECTOR('',#2398,1.);
#2398 = DIRECTION('',(0.,0.,1.));
#2399 = ORIENTED_EDGE('',*,*,#2153,.F.);
#2400 = FACE_BOUND('',#2401,.F.);
#2401 = EDGE_LOOP('',(#2402));
#2402 = ORIENTED_EDGE('',*,*,#2403,.F.);
#2403 = EDGE_CURVE('',#2404,#2404,#2406,.T.);
#2404 = VERTEX_POINT('',#2405);
#2405 = CARTESIAN_POINT('',(-59.75,5.143516556419E-16,169.6));
#2406 = CIRCLE('',#2407,2.1);
#2407 = AXIS2_PLACEMENT_3D('',#2408,#2409,#2410);
#2408 = CARTESIAN_POINT('',(-59.75,0.,167.5));
#2409 = DIRECTION('',(1.,0.,0.));
#2410 = DIRECTION('',(-0.,0.,1.));
#2411 = PLANE('',#2412);
#2412 = AXIS2_PLACEMENT_3D('',#2413,#2414,#2415);
#2413 = CARTESIAN_POINT('',(-59.75,-10.25,154.5));
#2414 = DIRECTION('',(1.,0.,-0.));
#2415 = DIRECTION('',(0.,0.,1.));
#2416 = ADVANCED_FACE('',(#2417),#2435,.F.);
#2417 = FACE_BOUND('',#2418,.F.);
#2418 = EDGE_LOOP('',(#2419,#2420,#2428,#2434));
#2419 = ORIENTED_EDGE('',*,*,#2394,.F.);
#2420 = ORIENTED_EDGE('',*,*,#2421,.F.);
#2421 = EDGE_CURVE('',#2422,#2387,#2424,.T.);
#2422 = VERTEX_POINT('',#2423);
#2423 = CARTESIAN_POINT('',(-80.25,10.25,154.5));
#2424 = LINE('',#2425,#2426);
#2425 = CARTESIAN_POINT('',(-80.25,10.25,154.5));
#2426 = VECTOR('',#2427,1.);
#2427 = DIRECTION('',(1.,0.,-0.));
#2428 = ORIENTED_EDGE('',*,*,#2429,.T.);
#2429 = EDGE_CURVE('',#2422,#2138,#2430,.T.);
#2430 = LINE('',#2431,#2432);
#2431 = CARTESIAN_POINT('',(-80.25,10.25,154.5));
#2432 = VECTOR('',#2433,1.);
#2433 = DIRECTION('',(0.,0.,1.));
#2434 = ORIENTED_EDGE('',*,*,#2145,.F.);
#2435 = PLANE('',#2436);
#2436 = AXIS2_PLACEMENT_3D('',#2437,#2438,#2439);
#2437 = CARTESIAN_POINT('',(-80.25,10.25,154.5));
#2438 = DIRECTION('',(-0.,1.,0.));
#2439 = DIRECTION('',(0.,0.,1.));
#2440 = ADVANCED_FACE('',(#2441,#2452),#2455,.T.);
#2441 = FACE_BOUND('',#2442,.T.);
#2442 = EDGE_LOOP('',(#2443,#2444,#2450,#2451));
#2443 = ORIENTED_EDGE('',*,*,#2370,.F.);
#2444 = ORIENTED_EDGE('',*,*,#2445,.T.);
#2445 = EDGE_CURVE('',#2363,#2422,#2446,.T.);
#2446 = LINE('',#2447,#2448);
#2447 = CARTESIAN_POINT('',(-80.25,-10.25,154.5));
#2448 = VECTOR('',#2449,1.);
#2449 = DIRECTION('',(-0.,1.,0.));
#2450 = ORIENTED_EDGE('',*,*,#2429,.T.);
#2451 = ORIENTED_EDGE('',*,*,#2137,.F.);
#2452 = FACE_BOUND('',#2453,.T.);
#2453 = EDGE_LOOP('',(#2454));
#2454 = ORIENTED_EDGE('',*,*,#2244,.F.);
#2455 = PLANE('',#2456);
#2456 = AXIS2_PLACEMENT_3D('',#2457,#2458,#2459);
#2457 = CARTESIAN_POINT('',(-80.25,-10.25,154.5));
#2458 = DIRECTION('',(1.,0.,-0.));
#2459 = DIRECTION('',(0.,0.,1.));
#2460 = ADVANCED_FACE('',(#2461),#2480,.F.);
#2461 = FACE_BOUND('',#2462,.F.);
#2462 = EDGE_LOOP('',(#2463,#2464,#2472,#2479));
#2463 = ORIENTED_EDGE('',*,*,#2202,.F.);
#2464 = ORIENTED_EDGE('',*,*,#2465,.F.);
#2465 = EDGE_CURVE('',#2466,#2203,#2468,.T.);
#2466 = VERTEX_POINT('',#2467);
#2467 = CARTESIAN_POINT('',(-59.75,7.75,97.1));
#2468 = LINE('',#2469,#2470);
#2469 = CARTESIAN_POINT('',(-59.75,-20.,97.1));
#2470 = VECTOR('',#2471,1.);
#2471 = DIRECTION('',(0.,1.,0.));
#2472 = ORIENTED_EDGE('',*,*,#2473,.T.);
#2473 = EDGE_CURVE('',#2466,#2466,#2474,.T.);
#2474 = CIRCLE('',#2475,2.1);
#2475 = AXIS2_PLACEMENT_3D('',#2476,#2477,#2478);
#2476 = CARTESIAN_POINT('',(-59.75,7.75,95.));
#2477 = DIRECTION('',(0.,1.,0.));
#2478 = DIRECTION('',(0.,-0.,1.));
#2479 = ORIENTED_EDGE('',*,*,#2465,.T.);
#2480 = CYLINDRICAL_SURFACE('',#2481,2.1);
#2481 = AXIS2_PLACEMENT_3D('',#2482,#2483,#2484);
#2482 = CARTESIAN_POINT('',(-59.75,-20.,95.));
#2483 = DIRECTION('',(0.,1.,0.));
#2484 = DIRECTION('',(0.,-0.,1.));
#2485 = ADVANCED_FACE('',(#2486),#2511,.T.);
#2486 = FACE_BOUND('',#2487,.T.);
#2487 = EDGE_LOOP('',(#2488,#2496,#2504,#2510));
#2488 = ORIENTED_EDGE('',*,*,#2489,.F.);
#2489 = EDGE_CURVE('',#2490,#2279,#2492,.T.);
#2490 = VERTEX_POINT('',#2491);
#2491 = CARTESIAN_POINT('',(-65.,7.75,82.25));
#2492 = LINE('',#2493,#2494);
#2493 = CARTESIAN_POINT('',(-65.,7.75,82.25));
#2494 = VECTOR('',#2495,1.);
#2495 = DIRECTION('',(1.,0.,-0.));
#2496 = ORIENTED_EDGE('',*,*,#2497,.F.);
#2497 = EDGE_CURVE('',#2498,#2490,#2500,.T.);
#2498 = VERTEX_POINT('',#2499);
#2499 = CARTESIAN_POINT('',(-65.,-7.75,82.25));
#2500 = LINE('',#2501,#2502);
#2501 = CARTESIAN_POINT('',(-65.,-7.75,82.25));
#2502 = VECTOR('',#2503,1.);
#2503 = DIRECTION('',(-0.,1.,0.));
#2504 = ORIENTED_EDGE('',*,*,#2505,.T.);
#2505 = EDGE_CURVE('',#2498,#2281,#2506,.T.);
#2506 = LINE('',#2507,#2508);
#2507 = CARTESIAN_POINT('',(-65.,-7.75,82.25));
#2508 = VECTOR('',#2509,1.);
#2509 = DIRECTION('',(1.,0.,-0.));
#2510 = ORIENTED_EDGE('',*,*,#2278,.F.);
#2511 = PLANE('',#2512);
#2512 = AXIS2_PLACEMENT_3D('',#2513,#2514,#2515);
#2513 = CARTESIAN_POINT('',(-65.,-7.75,82.25));
#2514 = DIRECTION('',(0.,0.,1.));
#2515 = DIRECTION('',(1.,0.,-0.));
#2516 = ADVANCED_FACE('',(#2517,#2535),#2538,.F.);
#2517 = FACE_BOUND('',#2518,.F.);
#2518 = EDGE_LOOP('',(#2519,#2520,#2528,#2534));
#2519 = ORIENTED_EDGE('',*,*,#2489,.F.);
#2520 = ORIENTED_EDGE('',*,*,#2521,.T.);
#2521 = EDGE_CURVE('',#2490,#2522,#2524,.T.);
#2522 = VERTEX_POINT('',#2523);
#2523 = CARTESIAN_POINT('',(-65.,7.75,107.75));
#2524 = LINE('',#2525,#2526);
#2525 = CARTESIAN_POINT('',(-65.,7.75,82.25));
#2526 = VECTOR('',#2527,1.);
#2527 = DIRECTION('',(0.,0.,1.));
#2528 = ORIENTED_EDGE('',*,*,#2529,.T.);
#2529 = EDGE_CURVE('',#2522,#2297,#2530,.T.);
#2530 = LINE('',#2531,#2532);
#2531 = CARTESIAN_POINT('',(-65.,7.75,107.75));
#2532 = VECTOR('',#2533,1.);
#2533 = DIRECTION('',(1.,0.,-0.));
#2534 = ORIENTED_EDGE('',*,*,#2304,.F.);
#2535 = FACE_BOUND('',#2536,.F.);
#2536 = EDGE_LOOP('',(#2537));
#2537 = ORIENTED_EDGE('',*,*,#2473,.F.);
#2538 = PLANE('',#2539);
#2539 = AXIS2_PLACEMENT_3D('',#2540,#2541,#2542);
#2540 = CARTESIAN_POINT('',(-65.,7.75,82.25));
#2541 = DIRECTION('',(-0.,1.,0.));
#2542 = DIRECTION('',(0.,0.,1.));
#2543 = ADVANCED_FACE('',(#2544),#2562,.F.);
#2544 = FACE_BOUND('',#2545,.F.);
#2545 = EDGE_LOOP('',(#2546,#2547,#2555,#2561));
#2546 = ORIENTED_EDGE('',*,*,#2529,.F.);
#2547 = ORIENTED_EDGE('',*,*,#2548,.F.);
#2548 = EDGE_CURVE('',#2549,#2522,#2551,.T.);
#2549 = VERTEX_POINT('',#2550);
#2550 = CARTESIAN_POINT('',(-65.,-7.75,107.75));
#2551 = LINE('',#2552,#2553);
#2552 = CARTESIAN_POINT('',(-65.,-7.75,107.75));
#2553 = VECTOR('',#2554,1.);
#2554 = DIRECTION('',(-0.,1.,0.));
#2555 = ORIENTED_EDGE('',*,*,#2556,.T.);
#2556 = EDGE_CURVE('',#2549,#2289,#2557,.T.);
#2557 = LINE('',#2558,#2559);
#2558 = CARTESIAN_POINT('',(-65.,-7.75,107.75));
#2559 = VECTOR('',#2560,1.);
#2560 = DIRECTION('',(1.,0.,-0.));
#2561 = ORIENTED_EDGE('',*,*,#2296,.F.);
#2562 = PLANE('',#2563);
#2563 = AXIS2_PLACEMENT_3D('',#2564,#2565,#2566);
#2564 = CARTESIAN_POINT('',(-65.,-7.75,107.75));
#2565 = DIRECTION('',(0.,0.,1.));
#2566 = DIRECTION('',(1.,0.,-0.));
#2567 = ADVANCED_FACE('',(#2568,#2579),#2582,.T.);
#2568 = FACE_BOUND('',#2569,.T.);
#2569 = EDGE_LOOP('',(#2570,#2571,#2577,#2578));
#2570 = ORIENTED_EDGE('',*,*,#2505,.F.);
#2571 = ORIENTED_EDGE('',*,*,#2572,.T.);
#2572 = EDGE_CURVE('',#2498,#2549,#2573,.T.);
#2573 = LINE('',#2574,#2575);
#2574 = CARTESIAN_POINT('',(-65.,-7.75,82.25));
#2575 = VECTOR('',#2576,1.);
#2576 = DIRECTION('',(0.,0.,1.));
#2577 = ORIENTED_EDGE('',*,*,#2556,.T.);
#2578 = ORIENTED_EDGE('',*,*,#2288,.F.);
#2579 = FACE_BOUND('',#2580,.T.);
#2580 = EDGE_LOOP('',(#2581));
#2581 = ORIENTED_EDGE('',*,*,#2329,.F.);
#2582 = PLANE('',#2583);
#2583 = AXIS2_PLACEMENT_3D('',#2584,#2585,#2586);
#2584 = CARTESIAN_POINT('',(-65.,-7.75,82.25));
#2585 = DIRECTION('',(-0.,1.,0.));
#2586 = DIRECTION('',(0.,0.,1.));
#2587 = ADVANCED_FACE('',(#2588),#2599,.F.);
#2588 = FACE_BOUND('',#2589,.F.);
#2589 = EDGE_LOOP('',(#2590,#2591,#2597,#2598));
#2590 = ORIENTED_EDGE('',*,*,#2312,.F.);
#2591 = ORIENTED_EDGE('',*,*,#2592,.F.);
#2592 = EDGE_CURVE('',#2404,#2313,#2593,.T.);
#2593 = LINE('',#2594,#2595);
#2594 = CARTESIAN_POINT('',(-90.,5.143516556419E-16,169.6));
#2595 = VECTOR('',#2596,1.);
#2596 = DIRECTION('',(1.,0.,0.));
#2597 = ORIENTED_EDGE('',*,*,#2403,.T.);
#2598 = ORIENTED_EDGE('',*,*,#2592,.T.);
#2599 = CYLINDRICAL_SURFACE('',#2600,2.1);
#2600 = AXIS2_PLACEMENT_3D('',#2601,#2602,#2603);
#2601 = CARTESIAN_POINT('',(-90.,0.,167.5));
#2602 = DIRECTION('',(1.,0.,0.));
#2603 = DIRECTION('',(-0.,0.,1.));
#2604 = ADVANCED_FACE('',(#2605),#2611,.T.);
#2605 = FACE_BOUND('',#2606,.T.);
#2606 = EDGE_LOOP('',(#2607,#2608,#2609,#2610));
#2607 = ORIENTED_EDGE('',*,*,#2445,.F.);
#2608 = ORIENTED_EDGE('',*,*,#2362,.T.);
#2609 = ORIENTED_EDGE('',*,*,#2386,.T.);
#2610 = ORIENTED_EDGE('',*,*,#2421,.F.);
#2611 = PLANE('',#2612);
#2612 = AXIS2_PLACEMENT_3D('',#2613,#2614,#2615);
#2613 = CARTESIAN_POINT('',(-80.25,-10.25,154.5));
#2614 = DIRECTION('',(0.,0.,1.));
#2615 = DIRECTION('',(1.,0.,-0.));
#2616 = ADVANCED_FACE('',(#2617),#2623,.T.);
#2617 = FACE_BOUND('',#2618,.T.);
#2618 = EDGE_LOOP('',(#2619,#2620,#2621,#2622));
#2619 = ORIENTED_EDGE('',*,*,#2572,.F.);
#2620 = ORIENTED_EDGE('',*,*,#2497,.T.);
#2621 = ORIENTED_EDGE('',*,*,#2521,.T.);
#2622 = ORIENTED_EDGE('',*,*,#2548,.F.);
#2623 = PLANE('',#2624);
#2624 = AXIS2_PLACEMENT_3D('',#2625,#2626,#2627);
#2625 = CARTESIAN_POINT('',(-65.,-7.75,82.25));
#2626 = DIRECTION('',(1.,0.,-0.));
#2627 = DIRECTION('',(0.,0.,1.));
#2628 = MANIFOLD_SOLID_BREP('',#2629);
#2629 = CLOSED_SHELL('',(#2630,#2692,#2734,#2792,#2816,#2844,#2869,#2894
    ,#2954,#2979,#3010,#3045,#3069,#3089,#3114,#3145,#3172,#3196,#3216,
    #3233,#3245));
#2630 = ADVANCED_FACE('',(#2631,#2665,#2676),#2687,.F.);
#2631 = FACE_BOUND('',#2632,.F.);
#2632 = EDGE_LOOP('',(#2633,#2643,#2651,#2659));
#2633 = ORIENTED_EDGE('',*,*,#2634,.F.);
#2634 = EDGE_CURVE('',#2635,#2637,#2639,.T.);
#2635 = VERTEX_POINT('',#2636);
#2636 = CARTESIAN_POINT('',(85.,15.,5.));
#2637 = VERTEX_POINT('',#2638);
#2638 = CARTESIAN_POINT('',(85.,15.,180.));
#2639 = LINE('',#2640,#2641);
#2640 = CARTESIAN_POINT('',(85.,15.,5.));
#2641 = VECTOR('',#2642,1.);
#2642 = DIRECTION('',(0.,0.,1.));
#2643 = ORIENTED_EDGE('',*,*,#2644,.T.);
#2644 = EDGE_CURVE('',#2635,#2645,#2647,.T.);
#2645 = VERTEX_POINT('',#2646);
#2646 = CARTESIAN_POINT('',(85.,-15.,5.));
#2647 = LINE('',#2648,#2649);
#2648 = CARTESIAN_POINT('',(85.,15.,5.));
#2649 = VECTOR('',#2650,1.);
#2650 = DIRECTION('',(-1.224646799147E-16,-1.,0.));
#2651 = ORIENTED_EDGE('',*,*,#2652,.T.);
#2652 = EDGE_CURVE('',#2645,#2653,#2655,.T.);
#2653 = VERTEX_POINT('',#2654);
#2654 = CARTESIAN_POINT('',(85.,-15.,180.));
#2655 = LINE('',#2656,#2657);
#2656 = CARTESIAN_POINT('',(85.,-15.,5.));
#2657 = VECTOR('',#2658,1.);
#2658 = DIRECTION('',(0.,0.,1.));
#2659 = ORIENTED_EDGE('',*,*,#2660,.F.);
#2660 = EDGE_CURVE('',#2637,#2653,#2661,.T.);
#2661 = LINE('',#2662,#2663);
#2662 = CARTESIAN_POINT('',(85.,15.,180.));
#2663 = VECTOR('',#2664,1.);
#2664 = DIRECTION('',(-1.224646799147E-16,-1.,0.));
#2665 = FACE_BOUND('',#2666,.F.);
#2666 = EDGE_LOOP('',(#2667));
#2667 = ORIENTED_EDGE('',*,*,#2668,.F.);
#2668 = EDGE_CURVE('',#2669,#2669,#2671,.T.);
#2669 = VERTEX_POINT('',#2670);
#2670 = CARTESIAN_POINT('',(85.,-2.351321854363E-15,19.6));
#2671 = CIRCLE('',#2672,2.1);
#2672 = AXIS2_PLACEMENT_3D('',#2673,#2674,#2675);
#2673 = CARTESIAN_POINT('',(85.,-1.836970198721E-15,17.5));
#2674 = DIRECTION('',(-1.,1.224646799147E-16,0.));
#2675 = DIRECTION('',(0.,0.,1.));
#2676 = FACE_BOUND('',#2677,.F.);
#2677 = EDGE_LOOP('',(#2678));
#2678 = ORIENTED_EDGE('',*,*,#2679,.F.);
#2679 = EDGE_CURVE('',#2680,#2680,#2682,.T.);
#2680 = VERTEX_POINT('',#2681);
#2681 = CARTESIAN_POINT('',(85.,-2.351321854363E-15,169.6));
#2682 = CIRCLE('',#2683,2.1);
#2683 = AXIS2_PLACEMENT_3D('',#2684,#2685,#2686);
#2684 = CARTESIAN_POINT('',(85.,-1.836970198721E-15,167.5));
#2685 = DIRECTION('',(-1.,1.224646799147E-16,0.));
#2686 = DIRECTION('',(0.,0.,1.));
#2687 = PLANE('',#2688);
#2688 = AXIS2_PLACEMENT_3D('',#2689,#2690,#2691);
#2689 = CARTESIAN_POINT('',(85.,15.,5.));
#2690 = DIRECTION('',(-1.,1.224646799147E-16,0.));
#2691 = DIRECTION('',(0.,0.,1.));
#2692 = ADVANCED_FACE('',(#2693,#2718),#2729,.F.);
#2693 = FACE_BOUND('',#2694,.F.);
#2694 = EDGE_LOOP('',(#2695,#2703,#2704,#2712));
#2695 = ORIENTED_EDGE('',*,*,#2696,.F.);
#2696 = EDGE_CURVE('',#2635,#2697,#2699,.T.);
#2697 = VERTEX_POINT('',#2698);
#2698 = CARTESIAN_POINT('',(55.,15.,5.));
#2699 = LINE('',#2700,#2701);
#2700 = CARTESIAN_POINT('',(85.,15.,5.));
#2701 = VECTOR('',#2702,1.);
#2702 = DIRECTION('',(-1.,1.224646799147E-16,0.));
#2703 = ORIENTED_EDGE('',*,*,#2634,.T.);
#2704 = ORIENTED_EDGE('',*,*,#2705,.T.);
#2705 = EDGE_CURVE('',#2637,#2706,#2708,.T.);
#2706 = VERTEX_POINT('',#2707);
#2707 = CARTESIAN_POINT('',(55.,15.,180.));
#2708 = LINE('',#2709,#2710);
#2709 = CARTESIAN_POINT('',(85.,15.,180.));
#2710 = VECTOR('',#2711,1.);
#2711 = DIRECTION('',(-1.,1.224646799147E-16,0.));
#2712 = ORIENTED_EDGE('',*,*,#2713,.F.);
#2713 = EDGE_CURVE('',#2697,#2706,#2714,.T.);
#2714 = LINE('',#2715,#2716);
#2715 = CARTESIAN_POINT('',(55.,15.,5.));
#2716 = VECTOR('',#2717,1.);
#2717 = DIRECTION('',(0.,0.,1.));
#2718 = FACE_BOUND('',#2719,.F.);
#2719 = EDGE_LOOP('',(#2720));
#2720 = ORIENTED_EDGE('',*,*,#2721,.F.);
#2721 = EDGE_CURVE('',#2722,#2722,#2724,.T.);
#2722 = VERTEX_POINT('',#2723);
#2723 = CARTESIAN_POINT('',(59.75,15.,97.1));
#2724 = CIRCLE('',#2725,2.1);
#2725 = AXIS2_PLACEMENT_3D('',#2726,#2727,#2728);
#2726 = CARTESIAN_POINT('',(59.75,15.,95.));
#2727 = DIRECTION('',(-1.224646799147E-16,-1.,0.));
#2728 = DIRECTION('',(0.,0.,1.));
#2729 = PLANE('',#2730);
#2730 = AXIS2_PLACEMENT_3D('',#2731,#2732,#2733);
#2731 = CARTESIAN_POINT('',(85.,15.,5.));
#2732 = DIRECTION('',(-1.224646799147E-16,-1.,0.));
#2733 = DIRECTION('',(0.,0.,1.));
#2734 = ADVANCED_FACE('',(#2735,#2753),#2787,.T.);
#2735 = FACE_BOUND('',#2736,.T.);
#2736 = EDGE_LOOP('',(#2737,#2738,#2739,#2747));
#2737 = ORIENTED_EDGE('',*,*,#2660,.F.);
#2738 = ORIENTED_EDGE('',*,*,#2705,.T.);
#2739 = ORIENTED_EDGE('',*,*,#2740,.T.);
#2740 = EDGE_CURVE('',#2706,#2741,#2743,.T.);
#2741 = VERTEX_POINT('',#2742);
#2742 = CARTESIAN_POINT('',(55.,-15.,180.));
#2743 = LINE('',#2744,#2745);
#2744 = CARTESIAN_POINT('',(55.,15.,180.));
#2745 = VECTOR('',#2746,1.);
#2746 = DIRECTION('',(-1.224646799147E-16,-1.,0.));
#2747 = ORIENTED_EDGE('',*,*,#2748,.F.);
#2748 = EDGE_CURVE('',#2653,#2741,#2749,.T.);
#2749 = LINE('',#2750,#2751);
#2750 = CARTESIAN_POINT('',(85.,-15.,180.));
#2751 = VECTOR('',#2752,1.);
#2752 = DIRECTION('',(-1.,1.224646799147E-16,0.));
#2753 = FACE_BOUND('',#2754,.T.);
#2754 = EDGE_LOOP('',(#2755,#2765,#2773,#2781));
#2755 = ORIENTED_EDGE('',*,*,#2756,.T.);
#2756 = EDGE_CURVE('',#2757,#2759,#2761,.T.);
#2757 = VERTEX_POINT('',#2758);
#2758 = CARTESIAN_POINT('',(59.75,10.25,180.));
#2759 = VERTEX_POINT('',#2760);
#2760 = CARTESIAN_POINT('',(80.25,10.25,180.));
#2761 = LINE('',#2762,#2763);
#2762 = CARTESIAN_POINT('',(82.625,10.25,180.));
#2763 = VECTOR('',#2764,1.);
#2764 = DIRECTION('',(1.,-1.224646799147E-16,0.));
#2765 = ORIENTED_EDGE('',*,*,#2766,.T.);
#2766 = EDGE_CURVE('',#2759,#2767,#2769,.T.);
#2767 = VERTEX_POINT('',#2768);
#2768 = CARTESIAN_POINT('',(80.25,-10.25,180.));
#2769 = LINE('',#2770,#2771);
#2770 = CARTESIAN_POINT('',(80.25,12.625,180.));
#2771 = VECTOR('',#2772,1.);
#2772 = DIRECTION('',(-1.224646799147E-16,-1.,0.));
#2773 = ORIENTED_EDGE('',*,*,#2774,.F.);
#2774 = EDGE_CURVE('',#2775,#2767,#2777,.T.);
#2775 = VERTEX_POINT('',#2776);
#2776 = CARTESIAN_POINT('',(59.75,-10.25,180.));
#2777 = LINE('',#2778,#2779);
#2778 = CARTESIAN_POINT('',(82.625,-10.25,180.));
#2779 = VECTOR('',#2780,1.);
#2780 = DIRECTION('',(1.,-1.224646799147E-16,0.));
#2781 = ORIENTED_EDGE('',*,*,#2782,.F.);
#2782 = EDGE_CURVE('',#2757,#2775,#2783,.T.);
#2783 = LINE('',#2784,#2785);
#2784 = CARTESIAN_POINT('',(59.75,12.625,180.));
#2785 = VECTOR('',#2786,1.);
#2786 = DIRECTION('',(-1.224646799147E-16,-1.,0.));
#2787 = PLANE('',#2788);
#2788 = AXIS2_PLACEMENT_3D('',#2789,#2790,#2791);
#2789 = CARTESIAN_POINT('',(85.,15.,180.));
#2790 = DIRECTION('',(0.,0.,1.));
#2791 = DIRECTION('',(-1.,1.224646799147E-16,0.));
#2792 = ADVANCED_FACE('',(#2793),#2811,.F.);
#2793 = FACE_BOUND('',#2794,.F.);
#2794 = EDGE_LOOP('',(#2795,#2796,#2797,#2805));
#2795 = ORIENTED_EDGE('',*,*,#2644,.F.);
#2796 = ORIENTED_EDGE('',*,*,#2696,.T.);
#2797 = ORIENTED_EDGE('',*,*,#2798,.T.);
#2798 = EDGE_CURVE('',#2697,#2799,#2801,.T.);
#2799 = VERTEX_POINT('',#2800);
#2800 = CARTESIAN_POINT('',(55.,-15.,5.));
#2801 = LINE('',#2802,#2803);
#2802 = CARTESIAN_POINT('',(55.,15.,5.));
#2803 = VECTOR('',#2804,1.);
#2804 = DIRECTION('',(-1.224646799147E-16,-1.,0.));
#2805 = ORIENTED_EDGE('',*,*,#2806,.F.);
#2806 = EDGE_CURVE('',#2645,#2799,#2807,.T.);
#2807 = LINE('',#2808,#2809);
#2808 = CARTESIAN_POINT('',(85.,-15.,5.));
#2809 = VECTOR('',#2810,1.);
#2810 = DIRECTION('',(-1.,1.224646799147E-16,0.));
#2811 = PLANE('',#2812);
#2812 = AXIS2_PLACEMENT_3D('',#2813,#2814,#2815);
#2813 = CARTESIAN_POINT('',(85.,15.,5.));
#2814 = DIRECTION('',(0.,0.,1.));
#2815 = DIRECTION('',(-1.,1.224646799147E-16,0.));
#2816 = ADVANCED_FACE('',(#2817,#2828),#2839,.T.);
#2817 = FACE_BOUND('',#2818,.T.);
#2818 = EDGE_LOOP('',(#2819,#2820,#2821,#2822));
#2819 = ORIENTED_EDGE('',*,*,#2806,.F.);
#2820 = ORIENTED_EDGE('',*,*,#2652,.T.);
#2821 = ORIENTED_EDGE('',*,*,#2748,.T.);
#2822 = ORIENTED_EDGE('',*,*,#2823,.F.);
#2823 = EDGE_CURVE('',#2799,#2741,#2824,.T.);
#2824 = LINE('',#2825,#2826);
#2825 = CARTESIAN_POINT('',(55.,-15.,5.));
#2826 = VECTOR('',#2827,1.);
#2827 = DIRECTION('',(0.,0.,1.));
#2828 = FACE_BOUND('',#2829,.T.);
#2829 = EDGE_LOOP('',(#2830));
#2830 = ORIENTED_EDGE('',*,*,#2831,.F.);
#2831 = EDGE_CURVE('',#2832,#2832,#2834,.T.);
#2832 = VERTEX_POINT('',#2833);
#2833 = CARTESIAN_POINT('',(59.75,-15.,97.1));
#2834 = CIRCLE('',#2835,2.1);
#2835 = AXIS2_PLACEMENT_3D('',#2836,#2837,#2838);
#2836 = CARTESIAN_POINT('',(59.75,-15.,95.));
#2837 = DIRECTION('',(-1.224646799147E-16,-1.,0.));
#2838 = DIRECTION('',(0.,0.,1.));
#2839 = PLANE('',#2840);
#2840 = AXIS2_PLACEMENT_3D('',#2841,#2842,#2843);
#2841 = CARTESIAN_POINT('',(85.,-15.,5.));
#2842 = DIRECTION('',(-1.224646799147E-16,-1.,0.));
#2843 = DIRECTION('',(0.,0.,1.));
#2844 = ADVANCED_FACE('',(#2845),#2864,.F.);
#2845 = FACE_BOUND('',#2846,.F.);
#2846 = EDGE_LOOP('',(#2847,#2856,#2862,#2863));
#2847 = ORIENTED_EDGE('',*,*,#2848,.F.);
#2848 = EDGE_CURVE('',#2849,#2849,#2851,.T.);
#2849 = VERTEX_POINT('',#2850);
#2850 = CARTESIAN_POINT('',(55.,1.322618543079E-15,19.6));
#2851 = CIRCLE('',#2852,2.1);
#2852 = AXIS2_PLACEMENT_3D('',#2853,#2854,#2855);
#2853 = CARTESIAN_POINT('',(55.,1.836970198721E-15,17.5));
#2854 = DIRECTION('',(-1.,1.224646799147E-16,0.));
#2855 = DIRECTION('',(0.,0.,1.));
#2856 = ORIENTED_EDGE('',*,*,#2857,.F.);
#2857 = EDGE_CURVE('',#2669,#2849,#2858,.T.);
#2858 = LINE('',#2859,#2860);
#2859 = CARTESIAN_POINT('',(90.,-2.963645253937E-15,19.6));
#2860 = VECTOR('',#2861,1.);
#2861 = DIRECTION('',(-1.,1.224646799147E-16,0.));
#2862 = ORIENTED_EDGE('',*,*,#2668,.T.);
#2863 = ORIENTED_EDGE('',*,*,#2857,.T.);
#2864 = CYLINDRICAL_SURFACE('',#2865,2.1);
#2865 = AXIS2_PLACEMENT_3D('',#2866,#2867,#2868);
#2866 = CARTESIAN_POINT('',(90.,-2.449293598295E-15,17.5));
#2867 = DIRECTION('',(-1.,1.224646799147E-16,0.));
#2868 = DIRECTION('',(0.,0.,1.));
#2869 = ADVANCED_FACE('',(#2870),#2889,.F.);
#2870 = FACE_BOUND('',#2871,.F.);
#2871 = EDGE_LOOP('',(#2872,#2881,#2887,#2888));
#2872 = ORIENTED_EDGE('',*,*,#2873,.F.);
#2873 = EDGE_CURVE('',#2874,#2874,#2876,.T.);
#2874 = VERTEX_POINT('',#2875);
#2875 = CARTESIAN_POINT('',(80.25,-1.769614624768E-15,169.6));
#2876 = CIRCLE('',#2877,2.1);
#2877 = AXIS2_PLACEMENT_3D('',#2878,#2879,#2880);
#2878 = CARTESIAN_POINT('',(80.25,-1.255262969126E-15,167.5));
#2879 = DIRECTION('',(-1.,1.224646799147E-16,0.));
#2880 = DIRECTION('',(0.,0.,1.));
#2881 = ORIENTED_EDGE('',*,*,#2882,.F.);
#2882 = EDGE_CURVE('',#2680,#2874,#2883,.T.);
#2883 = LINE('',#2884,#2885);
#2884 = CARTESIAN_POINT('',(90.,-2.963645253937E-15,169.6));
#2885 = VECTOR('',#2886,1.);
#2886 = DIRECTION('',(-1.,1.224646799147E-16,0.));
#2887 = ORIENTED_EDGE('',*,*,#2679,.T.);
#2888 = ORIENTED_EDGE('',*,*,#2882,.T.);
#2889 = CYLINDRICAL_SURFACE('',#2890,2.1);
#2890 = AXIS2_PLACEMENT_3D('',#2891,#2892,#2893);
#2891 = CARTESIAN_POINT('',(90.,-2.449293598295E-15,167.5));
#2892 = DIRECTION('',(-1.,1.224646799147E-16,0.));
#2893 = DIRECTION('',(0.,0.,1.));
#2894 = ADVANCED_FACE('',(#2895,#2901,#2904,#2938),#2949,.T.);
#2895 = FACE_BOUND('',#2896,.T.);
#2896 = EDGE_LOOP('',(#2897,#2898,#2899,#2900));
#2897 = ORIENTED_EDGE('',*,*,#2713,.F.);
#2898 = ORIENTED_EDGE('',*,*,#2798,.T.);
#2899 = ORIENTED_EDGE('',*,*,#2823,.T.);
#2900 = ORIENTED_EDGE('',*,*,#2740,.F.);
#2901 = FACE_BOUND('',#2902,.T.);
#2902 = EDGE_LOOP('',(#2903));
#2903 = ORIENTED_EDGE('',*,*,#2848,.F.);
#2904 = FACE_BOUND('',#2905,.T.);
#2905 = EDGE_LOOP('',(#2906,#2916,#2924,#2932));
#2906 = ORIENTED_EDGE('',*,*,#2907,.T.);
#2907 = EDGE_CURVE('',#2908,#2910,#2912,.T.);
#2908 = VERTEX_POINT('',#2909);
#2909 = CARTESIAN_POINT('',(55.,-7.75,82.25));
#2910 = VERTEX_POINT('',#2911);
#2911 = CARTESIAN_POINT('',(55.,7.75,82.25));
#2912 = LINE('',#2913,#2914);
#2913 = CARTESIAN_POINT('',(55.,11.375,82.25));
#2914 = VECTOR('',#2915,1.);
#2915 = DIRECTION('',(1.224646799147E-16,1.,0.));
#2916 = ORIENTED_EDGE('',*,*,#2917,.T.);
#2917 = EDGE_CURVE('',#2910,#2918,#2920,.T.);
#2918 = VERTEX_POINT('',#2919);
#2919 = CARTESIAN_POINT('',(55.,7.75,107.75));
#2920 = LINE('',#2921,#2922);
#2921 = CARTESIAN_POINT('',(55.,7.75,43.625));
#2922 = VECTOR('',#2923,1.);
#2923 = DIRECTION('',(0.,0.,1.));
#2924 = ORIENTED_EDGE('',*,*,#2925,.F.);
#2925 = EDGE_CURVE('',#2926,#2918,#2928,.T.);
#2926 = VERTEX_POINT('',#2927);
#2927 = CARTESIAN_POINT('',(55.,-7.75,107.75));
#2928 = LINE('',#2929,#2930);
#2929 = CARTESIAN_POINT('',(55.,11.375,107.75));
#2930 = VECTOR('',#2931,1.);
#2931 = DIRECTION('',(1.224646799147E-16,1.,0.));
#2932 = ORIENTED_EDGE('',*,*,#2933,.F.);
#2933 = EDGE_CURVE('',#2908,#2926,#2934,.T.);
#2934 = LINE('',#2935,#2936);
#2935 = CARTESIAN_POINT('',(55.,-7.75,43.625));
#2936 = VECTOR('',#2937,1.);
#2937 = DIRECTION('',(0.,0.,1.));
#2938 = FACE_BOUND('',#2939,.T.);
#2939 = EDGE_LOOP('',(#2940));
#2940 = ORIENTED_EDGE('',*,*,#2941,.F.);
#2941 = EDGE_CURVE('',#2942,#2942,#2944,.T.);
#2942 = VERTEX_POINT('',#2943);
#2943 = CARTESIAN_POINT('',(55.,1.322618543079E-15,169.6));
#2944 = CIRCLE('',#2945,2.1);
#2945 = AXIS2_PLACEMENT_3D('',#2946,#2947,#2948);
#2946 = CARTESIAN_POINT('',(55.,1.836970198721E-15,167.5));
#2947 = DIRECTION('',(-1.,1.224646799147E-16,0.));
#2948 = DIRECTION('',(0.,0.,1.));
#2949 = PLANE('',#2950);
#2950 = AXIS2_PLACEMENT_3D('',#2951,#2952,#2953);
#2951 = CARTESIAN_POINT('',(55.,15.,5.));
#2952 = DIRECTION('',(-1.,1.224646799147E-16,0.));
#2953 = DIRECTION('',(0.,0.,1.));
#2954 = ADVANCED_FACE('',(#2955),#2974,.F.);
#2955 = FACE_BOUND('',#2956,.F.);
#2956 = EDGE_LOOP('',(#2957,#2966,#2972,#2973));
#2957 = ORIENTED_EDGE('',*,*,#2958,.F.);
#2958 = EDGE_CURVE('',#2959,#2959,#2961,.T.);
#2959 = VERTEX_POINT('',#2960);
#2960 = CARTESIAN_POINT('',(59.75,7.75,97.1));
#2961 = CIRCLE('',#2962,2.1);
#2962 = AXIS2_PLACEMENT_3D('',#2963,#2964,#2965);
#2963 = CARTESIAN_POINT('',(59.75,7.75,95.));
#2964 = DIRECTION('',(-1.224646799147E-16,-1.,0.));
#2965 = DIRECTION('',(0.,0.,1.));
#2966 = ORIENTED_EDGE('',*,*,#2967,.F.);
#2967 = EDGE_CURVE('',#2722,#2959,#2968,.T.);
#2968 = LINE('',#2969,#2970);
#2969 = CARTESIAN_POINT('',(59.75,20.,97.1));
#2970 = VECTOR('',#2971,1.);
#2971 = DIRECTION('',(-1.224646799147E-16,-1.,0.));
#2972 = ORIENTED_EDGE('',*,*,#2721,.T.);
#2973 = ORIENTED_EDGE('',*,*,#2967,.T.);
#2974 = CYLINDRICAL_SURFACE('',#2975,2.1);
#2975 = AXIS2_PLACEMENT_3D('',#2976,#2977,#2978);
#2976 = CARTESIAN_POINT('',(59.75,20.,95.));
#2977 = DIRECTION('',(-1.224646799147E-16,-1.,0.));
#2978 = DIRECTION('',(0.,0.,1.));
#2979 = ADVANCED_FACE('',(#2980),#3005,.T.);
#2980 = FACE_BOUND('',#2981,.T.);
#2981 = EDGE_LOOP('',(#2982,#2990,#2998,#3004));
#2982 = ORIENTED_EDGE('',*,*,#2983,.F.);
#2983 = EDGE_CURVE('',#2984,#2757,#2986,.T.);
#2984 = VERTEX_POINT('',#2985);
#2985 = CARTESIAN_POINT('',(59.75,10.25,154.5));
#2986 = LINE('',#2987,#2988);
#2987 = CARTESIAN_POINT('',(59.75,10.25,154.5));
#2988 = VECTOR('',#2989,1.);
#2989 = DIRECTION('',(0.,0.,1.));
#2990 = ORIENTED_EDGE('',*,*,#2991,.F.);
#2991 = EDGE_CURVE('',#2992,#2984,#2994,.T.);
#2992 = VERTEX_POINT('',#2993);
#2993 = CARTESIAN_POINT('',(80.25,10.25,154.5));
#2994 = LINE('',#2995,#2996);
#2995 = CARTESIAN_POINT('',(80.25,10.25,154.5));
#2996 = VECTOR('',#2997,1.);
#2997 = DIRECTION('',(-1.,1.224646799147E-16,0.));
#2998 = ORIENTED_EDGE('',*,*,#2999,.T.);
#2999 = EDGE_CURVE('',#2992,#2759,#3000,.T.);
#3000 = LINE('',#3001,#3002);
#3001 = CARTESIAN_POINT('',(80.25,10.25,154.5));
#3002 = VECTOR('',#3003,1.);
#3003 = DIRECTION('',(0.,0.,1.));
#3004 = ORIENTED_EDGE('',*,*,#2756,.F.);
#3005 = PLANE('',#3006);
#3006 = AXIS2_PLACEMENT_3D('',#3007,#3008,#3009);
#3007 = CARTESIAN_POINT('',(80.25,10.25,154.5));
#3008 = DIRECTION('',(-1.224646799147E-16,-1.,0.));
#3009 = DIRECTION('',(0.,0.,1.));
#3010 = ADVANCED_FACE('',(#3011,#3029),#3040,.F.);
#3011 = FACE_BOUND('',#3012,.F.);
#3012 = EDGE_LOOP('',(#3013,#3014,#3022,#3028));
#3013 = ORIENTED_EDGE('',*,*,#2983,.F.);
#3014 = ORIENTED_EDGE('',*,*,#3015,.T.);
#3015 = EDGE_CURVE('',#2984,#3016,#3018,.T.);
#3016 = VERTEX_POINT('',#3017);
#3017 = CARTESIAN_POINT('',(59.75,-10.25,154.5));
#3018 = LINE('',#3019,#3020);
#3019 = CARTESIAN_POINT('',(59.75,10.25,154.5));
#3020 = VECTOR('',#3021,1.);
#3021 = DIRECTION('',(-1.224646799147E-16,-1.,0.));
#3022 = ORIENTED_EDGE('',*,*,#3023,.T.);
#3023 = EDGE_CURVE('',#3016,#2775,#3024,.T.);
#3024 = LINE('',#3025,#3026);
#3025 = CARTESIAN_POINT('',(59.75,-10.25,154.5));
#3026 = VECTOR('',#3027,1.);
#3027 = DIRECTION('',(0.,0.,1.));
#3028 = ORIENTED_EDGE('',*,*,#2782,.F.);
#3029 = FACE_BOUND('',#3030,.F.);
#3030 = EDGE_LOOP('',(#3031));
#3031 = ORIENTED_EDGE('',*,*,#3032,.F.);
#3032 = EDGE_CURVE('',#3033,#3033,#3035,.T.);
#3033 = VERTEX_POINT('',#3034);
#3034 = CARTESIAN_POINT('',(59.75,7.409113134841E-16,169.6));
#3035 = CIRCLE('',#3036,2.1);
#3036 = AXIS2_PLACEMENT_3D('',#3037,#3038,#3039);
#3037 = CARTESIAN_POINT('',(59.75,1.255262969126E-15,167.5));
#3038 = DIRECTION('',(-1.,1.224646799147E-16,0.));
#3039 = DIRECTION('',(0.,0.,1.));
#3040 = PLANE('',#3041);
#3041 = AXIS2_PLACEMENT_3D('',#3042,#3043,#3044);
#3042 = CARTESIAN_POINT('',(59.75,10.25,154.5));
#3043 = DIRECTION('',(-1.,1.224646799147E-16,0.));
#3044 = DIRECTION('',(0.,0.,1.));
#3045 = ADVANCED_FACE('',(#3046),#3064,.F.);
#3046 = FACE_BOUND('',#3047,.F.);
#3047 = EDGE_LOOP('',(#3048,#3049,#3057,#3063));
#3048 = ORIENTED_EDGE('',*,*,#3023,.F.);
#3049 = ORIENTED_EDGE('',*,*,#3050,.F.);
#3050 = EDGE_CURVE('',#3051,#3016,#3053,.T.);
#3051 = VERTEX_POINT('',#3052);
#3052 = CARTESIAN_POINT('',(80.25,-10.25,154.5));
#3053 = LINE('',#3054,#3055);
#3054 = CARTESIAN_POINT('',(80.25,-10.25,154.5));
#3055 = VECTOR('',#3056,1.);
#3056 = DIRECTION('',(-1.,1.224646799147E-16,0.));
#3057 = ORIENTED_EDGE('',*,*,#3058,.T.);
#3058 = EDGE_CURVE('',#3051,#2767,#3059,.T.);
#3059 = LINE('',#3060,#3061);
#3060 = CARTESIAN_POINT('',(80.25,-10.25,154.5));
#3061 = VECTOR('',#3062,1.);
#3062 = DIRECTION('',(0.,0.,1.));
#3063 = ORIENTED_EDGE('',*,*,#2774,.F.);
#3064 = PLANE('',#3065);
#3065 = AXIS2_PLACEMENT_3D('',#3066,#3067,#3068);
#3066 = CARTESIAN_POINT('',(80.25,-10.25,154.5));
#3067 = DIRECTION('',(-1.224646799147E-16,-1.,0.));
#3068 = DIRECTION('',(0.,0.,1.));
#3069 = ADVANCED_FACE('',(#3070,#3081),#3084,.T.);
#3070 = FACE_BOUND('',#3071,.T.);
#3071 = EDGE_LOOP('',(#3072,#3073,#3079,#3080));
#3072 = ORIENTED_EDGE('',*,*,#2999,.F.);
#3073 = ORIENTED_EDGE('',*,*,#3074,.T.);
#3074 = EDGE_CURVE('',#2992,#3051,#3075,.T.);
#3075 = LINE('',#3076,#3077);
#3076 = CARTESIAN_POINT('',(80.25,10.25,154.5));
#3077 = VECTOR('',#3078,1.);
#3078 = DIRECTION('',(-1.224646799147E-16,-1.,0.));
#3079 = ORIENTED_EDGE('',*,*,#3058,.T.);
#3080 = ORIENTED_EDGE('',*,*,#2766,.F.);
#3081 = FACE_BOUND('',#3082,.T.);
#3082 = EDGE_LOOP('',(#3083));
#3083 = ORIENTED_EDGE('',*,*,#2873,.F.);
#3084 = PLANE('',#3085);
#3085 = AXIS2_PLACEMENT_3D('',#3086,#3087,#3088);
#3086 = CARTESIAN_POINT('',(80.25,10.25,154.5));
#3087 = DIRECTION('',(-1.,1.224646799147E-16,0.));
#3088 = DIRECTION('',(0.,0.,1.));
#3089 = ADVANCED_FACE('',(#3090),#3109,.F.);
#3090 = FACE_BOUND('',#3091,.F.);
#3091 = EDGE_LOOP('',(#3092,#3093,#3101,#3108));
#3092 = ORIENTED_EDGE('',*,*,#2831,.F.);
#3093 = ORIENTED_EDGE('',*,*,#3094,.F.);
#3094 = EDGE_CURVE('',#3095,#2832,#3097,.T.);
#3095 = VERTEX_POINT('',#3096);
#3096 = CARTESIAN_POINT('',(59.75,-7.75,97.1));
#3097 = LINE('',#3098,#3099);
#3098 = CARTESIAN_POINT('',(59.75,20.,97.1));
#3099 = VECTOR('',#3100,1.);
#3100 = DIRECTION('',(-1.224646799147E-16,-1.,0.));
#3101 = ORIENTED_EDGE('',*,*,#3102,.T.);
#3102 = EDGE_CURVE('',#3095,#3095,#3103,.T.);
#3103 = CIRCLE('',#3104,2.1);
#3104 = AXIS2_PLACEMENT_3D('',#3105,#3106,#3107);
#3105 = CARTESIAN_POINT('',(59.75,-7.75,95.));
#3106 = DIRECTION('',(-1.224646799147E-16,-1.,0.));
#3107 = DIRECTION('',(0.,0.,1.));
#3108 = ORIENTED_EDGE('',*,*,#3094,.T.);
#3109 = CYLINDRICAL_SURFACE('',#3110,2.1);
#3110 = AXIS2_PLACEMENT_3D('',#3111,#3112,#3113);
#3111 = CARTESIAN_POINT('',(59.75,20.,95.));
#3112 = DIRECTION('',(-1.224646799147E-16,-1.,0.));
#3113 = DIRECTION('',(0.,0.,1.));
#3114 = ADVANCED_FACE('',(#3115),#3140,.T.);
#3115 = FACE_BOUND('',#3116,.T.);
#3116 = EDGE_LOOP('',(#3117,#3125,#3133,#3139));
#3117 = ORIENTED_EDGE('',*,*,#3118,.F.);
#3118 = EDGE_CURVE('',#3119,#2908,#3121,.T.);
#3119 = VERTEX_POINT('',#3120);
#3120 = CARTESIAN_POINT('',(65.,-7.75,82.25));
#3121 = LINE('',#3122,#3123);
#3122 = CARTESIAN_POINT('',(65.,-7.75,82.25));
#3123 = VECTOR('',#3124,1.);
#3124 = DIRECTION('',(-1.,1.224646799147E-16,0.));
#3125 = ORIENTED_EDGE('',*,*,#3126,.F.);
#3126 = EDGE_CURVE('',#3127,#3119,#3129,.T.);
#3127 = VERTEX_POINT('',#3128);
#3128 = CARTESIAN_POINT('',(65.,7.75,82.25));
#3129 = LINE('',#3130,#3131);
#3130 = CARTESIAN_POINT('',(65.,7.75,82.25));
#3131 = VECTOR('',#3132,1.);
#3132 = DIRECTION('',(-1.224646799147E-16,-1.,0.));
#3133 = ORIENTED_EDGE('',*,*,#3134,.T.);
#3134 = EDGE_CURVE('',#3127,#2910,#3135,.T.);
#3135 = LINE('',#3136,#3137);
#3136 = CARTESIAN_POINT('',(65.,7.75,82.25));
#3137 = VECTOR('',#3138,1.);
#3138 = DIRECTION('',(-1.,1.224646799147E-16,0.));
#3139 = ORIENTED_EDGE('',*,*,#2907,.F.);
#3140 = PLANE('',#3141);
#3141 = AXIS2_PLACEMENT_3D('',#3142,#3143,#3144);
#3142 = CARTESIAN_POINT('',(65.,7.75,82.25));
#3143 = DIRECTION('',(0.,0.,1.));
#3144 = DIRECTION('',(-1.,1.224646799147E-16,0.));
#3145 = ADVANCED_FACE('',(#3146,#3164),#3167,.F.);
#3146 = FACE_BOUND('',#3147,.F.);
#3147 = EDGE_LOOP('',(#3148,#3149,#3157,#3163));
#3148 = ORIENTED_EDGE('',*,*,#3118,.F.);
#3149 = ORIENTED_EDGE('',*,*,#3150,.T.);
#3150 = EDGE_CURVE('',#3119,#3151,#3153,.T.);
#3151 = VERTEX_POINT('',#3152);
#3152 = CARTESIAN_POINT('',(65.,-7.75,107.75));
#3153 = LINE('',#3154,#3155);
#3154 = CARTESIAN_POINT('',(65.,-7.75,82.25));
#3155 = VECTOR('',#3156,1.);
#3156 = DIRECTION('',(0.,0.,1.));
#3157 = ORIENTED_EDGE('',*,*,#3158,.T.);
#3158 = EDGE_CURVE('',#3151,#2926,#3159,.T.);
#3159 = LINE('',#3160,#3161);
#3160 = CARTESIAN_POINT('',(65.,-7.75,107.75));
#3161 = VECTOR('',#3162,1.);
#3162 = DIRECTION('',(-1.,1.224646799147E-16,0.));
#3163 = ORIENTED_EDGE('',*,*,#2933,.F.);
#3164 = FACE_BOUND('',#3165,.F.);
#3165 = EDGE_LOOP('',(#3166));
#3166 = ORIENTED_EDGE('',*,*,#3102,.F.);
#3167 = PLANE('',#3168);
#3168 = AXIS2_PLACEMENT_3D('',#3169,#3170,#3171);
#3169 = CARTESIAN_POINT('',(65.,-7.75,82.25));
#3170 = DIRECTION('',(-1.224646799147E-16,-1.,0.));
#3171 = DIRECTION('',(0.,0.,1.));
#3172 = ADVANCED_FACE('',(#3173),#3191,.F.);
#3173 = FACE_BOUND('',#3174,.F.);
#3174 = EDGE_LOOP('',(#3175,#3176,#3184,#3190));
#3175 = ORIENTED_EDGE('',*,*,#3158,.F.);
#3176 = ORIENTED_EDGE('',*,*,#3177,.F.);
#3177 = EDGE_CURVE('',#3178,#3151,#3180,.T.);
#3178 = VERTEX_POINT('',#3179);
#3179 = CARTESIAN_POINT('',(65.,7.75,107.75));
#3180 = LINE('',#3181,#3182);
#3181 = CARTESIAN_POINT('',(65.,7.75,107.75));
#3182 = VECTOR('',#3183,1.);
#3183 = DIRECTION('',(-1.224646799147E-16,-1.,0.));
#3184 = ORIENTED_EDGE('',*,*,#3185,.T.);
#3185 = EDGE_CURVE('',#3178,#2918,#3186,.T.);
#3186 = LINE('',#3187,#3188);
#3187 = CARTESIAN_POINT('',(65.,7.75,107.75));
#3188 = VECTOR('',#3189,1.);
#3189 = DIRECTION('',(-1.,1.224646799147E-16,0.));
#3190 = ORIENTED_EDGE('',*,*,#2925,.F.);
#3191 = PLANE('',#3192);
#3192 = AXIS2_PLACEMENT_3D('',#3193,#3194,#3195);
#3193 = CARTESIAN_POINT('',(65.,7.75,107.75));
#3194 = DIRECTION('',(0.,0.,1.));
#3195 = DIRECTION('',(-1.,1.224646799147E-16,0.));
#3196 = ADVANCED_FACE('',(#3197,#3208),#3211,.T.);
#3197 = FACE_BOUND('',#3198,.T.);
#3198 = EDGE_LOOP('',(#3199,#3200,#3206,#3207));
#3199 = ORIENTED_EDGE('',*,*,#3134,.F.);
#3200 = ORIENTED_EDGE('',*,*,#3201,.T.);
#3201 = EDGE_CURVE('',#3127,#3178,#3202,.T.);
#3202 = LINE('',#3203,#3204);
#3203 = CARTESIAN_POINT('',(65.,7.75,82.25));
#3204 = VECTOR('',#3205,1.);
#3205 = DIRECTION('',(0.,0.,1.));
#3206 = ORIENTED_EDGE('',*,*,#3185,.T.);
#3207 = ORIENTED_EDGE('',*,*,#2917,.F.);
#3208 = FACE_BOUND('',#3209,.T.);
#3209 = EDGE_LOOP('',(#3210));
#3210 = ORIENTED_EDGE('',*,*,#2958,.F.);
#3211 = PLANE('',#3212);
#3212 = AXIS2_PLACEMENT_3D('',#3213,#3214,#3215);
#3213 = CARTESIAN_POINT('',(65.,7.75,82.25));
#3214 = DIRECTION('',(-1.224646799147E-16,-1.,0.));
#3215 = DIRECTION('',(0.,0.,1.));
#3216 = ADVANCED_FACE('',(#3217),#3228,.F.);
#3217 = FACE_BOUND('',#3218,.F.);
#3218 = EDGE_LOOP('',(#3219,#3220,#3226,#3227));
#3219 = ORIENTED_EDGE('',*,*,#2941,.F.);
#3220 = ORIENTED_EDGE('',*,*,#3221,.F.);
#3221 = EDGE_CURVE('',#3033,#2942,#3222,.T.);
#3222 = LINE('',#3223,#3224);
#3223 = CARTESIAN_POINT('',(90.,-2.963645253937E-15,169.6));
#3224 = VECTOR('',#3225,1.);
#3225 = DIRECTION('',(-1.,1.224646799147E-16,0.));
#3226 = ORIENTED_EDGE('',*,*,#3032,.T.);
#3227 = ORIENTED_EDGE('',*,*,#3221,.T.);
#3228 = CYLINDRICAL_SURFACE('',#3229,2.1);
#3229 = AXIS2_PLACEMENT_3D('',#3230,#3231,#3232);
#3230 = CARTESIAN_POINT('',(90.,-2.449293598295E-15,167.5));
#3231 = DIRECTION('',(-1.,1.224646799147E-16,0.));
#3232 = DIRECTION('',(0.,0.,1.));
#3233 = ADVANCED_FACE('',(#3234),#3240,.T.);
#3234 = FACE_BOUND('',#3235,.T.);
#3235 = EDGE_LOOP('',(#3236,#3237,#3238,#3239));
#3236 = ORIENTED_EDGE('',*,*,#3074,.F.);
#3237 = ORIENTED_EDGE('',*,*,#2991,.T.);
#3238 = ORIENTED_EDGE('',*,*,#3015,.T.);
#3239 = ORIENTED_EDGE('',*,*,#3050,.F.);
#3240 = PLANE('',#3241);
#3241 = AXIS2_PLACEMENT_3D('',#3242,#3243,#3244);
#3242 = CARTESIAN_POINT('',(80.25,10.25,154.5));
#3243 = DIRECTION('',(0.,0.,1.));
#3244 = DIRECTION('',(-1.,1.224646799147E-16,0.));
#3245 = ADVANCED_FACE('',(#3246),#3252,.T.);
#3246 = FACE_BOUND('',#3247,.T.);
#3247 = EDGE_LOOP('',(#3248,#3249,#3250,#3251));
#3248 = ORIENTED_EDGE('',*,*,#3201,.F.);
#3249 = ORIENTED_EDGE('',*,*,#3126,.T.);
#3250 = ORIENTED_EDGE('',*,*,#3150,.T.);
#3251 = ORIENTED_EDGE('',*,*,#3177,.F.);
#3252 = PLANE('',#3253);
#3253 = AXIS2_PLACEMENT_3D('',#3254,#3255,#3256);
#3254 = CARTESIAN_POINT('',(65.,7.75,82.25));
#3255 = DIRECTION('',(-1.,1.224646799147E-16,0.));
#3256 = DIRECTION('',(0.,0.,1.));
#3257 = MANIFOLD_SOLID_BREP('',#3258);
#3258 = CLOSED_SHELL('',(#3259,#3321,#3352,#3376,#3400,#3417,#3442,#3467
    ));
#3259 = ADVANCED_FACE('',(#3260,#3294,#3305),#3316,.F.);
#3260 = FACE_BOUND('',#3261,.F.);
#3261 = EDGE_LOOP('',(#3262,#3272,#3280,#3288));
#3262 = ORIENTED_EDGE('',*,*,#3263,.F.);
#3263 = EDGE_CURVE('',#3264,#3266,#3268,.T.);
#3264 = VERTEX_POINT('',#3265);
#3265 = CARTESIAN_POINT('',(-80.,-10.,155.));
#3266 = VERTEX_POINT('',#3267);
#3267 = CARTESIAN_POINT('',(-80.,-10.,205.));
#3268 = LINE('',#3269,#3270);
#3269 = CARTESIAN_POINT('',(-80.,-10.,155.));
#3270 = VECTOR('',#3271,1.);
#3271 = DIRECTION('',(0.,0.,1.));
#3272 = ORIENTED_EDGE('',*,*,#3273,.T.);
#3273 = EDGE_CURVE('',#3264,#3274,#3276,.T.);
#3274 = VERTEX_POINT('',#3275);
#3275 = CARTESIAN_POINT('',(-80.,10.,155.));
#3276 = LINE('',#3277,#3278);
#3277 = CARTESIAN_POINT('',(-80.,-10.,155.));
#3278 = VECTOR('',#3279,1.);
#3279 = DIRECTION('',(-0.,1.,0.));
#3280 = ORIENTED_EDGE('',*,*,#3281,.T.);
#3281 = EDGE_CURVE('',#3274,#3282,#3284,.T.);
#3282 = VERTEX_POINT('',#3283);
#3283 = CARTESIAN_POINT('',(-80.,10.,205.));
#3284 = LINE('',#3285,#3286);
#3285 = CARTESIAN_POINT('',(-80.,10.,155.));
#3286 = VECTOR('',#3287,1.);
#3287 = DIRECTION('',(0.,0.,1.));
#3288 = ORIENTED_EDGE('',*,*,#3289,.F.);
#3289 = EDGE_CURVE('',#3266,#3282,#3290,.T.);
#3290 = LINE('',#3291,#3292);
#3291 = CARTESIAN_POINT('',(-80.,-10.,205.));
#3292 = VECTOR('',#3293,1.);
#3293 = DIRECTION('',(-0.,1.,0.));
#3294 = FACE_BOUND('',#3295,.F.);
#3295 = EDGE_LOOP('',(#3296));
#3296 = ORIENTED_EDGE('',*,*,#3297,.F.);
#3297 = EDGE_CURVE('',#3298,#3298,#3300,.T.);
#3298 = VERTEX_POINT('',#3299);
#3299 = CARTESIAN_POINT('',(-80.,5.143516556419E-16,169.6));
#3300 = CIRCLE('',#3301,2.1);
#3301 = AXIS2_PLACEMENT_3D('',#3302,#3303,#3304);
#3302 = CARTESIAN_POINT('',(-80.,0.,167.5));
#3303 = DIRECTION('',(1.,0.,0.));
#3304 = DIRECTION('',(-0.,0.,1.));
#3305 = FACE_BOUND('',#3306,.F.);
#3306 = EDGE_LOOP('',(#3307));
#3307 = ORIENTED_EDGE('',*,*,#3308,.F.);
#3308 = EDGE_CURVE('',#3309,#3309,#3311,.T.);
#3309 = VERTEX_POINT('',#3310);
#3310 = CARTESIAN_POINT('',(-80.,5.143516556419E-16,194.6));
#3311 = CIRCLE('',#3312,2.1);
#3312 = AXIS2_PLACEMENT_3D('',#3313,#3314,#3315);
#3313 = CARTESIAN_POINT('',(-80.,0.,192.5));
#3314 = DIRECTION('',(1.,0.,0.));
#3315 = DIRECTION('',(-0.,0.,1.));
#3316 = PLANE('',#3317);
#3317 = AXIS2_PLACEMENT_3D('',#3318,#3319,#3320);
#3318 = CARTESIAN_POINT('',(-80.,-10.,155.));
#3319 = DIRECTION('',(1.,0.,-0.));
#3320 = DIRECTION('',(0.,0.,1.));
#3321 = ADVANCED_FACE('',(#3322),#3347,.F.);
#3322 = FACE_BOUND('',#3323,.F.);
#3323 = EDGE_LOOP('',(#3324,#3332,#3333,#3341));
#3324 = ORIENTED_EDGE('',*,*,#3325,.F.);
#3325 = EDGE_CURVE('',#3264,#3326,#3328,.T.);
#3326 = VERTEX_POINT('',#3327);
#3327 = CARTESIAN_POINT('',(-60.,-10.,155.));
#3328 = LINE('',#3329,#3330);
#3329 = CARTESIAN_POINT('',(-80.,-10.,155.));
#3330 = VECTOR('',#3331,1.);
#3331 = DIRECTION('',(1.,0.,-0.));
#3332 = ORIENTED_EDGE('',*,*,#3263,.T.);
#3333 = ORIENTED_EDGE('',*,*,#3334,.T.);
#3334 = EDGE_CURVE('',#3266,#3335,#3337,.T.);
#3335 = VERTEX_POINT('',#3336);
#3336 = CARTESIAN_POINT('',(-60.,-10.,205.));
#3337 = LINE('',#3338,#3339);
#3338 = CARTESIAN_POINT('',(-80.,-10.,205.));
#3339 = VECTOR('',#3340,1.);
#3340 = DIRECTION('',(1.,0.,-0.));
#3341 = ORIENTED_EDGE('',*,*,#3342,.F.);
#3342 = EDGE_CURVE('',#3326,#3335,#3343,.T.);
#3343 = LINE('',#3344,#3345);
#3344 = CARTESIAN_POINT('',(-60.,-10.,155.));
#3345 = VECTOR('',#3346,1.);
#3346 = DIRECTION('',(0.,0.,1.));
#3347 = PLANE('',#3348);
#3348 = AXIS2_PLACEMENT_3D('',#3349,#3350,#3351);
#3349 = CARTESIAN_POINT('',(-80.,-10.,155.));
#3350 = DIRECTION('',(-0.,1.,0.));
#3351 = DIRECTION('',(0.,0.,1.));
#3352 = ADVANCED_FACE('',(#3353),#3371,.T.);
#3353 = FACE_BOUND('',#3354,.T.);
#3354 = EDGE_LOOP('',(#3355,#3356,#3357,#3365));
#3355 = ORIENTED_EDGE('',*,*,#3289,.F.);
#3356 = ORIENTED_EDGE('',*,*,#3334,.T.);
#3357 = ORIENTED_EDGE('',*,*,#3358,.T.);
#3358 = EDGE_CURVE('',#3335,#3359,#3361,.T.);
#3359 = VERTEX_POINT('',#3360);
#3360 = CARTESIAN_POINT('',(-60.,10.,205.));
#3361 = LINE('',#3362,#3363);
#3362 = CARTESIAN_POINT('',(-60.,-10.,205.));
#3363 = VECTOR('',#3364,1.);
#3364 = DIRECTION('',(-0.,1.,0.));
#3365 = ORIENTED_EDGE('',*,*,#3366,.F.);
#3366 = EDGE_CURVE('',#3282,#3359,#3367,.T.);
#3367 = LINE('',#3368,#3369);
#3368 = CARTESIAN_POINT('',(-80.,10.,205.));
#3369 = VECTOR('',#3370,1.);
#3370 = DIRECTION('',(1.,0.,-0.));
#3371 = PLANE('',#3372);
#3372 = AXIS2_PLACEMENT_3D('',#3373,#3374,#3375);
#3373 = CARTESIAN_POINT('',(-80.,-10.,205.));
#3374 = DIRECTION('',(0.,0.,1.));
#3375 = DIRECTION('',(1.,0.,-0.));
#3376 = ADVANCED_FACE('',(#3377),#3395,.F.);
#3377 = FACE_BOUND('',#3378,.F.);
#3378 = EDGE_LOOP('',(#3379,#3380,#3381,#3389));
#3379 = ORIENTED_EDGE('',*,*,#3273,.F.);
#3380 = ORIENTED_EDGE('',*,*,#3325,.T.);
#3381 = ORIENTED_EDGE('',*,*,#3382,.T.);
#3382 = EDGE_CURVE('',#3326,#3383,#3385,.T.);
#3383 = VERTEX_POINT('',#3384);
#3384 = CARTESIAN_POINT('',(-60.,10.,155.));
#3385 = LINE('',#3386,#3387);
#3386 = CARTESIAN_POINT('',(-60.,-10.,155.));
#3387 = VECTOR('',#3388,1.);
#3388 = DIRECTION('',(-0.,1.,0.));
#3389 = ORIENTED_EDGE('',*,*,#3390,.F.);
#3390 = EDGE_CURVE('',#3274,#3383,#3391,.T.);
#3391 = LINE('',#3392,#3393);
#3392 = CARTESIAN_POINT('',(-80.,10.,155.));
#3393 = VECTOR('',#3394,1.);
#3394 = DIRECTION('',(1.,0.,-0.));
#3395 = PLANE('',#3396);
#3396 = AXIS2_PLACEMENT_3D('',#3397,#3398,#3399);
#3397 = CARTESIAN_POINT('',(-80.,-10.,155.));
#3398 = DIRECTION('',(0.,0.,1.));
#3399 = DIRECTION('',(1.,0.,-0.));
#3400 = ADVANCED_FACE('',(#3401),#3412,.T.);
#3401 = FACE_BOUND('',#3402,.T.);
#3402 = EDGE_LOOP('',(#3403,#3404,#3405,#3406));
#3403 = ORIENTED_EDGE('',*,*,#3390,.F.);
#3404 = ORIENTED_EDGE('',*,*,#3281,.T.);
#3405 = ORIENTED_EDGE('',*,*,#3366,.T.);
#3406 = ORIENTED_EDGE('',*,*,#3407,.F.);
#3407 = EDGE_CURVE('',#3383,#3359,#3408,.T.);
#3408 = LINE('',#3409,#3410);
#3409 = CARTESIAN_POINT('',(-60.,10.,155.));
#3410 = VECTOR('',#3411,1.);
#3411 = DIRECTION('',(0.,0.,1.));
#3412 = PLANE('',#3413);
#3413 = AXIS2_PLACEMENT_3D('',#3414,#3415,#3416);
#3414 = CARTESIAN_POINT('',(-80.,10.,155.));
#3415 = DIRECTION('',(-0.,1.,0.));
#3416 = DIRECTION('',(0.,0.,1.));
#3417 = ADVANCED_FACE('',(#3418),#3437,.F.);
#3418 = FACE_BOUND('',#3419,.F.);
#3419 = EDGE_LOOP('',(#3420,#3429,#3435,#3436));
#3420 = ORIENTED_EDGE('',*,*,#3421,.F.);
#3421 = EDGE_CURVE('',#3422,#3422,#3424,.T.);
#3422 = VERTEX_POINT('',#3423);
#3423 = CARTESIAN_POINT('',(-60.,5.143516556419E-16,169.6));
#3424 = CIRCLE('',#3425,2.1);
#3425 = AXIS2_PLACEMENT_3D('',#3426,#3427,#3428);
#3426 = CARTESIAN_POINT('',(-60.,0.,167.5));
#3427 = DIRECTION('',(1.,0.,0.));
#3428 = DIRECTION('',(-0.,0.,1.));
#3429 = ORIENTED_EDGE('',*,*,#3430,.F.);
#3430 = EDGE_CURVE('',#3298,#3422,#3431,.T.);
#3431 = LINE('',#3432,#3433);
#3432 = CARTESIAN_POINT('',(-85.,5.143516556419E-16,169.6));
#3433 = VECTOR('',#3434,1.);
#3434 = DIRECTION('',(1.,0.,0.));
#3435 = ORIENTED_EDGE('',*,*,#3297,.T.);
#3436 = ORIENTED_EDGE('',*,*,#3430,.T.);
#3437 = CYLINDRICAL_SURFACE('',#3438,2.1);
#3438 = AXIS2_PLACEMENT_3D('',#3439,#3440,#3441);
#3439 = CARTESIAN_POINT('',(-85.,0.,167.5));
#3440 = DIRECTION('',(1.,0.,0.));
#3441 = DIRECTION('',(-0.,0.,1.));
#3442 = ADVANCED_FACE('',(#3443),#3462,.F.);
#3443 = FACE_BOUND('',#3444,.F.);
#3444 = EDGE_LOOP('',(#3445,#3454,#3460,#3461));
#3445 = ORIENTED_EDGE('',*,*,#3446,.F.);
#3446 = EDGE_CURVE('',#3447,#3447,#3449,.T.);
#3447 = VERTEX_POINT('',#3448);
#3448 = CARTESIAN_POINT('',(-60.,5.143516556419E-16,194.6));
#3449 = CIRCLE('',#3450,2.1);
#3450 = AXIS2_PLACEMENT_3D('',#3451,#3452,#3453);
#3451 = CARTESIAN_POINT('',(-60.,0.,192.5));
#3452 = DIRECTION('',(1.,0.,0.));
#3453 = DIRECTION('',(-0.,0.,1.));
#3454 = ORIENTED_EDGE('',*,*,#3455,.F.);
#3455 = EDGE_CURVE('',#3309,#3447,#3456,.T.);
#3456 = LINE('',#3457,#3458);
#3457 = CARTESIAN_POINT('',(-85.,5.143516556419E-16,194.6));
#3458 = VECTOR('',#3459,1.);
#3459 = DIRECTION('',(1.,0.,0.));
#3460 = ORIENTED_EDGE('',*,*,#3308,.T.);
#3461 = ORIENTED_EDGE('',*,*,#3455,.T.);
#3462 = CYLINDRICAL_SURFACE('',#3463,2.1);
#3463 = AXIS2_PLACEMENT_3D('',#3464,#3465,#3466);
#3464 = CARTESIAN_POINT('',(-85.,0.,192.5));
#3465 = DIRECTION('',(1.,0.,0.));
#3466 = DIRECTION('',(-0.,0.,1.));
#3467 = ADVANCED_FACE('',(#3468,#3474,#3477),#3480,.T.);
#3468 = FACE_BOUND('',#3469,.T.);
#3469 = EDGE_LOOP('',(#3470,#3471,#3472,#3473));
#3470 = ORIENTED_EDGE('',*,*,#3342,.F.);
#3471 = ORIENTED_EDGE('',*,*,#3382,.T.);
#3472 = ORIENTED_EDGE('',*,*,#3407,.T.);
#3473 = ORIENTED_EDGE('',*,*,#3358,.F.);
#3474 = FACE_BOUND('',#3475,.T.);
#3475 = EDGE_LOOP('',(#3476));
#3476 = ORIENTED_EDGE('',*,*,#3421,.F.);
#3477 = FACE_BOUND('',#3478,.T.);
#3478 = EDGE_LOOP('',(#3479));
#3479 = ORIENTED_EDGE('',*,*,#3446,.F.);
#3480 = PLANE('',#3481);
#3481 = AXIS2_PLACEMENT_3D('',#3482,#3483,#3484);
#3482 = CARTESIAN_POINT('',(-60.,-10.,155.));
#3483 = DIRECTION('',(1.,0.,-0.));
#3484 = DIRECTION('',(0.,0.,1.));
#3485 = MANIFOLD_SOLID_BREP('',#3486);
#3486 = CLOSED_SHELL('',(#3487,#3549,#3580,#3604,#3628,#3645,#3670,#3695
    ));
#3487 = ADVANCED_FACE('',(#3488,#3522,#3533),#3544,.F.);
#3488 = FACE_BOUND('',#3489,.F.);
#3489 = EDGE_LOOP('',(#3490,#3500,#3508,#3516));
#3490 = ORIENTED_EDGE('',*,*,#3491,.F.);
#3491 = EDGE_CURVE('',#3492,#3494,#3496,.T.);
#3492 = VERTEX_POINT('',#3493);
#3493 = CARTESIAN_POINT('',(60.,-10.,155.));
#3494 = VERTEX_POINT('',#3495);
#3495 = CARTESIAN_POINT('',(60.,-10.,205.));
#3496 = LINE('',#3497,#3498);
#3497 = CARTESIAN_POINT('',(60.,-10.,155.));
#3498 = VECTOR('',#3499,1.);
#3499 = DIRECTION('',(0.,0.,1.));
#3500 = ORIENTED_EDGE('',*,*,#3501,.T.);
#3501 = EDGE_CURVE('',#3492,#3502,#3504,.T.);
#3502 = VERTEX_POINT('',#3503);
#3503 = CARTESIAN_POINT('',(60.,10.,155.));
#3504 = LINE('',#3505,#3506);
#3505 = CARTESIAN_POINT('',(60.,-10.,155.));
#3506 = VECTOR('',#3507,1.);
#3507 = DIRECTION('',(-0.,1.,0.));
#3508 = ORIENTED_EDGE('',*,*,#3509,.T.);
#3509 = EDGE_CURVE('',#3502,#3510,#3512,.T.);
#3510 = VERTEX_POINT('',#3511);
#3511 = CARTESIAN_POINT('',(60.,10.,205.));
#3512 = LINE('',#3513,#3514);
#3513 = CARTESIAN_POINT('',(60.,10.,155.));
#3514 = VECTOR('',#3515,1.);
#3515 = DIRECTION('',(0.,0.,1.));
#3516 = ORIENTED_EDGE('',*,*,#3517,.F.);
#3517 = EDGE_CURVE('',#3494,#3510,#3518,.T.);
#3518 = LINE('',#3519,#3520);
#3519 = CARTESIAN_POINT('',(60.,-10.,205.));
#3520 = VECTOR('',#3521,1.);
#3521 = DIRECTION('',(-0.,1.,0.));
#3522 = FACE_BOUND('',#3523,.F.);
#3523 = EDGE_LOOP('',(#3524));
#3524 = ORIENTED_EDGE('',*,*,#3525,.F.);
#3525 = EDGE_CURVE('',#3526,#3526,#3528,.T.);
#3526 = VERTEX_POINT('',#3527);
#3527 = CARTESIAN_POINT('',(60.,5.143516556419E-16,169.6));
#3528 = CIRCLE('',#3529,2.1);
#3529 = AXIS2_PLACEMENT_3D('',#3530,#3531,#3532);
#3530 = CARTESIAN_POINT('',(60.,0.,167.5));
#3531 = DIRECTION('',(1.,0.,0.));
#3532 = DIRECTION('',(-0.,0.,1.));
#3533 = FACE_BOUND('',#3534,.F.);
#3534 = EDGE_LOOP('',(#3535));
#3535 = ORIENTED_EDGE('',*,*,#3536,.F.);
#3536 = EDGE_CURVE('',#3537,#3537,#3539,.T.);
#3537 = VERTEX_POINT('',#3538);
#3538 = CARTESIAN_POINT('',(60.,5.143516556419E-16,194.6));
#3539 = CIRCLE('',#3540,2.1);
#3540 = AXIS2_PLACEMENT_3D('',#3541,#3542,#3543);
#3541 = CARTESIAN_POINT('',(60.,0.,192.5));
#3542 = DIRECTION('',(1.,0.,0.));
#3543 = DIRECTION('',(-0.,0.,1.));
#3544 = PLANE('',#3545);
#3545 = AXIS2_PLACEMENT_3D('',#3546,#3547,#3548);
#3546 = CARTESIAN_POINT('',(60.,-10.,155.));
#3547 = DIRECTION('',(1.,0.,-0.));
#3548 = DIRECTION('',(0.,0.,1.));
#3549 = ADVANCED_FACE('',(#3550),#3575,.F.);
#3550 = FACE_BOUND('',#3551,.F.);
#3551 = EDGE_LOOP('',(#3552,#3560,#3561,#3569));
#3552 = ORIENTED_EDGE('',*,*,#3553,.F.);
#3553 = EDGE_CURVE('',#3492,#3554,#3556,.T.);
#3554 = VERTEX_POINT('',#3555);
#3555 = CARTESIAN_POINT('',(80.,-10.,155.));
#3556 = LINE('',#3557,#3558);
#3557 = CARTESIAN_POINT('',(60.,-10.,155.));
#3558 = VECTOR('',#3559,1.);
#3559 = DIRECTION('',(1.,0.,-0.));
#3560 = ORIENTED_EDGE('',*,*,#3491,.T.);
#3561 = ORIENTED_EDGE('',*,*,#3562,.T.);
#3562 = EDGE_CURVE('',#3494,#3563,#3565,.T.);
#3563 = VERTEX_POINT('',#3564);
#3564 = CARTESIAN_POINT('',(80.,-10.,205.));
#3565 = LINE('',#3566,#3567);
#3566 = CARTESIAN_POINT('',(60.,-10.,205.));
#3567 = VECTOR('',#3568,1.);
#3568 = DIRECTION('',(1.,0.,-0.));
#3569 = ORIENTED_EDGE('',*,*,#3570,.F.);
#3570 = EDGE_CURVE('',#3554,#3563,#3571,.T.);
#3571 = LINE('',#3572,#3573);
#3572 = CARTESIAN_POINT('',(80.,-10.,155.));
#3573 = VECTOR('',#3574,1.);
#3574 = DIRECTION('',(0.,0.,1.));
#3575 = PLANE('',#3576);
#3576 = AXIS2_PLACEMENT_3D('',#3577,#3578,#3579);
#3577 = CARTESIAN_POINT('',(60.,-10.,155.));
#3578 = DIRECTION('',(-0.,1.,0.));
#3579 = DIRECTION('',(0.,0.,1.));
#3580 = ADVANCED_FACE('',(#3581),#3599,.T.);
#3581 = FACE_BOUND('',#3582,.T.);
#3582 = EDGE_LOOP('',(#3583,#3584,#3585,#3593));
#3583 = ORIENTED_EDGE('',*,*,#3517,.F.);
#3584 = ORIENTED_EDGE('',*,*,#3562,.T.);
#3585 = ORIENTED_EDGE('',*,*,#3586,.T.);
#3586 = EDGE_CURVE('',#3563,#3587,#3589,.T.);
#3587 = VERTEX_POINT('',#3588);
#3588 = CARTESIAN_POINT('',(80.,10.,205.));
#3589 = LINE('',#3590,#3591);
#3590 = CARTESIAN_POINT('',(80.,-10.,205.));
#3591 = VECTOR('',#3592,1.);
#3592 = DIRECTION('',(-0.,1.,0.));
#3593 = ORIENTED_EDGE('',*,*,#3594,.F.);
#3594 = EDGE_CURVE('',#3510,#3587,#3595,.T.);
#3595 = LINE('',#3596,#3597);
#3596 = CARTESIAN_POINT('',(60.,10.,205.));
#3597 = VECTOR('',#3598,1.);
#3598 = DIRECTION('',(1.,0.,-0.));
#3599 = PLANE('',#3600);
#3600 = AXIS2_PLACEMENT_3D('',#3601,#3602,#3603);
#3601 = CARTESIAN_POINT('',(60.,-10.,205.));
#3602 = DIRECTION('',(0.,0.,1.));
#3603 = DIRECTION('',(1.,0.,-0.));
#3604 = ADVANCED_FACE('',(#3605),#3623,.F.);
#3605 = FACE_BOUND('',#3606,.F.);
#3606 = EDGE_LOOP('',(#3607,#3608,#3609,#3617));
#3607 = ORIENTED_EDGE('',*,*,#3501,.F.);
#3608 = ORIENTED_EDGE('',*,*,#3553,.T.);
#3609 = ORIENTED_EDGE('',*,*,#3610,.T.);
#3610 = EDGE_CURVE('',#3554,#3611,#3613,.T.);
#3611 = VERTEX_POINT('',#3612);
#3612 = CARTESIAN_POINT('',(80.,10.,155.));
#3613 = LINE('',#3614,#3615);
#3614 = CARTESIAN_POINT('',(80.,-10.,155.));
#3615 = VECTOR('',#3616,1.);
#3616 = DIRECTION('',(-0.,1.,0.));
#3617 = ORIENTED_EDGE('',*,*,#3618,.F.);
#3618 = EDGE_CURVE('',#3502,#3611,#3619,.T.);
#3619 = LINE('',#3620,#3621);
#3620 = CARTESIAN_POINT('',(60.,10.,155.));
#3621 = VECTOR('',#3622,1.);
#3622 = DIRECTION('',(1.,0.,-0.));
#3623 = PLANE('',#3624);
#3624 = AXIS2_PLACEMENT_3D('',#3625,#3626,#3627);
#3625 = CARTESIAN_POINT('',(60.,-10.,155.));
#3626 = DIRECTION('',(0.,0.,1.));
#3627 = DIRECTION('',(1.,0.,-0.));
#3628 = ADVANCED_FACE('',(#3629),#3640,.T.);
#3629 = FACE_BOUND('',#3630,.T.);
#3630 = EDGE_LOOP('',(#3631,#3632,#3633,#3634));
#3631 = ORIENTED_EDGE('',*,*,#3618,.F.);
#3632 = ORIENTED_EDGE('',*,*,#3509,.T.);
#3633 = ORIENTED_EDGE('',*,*,#3594,.T.);
#3634 = ORIENTED_EDGE('',*,*,#3635,.F.);
#3635 = EDGE_CURVE('',#3611,#3587,#3636,.T.);
#3636 = LINE('',#3637,#3638);
#3637 = CARTESIAN_POINT('',(80.,10.,155.));
#3638 = VECTOR('',#3639,1.);
#3639 = DIRECTION('',(0.,0.,1.));
#3640 = PLANE('',#3641);
#3641 = AXIS2_PLACEMENT_3D('',#3642,#3643,#3644);
#3642 = CARTESIAN_POINT('',(60.,10.,155.));
#3643 = DIRECTION('',(-0.,1.,0.));
#3644 = DIRECTION('',(0.,0.,1.));
#3645 = ADVANCED_FACE('',(#3646),#3665,.F.);
#3646 = FACE_BOUND('',#3647,.F.);
#3647 = EDGE_LOOP('',(#3648,#3657,#3663,#3664));
#3648 = ORIENTED_EDGE('',*,*,#3649,.F.);
#3649 = EDGE_CURVE('',#3650,#3650,#3652,.T.);
#3650 = VERTEX_POINT('',#3651);
#3651 = CARTESIAN_POINT('',(80.,5.143516556419E-16,169.6));
#3652 = CIRCLE('',#3653,2.1);
#3653 = AXIS2_PLACEMENT_3D('',#3654,#3655,#3656);
#3654 = CARTESIAN_POINT('',(80.,0.,167.5));
#3655 = DIRECTION('',(1.,0.,0.));
#3656 = DIRECTION('',(-0.,0.,1.));
#3657 = ORIENTED_EDGE('',*,*,#3658,.F.);
#3658 = EDGE_CURVE('',#3526,#3650,#3659,.T.);
#3659 = LINE('',#3660,#3661);
#3660 = CARTESIAN_POINT('',(55.,5.143516556419E-16,169.6));
#3661 = VECTOR('',#3662,1.);
#3662 = DIRECTION('',(1.,0.,0.));
#3663 = ORIENTED_EDGE('',*,*,#3525,.T.);
#3664 = ORIENTED_EDGE('',*,*,#3658,.T.);
#3665 = CYLINDRICAL_SURFACE('',#3666,2.1);
#3666 = AXIS2_PLACEMENT_3D('',#3667,#3668,#3669);
#3667 = CARTESIAN_POINT('',(55.,0.,167.5));
#3668 = DIRECTION('',(1.,0.,0.));
#3669 = DIRECTION('',(-0.,0.,1.));
#3670 = ADVANCED_FACE('',(#3671),#3690,.F.);
#3671 = FACE_BOUND('',#3672,.F.);
#3672 = EDGE_LOOP('',(#3673,#3682,#3688,#3689));
#3673 = ORIENTED_EDGE('',*,*,#3674,.F.);
#3674 = EDGE_CURVE('',#3675,#3675,#3677,.T.);
#3675 = VERTEX_POINT('',#3676);
#3676 = CARTESIAN_POINT('',(80.,5.143516556419E-16,194.6));
#3677 = CIRCLE('',#3678,2.1);
#3678 = AXIS2_PLACEMENT_3D('',#3679,#3680,#3681);
#3679 = CARTESIAN_POINT('',(80.,0.,192.5));
#3680 = DIRECTION('',(1.,0.,0.));
#3681 = DIRECTION('',(-0.,0.,1.));
#3682 = ORIENTED_EDGE('',*,*,#3683,.F.);
#3683 = EDGE_CURVE('',#3537,#3675,#3684,.T.);
#3684 = LINE('',#3685,#3686);
#3685 = CARTESIAN_POINT('',(55.,5.143516556419E-16,194.6));
#3686 = VECTOR('',#3687,1.);
#3687 = DIRECTION('',(1.,0.,0.));
#3688 = ORIENTED_EDGE('',*,*,#3536,.T.);
#3689 = ORIENTED_EDGE('',*,*,#3683,.T.);
#3690 = CYLINDRICAL_SURFACE('',#3691,2.1);
#3691 = AXIS2_PLACEMENT_3D('',#3692,#3693,#3694);
#3692 = CARTESIAN_POINT('',(55.,0.,192.5));
#3693 = DIRECTION('',(1.,0.,0.));
#3694 = DIRECTION('',(-0.,0.,1.));
#3695 = ADVANCED_FACE('',(#3696,#3702,#3705),#3708,.T.);
#3696 = FACE_BOUND('',#3697,.T.);
#3697 = EDGE_LOOP('',(#3698,#3699,#3700,#3701));
#3698 = ORIENTED_EDGE('',*,*,#3570,.F.);
#3699 = ORIENTED_EDGE('',*,*,#3610,.T.);
#3700 = ORIENTED_EDGE('',*,*,#3635,.T.);
#3701 = ORIENTED_EDGE('',*,*,#3586,.F.);
#3702 = FACE_BOUND('',#3703,.T.);
#3703 = EDGE_LOOP('',(#3704));
#3704 = ORIENTED_EDGE('',*,*,#3649,.F.);
#3705 = FACE_BOUND('',#3706,.T.);
#3706 = EDGE_LOOP('',(#3707));
#3707 = ORIENTED_EDGE('',*,*,#3674,.F.);
#3708 = PLANE('',#3709);
#3709 = AXIS2_PLACEMENT_3D('',#3710,#3711,#3712);
#3710 = CARTESIAN_POINT('',(80.,-10.,155.));
#3711 = DIRECTION('',(1.,0.,-0.));
#3712 = DIRECTION('',(0.,0.,1.));
#3713 = MANIFOLD_SOLID_BREP('',#3714);
#3714 = CLOSED_SHELL('',(#3715,#3766,#3797,#3855,#3913,#3930,#3955,#3978
    ,#4009,#4044,#4068,#4096,#4127,#4162,#4186,#4206,#4223,#4235,#4252)
  );
#3715 = ADVANCED_FACE('',(#3716,#3750),#3761,.F.);
#3716 = FACE_BOUND('',#3717,.F.);
#3717 = EDGE_LOOP('',(#3718,#3728,#3736,#3744));
#3718 = ORIENTED_EDGE('',*,*,#3719,.F.);
#3719 = EDGE_CURVE('',#3720,#3722,#3724,.T.);
#3720 = VERTEX_POINT('',#3721);
#3721 = CARTESIAN_POINT('',(-85.,-15.,180.));
#3722 = VERTEX_POINT('',#3723);
#3723 = CARTESIAN_POINT('',(-85.,-15.,350.));
#3724 = LINE('',#3725,#3726);
#3725 = CARTESIAN_POINT('',(-85.,-15.,180.));
#3726 = VECTOR('',#3727,1.);
#3727 = DIRECTION('',(0.,0.,1.));
#3728 = ORIENTED_EDGE('',*,*,#3729,.T.);
#3729 = EDGE_CURVE('',#3720,#3730,#3732,.T.);
#3730 = VERTEX_POINT('',#3731);
#3731 = CARTESIAN_POINT('',(-85.,15.,180.));
#3732 = LINE('',#3733,#3734);
#3733 = CARTESIAN_POINT('',(-85.,-15.,180.));
#3734 = VECTOR('',#3735,1.);
#3735 = DIRECTION('',(-0.,1.,0.));
#3736 = ORIENTED_EDGE('',*,*,#3737,.T.);
#3737 = EDGE_CURVE('',#3730,#3738,#3740,.T.);
#3738 = VERTEX_POINT('',#3739);
#3739 = CARTESIAN_POINT('',(-85.,15.,350.));
#3740 = LINE('',#3741,#3742);
#3741 = CARTESIAN_POINT('',(-85.,15.,180.));
#3742 = VECTOR('',#3743,1.);
#3743 = DIRECTION('',(0.,0.,1.));
#3744 = ORIENTED_EDGE('',*,*,#3745,.F.);
#3745 = EDGE_CURVE('',#3722,#3738,#3746,.T.);
#3746 = LINE('',#3747,#3748);
#3747 = CARTESIAN_POINT('',(-85.,-15.,350.));
#3748 = VECTOR('',#3749,1.);
#3749 = DIRECTION('',(-0.,1.,0.));
#3750 = FACE_BOUND('',#3751,.F.);
#3751 = EDGE_LOOP('',(#3752));
#3752 = ORIENTED_EDGE('',*,*,#3753,.F.);
#3753 = EDGE_CURVE('',#3754,#3754,#3756,.T.);
#3754 = VERTEX_POINT('',#3755);
#3755 = CARTESIAN_POINT('',(-85.,5.143516556419E-16,194.6));
#3756 = CIRCLE('',#3757,2.1);
#3757 = AXIS2_PLACEMENT_3D('',#3758,#3759,#3760);
#3758 = CARTESIAN_POINT('',(-85.,0.,192.5));
#3759 = DIRECTION('',(1.,0.,0.));
#3760 = DIRECTION('',(-0.,0.,1.));
#3761 = PLANE('',#3762);
#3762 = AXIS2_PLACEMENT_3D('',#3763,#3764,#3765);
#3763 = CARTESIAN_POINT('',(-85.,-15.,180.));
#3764 = DIRECTION('',(1.,0.,-0.));
#3765 = DIRECTION('',(0.,0.,1.));
#3766 = ADVANCED_FACE('',(#3767),#3792,.F.);
#3767 = FACE_BOUND('',#3768,.F.);
#3768 = EDGE_LOOP('',(#3769,#3777,#3778,#3786));
#3769 = ORIENTED_EDGE('',*,*,#3770,.F.);
#3770 = EDGE_CURVE('',#3720,#3771,#3773,.T.);
#3771 = VERTEX_POINT('',#3772);
#3772 = CARTESIAN_POINT('',(-55.,-15.,180.));
#3773 = LINE('',#3774,#3775);
#3774 = CARTESIAN_POINT('',(-85.,-15.,180.));
#3775 = VECTOR('',#3776,1.);
#3776 = DIRECTION('',(1.,0.,-0.));
#3777 = ORIENTED_EDGE('',*,*,#3719,.T.);
#3778 = ORIENTED_EDGE('',*,*,#3779,.T.);
#3779 = EDGE_CURVE('',#3722,#3780,#3782,.T.);
#3780 = VERTEX_POINT('',#3781);
#3781 = CARTESIAN_POINT('',(-55.,-15.,350.));
#3782 = LINE('',#3783,#3784);
#3783 = CARTESIAN_POINT('',(-85.,-15.,350.));
#3784 = VECTOR('',#3785,1.);
#3785 = DIRECTION('',(1.,0.,-0.));
#3786 = ORIENTED_EDGE('',*,*,#3787,.F.);
#3787 = EDGE_CURVE('',#3771,#3780,#3788,.T.);
#3788 = LINE('',#3789,#3790);
#3789 = CARTESIAN_POINT('',(-55.,-15.,180.));
#3790 = VECTOR('',#3791,1.);
#3791 = DIRECTION('',(0.,0.,1.));
#3792 = PLANE('',#3793);
#3793 = AXIS2_PLACEMENT_3D('',#3794,#3795,#3796);
#3794 = CARTESIAN_POINT('',(-85.,-15.,180.));
#3795 = DIRECTION('',(-0.,1.,0.));
#3796 = DIRECTION('',(0.,0.,1.));
#3797 = ADVANCED_FACE('',(#3798,#3816),#3850,.T.);
#3798 = FACE_BOUND('',#3799,.T.);
#3799 = EDGE_LOOP('',(#3800,#3801,#3802,#3810));
#3800 = ORIENTED_EDGE('',*,*,#3745,.F.);
#3801 = ORIENTED_EDGE('',*,*,#3779,.T.);
#3802 = ORIENTED_EDGE('',*,*,#3803,.T.);
#3803 = EDGE_CURVE('',#3780,#3804,#3806,.T.);
#3804 = VERTEX_POINT('',#3805);
#3805 = CARTESIAN_POINT('',(-55.,15.,350.));
#3806 = LINE('',#3807,#3808);
#3807 = CARTESIAN_POINT('',(-55.,-15.,350.));
#3808 = VECTOR('',#3809,1.);
#3809 = DIRECTION('',(-0.,1.,0.));
#3810 = ORIENTED_EDGE('',*,*,#3811,.F.);
#3811 = EDGE_CURVE('',#3738,#3804,#3812,.T.);
#3812 = LINE('',#3813,#3814);
#3813 = CARTESIAN_POINT('',(-85.,15.,350.));
#3814 = VECTOR('',#3815,1.);
#3815 = DIRECTION('',(1.,0.,-0.));
#3816 = FACE_BOUND('',#3817,.T.);
#3817 = EDGE_LOOP('',(#3818,#3828,#3836,#3844));
#3818 = ORIENTED_EDGE('',*,*,#3819,.T.);
#3819 = EDGE_CURVE('',#3820,#3822,#3824,.T.);
#3820 = VERTEX_POINT('',#3821);
#3821 = CARTESIAN_POINT('',(-60.,-10.,350.));
#3822 = VERTEX_POINT('',#3823);
#3823 = CARTESIAN_POINT('',(-80.,-10.,350.));
#3824 = LINE('',#3825,#3826);
#3825 = CARTESIAN_POINT('',(-82.5,-10.,350.));
#3826 = VECTOR('',#3827,1.);
#3827 = DIRECTION('',(-1.,-0.,0.));
#3828 = ORIENTED_EDGE('',*,*,#3829,.T.);
#3829 = EDGE_CURVE('',#3822,#3830,#3832,.T.);
#3830 = VERTEX_POINT('',#3831);
#3831 = CARTESIAN_POINT('',(-80.,10.,350.));
#3832 = LINE('',#3833,#3834);
#3833 = CARTESIAN_POINT('',(-80.,-12.5,350.));
#3834 = VECTOR('',#3835,1.);
#3835 = DIRECTION('',(-0.,1.,0.));
#3836 = ORIENTED_EDGE('',*,*,#3837,.F.);
#3837 = EDGE_CURVE('',#3838,#3830,#3840,.T.);
#3838 = VERTEX_POINT('',#3839);
#3839 = CARTESIAN_POINT('',(-60.,10.,350.));
#3840 = LINE('',#3841,#3842);
#3841 = CARTESIAN_POINT('',(-82.5,10.,350.));
#3842 = VECTOR('',#3843,1.);
#3843 = DIRECTION('',(-1.,-0.,0.));
#3844 = ORIENTED_EDGE('',*,*,#3845,.F.);
#3845 = EDGE_CURVE('',#3820,#3838,#3846,.T.);
#3846 = LINE('',#3847,#3848);
#3847 = CARTESIAN_POINT('',(-60.,-12.5,350.));
#3848 = VECTOR('',#3849,1.);
#3849 = DIRECTION('',(-0.,1.,0.));
#3850 = PLANE('',#3851);
#3851 = AXIS2_PLACEMENT_3D('',#3852,#3853,#3854);
#3852 = CARTESIAN_POINT('',(-85.,-15.,350.));
#3853 = DIRECTION('',(0.,0.,1.));
#3854 = DIRECTION('',(1.,0.,-0.));
#3855 = ADVANCED_FACE('',(#3856,#3874),#3908,.F.);
#3856 = FACE_BOUND('',#3857,.F.);
#3857 = EDGE_LOOP('',(#3858,#3859,#3860,#3868));
#3858 = ORIENTED_EDGE('',*,*,#3729,.F.);
#3859 = ORIENTED_EDGE('',*,*,#3770,.T.);
#3860 = ORIENTED_EDGE('',*,*,#3861,.T.);
#3861 = EDGE_CURVE('',#3771,#3862,#3864,.T.);
#3862 = VERTEX_POINT('',#3863);
#3863 = CARTESIAN_POINT('',(-55.,15.,180.));
#3864 = LINE('',#3865,#3866);
#3865 = CARTESIAN_POINT('',(-55.,-15.,180.));
#3866 = VECTOR('',#3867,1.);
#3867 = DIRECTION('',(-0.,1.,0.));
#3868 = ORIENTED_EDGE('',*,*,#3869,.F.);
#3869 = EDGE_CURVE('',#3730,#3862,#3870,.T.);
#3870 = LINE('',#3871,#3872);
#3871 = CARTESIAN_POINT('',(-85.,15.,180.));
#3872 = VECTOR('',#3873,1.);
#3873 = DIRECTION('',(1.,0.,-0.));
#3874 = FACE_BOUND('',#3875,.F.);
#3875 = EDGE_LOOP('',(#3876,#3886,#3894,#3902));
#3876 = ORIENTED_EDGE('',*,*,#3877,.T.);
#3877 = EDGE_CURVE('',#3878,#3880,#3882,.T.);
#3878 = VERTEX_POINT('',#3879);
#3879 = CARTESIAN_POINT('',(-59.75,-10.25,180.));
#3880 = VERTEX_POINT('',#3881);
#3881 = CARTESIAN_POINT('',(-80.25,-10.25,180.));
#3882 = LINE('',#3883,#3884);
#3883 = CARTESIAN_POINT('',(-82.625,-10.25,180.));
#3884 = VECTOR('',#3885,1.);
#3885 = DIRECTION('',(-1.,-0.,0.));
#3886 = ORIENTED_EDGE('',*,*,#3887,.T.);
#3887 = EDGE_CURVE('',#3880,#3888,#3890,.T.);
#3888 = VERTEX_POINT('',#3889);
#3889 = CARTESIAN_POINT('',(-80.25,10.25,180.));
#3890 = LINE('',#3891,#3892);
#3891 = CARTESIAN_POINT('',(-80.25,-12.625,180.));
#3892 = VECTOR('',#3893,1.);
#3893 = DIRECTION('',(-0.,1.,0.));
#3894 = ORIENTED_EDGE('',*,*,#3895,.F.);
#3895 = EDGE_CURVE('',#3896,#3888,#3898,.T.);
#3896 = VERTEX_POINT('',#3897);
#3897 = CARTESIAN_POINT('',(-59.75,10.25,180.));
#3898 = LINE('',#3899,#3900);
#3899 = CARTESIAN_POINT('',(-82.625,10.25,180.));
#3900 = VECTOR('',#3901,1.);
#3901 = DIRECTION('',(-1.,-0.,0.));
#3902 = ORIENTED_EDGE('',*,*,#3903,.F.);
#3903 = EDGE_CURVE('',#3878,#3896,#3904,.T.);
#3904 = LINE('',#3905,#3906);
#3905 = CARTESIAN_POINT('',(-59.75,-12.625,180.));
#3906 = VECTOR('',#3907,1.);
#3907 = DIRECTION('',(-0.,1.,0.));
#3908 = PLANE('',#3909);
#3909 = AXIS2_PLACEMENT_3D('',#3910,#3911,#3912);
#3910 = CARTESIAN_POINT('',(-85.,-15.,180.));
#3911 = DIRECTION('',(0.,0.,1.));
#3912 = DIRECTION('',(1.,0.,-0.));
#3913 = ADVANCED_FACE('',(#3914),#3925,.T.);
#3914 = FACE_BOUND('',#3915,.T.);
#3915 = EDGE_LOOP('',(#3916,#3917,#3918,#3919));
#3916 = ORIENTED_EDGE('',*,*,#3869,.F.);
#3917 = ORIENTED_EDGE('',*,*,#3737,.T.);
#3918 = ORIENTED_EDGE('',*,*,#3811,.T.);
#3919 = ORIENTED_EDGE('',*,*,#3920,.F.);
#3920 = EDGE_CURVE('',#3862,#3804,#3921,.T.);
#3921 = LINE('',#3922,#3923);
#3922 = CARTESIAN_POINT('',(-55.,15.,180.));
#3923 = VECTOR('',#3924,1.);
#3924 = DIRECTION('',(0.,0.,1.));
#3925 = PLANE('',#3926);
#3926 = AXIS2_PLACEMENT_3D('',#3927,#3928,#3929);
#3927 = CARTESIAN_POINT('',(-85.,15.,180.));
#3928 = DIRECTION('',(-0.,1.,0.));
#3929 = DIRECTION('',(0.,0.,1.));
#3930 = ADVANCED_FACE('',(#3931),#3950,.F.);
#3931 = FACE_BOUND('',#3932,.F.);
#3932 = EDGE_LOOP('',(#3933,#3942,#3948,#3949));
#3933 = ORIENTED_EDGE('',*,*,#3934,.F.);
#3934 = EDGE_CURVE('',#3935,#3935,#3937,.T.);
#3935 = VERTEX_POINT('',#3936);
#3936 = CARTESIAN_POINT('',(-80.25,5.143516556419E-16,194.6));
#3937 = CIRCLE('',#3938,2.1);
#3938 = AXIS2_PLACEMENT_3D('',#3939,#3940,#3941);
#3939 = CARTESIAN_POINT('',(-80.25,0.,192.5));
#3940 = DIRECTION('',(1.,0.,0.));
#3941 = DIRECTION('',(-0.,0.,1.));
#3942 = ORIENTED_EDGE('',*,*,#3943,.F.);
#3943 = EDGE_CURVE('',#3754,#3935,#3944,.T.);
#3944 = LINE('',#3945,#3946);
#3945 = CARTESIAN_POINT('',(-90.,5.143516556419E-16,194.6));
#3946 = VECTOR('',#3947,1.);
#3947 = DIRECTION('',(1.,0.,0.));
#3948 = ORIENTED_EDGE('',*,*,#3753,.T.);
#3949 = ORIENTED_EDGE('',*,*,#3943,.T.);
#3950 = CYLINDRICAL_SURFACE('',#3951,2.1);
#3951 = AXIS2_PLACEMENT_3D('',#3952,#3953,#3954);
#3952 = CARTESIAN_POINT('',(-90.,0.,192.5));
#3953 = DIRECTION('',(1.,0.,0.));
#3954 = DIRECTION('',(-0.,0.,1.));
#3955 = ADVANCED_FACE('',(#3956,#3962),#3973,.T.);
#3956 = FACE_BOUND('',#3957,.T.);
#3957 = EDGE_LOOP('',(#3958,#3959,#3960,#3961));
#3958 = ORIENTED_EDGE('',*,*,#3787,.F.);
#3959 = ORIENTED_EDGE('',*,*,#3861,.T.);
#3960 = ORIENTED_EDGE('',*,*,#3920,.T.);
#3961 = ORIENTED_EDGE('',*,*,#3803,.F.);
#3962 = FACE_BOUND('',#3963,.T.);
#3963 = EDGE_LOOP('',(#3964));
#3964 = ORIENTED_EDGE('',*,*,#3965,.F.);
#3965 = EDGE_CURVE('',#3966,#3966,#3968,.T.);
#3966 = VERTEX_POINT('',#3967);
#3967 = CARTESIAN_POINT('',(-55.,5.143516556419E-16,194.6));
#3968 = CIRCLE('',#3969,2.1);
#3969 = AXIS2_PLACEMENT_3D('',#3970,#3971,#3972);
#3970 = CARTESIAN_POINT('',(-55.,0.,192.5));
#3971 = DIRECTION('',(1.,0.,0.));
#3972 = DIRECTION('',(-0.,0.,1.));
#3973 = PLANE('',#3974);
#3974 = AXIS2_PLACEMENT_3D('',#3975,#3976,#3977);
#3975 = CARTESIAN_POINT('',(-55.,-15.,180.));
#3976 = DIRECTION('',(1.,0.,-0.));
#3977 = DIRECTION('',(0.,0.,1.));
#3978 = ADVANCED_FACE('',(#3979),#4004,.F.);
#3979 = FACE_BOUND('',#3980,.F.);
#3980 = EDGE_LOOP('',(#3981,#3989,#3990,#3998));
#3981 = ORIENTED_EDGE('',*,*,#3982,.F.);
#3982 = EDGE_CURVE('',#3820,#3983,#3985,.T.);
#3983 = VERTEX_POINT('',#3984);
#3984 = CARTESIAN_POINT('',(-60.,-10.,363.));
#3985 = LINE('',#3986,#3987);
#3986 = CARTESIAN_POINT('',(-60.,-10.,349.));
#3987 = VECTOR('',#3988,1.);
#3988 = DIRECTION('',(0.,0.,1.));
#3989 = ORIENTED_EDGE('',*,*,#3819,.T.);
#3990 = ORIENTED_EDGE('',*,*,#3991,.T.);
#3991 = EDGE_CURVE('',#3822,#3992,#3994,.T.);
#3992 = VERTEX_POINT('',#3993);
#3993 = CARTESIAN_POINT('',(-80.,-10.,363.));
#3994 = LINE('',#3995,#3996);
#3995 = CARTESIAN_POINT('',(-80.,-10.,349.));
#3996 = VECTOR('',#3997,1.);
#3997 = DIRECTION('',(0.,0.,1.));
#3998 = ORIENTED_EDGE('',*,*,#3999,.T.);
#3999 = EDGE_CURVE('',#3992,#3983,#4000,.T.);
#4000 = LINE('',#4001,#4002);
#4001 = CARTESIAN_POINT('',(-80.,-10.,363.));
#4002 = VECTOR('',#4003,1.);
#4003 = DIRECTION('',(1.,0.,-0.));
#4004 = PLANE('',#4005);
#4005 = AXIS2_PLACEMENT_3D('',#4006,#4007,#4008);
#4006 = CARTESIAN_POINT('',(-80.,-10.,349.));
#4007 = DIRECTION('',(-0.,1.,0.));
#4008 = DIRECTION('',(0.,0.,1.));
#4009 = ADVANCED_FACE('',(#4010,#4028),#4039,.T.);
#4010 = FACE_BOUND('',#4011,.T.);
#4011 = EDGE_LOOP('',(#4012,#4013,#4014,#4022));
#4012 = ORIENTED_EDGE('',*,*,#3982,.F.);
#4013 = ORIENTED_EDGE('',*,*,#3845,.T.);
#4014 = ORIENTED_EDGE('',*,*,#4015,.T.);
#4015 = EDGE_CURVE('',#3838,#4016,#4018,.T.);
#4016 = VERTEX_POINT('',#4017);
#4017 = CARTESIAN_POINT('',(-60.,10.,363.));
#4018 = LINE('',#4019,#4020);
#4019 = CARTESIAN_POINT('',(-60.,10.,349.));
#4020 = VECTOR('',#4021,1.);
#4021 = DIRECTION('',(0.,0.,1.));
#4022 = ORIENTED_EDGE('',*,*,#4023,.F.);
#4023 = EDGE_CURVE('',#3983,#4016,#4024,.T.);
#4024 = LINE('',#4025,#4026);
#4025 = CARTESIAN_POINT('',(-60.,-10.,363.));
#4026 = VECTOR('',#4027,1.);
#4027 = DIRECTION('',(-0.,1.,0.));
#4028 = FACE_BOUND('',#4029,.T.);
#4029 = EDGE_LOOP('',(#4030));
#4030 = ORIENTED_EDGE('',*,*,#4031,.F.);
#4031 = EDGE_CURVE('',#4032,#4032,#4034,.T.);
#4032 = VERTEX_POINT('',#4033);
#4033 = CARTESIAN_POINT('',(-60.,5.143516556419E-16,358.1));
#4034 = CIRCLE('',#4035,2.1);
#4035 = AXIS2_PLACEMENT_3D('',#4036,#4037,#4038);
#4036 = CARTESIAN_POINT('',(-60.,0.,356.));
#4037 = DIRECTION('',(1.,0.,0.));
#4038 = DIRECTION('',(-0.,0.,1.));
#4039 = PLANE('',#4040);
#4040 = AXIS2_PLACEMENT_3D('',#4041,#4042,#4043);
#4041 = CARTESIAN_POINT('',(-60.,-10.,349.));
#4042 = DIRECTION('',(1.,0.,-0.));
#4043 = DIRECTION('',(0.,0.,1.));
#4044 = ADVANCED_FACE('',(#4045),#4063,.T.);
#4045 = FACE_BOUND('',#4046,.T.);
#4046 = EDGE_LOOP('',(#4047,#4048,#4049,#4057));
#4047 = ORIENTED_EDGE('',*,*,#4015,.F.);
#4048 = ORIENTED_EDGE('',*,*,#3837,.T.);
#4049 = ORIENTED_EDGE('',*,*,#4050,.T.);
#4050 = EDGE_CURVE('',#3830,#4051,#4053,.T.);
#4051 = VERTEX_POINT('',#4052);
#4052 = CARTESIAN_POINT('',(-80.,10.,363.));
#4053 = LINE('',#4054,#4055);
#4054 = CARTESIAN_POINT('',(-80.,10.,349.));
#4055 = VECTOR('',#4056,1.);
#4056 = DIRECTION('',(0.,0.,1.));
#4057 = ORIENTED_EDGE('',*,*,#4058,.T.);
#4058 = EDGE_CURVE('',#4051,#4016,#4059,.T.);
#4059 = LINE('',#4060,#4061);
#4060 = CARTESIAN_POINT('',(-80.,10.,363.));
#4061 = VECTOR('',#4062,1.);
#4062 = DIRECTION('',(1.,0.,-0.));
#4063 = PLANE('',#4064);
#4064 = AXIS2_PLACEMENT_3D('',#4065,#4066,#4067);
#4065 = CARTESIAN_POINT('',(-80.,10.,349.));
#4066 = DIRECTION('',(-0.,1.,0.));
#4067 = DIRECTION('',(0.,0.,1.));
#4068 = ADVANCED_FACE('',(#4069,#4080),#4091,.F.);
#4069 = FACE_BOUND('',#4070,.F.);
#4070 = EDGE_LOOP('',(#4071,#4072,#4073,#4074));
#4071 = ORIENTED_EDGE('',*,*,#3991,.F.);
#4072 = ORIENTED_EDGE('',*,*,#3829,.T.);
#4073 = ORIENTED_EDGE('',*,*,#4050,.T.);
#4074 = ORIENTED_EDGE('',*,*,#4075,.F.);
#4075 = EDGE_CURVE('',#3992,#4051,#4076,.T.);
#4076 = LINE('',#4077,#4078);
#4077 = CARTESIAN_POINT('',(-80.,-10.,363.));
#4078 = VECTOR('',#4079,1.);
#4079 = DIRECTION('',(-0.,1.,0.));
#4080 = FACE_BOUND('',#4081,.F.);
#4081 = EDGE_LOOP('',(#4082));
#4082 = ORIENTED_EDGE('',*,*,#4083,.F.);
#4083 = EDGE_CURVE('',#4084,#4084,#4086,.T.);
#4084 = VERTEX_POINT('',#4085);
#4085 = CARTESIAN_POINT('',(-80.,5.143516556419E-16,358.1));
#4086 = CIRCLE('',#4087,2.1);
#4087 = AXIS2_PLACEMENT_3D('',#4088,#4089,#4090);
#4088 = CARTESIAN_POINT('',(-80.,0.,356.));
#4089 = DIRECTION('',(1.,0.,0.));
#4090 = DIRECTION('',(-0.,0.,1.));
#4091 = PLANE('',#4092);
#4092 = AXIS2_PLACEMENT_3D('',#4093,#4094,#4095);
#4093 = CARTESIAN_POINT('',(-80.,-10.,349.));
#4094 = DIRECTION('',(1.,0.,-0.));
#4095 = DIRECTION('',(0.,0.,1.));
#4096 = ADVANCED_FACE('',(#4097),#4122,.T.);
#4097 = FACE_BOUND('',#4098,.T.);
#4098 = EDGE_LOOP('',(#4099,#4107,#4108,#4116));
#4099 = ORIENTED_EDGE('',*,*,#4100,.F.);
#4100 = EDGE_CURVE('',#3878,#4101,#4103,.T.);
#4101 = VERTEX_POINT('',#4102);
#4102 = CARTESIAN_POINT('',(-59.75,-10.25,205.5));
#4103 = LINE('',#4104,#4105);
#4104 = CARTESIAN_POINT('',(-59.75,-10.25,179.5));
#4105 = VECTOR('',#4106,1.);
#4106 = DIRECTION('',(0.,0.,1.));
#4107 = ORIENTED_EDGE('',*,*,#3877,.T.);
#4108 = ORIENTED_EDGE('',*,*,#4109,.T.);
#4109 = EDGE_CURVE('',#3880,#4110,#4112,.T.);
#4110 = VERTEX_POINT('',#4111);
#4111 = CARTESIAN_POINT('',(-80.25,-10.25,205.5));
#4112 = LINE('',#4113,#4114);
#4113 = CARTESIAN_POINT('',(-80.25,-10.25,179.5));
#4114 = VECTOR('',#4115,1.);
#4115 = DIRECTION('',(0.,0.,1.));
#4116 = ORIENTED_EDGE('',*,*,#4117,.T.);
#4117 = EDGE_CURVE('',#4110,#4101,#4118,.T.);
#4118 = LINE('',#4119,#4120);
#4119 = CARTESIAN_POINT('',(-80.25,-10.25,205.5));
#4120 = VECTOR('',#4121,1.);
#4121 = DIRECTION('',(1.,0.,-0.));
#4122 = PLANE('',#4123);
#4123 = AXIS2_PLACEMENT_3D('',#4124,#4125,#4126);
#4124 = CARTESIAN_POINT('',(-80.25,-10.25,179.5));
#4125 = DIRECTION('',(-0.,1.,0.));
#4126 = DIRECTION('',(0.,0.,1.));
#4127 = ADVANCED_FACE('',(#4128,#4146),#4157,.F.);
#4128 = FACE_BOUND('',#4129,.F.);
#4129 = EDGE_LOOP('',(#4130,#4131,#4132,#4140));
#4130 = ORIENTED_EDGE('',*,*,#4100,.F.);
#4131 = ORIENTED_EDGE('',*,*,#3903,.T.);
#4132 = ORIENTED_EDGE('',*,*,#4133,.T.);
#4133 = EDGE_CURVE('',#3896,#4134,#4136,.T.);
#4134 = VERTEX_POINT('',#4135);
#4135 = CARTESIAN_POINT('',(-59.75,10.25,205.5));
#4136 = LINE('',#4137,#4138);
#4137 = CARTESIAN_POINT('',(-59.75,10.25,179.5));
#4138 = VECTOR('',#4139,1.);
#4139 = DIRECTION('',(0.,0.,1.));
#4140 = ORIENTED_EDGE('',*,*,#4141,.F.);
#4141 = EDGE_CURVE('',#4101,#4134,#4142,.T.);
#4142 = LINE('',#4143,#4144);
#4143 = CARTESIAN_POINT('',(-59.75,-10.25,205.5));
#4144 = VECTOR('',#4145,1.);
#4145 = DIRECTION('',(-0.,1.,0.));
#4146 = FACE_BOUND('',#4147,.F.);
#4147 = EDGE_LOOP('',(#4148));
#4148 = ORIENTED_EDGE('',*,*,#4149,.F.);
#4149 = EDGE_CURVE('',#4150,#4150,#4152,.T.);
#4150 = VERTEX_POINT('',#4151);
#4151 = CARTESIAN_POINT('',(-59.75,5.143516556419E-16,194.6));
#4152 = CIRCLE('',#4153,2.1);
#4153 = AXIS2_PLACEMENT_3D('',#4154,#4155,#4156);
#4154 = CARTESIAN_POINT('',(-59.75,0.,192.5));
#4155 = DIRECTION('',(1.,0.,0.));
#4156 = DIRECTION('',(-0.,0.,1.));
#4157 = PLANE('',#4158);
#4158 = AXIS2_PLACEMENT_3D('',#4159,#4160,#4161);
#4159 = CARTESIAN_POINT('',(-59.75,-10.25,179.5));
#4160 = DIRECTION('',(1.,0.,-0.));
#4161 = DIRECTION('',(0.,0.,1.));
#4162 = ADVANCED_FACE('',(#4163),#4181,.F.);
#4163 = FACE_BOUND('',#4164,.F.);
#4164 = EDGE_LOOP('',(#4165,#4166,#4167,#4175));
#4165 = ORIENTED_EDGE('',*,*,#4133,.F.);
#4166 = ORIENTED_EDGE('',*,*,#3895,.T.);
#4167 = ORIENTED_EDGE('',*,*,#4168,.T.);
#4168 = EDGE_CURVE('',#3888,#4169,#4171,.T.);
#4169 = VERTEX_POINT('',#4170);
#4170 = CARTESIAN_POINT('',(-80.25,10.25,205.5));
#4171 = LINE('',#4172,#4173);
#4172 = CARTESIAN_POINT('',(-80.25,10.25,179.5));
#4173 = VECTOR('',#4174,1.);
#4174 = DIRECTION('',(0.,0.,1.));
#4175 = ORIENTED_EDGE('',*,*,#4176,.T.);
#4176 = EDGE_CURVE('',#4169,#4134,#4177,.T.);
#4177 = LINE('',#4178,#4179);
#4178 = CARTESIAN_POINT('',(-80.25,10.25,205.5));
#4179 = VECTOR('',#4180,1.);
#4180 = DIRECTION('',(1.,0.,-0.));
#4181 = PLANE('',#4182);
#4182 = AXIS2_PLACEMENT_3D('',#4183,#4184,#4185);
#4183 = CARTESIAN_POINT('',(-80.25,10.25,179.5));
#4184 = DIRECTION('',(-0.,1.,0.));
#4185 = DIRECTION('',(0.,0.,1.));
#4186 = ADVANCED_FACE('',(#4187,#4198),#4201,.T.);
#4187 = FACE_BOUND('',#4188,.T.);
#4188 = EDGE_LOOP('',(#4189,#4190,#4191,#4192));
#4189 = ORIENTED_EDGE('',*,*,#4109,.F.);
#4190 = ORIENTED_EDGE('',*,*,#3887,.T.);
#4191 = ORIENTED_EDGE('',*,*,#4168,.T.);
#4192 = ORIENTED_EDGE('',*,*,#4193,.F.);
#4193 = EDGE_CURVE('',#4110,#4169,#4194,.T.);
#4194 = LINE('',#4195,#4196);
#4195 = CARTESIAN_POINT('',(-80.25,-10.25,205.5));
#4196 = VECTOR('',#4197,1.);
#4197 = DIRECTION('',(-0.,1.,0.));
#4198 = FACE_BOUND('',#4199,.T.);
#4199 = EDGE_LOOP('',(#4200));
#4200 = ORIENTED_EDGE('',*,*,#3934,.F.);
#4201 = PLANE('',#4202);
#4202 = AXIS2_PLACEMENT_3D('',#4203,#4204,#4205);
#4203 = CARTESIAN_POINT('',(-80.25,-10.25,179.5));
#4204 = DIRECTION('',(1.,0.,-0.));
#4205 = DIRECTION('',(0.,0.,1.));
#4206 = ADVANCED_FACE('',(#4207),#4218,.F.);
#4207 = FACE_BOUND('',#4208,.F.);
#4208 = EDGE_LOOP('',(#4209,#4210,#4216,#4217));
#4209 = ORIENTED_EDGE('',*,*,#3965,.F.);
#4210 = ORIENTED_EDGE('',*,*,#4211,.F.);
#4211 = EDGE_CURVE('',#4150,#3966,#4212,.T.);
#4212 = LINE('',#4213,#4214);
#4213 = CARTESIAN_POINT('',(-90.,5.143516556419E-16,194.6));
#4214 = VECTOR('',#4215,1.);
#4215 = DIRECTION('',(1.,0.,0.));
#4216 = ORIENTED_EDGE('',*,*,#4149,.T.);
#4217 = ORIENTED_EDGE('',*,*,#4211,.T.);
#4218 = CYLINDRICAL_SURFACE('',#4219,2.1);
#4219 = AXIS2_PLACEMENT_3D('',#4220,#4221,#4222);
#4220 = CARTESIAN_POINT('',(-90.,0.,192.5));
#4221 = DIRECTION('',(1.,0.,0.));
#4222 = DIRECTION('',(-0.,0.,1.));
#4223 = ADVANCED_FACE('',(#4224),#4230,.T.);
#4224 = FACE_BOUND('',#4225,.T.);
#4225 = EDGE_LOOP('',(#4226,#4227,#4228,#4229));
#4226 = ORIENTED_EDGE('',*,*,#4075,.F.);
#4227 = ORIENTED_EDGE('',*,*,#3999,.T.);
#4228 = ORIENTED_EDGE('',*,*,#4023,.T.);
#4229 = ORIENTED_EDGE('',*,*,#4058,.F.);
#4230 = PLANE('',#4231);
#4231 = AXIS2_PLACEMENT_3D('',#4232,#4233,#4234);
#4232 = CARTESIAN_POINT('',(-80.,-10.,363.));
#4233 = DIRECTION('',(0.,0.,1.));
#4234 = DIRECTION('',(1.,0.,-0.));
#4235 = ADVANCED_FACE('',(#4236),#4247,.F.);
#4236 = FACE_BOUND('',#4237,.F.);
#4237 = EDGE_LOOP('',(#4238,#4239,#4245,#4246));
#4238 = ORIENTED_EDGE('',*,*,#4031,.F.);
#4239 = ORIENTED_EDGE('',*,*,#4240,.F.);
#4240 = EDGE_CURVE('',#4084,#4032,#4241,.T.);
#4241 = LINE('',#4242,#4243);
#4242 = CARTESIAN_POINT('',(-90.,5.143516556419E-16,358.1));
#4243 = VECTOR('',#4244,1.);
#4244 = DIRECTION('',(1.,0.,0.));
#4245 = ORIENTED_EDGE('',*,*,#4083,.T.);
#4246 = ORIENTED_EDGE('',*,*,#4240,.T.);
#4247 = CYLINDRICAL_SURFACE('',#4248,2.1);
#4248 = AXIS2_PLACEMENT_3D('',#4249,#4250,#4251);
#4249 = CARTESIAN_POINT('',(-90.,0.,356.));
#4250 = DIRECTION('',(1.,0.,0.));
#4251 = DIRECTION('',(-0.,0.,1.));
#4252 = ADVANCED_FACE('',(#4253),#4259,.F.);
#4253 = FACE_BOUND('',#4254,.F.);
#4254 = EDGE_LOOP('',(#4255,#4256,#4257,#4258));
#4255 = ORIENTED_EDGE('',*,*,#4193,.F.);
#4256 = ORIENTED_EDGE('',*,*,#4117,.T.);
#4257 = ORIENTED_EDGE('',*,*,#4141,.T.);
#4258 = ORIENTED_EDGE('',*,*,#4176,.F.);
#4259 = PLANE('',#4260);
#4260 = AXIS2_PLACEMENT_3D('',#4261,#4262,#4263);
#4261 = CARTESIAN_POINT('',(-80.25,-10.25,205.5));
#4262 = DIRECTION('',(0.,0.,1.));
#4263 = DIRECTION('',(1.,0.,-0.));
#4264 = MANIFOLD_SOLID_BREP('',#4265);
#4265 = CLOSED_SHELL('',(#4266,#4317,#4348,#4406,#4464,#4481,#4506,#4529
    ,#4560,#4595,#4619,#4647,#4678,#4713,#4737,#4757,#4774,#4786,#4803)
  );
#4266 = ADVANCED_FACE('',(#4267,#4301),#4312,.F.);
#4267 = FACE_BOUND('',#4268,.F.);
#4268 = EDGE_LOOP('',(#4269,#4279,#4287,#4295));
#4269 = ORIENTED_EDGE('',*,*,#4270,.F.);
#4270 = EDGE_CURVE('',#4271,#4273,#4275,.T.);
#4271 = VERTEX_POINT('',#4272);
#4272 = CARTESIAN_POINT('',(55.,-15.,180.));
#4273 = VERTEX_POINT('',#4274);
#4274 = CARTESIAN_POINT('',(55.,-15.,350.));
#4275 = LINE('',#4276,#4277);
#4276 = CARTESIAN_POINT('',(55.,-15.,180.));
#4277 = VECTOR('',#4278,1.);
#4278 = DIRECTION('',(0.,0.,1.));
#4279 = ORIENTED_EDGE('',*,*,#4280,.T.);
#4280 = EDGE_CURVE('',#4271,#4281,#4283,.T.);
#4281 = VERTEX_POINT('',#4282);
#4282 = CARTESIAN_POINT('',(55.,15.,180.));
#4283 = LINE('',#4284,#4285);
#4284 = CARTESIAN_POINT('',(55.,-15.,180.));
#4285 = VECTOR('',#4286,1.);
#4286 = DIRECTION('',(-0.,1.,0.));
#4287 = ORIENTED_EDGE('',*,*,#4288,.T.);
#4288 = EDGE_CURVE('',#4281,#4289,#4291,.T.);
#4289 = VERTEX_POINT('',#4290);
#4290 = CARTESIAN_POINT('',(55.,15.,350.));
#4291 = LINE('',#4292,#4293);
#4292 = CARTESIAN_POINT('',(55.,15.,180.));
#4293 = VECTOR('',#4294,1.);
#4294 = DIRECTION('',(0.,0.,1.));
#4295 = ORIENTED_EDGE('',*,*,#4296,.F.);
#4296 = EDGE_CURVE('',#4273,#4289,#4297,.T.);
#4297 = LINE('',#4298,#4299);
#4298 = CARTESIAN_POINT('',(55.,-15.,350.));
#4299 = VECTOR('',#4300,1.);
#4300 = DIRECTION('',(-0.,1.,0.));
#4301 = FACE_BOUND('',#4302,.F.);
#4302 = EDGE_LOOP('',(#4303));
#4303 = ORIENTED_EDGE('',*,*,#4304,.F.);
#4304 = EDGE_CURVE('',#4305,#4305,#4307,.T.);
#4305 = VERTEX_POINT('',#4306);
#4306 = CARTESIAN_POINT('',(55.,5.143516556419E-16,194.6));
#4307 = CIRCLE('',#4308,2.1);
#4308 = AXIS2_PLACEMENT_3D('',#4309,#4310,#4311);
#4309 = CARTESIAN_POINT('',(55.,0.,192.5));
#4310 = DIRECTION('',(1.,0.,0.));
#4311 = DIRECTION('',(-0.,0.,1.));
#4312 = PLANE('',#4313);
#4313 = AXIS2_PLACEMENT_3D('',#4314,#4315,#4316);
#4314 = CARTESIAN_POINT('',(55.,-15.,180.));
#4315 = DIRECTION('',(1.,0.,-0.));
#4316 = DIRECTION('',(0.,0.,1.));
#4317 = ADVANCED_FACE('',(#4318),#4343,.F.);
#4318 = FACE_BOUND('',#4319,.F.);
#4319 = EDGE_LOOP('',(#4320,#4328,#4329,#4337));
#4320 = ORIENTED_EDGE('',*,*,#4321,.F.);
#4321 = EDGE_CURVE('',#4271,#4322,#4324,.T.);
#4322 = VERTEX_POINT('',#4323);
#4323 = CARTESIAN_POINT('',(85.,-15.,180.));
#4324 = LINE('',#4325,#4326);
#4325 = CARTESIAN_POINT('',(55.,-15.,180.));
#4326 = VECTOR('',#4327,1.);
#4327 = DIRECTION('',(1.,0.,-0.));
#4328 = ORIENTED_EDGE('',*,*,#4270,.T.);
#4329 = ORIENTED_EDGE('',*,*,#4330,.T.);
#4330 = EDGE_CURVE('',#4273,#4331,#4333,.T.);
#4331 = VERTEX_POINT('',#4332);
#4332 = CARTESIAN_POINT('',(85.,-15.,350.));
#4333 = LINE('',#4334,#4335);
#4334 = CARTESIAN_POINT('',(55.,-15.,350.));
#4335 = VECTOR('',#4336,1.);
#4336 = DIRECTION('',(1.,0.,-0.));
#4337 = ORIENTED_EDGE('',*,*,#4338,.F.);
#4338 = EDGE_CURVE('',#4322,#4331,#4339,.T.);
#4339 = LINE('',#4340,#4341);
#4340 = CARTESIAN_POINT('',(85.,-15.,180.));
#4341 = VECTOR('',#4342,1.);
#4342 = DIRECTION('',(0.,0.,1.));
#4343 = PLANE('',#4344);
#4344 = AXIS2_PLACEMENT_3D('',#4345,#4346,#4347);
#4345 = CARTESIAN_POINT('',(55.,-15.,180.));
#4346 = DIRECTION('',(-0.,1.,0.));
#4347 = DIRECTION('',(0.,0.,1.));
#4348 = ADVANCED_FACE('',(#4349,#4367),#4401,.T.);
#4349 = FACE_BOUND('',#4350,.T.);
#4350 = EDGE_LOOP('',(#4351,#4352,#4353,#4361));
#4351 = ORIENTED_EDGE('',*,*,#4296,.F.);
#4352 = ORIENTED_EDGE('',*,*,#4330,.T.);
#4353 = ORIENTED_EDGE('',*,*,#4354,.T.);
#4354 = EDGE_CURVE('',#4331,#4355,#4357,.T.);
#4355 = VERTEX_POINT('',#4356);
#4356 = CARTESIAN_POINT('',(85.,15.,350.));
#4357 = LINE('',#4358,#4359);
#4358 = CARTESIAN_POINT('',(85.,-15.,350.));
#4359 = VECTOR('',#4360,1.);
#4360 = DIRECTION('',(-0.,1.,0.));
#4361 = ORIENTED_EDGE('',*,*,#4362,.F.);
#4362 = EDGE_CURVE('',#4289,#4355,#4363,.T.);
#4363 = LINE('',#4364,#4365);
#4364 = CARTESIAN_POINT('',(55.,15.,350.));
#4365 = VECTOR('',#4366,1.);
#4366 = DIRECTION('',(1.,0.,-0.));
#4367 = FACE_BOUND('',#4368,.T.);
#4368 = EDGE_LOOP('',(#4369,#4379,#4387,#4395));
#4369 = ORIENTED_EDGE('',*,*,#4370,.T.);
#4370 = EDGE_CURVE('',#4371,#4373,#4375,.T.);
#4371 = VERTEX_POINT('',#4372);
#4372 = CARTESIAN_POINT('',(80.,-10.,350.));
#4373 = VERTEX_POINT('',#4374);
#4374 = CARTESIAN_POINT('',(60.,-10.,350.));
#4375 = LINE('',#4376,#4377);
#4376 = CARTESIAN_POINT('',(57.5,-10.,350.));
#4377 = VECTOR('',#4378,1.);
#4378 = DIRECTION('',(-1.,-0.,0.));
#4379 = ORIENTED_EDGE('',*,*,#4380,.T.);
#4380 = EDGE_CURVE('',#4373,#4381,#4383,.T.);
#4381 = VERTEX_POINT('',#4382);
#4382 = CARTESIAN_POINT('',(60.,10.,350.));
#4383 = LINE('',#4384,#4385);
#4384 = CARTESIAN_POINT('',(60.,-12.5,350.));
#4385 = VECTOR('',#4386,1.);
#4386 = DIRECTION('',(-0.,1.,0.));
#4387 = ORIENTED_EDGE('',*,*,#4388,.F.);
#4388 = EDGE_CURVE('',#4389,#4381,#4391,.T.);
#4389 = VERTEX_POINT('',#4390);
#4390 = CARTESIAN_POINT('',(80.,10.,350.));
#4391 = LINE('',#4392,#4393);
#4392 = CARTESIAN_POINT('',(57.5,10.,350.));
#4393 = VECTOR('',#4394,1.);
#4394 = DIRECTION('',(-1.,-0.,0.));
#4395 = ORIENTED_EDGE('',*,*,#4396,.F.);
#4396 = EDGE_CURVE('',#4371,#4389,#4397,.T.);
#4397 = LINE('',#4398,#4399);
#4398 = CARTESIAN_POINT('',(80.,-12.5,350.));
#4399 = VECTOR('',#4400,1.);
#4400 = DIRECTION('',(-0.,1.,0.));
#4401 = PLANE('',#4402);
#4402 = AXIS2_PLACEMENT_3D('',#4403,#4404,#4405);
#4403 = CARTESIAN_POINT('',(55.,-15.,350.));
#4404 = DIRECTION('',(0.,0.,1.));
#4405 = DIRECTION('',(1.,0.,-0.));
#4406 = ADVANCED_FACE('',(#4407,#4425),#4459,.F.);
#4407 = FACE_BOUND('',#4408,.F.);
#4408 = EDGE_LOOP('',(#4409,#4410,#4411,#4419));
#4409 = ORIENTED_EDGE('',*,*,#4280,.F.);
#4410 = ORIENTED_EDGE('',*,*,#4321,.T.);
#4411 = ORIENTED_EDGE('',*,*,#4412,.T.);
#4412 = EDGE_CURVE('',#4322,#4413,#4415,.T.);
#4413 = VERTEX_POINT('',#4414);
#4414 = CARTESIAN_POINT('',(85.,15.,180.));
#4415 = LINE('',#4416,#4417);
#4416 = CARTESIAN_POINT('',(85.,-15.,180.));
#4417 = VECTOR('',#4418,1.);
#4418 = DIRECTION('',(-0.,1.,0.));
#4419 = ORIENTED_EDGE('',*,*,#4420,.F.);
#4420 = EDGE_CURVE('',#4281,#4413,#4421,.T.);
#4421 = LINE('',#4422,#4423);
#4422 = CARTESIAN_POINT('',(55.,15.,180.));
#4423 = VECTOR('',#4424,1.);
#4424 = DIRECTION('',(1.,0.,-0.));
#4425 = FACE_BOUND('',#4426,.F.);
#4426 = EDGE_LOOP('',(#4427,#4437,#4445,#4453));
#4427 = ORIENTED_EDGE('',*,*,#4428,.T.);
#4428 = EDGE_CURVE('',#4429,#4431,#4433,.T.);
#4429 = VERTEX_POINT('',#4430);
#4430 = CARTESIAN_POINT('',(80.25,-10.25,180.));
#4431 = VERTEX_POINT('',#4432);
#4432 = CARTESIAN_POINT('',(59.75,-10.25,180.));
#4433 = LINE('',#4434,#4435);
#4434 = CARTESIAN_POINT('',(57.375,-10.25,180.));
#4435 = VECTOR('',#4436,1.);
#4436 = DIRECTION('',(-1.,-0.,0.));
#4437 = ORIENTED_EDGE('',*,*,#4438,.T.);
#4438 = EDGE_CURVE('',#4431,#4439,#4441,.T.);
#4439 = VERTEX_POINT('',#4440);
#4440 = CARTESIAN_POINT('',(59.75,10.25,180.));
#4441 = LINE('',#4442,#4443);
#4442 = CARTESIAN_POINT('',(59.75,-12.625,180.));
#4443 = VECTOR('',#4444,1.);
#4444 = DIRECTION('',(-0.,1.,0.));
#4445 = ORIENTED_EDGE('',*,*,#4446,.F.);
#4446 = EDGE_CURVE('',#4447,#4439,#4449,.T.);
#4447 = VERTEX_POINT('',#4448);
#4448 = CARTESIAN_POINT('',(80.25,10.25,180.));
#4449 = LINE('',#4450,#4451);
#4450 = CARTESIAN_POINT('',(57.375,10.25,180.));
#4451 = VECTOR('',#4452,1.);
#4452 = DIRECTION('',(-1.,-0.,0.));
#4453 = ORIENTED_EDGE('',*,*,#4454,.F.);
#4454 = EDGE_CURVE('',#4429,#4447,#4455,.T.);
#4455 = LINE('',#4456,#4457);
#4456 = CARTESIAN_POINT('',(80.25,-12.625,180.));
#4457 = VECTOR('',#4458,1.);
#4458 = DIRECTION('',(-0.,1.,0.));
#4459 = PLANE('',#4460);
#4460 = AXIS2_PLACEMENT_3D('',#4461,#4462,#4463);
#4461 = CARTESIAN_POINT('',(55.,-15.,180.));
#4462 = DIRECTION('',(0.,0.,1.));
#4463 = DIRECTION('',(1.,0.,-0.));
#4464 = ADVANCED_FACE('',(#4465),#4476,.T.);
#4465 = FACE_BOUND('',#4466,.T.);
#4466 = EDGE_LOOP('',(#4467,#4468,#4469,#4470));
#4467 = ORIENTED_EDGE('',*,*,#4420,.F.);
#4468 = ORIENTED_EDGE('',*,*,#4288,.T.);
#4469 = ORIENTED_EDGE('',*,*,#4362,.T.);
#4470 = ORIENTED_EDGE('',*,*,#4471,.F.);
#4471 = EDGE_CURVE('',#4413,#4355,#4472,.T.);
#4472 = LINE('',#4473,#4474);
#4473 = CARTESIAN_POINT('',(85.,15.,180.));
#4474 = VECTOR('',#4475,1.);
#4475 = DIRECTION('',(0.,0.,1.));
#4476 = PLANE('',#4477);
#4477 = AXIS2_PLACEMENT_3D('',#4478,#4479,#4480);
#4478 = CARTESIAN_POINT('',(55.,15.,180.));
#4479 = DIRECTION('',(-0.,1.,0.));
#4480 = DIRECTION('',(0.,0.,1.));
#4481 = ADVANCED_FACE('',(#4482),#4501,.F.);
#4482 = FACE_BOUND('',#4483,.F.);
#4483 = EDGE_LOOP('',(#4484,#4493,#4499,#4500));
#4484 = ORIENTED_EDGE('',*,*,#4485,.F.);
#4485 = EDGE_CURVE('',#4486,#4486,#4488,.T.);
#4486 = VERTEX_POINT('',#4487);
#4487 = CARTESIAN_POINT('',(59.75,5.143516556419E-16,194.6));
#4488 = CIRCLE('',#4489,2.1);
#4489 = AXIS2_PLACEMENT_3D('',#4490,#4491,#4492);
#4490 = CARTESIAN_POINT('',(59.75,0.,192.5));
#4491 = DIRECTION('',(1.,0.,0.));
#4492 = DIRECTION('',(-0.,0.,1.));
#4493 = ORIENTED_EDGE('',*,*,#4494,.F.);
#4494 = EDGE_CURVE('',#4305,#4486,#4495,.T.);
#4495 = LINE('',#4496,#4497);
#4496 = CARTESIAN_POINT('',(50.,5.143516556419E-16,194.6));
#4497 = VECTOR('',#4498,1.);
#4498 = DIRECTION('',(1.,0.,0.));
#4499 = ORIENTED_EDGE('',*,*,#4304,.T.);
#4500 = ORIENTED_EDGE('',*,*,#4494,.T.);
#4501 = CYLINDRICAL_SURFACE('',#4502,2.1);
#4502 = AXIS2_PLACEMENT_3D('',#4503,#4504,#4505);
#4503 = CARTESIAN_POINT('',(50.,0.,192.5));
#4504 = DIRECTION('',(1.,0.,0.));
#4505 = DIRECTION('',(-0.,0.,1.));
#4506 = ADVANCED_FACE('',(#4507,#4513),#4524,.T.);
#4507 = FACE_BOUND('',#4508,.T.);
#4508 = EDGE_LOOP('',(#4509,#4510,#4511,#4512));
#4509 = ORIENTED_EDGE('',*,*,#4338,.F.);
#4510 = ORIENTED_EDGE('',*,*,#4412,.T.);
#4511 = ORIENTED_EDGE('',*,*,#4471,.T.);
#4512 = ORIENTED_EDGE('',*,*,#4354,.F.);
#4513 = FACE_BOUND('',#4514,.T.);
#4514 = EDGE_LOOP('',(#4515));
#4515 = ORIENTED_EDGE('',*,*,#4516,.F.);
#4516 = EDGE_CURVE('',#4517,#4517,#4519,.T.);
#4517 = VERTEX_POINT('',#4518);
#4518 = CARTESIAN_POINT('',(85.,5.143516556419E-16,194.6));
#4519 = CIRCLE('',#4520,2.1);
#4520 = AXIS2_PLACEMENT_3D('',#4521,#4522,#4523);
#4521 = CARTESIAN_POINT('',(85.,0.,192.5));
#4522 = DIRECTION('',(1.,0.,0.));
#4523 = DIRECTION('',(-0.,0.,1.));
#4524 = PLANE('',#4525);
#4525 = AXIS2_PLACEMENT_3D('',#4526,#4527,#4528);
#4526 = CARTESIAN_POINT('',(85.,-15.,180.));
#4527 = DIRECTION('',(1.,0.,-0.));
#4528 = DIRECTION('',(0.,0.,1.));
#4529 = ADVANCED_FACE('',(#4530),#4555,.F.);
#4530 = FACE_BOUND('',#4531,.F.);
#4531 = EDGE_LOOP('',(#4532,#4540,#4541,#4549));
#4532 = ORIENTED_EDGE('',*,*,#4533,.F.);
#4533 = EDGE_CURVE('',#4371,#4534,#4536,.T.);
#4534 = VERTEX_POINT('',#4535);
#4535 = CARTESIAN_POINT('',(80.,-10.,363.));
#4536 = LINE('',#4537,#4538);
#4537 = CARTESIAN_POINT('',(80.,-10.,349.));
#4538 = VECTOR('',#4539,1.);
#4539 = DIRECTION('',(0.,0.,1.));
#4540 = ORIENTED_EDGE('',*,*,#4370,.T.);
#4541 = ORIENTED_EDGE('',*,*,#4542,.T.);
#4542 = EDGE_CURVE('',#4373,#4543,#4545,.T.);
#4543 = VERTEX_POINT('',#4544);
#4544 = CARTESIAN_POINT('',(60.,-10.,363.));
#4545 = LINE('',#4546,#4547);
#4546 = CARTESIAN_POINT('',(60.,-10.,349.));
#4547 = VECTOR('',#4548,1.);
#4548 = DIRECTION('',(0.,0.,1.));
#4549 = ORIENTED_EDGE('',*,*,#4550,.T.);
#4550 = EDGE_CURVE('',#4543,#4534,#4551,.T.);
#4551 = LINE('',#4552,#4553);
#4552 = CARTESIAN_POINT('',(60.,-10.,363.));
#4553 = VECTOR('',#4554,1.);
#4554 = DIRECTION('',(1.,0.,-0.));
#4555 = PLANE('',#4556);
#4556 = AXIS2_PLACEMENT_3D('',#4557,#4558,#4559);
#4557 = CARTESIAN_POINT('',(60.,-10.,349.));
#4558 = DIRECTION('',(-0.,1.,0.));
#4559 = DIRECTION('',(0.,0.,1.));
#4560 = ADVANCED_FACE('',(#4561,#4579),#4590,.T.);
#4561 = FACE_BOUND('',#4562,.T.);
#4562 = EDGE_LOOP('',(#4563,#4564,#4565,#4573));
#4563 = ORIENTED_EDGE('',*,*,#4533,.F.);
#4564 = ORIENTED_EDGE('',*,*,#4396,.T.);
#4565 = ORIENTED_EDGE('',*,*,#4566,.T.);
#4566 = EDGE_CURVE('',#4389,#4567,#4569,.T.);
#4567 = VERTEX_POINT('',#4568);
#4568 = CARTESIAN_POINT('',(80.,10.,363.));
#4569 = LINE('',#4570,#4571);
#4570 = CARTESIAN_POINT('',(80.,10.,349.));
#4571 = VECTOR('',#4572,1.);
#4572 = DIRECTION('',(0.,0.,1.));
#4573 = ORIENTED_EDGE('',*,*,#4574,.F.);
#4574 = EDGE_CURVE('',#4534,#4567,#4575,.T.);
#4575 = LINE('',#4576,#4577);
#4576 = CARTESIAN_POINT('',(80.,-10.,363.));
#4577 = VECTOR('',#4578,1.);
#4578 = DIRECTION('',(-0.,1.,0.));
#4579 = FACE_BOUND('',#4580,.T.);
#4580 = EDGE_LOOP('',(#4581));
#4581 = ORIENTED_EDGE('',*,*,#4582,.F.);
#4582 = EDGE_CURVE('',#4583,#4583,#4585,.T.);
#4583 = VERTEX_POINT('',#4584);
#4584 = CARTESIAN_POINT('',(80.,5.143516556419E-16,358.1));
#4585 = CIRCLE('',#4586,2.1);
#4586 = AXIS2_PLACEMENT_3D('',#4587,#4588,#4589);
#4587 = CARTESIAN_POINT('',(80.,0.,356.));
#4588 = DIRECTION('',(1.,0.,0.));
#4589 = DIRECTION('',(-0.,0.,1.));
#4590 = PLANE('',#4591);
#4591 = AXIS2_PLACEMENT_3D('',#4592,#4593,#4594);
#4592 = CARTESIAN_POINT('',(80.,-10.,349.));
#4593 = DIRECTION('',(1.,0.,-0.));
#4594 = DIRECTION('',(0.,0.,1.));
#4595 = ADVANCED_FACE('',(#4596),#4614,.T.);
#4596 = FACE_BOUND('',#4597,.T.);
#4597 = EDGE_LOOP('',(#4598,#4599,#4600,#4608));
#4598 = ORIENTED_EDGE('',*,*,#4566,.F.);
#4599 = ORIENTED_EDGE('',*,*,#4388,.T.);
#4600 = ORIENTED_EDGE('',*,*,#4601,.T.);
#4601 = EDGE_CURVE('',#4381,#4602,#4604,.T.);
#4602 = VERTEX_POINT('',#4603);
#4603 = CARTESIAN_POINT('',(60.,10.,363.));
#4604 = LINE('',#4605,#4606);
#4605 = CARTESIAN_POINT('',(60.,10.,349.));
#4606 = VECTOR('',#4607,1.);
#4607 = DIRECTION('',(0.,0.,1.));
#4608 = ORIENTED_EDGE('',*,*,#4609,.T.);
#4609 = EDGE_CURVE('',#4602,#4567,#4610,.T.);
#4610 = LINE('',#4611,#4612);
#4611 = CARTESIAN_POINT('',(60.,10.,363.));
#4612 = VECTOR('',#4613,1.);
#4613 = DIRECTION('',(1.,0.,-0.));
#4614 = PLANE('',#4615);
#4615 = AXIS2_PLACEMENT_3D('',#4616,#4617,#4618);
#4616 = CARTESIAN_POINT('',(60.,10.,349.));
#4617 = DIRECTION('',(-0.,1.,0.));
#4618 = DIRECTION('',(0.,0.,1.));
#4619 = ADVANCED_FACE('',(#4620,#4631),#4642,.F.);
#4620 = FACE_BOUND('',#4621,.F.);
#4621 = EDGE_LOOP('',(#4622,#4623,#4624,#4625));
#4622 = ORIENTED_EDGE('',*,*,#4542,.F.);
#4623 = ORIENTED_EDGE('',*,*,#4380,.T.);
#4624 = ORIENTED_EDGE('',*,*,#4601,.T.);
#4625 = ORIENTED_EDGE('',*,*,#4626,.F.);
#4626 = EDGE_CURVE('',#4543,#4602,#4627,.T.);
#4627 = LINE('',#4628,#4629);
#4628 = CARTESIAN_POINT('',(60.,-10.,363.));
#4629 = VECTOR('',#4630,1.);
#4630 = DIRECTION('',(-0.,1.,0.));
#4631 = FACE_BOUND('',#4632,.F.);
#4632 = EDGE_LOOP('',(#4633));
#4633 = ORIENTED_EDGE('',*,*,#4634,.F.);
#4634 = EDGE_CURVE('',#4635,#4635,#4637,.T.);
#4635 = VERTEX_POINT('',#4636);
#4636 = CARTESIAN_POINT('',(60.,5.143516556419E-16,358.1));
#4637 = CIRCLE('',#4638,2.1);
#4638 = AXIS2_PLACEMENT_3D('',#4639,#4640,#4641);
#4639 = CARTESIAN_POINT('',(60.,0.,356.));
#4640 = DIRECTION('',(1.,0.,0.));
#4641 = DIRECTION('',(-0.,0.,1.));
#4642 = PLANE('',#4643);
#4643 = AXIS2_PLACEMENT_3D('',#4644,#4645,#4646);
#4644 = CARTESIAN_POINT('',(60.,-10.,349.));
#4645 = DIRECTION('',(1.,0.,-0.));
#4646 = DIRECTION('',(0.,0.,1.));
#4647 = ADVANCED_FACE('',(#4648),#4673,.T.);
#4648 = FACE_BOUND('',#4649,.T.);
#4649 = EDGE_LOOP('',(#4650,#4658,#4659,#4667));
#4650 = ORIENTED_EDGE('',*,*,#4651,.F.);
#4651 = EDGE_CURVE('',#4429,#4652,#4654,.T.);
#4652 = VERTEX_POINT('',#4653);
#4653 = CARTESIAN_POINT('',(80.25,-10.25,205.5));
#4654 = LINE('',#4655,#4656);
#4655 = CARTESIAN_POINT('',(80.25,-10.25,179.5));
#4656 = VECTOR('',#4657,1.);
#4657 = DIRECTION('',(0.,0.,1.));
#4658 = ORIENTED_EDGE('',*,*,#4428,.T.);
#4659 = ORIENTED_EDGE('',*,*,#4660,.T.);
#4660 = EDGE_CURVE('',#4431,#4661,#4663,.T.);
#4661 = VERTEX_POINT('',#4662);
#4662 = CARTESIAN_POINT('',(59.75,-10.25,205.5));
#4663 = LINE('',#4664,#4665);
#4664 = CARTESIAN_POINT('',(59.75,-10.25,179.5));
#4665 = VECTOR('',#4666,1.);
#4666 = DIRECTION('',(0.,0.,1.));
#4667 = ORIENTED_EDGE('',*,*,#4668,.T.);
#4668 = EDGE_CURVE('',#4661,#4652,#4669,.T.);
#4669 = LINE('',#4670,#4671);
#4670 = CARTESIAN_POINT('',(59.75,-10.25,205.5));
#4671 = VECTOR('',#4672,1.);
#4672 = DIRECTION('',(1.,0.,-0.));
#4673 = PLANE('',#4674);
#4674 = AXIS2_PLACEMENT_3D('',#4675,#4676,#4677);
#4675 = CARTESIAN_POINT('',(59.75,-10.25,179.5));
#4676 = DIRECTION('',(-0.,1.,0.));
#4677 = DIRECTION('',(0.,0.,1.));
#4678 = ADVANCED_FACE('',(#4679,#4697),#4708,.F.);
#4679 = FACE_BOUND('',#4680,.F.);
#4680 = EDGE_LOOP('',(#4681,#4682,#4683,#4691));
#4681 = ORIENTED_EDGE('',*,*,#4651,.F.);
#4682 = ORIENTED_EDGE('',*,*,#4454,.T.);
#4683 = ORIENTED_EDGE('',*,*,#4684,.T.);
#4684 = EDGE_CURVE('',#4447,#4685,#4687,.T.);
#4685 = VERTEX_POINT('',#4686);
#4686 = CARTESIAN_POINT('',(80.25,10.25,205.5));
#4687 = LINE('',#4688,#4689);
#4688 = CARTESIAN_POINT('',(80.25,10.25,179.5));
#4689 = VECTOR('',#4690,1.);
#4690 = DIRECTION('',(0.,0.,1.));
#4691 = ORIENTED_EDGE('',*,*,#4692,.F.);
#4692 = EDGE_CURVE('',#4652,#4685,#4693,.T.);
#4693 = LINE('',#4694,#4695);
#4694 = CARTESIAN_POINT('',(80.25,-10.25,205.5));
#4695 = VECTOR('',#4696,1.);
#4696 = DIRECTION('',(-0.,1.,0.));
#4697 = FACE_BOUND('',#4698,.F.);
#4698 = EDGE_LOOP('',(#4699));
#4699 = ORIENTED_EDGE('',*,*,#4700,.F.);
#4700 = EDGE_CURVE('',#4701,#4701,#4703,.T.);
#4701 = VERTEX_POINT('',#4702);
#4702 = CARTESIAN_POINT('',(80.25,5.143516556419E-16,194.6));
#4703 = CIRCLE('',#4704,2.1);
#4704 = AXIS2_PLACEMENT_3D('',#4705,#4706,#4707);
#4705 = CARTESIAN_POINT('',(80.25,0.,192.5));
#4706 = DIRECTION('',(1.,0.,0.));
#4707 = DIRECTION('',(-0.,0.,1.));
#4708 = PLANE('',#4709);
#4709 = AXIS2_PLACEMENT_3D('',#4710,#4711,#4712);
#4710 = CARTESIAN_POINT('',(80.25,-10.25,179.5));
#4711 = DIRECTION('',(1.,0.,-0.));
#4712 = DIRECTION('',(0.,0.,1.));
#4713 = ADVANCED_FACE('',(#4714),#4732,.F.);
#4714 = FACE_BOUND('',#4715,.F.);
#4715 = EDGE_LOOP('',(#4716,#4717,#4718,#4726));
#4716 = ORIENTED_EDGE('',*,*,#4684,.F.);
#4717 = ORIENTED_EDGE('',*,*,#4446,.T.);
#4718 = ORIENTED_EDGE('',*,*,#4719,.T.);
#4719 = EDGE_CURVE('',#4439,#4720,#4722,.T.);
#4720 = VERTEX_POINT('',#4721);
#4721 = CARTESIAN_POINT('',(59.75,10.25,205.5));
#4722 = LINE('',#4723,#4724);
#4723 = CARTESIAN_POINT('',(59.75,10.25,179.5));
#4724 = VECTOR('',#4725,1.);
#4725 = DIRECTION('',(0.,0.,1.));
#4726 = ORIENTED_EDGE('',*,*,#4727,.T.);
#4727 = EDGE_CURVE('',#4720,#4685,#4728,.T.);
#4728 = LINE('',#4729,#4730);
#4729 = CARTESIAN_POINT('',(59.75,10.25,205.5));
#4730 = VECTOR('',#4731,1.);
#4731 = DIRECTION('',(1.,0.,-0.));
#4732 = PLANE('',#4733);
#4733 = AXIS2_PLACEMENT_3D('',#4734,#4735,#4736);
#4734 = CARTESIAN_POINT('',(59.75,10.25,179.5));
#4735 = DIRECTION('',(-0.,1.,0.));
#4736 = DIRECTION('',(0.,0.,1.));
#4737 = ADVANCED_FACE('',(#4738,#4749),#4752,.T.);
#4738 = FACE_BOUND('',#4739,.T.);
#4739 = EDGE_LOOP('',(#4740,#4741,#4742,#4743));
#4740 = ORIENTED_EDGE('',*,*,#4660,.F.);
#4741 = ORIENTED_EDGE('',*,*,#4438,.T.);
#4742 = ORIENTED_EDGE('',*,*,#4719,.T.);
#4743 = ORIENTED_EDGE('',*,*,#4744,.F.);
#4744 = EDGE_CURVE('',#4661,#4720,#4745,.T.);
#4745 = LINE('',#4746,#4747);
#4746 = CARTESIAN_POINT('',(59.75,-10.25,205.5));
#4747 = VECTOR('',#4748,1.);
#4748 = DIRECTION('',(-0.,1.,0.));
#4749 = FACE_BOUND('',#4750,.T.);
#4750 = EDGE_LOOP('',(#4751));
#4751 = ORIENTED_EDGE('',*,*,#4485,.F.);
#4752 = PLANE('',#4753);
#4753 = AXIS2_PLACEMENT_3D('',#4754,#4755,#4756);
#4754 = CARTESIAN_POINT('',(59.75,-10.25,179.5));
#4755 = DIRECTION('',(1.,0.,-0.));
#4756 = DIRECTION('',(0.,0.,1.));
#4757 = ADVANCED_FACE('',(#4758),#4769,.F.);
#4758 = FACE_BOUND('',#4759,.F.);
#4759 = EDGE_LOOP('',(#4760,#4761,#4767,#4768));
#4760 = ORIENTED_EDGE('',*,*,#4516,.F.);
#4761 = ORIENTED_EDGE('',*,*,#4762,.F.);
#4762 = EDGE_CURVE('',#4701,#4517,#4763,.T.);
#4763 = LINE('',#4764,#4765);
#4764 = CARTESIAN_POINT('',(50.,5.143516556419E-16,194.6));
#4765 = VECTOR('',#4766,1.);
#4766 = DIRECTION('',(1.,0.,0.));
#4767 = ORIENTED_EDGE('',*,*,#4700,.T.);
#4768 = ORIENTED_EDGE('',*,*,#4762,.T.);
#4769 = CYLINDRICAL_SURFACE('',#4770,2.1);
#4770 = AXIS2_PLACEMENT_3D('',#4771,#4772,#4773);
#4771 = CARTESIAN_POINT('',(50.,0.,192.5));
#4772 = DIRECTION('',(1.,0.,0.));
#4773 = DIRECTION('',(-0.,0.,1.));
#4774 = ADVANCED_FACE('',(#4775),#4781,.T.);
#4775 = FACE_BOUND('',#4776,.T.);
#4776 = EDGE_LOOP('',(#4777,#4778,#4779,#4780));
#4777 = ORIENTED_EDGE('',*,*,#4626,.F.);
#4778 = ORIENTED_EDGE('',*,*,#4550,.T.);
#4779 = ORIENTED_EDGE('',*,*,#4574,.T.);
#4780 = ORIENTED_EDGE('',*,*,#4609,.F.);
#4781 = PLANE('',#4782);
#4782 = AXIS2_PLACEMENT_3D('',#4783,#4784,#4785);
#4783 = CARTESIAN_POINT('',(60.,-10.,363.));
#4784 = DIRECTION('',(0.,0.,1.));
#4785 = DIRECTION('',(1.,0.,-0.));
#4786 = ADVANCED_FACE('',(#4787),#4798,.F.);
#4787 = FACE_BOUND('',#4788,.F.);
#4788 = EDGE_LOOP('',(#4789,#4790,#4796,#4797));
#4789 = ORIENTED_EDGE('',*,*,#4582,.F.);
#4790 = ORIENTED_EDGE('',*,*,#4791,.F.);
#4791 = EDGE_CURVE('',#4635,#4583,#4792,.T.);
#4792 = LINE('',#4793,#4794);
#4793 = CARTESIAN_POINT('',(50.,5.143516556419E-16,358.1));
#4794 = VECTOR('',#4795,1.);
#4795 = DIRECTION('',(1.,0.,0.));
#4796 = ORIENTED_EDGE('',*,*,#4634,.T.);
#4797 = ORIENTED_EDGE('',*,*,#4791,.T.);
#4798 = CYLINDRICAL_SURFACE('',#4799,2.1);
#4799 = AXIS2_PLACEMENT_3D('',#4800,#4801,#4802);
#4800 = CARTESIAN_POINT('',(50.,0.,356.));
#4801 = DIRECTION('',(1.,0.,0.));
#4802 = DIRECTION('',(-0.,0.,1.));
#4803 = ADVANCED_FACE('',(#4804),#4810,.F.);
#4804 = FACE_BOUND('',#4805,.F.);
#4805 = EDGE_LOOP('',(#4806,#4807,#4808,#4809));
#4806 = ORIENTED_EDGE('',*,*,#4744,.F.);
#4807 = ORIENTED_EDGE('',*,*,#4668,.T.);
#4808 = ORIENTED_EDGE('',*,*,#4692,.T.);
#4809 = ORIENTED_EDGE('',*,*,#4727,.F.);
#4810 = PLANE('',#4811);
#4811 = AXIS2_PLACEMENT_3D('',#4812,#4813,#4814);
#4812 = CARTESIAN_POINT('',(59.75,-10.25,205.5));
#4813 = DIRECTION('',(0.,0.,1.));
#4814 = DIRECTION('',(1.,0.,-0.));
#4815 = MANIFOLD_SOLID_BREP('',#4816);
#4816 = CLOSED_SHELL('',(#4817,#4891,#4922,#4964,#5006,#5037,#5068,#5092
    ,#5116,#5133,#5157,#5185,#5209,#5233,#5250,#5275,#5299,#5316,#5341,
    #5356));
#4817 = ADVANCED_FACE('',(#4818,#4852),#4886,.F.);
#4818 = FACE_BOUND('',#4819,.F.);
#4819 = EDGE_LOOP('',(#4820,#4830,#4838,#4846));
#4820 = ORIENTED_EDGE('',*,*,#4821,.F.);
#4821 = EDGE_CURVE('',#4822,#4824,#4826,.T.);
#4822 = VERTEX_POINT('',#4823);
#4823 = CARTESIAN_POINT('',(-54.75,-7.5,82.5));
#4824 = VERTEX_POINT('',#4825);
#4825 = CARTESIAN_POINT('',(54.75,-7.5,82.5));
#4826 = LINE('',#4827,#4828);
#4827 = CARTESIAN_POINT('',(-54.75,-7.5,82.5));
#4828 = VECTOR('',#4829,1.);
#4829 = DIRECTION('',(1.,0.,-0.));
#4830 = ORIENTED_EDGE('',*,*,#4831,.T.);
#4831 = EDGE_CURVE('',#4822,#4832,#4834,.T.);
#4832 = VERTEX_POINT('',#4833);
#4833 = CARTESIAN_POINT('',(-54.75,-7.5,107.5));
#4834 = LINE('',#4835,#4836);
#4835 = CARTESIAN_POINT('',(-54.75,-7.5,82.5));
#4836 = VECTOR('',#4837,1.);
#4837 = DIRECTION('',(0.,0.,1.));
#4838 = ORIENTED_EDGE('',*,*,#4839,.T.);
#4839 = EDGE_CURVE('',#4832,#4840,#4842,.T.);
#4840 = VERTEX_POINT('',#4841);
#4841 = CARTESIAN_POINT('',(54.75,-7.5,107.5));
#4842 = LINE('',#4843,#4844);
#4843 = CARTESIAN_POINT('',(-54.75,-7.5,107.5));
#4844 = VECTOR('',#4845,1.);
#4845 = DIRECTION('',(1.,0.,-0.));
#4846 = ORIENTED_EDGE('',*,*,#4847,.F.);
#4847 = EDGE_CURVE('',#4824,#4840,#4848,.T.);
#4848 = LINE('',#4849,#4850);
#4849 = CARTESIAN_POINT('',(54.75,-7.5,82.5));
#4850 = VECTOR('',#4851,1.);
#4851 = DIRECTION('',(0.,0.,1.));
#4852 = FACE_BOUND('',#4853,.F.);
#4853 = EDGE_LOOP('',(#4854,#4864,#4872,#4880));
#4854 = ORIENTED_EDGE('',*,*,#4855,.F.);
#4855 = EDGE_CURVE('',#4856,#4858,#4860,.T.);
#4856 = VERTEX_POINT('',#4857);
#4857 = CARTESIAN_POINT('',(-30.,-7.5,101.5));
#4858 = VERTEX_POINT('',#4859);
#4859 = CARTESIAN_POINT('',(30.,-7.5,101.5));
#4860 = LINE('',#4861,#4862);
#4861 = CARTESIAN_POINT('',(-42.375,-7.5,101.5));
#4862 = VECTOR('',#4863,1.);
#4863 = DIRECTION('',(1.,0.,-0.));
#4864 = ORIENTED_EDGE('',*,*,#4865,.T.);
#4865 = EDGE_CURVE('',#4856,#4866,#4868,.T.);
#4866 = VERTEX_POINT('',#4867);
#4867 = CARTESIAN_POINT('',(-30.,-7.5,88.5));
#4868 = LINE('',#4869,#4870);
#4869 = CARTESIAN_POINT('',(-30.,-7.5,85.5));
#4870 = VECTOR('',#4871,1.);
#4871 = DIRECTION('',(-0.,0.,-1.));
#4872 = ORIENTED_EDGE('',*,*,#4873,.T.);
#4873 = EDGE_CURVE('',#4866,#4874,#4876,.T.);
#4874 = VERTEX_POINT('',#4875);
#4875 = CARTESIAN_POINT('',(30.,-7.5,88.5));
#4876 = LINE('',#4877,#4878);
#4877 = CARTESIAN_POINT('',(-42.375,-7.5,88.5));
#4878 = VECTOR('',#4879,1.);
#4879 = DIRECTION('',(1.,0.,-0.));
#4880 = ORIENTED_EDGE('',*,*,#4881,.F.);
#4881 = EDGE_CURVE('',#4858,#4874,#4882,.T.);
#4882 = LINE('',#4883,#4884);
#4883 = CARTESIAN_POINT('',(30.,-7.5,85.5));
#4884 = VECTOR('',#4885,1.);
#4885 = DIRECTION('',(-0.,0.,-1.));
#4886 = PLANE('',#4887);
#4887 = AXIS2_PLACEMENT_3D('',#4888,#4889,#4890);
#4888 = CARTESIAN_POINT('',(-54.75,-7.5,82.5));
#4889 = DIRECTION('',(-0.,1.,0.));
#4890 = DIRECTION('',(0.,0.,1.));
#4891 = ADVANCED_FACE('',(#4892),#4917,.F.);
#4892 = FACE_BOUND('',#4893,.F.);
#4893 = EDGE_LOOP('',(#4894,#4902,#4903,#4911));
#4894 = ORIENTED_EDGE('',*,*,#4895,.F.);
#4895 = EDGE_CURVE('',#4822,#4896,#4898,.T.);
#4896 = VERTEX_POINT('',#4897);
#4897 = CARTESIAN_POINT('',(-54.75,7.5,82.5));
#4898 = LINE('',#4899,#4900);
#4899 = CARTESIAN_POINT('',(-54.75,-7.5,82.5));
#4900 = VECTOR('',#4901,1.);
#4901 = DIRECTION('',(-0.,1.,0.));
#4902 = ORIENTED_EDGE('',*,*,#4821,.T.);
#4903 = ORIENTED_EDGE('',*,*,#4904,.T.);
#4904 = EDGE_CURVE('',#4824,#4905,#4907,.T.);
#4905 = VERTEX_POINT('',#4906);
#4906 = CARTESIAN_POINT('',(54.75,7.5,82.5));
#4907 = LINE('',#4908,#4909);
#4908 = CARTESIAN_POINT('',(54.75,-7.5,82.5));
#4909 = VECTOR('',#4910,1.);
#4910 = DIRECTION('',(-0.,1.,0.));
#4911 = ORIENTED_EDGE('',*,*,#4912,.F.);
#4912 = EDGE_CURVE('',#4896,#4905,#4913,.T.);
#4913 = LINE('',#4914,#4915);
#4914 = CARTESIAN_POINT('',(-54.75,7.5,82.5));
#4915 = VECTOR('',#4916,1.);
#4916 = DIRECTION('',(1.,0.,-0.));
#4917 = PLANE('',#4918);
#4918 = AXIS2_PLACEMENT_3D('',#4919,#4920,#4921);
#4919 = CARTESIAN_POINT('',(-54.75,-7.5,82.5));
#4920 = DIRECTION('',(0.,0.,1.));
#4921 = DIRECTION('',(1.,0.,-0.));
#4922 = ADVANCED_FACE('',(#4923,#4948),#4959,.F.);
#4923 = FACE_BOUND('',#4924,.F.);
#4924 = EDGE_LOOP('',(#4925,#4933,#4941,#4947));
#4925 = ORIENTED_EDGE('',*,*,#4926,.F.);
#4926 = EDGE_CURVE('',#4927,#4822,#4929,.T.);
#4927 = VERTEX_POINT('',#4928);
#4928 = CARTESIAN_POINT('',(-64.75,-7.5,82.5));
#4929 = LINE('',#4930,#4931);
#4930 = CARTESIAN_POINT('',(-64.75,-7.5,82.5));
#4931 = VECTOR('',#4932,1.);
#4932 = DIRECTION('',(1.,0.,-0.));
#4933 = ORIENTED_EDGE('',*,*,#4934,.T.);
#4934 = EDGE_CURVE('',#4927,#4935,#4937,.T.);
#4935 = VERTEX_POINT('',#4936);
#4936 = CARTESIAN_POINT('',(-64.75,-7.5,107.5));
#4937 = LINE('',#4938,#4939);
#4938 = CARTESIAN_POINT('',(-64.75,-7.5,82.5));
#4939 = VECTOR('',#4940,1.);
#4940 = DIRECTION('',(0.,0.,1.));
#4941 = ORIENTED_EDGE('',*,*,#4942,.T.);
#4942 = EDGE_CURVE('',#4935,#4832,#4943,.T.);
#4943 = LINE('',#4944,#4945);
#4944 = CARTESIAN_POINT('',(-64.75,-7.5,107.5));
#4945 = VECTOR('',#4946,1.);
#4946 = DIRECTION('',(1.,0.,-0.));
#4947 = ORIENTED_EDGE('',*,*,#4831,.F.);
#4948 = FACE_BOUND('',#4949,.F.);
#4949 = EDGE_LOOP('',(#4950));
#4950 = ORIENTED_EDGE('',*,*,#4951,.F.);
#4951 = EDGE_CURVE('',#4952,#4952,#4954,.T.);
#4952 = VERTEX_POINT('',#4953);
#4953 = CARTESIAN_POINT('',(-59.75,-7.5,97.1));
#4954 = CIRCLE('',#4955,2.1);
#4955 = AXIS2_PLACEMENT_3D('',#4956,#4957,#4958);
#4956 = CARTESIAN_POINT('',(-59.75,-7.5,95.));
#4957 = DIRECTION('',(0.,1.,0.));
#4958 = DIRECTION('',(0.,-0.,1.));
#4959 = PLANE('',#4960);
#4960 = AXIS2_PLACEMENT_3D('',#4961,#4962,#4963);
#4961 = CARTESIAN_POINT('',(-64.75,-7.5,82.5));
#4962 = DIRECTION('',(-0.,1.,0.));
#4963 = DIRECTION('',(0.,0.,1.));
#4964 = ADVANCED_FACE('',(#4965,#4990),#5001,.F.);
#4965 = FACE_BOUND('',#4966,.F.);
#4966 = EDGE_LOOP('',(#4967,#4975,#4976,#4984));
#4967 = ORIENTED_EDGE('',*,*,#4968,.F.);
#4968 = EDGE_CURVE('',#4824,#4969,#4971,.T.);
#4969 = VERTEX_POINT('',#4970);
#4970 = CARTESIAN_POINT('',(64.75,-7.5,82.5));
#4971 = LINE('',#4972,#4973);
#4972 = CARTESIAN_POINT('',(54.75,-7.5,82.5));
#4973 = VECTOR('',#4974,1.);
#4974 = DIRECTION('',(1.,0.,-0.));
#4975 = ORIENTED_EDGE('',*,*,#4847,.T.);
#4976 = ORIENTED_EDGE('',*,*,#4977,.T.);
#4977 = EDGE_CURVE('',#4840,#4978,#4980,.T.);
#4978 = VERTEX_POINT('',#4979);
#4979 = CARTESIAN_POINT('',(64.75,-7.5,107.5));
#4980 = LINE('',#4981,#4982);
#4981 = CARTESIAN_POINT('',(54.75,-7.5,107.5));
#4982 = VECTOR('',#4983,1.);
#4983 = DIRECTION('',(1.,0.,-0.));
#4984 = ORIENTED_EDGE('',*,*,#4985,.F.);
#4985 = EDGE_CURVE('',#4969,#4978,#4986,.T.);
#4986 = LINE('',#4987,#4988);
#4987 = CARTESIAN_POINT('',(64.75,-7.5,82.5));
#4988 = VECTOR('',#4989,1.);
#4989 = DIRECTION('',(0.,0.,1.));
#4990 = FACE_BOUND('',#4991,.F.);
#4991 = EDGE_LOOP('',(#4992));
#4992 = ORIENTED_EDGE('',*,*,#4993,.F.);
#4993 = EDGE_CURVE('',#4994,#4994,#4996,.T.);
#4994 = VERTEX_POINT('',#4995);
#4995 = CARTESIAN_POINT('',(59.75,-7.5,97.1));
#4996 = CIRCLE('',#4997,2.1);
#4997 = AXIS2_PLACEMENT_3D('',#4998,#4999,#5000);
#4998 = CARTESIAN_POINT('',(59.75,-7.5,95.));
#4999 = DIRECTION('',(0.,1.,0.));
#5000 = DIRECTION('',(0.,-0.,1.));
#5001 = PLANE('',#5002);
#5002 = AXIS2_PLACEMENT_3D('',#5003,#5004,#5005);
#5003 = CARTESIAN_POINT('',(54.75,-7.5,82.5));
#5004 = DIRECTION('',(-0.,1.,0.));
#5005 = DIRECTION('',(0.,0.,1.));
#5006 = ADVANCED_FACE('',(#5007),#5032,.T.);
#5007 = FACE_BOUND('',#5008,.T.);
#5008 = EDGE_LOOP('',(#5009,#5017,#5018,#5026));
#5009 = ORIENTED_EDGE('',*,*,#5010,.F.);
#5010 = EDGE_CURVE('',#4832,#5011,#5013,.T.);
#5011 = VERTEX_POINT('',#5012);
#5012 = CARTESIAN_POINT('',(-54.75,7.5,107.5));
#5013 = LINE('',#5014,#5015);
#5014 = CARTESIAN_POINT('',(-54.75,-7.5,107.5));
#5015 = VECTOR('',#5016,1.);
#5016 = DIRECTION('',(-0.,1.,0.));
#5017 = ORIENTED_EDGE('',*,*,#4839,.T.);
#5018 = ORIENTED_EDGE('',*,*,#5019,.T.);
#5019 = EDGE_CURVE('',#4840,#5020,#5022,.T.);
#5020 = VERTEX_POINT('',#5021);
#5021 = CARTESIAN_POINT('',(54.75,7.5,107.5));
#5022 = LINE('',#5023,#5024);
#5023 = CARTESIAN_POINT('',(54.75,-7.5,107.5));
#5024 = VECTOR('',#5025,1.);
#5025 = DIRECTION('',(-0.,1.,0.));
#5026 = ORIENTED_EDGE('',*,*,#5027,.F.);
#5027 = EDGE_CURVE('',#5011,#5020,#5028,.T.);
#5028 = LINE('',#5029,#5030);
#5029 = CARTESIAN_POINT('',(-54.75,7.5,107.5));
#5030 = VECTOR('',#5031,1.);
#5031 = DIRECTION('',(1.,0.,-0.));
#5032 = PLANE('',#5033);
#5033 = AXIS2_PLACEMENT_3D('',#5034,#5035,#5036);
#5034 = CARTESIAN_POINT('',(-54.75,-7.5,107.5));
#5035 = DIRECTION('',(0.,0.,1.));
#5036 = DIRECTION('',(1.,0.,-0.));
#5037 = ADVANCED_FACE('',(#5038),#5063,.F.);
#5038 = FACE_BOUND('',#5039,.F.);
#5039 = EDGE_LOOP('',(#5040,#5048,#5049,#5057));
#5040 = ORIENTED_EDGE('',*,*,#5041,.F.);
#5041 = EDGE_CURVE('',#4856,#5042,#5044,.T.);
#5042 = VERTEX_POINT('',#5043);
#5043 = CARTESIAN_POINT('',(-30.,7.5,101.5));
#5044 = LINE('',#5045,#5046);
#5045 = CARTESIAN_POINT('',(-30.,-8.,101.5));
#5046 = VECTOR('',#5047,1.);
#5047 = DIRECTION('',(-0.,1.,0.));
#5048 = ORIENTED_EDGE('',*,*,#4855,.T.);
#5049 = ORIENTED_EDGE('',*,*,#5050,.T.);
#5050 = EDGE_CURVE('',#4858,#5051,#5053,.T.);
#5051 = VERTEX_POINT('',#5052);
#5052 = CARTESIAN_POINT('',(30.,7.5,101.5));
#5053 = LINE('',#5054,#5055);
#5054 = CARTESIAN_POINT('',(30.,-8.,101.5));
#5055 = VECTOR('',#5056,1.);
#5056 = DIRECTION('',(-0.,1.,0.));
#5057 = ORIENTED_EDGE('',*,*,#5058,.F.);
#5058 = EDGE_CURVE('',#5042,#5051,#5059,.T.);
#5059 = LINE('',#5060,#5061);
#5060 = CARTESIAN_POINT('',(-42.375,7.5,101.5));
#5061 = VECTOR('',#5062,1.);
#5062 = DIRECTION('',(1.,0.,-0.));
#5063 = PLANE('',#5064);
#5064 = AXIS2_PLACEMENT_3D('',#5065,#5066,#5067);
#5065 = CARTESIAN_POINT('',(-30.,-8.,101.5));
#5066 = DIRECTION('',(0.,0.,1.));
#5067 = DIRECTION('',(1.,0.,-0.));
#5068 = ADVANCED_FACE('',(#5069),#5087,.F.);
#5069 = FACE_BOUND('',#5070,.F.);
#5070 = EDGE_LOOP('',(#5071,#5072,#5073,#5081));
#5071 = ORIENTED_EDGE('',*,*,#5050,.F.);
#5072 = ORIENTED_EDGE('',*,*,#4881,.T.);
#5073 = ORIENTED_EDGE('',*,*,#5074,.T.);
#5074 = EDGE_CURVE('',#4874,#5075,#5077,.T.);
#5075 = VERTEX_POINT('',#5076);
#5076 = CARTESIAN_POINT('',(30.,7.5,88.5));
#5077 = LINE('',#5078,#5079);
#5078 = CARTESIAN_POINT('',(30.,-8.,88.5));
#5079 = VECTOR('',#5080,1.);
#5080 = DIRECTION('',(-0.,1.,0.));
#5081 = ORIENTED_EDGE('',*,*,#5082,.F.);
#5082 = EDGE_CURVE('',#5051,#5075,#5083,.T.);
#5083 = LINE('',#5084,#5085);
#5084 = CARTESIAN_POINT('',(30.,7.5,85.5));
#5085 = VECTOR('',#5086,1.);
#5086 = DIRECTION('',(-0.,0.,-1.));
#5087 = PLANE('',#5088);
#5088 = AXIS2_PLACEMENT_3D('',#5089,#5090,#5091);
#5089 = CARTESIAN_POINT('',(30.,-8.,88.5));
#5090 = DIRECTION('',(1.,0.,-0.));
#5091 = DIRECTION('',(0.,0.,1.));
#5092 = ADVANCED_FACE('',(#5093),#5111,.T.);
#5093 = FACE_BOUND('',#5094,.T.);
#5094 = EDGE_LOOP('',(#5095,#5103,#5104,#5105));
#5095 = ORIENTED_EDGE('',*,*,#5096,.F.);
#5096 = EDGE_CURVE('',#4866,#5097,#5099,.T.);
#5097 = VERTEX_POINT('',#5098);
#5098 = CARTESIAN_POINT('',(-30.,7.5,88.5));
#5099 = LINE('',#5100,#5101);
#5100 = CARTESIAN_POINT('',(-30.,-8.,88.5));
#5101 = VECTOR('',#5102,1.);
#5102 = DIRECTION('',(-0.,1.,0.));
#5103 = ORIENTED_EDGE('',*,*,#4873,.T.);
#5104 = ORIENTED_EDGE('',*,*,#5074,.T.);
#5105 = ORIENTED_EDGE('',*,*,#5106,.F.);
#5106 = EDGE_CURVE('',#5097,#5075,#5107,.T.);
#5107 = LINE('',#5108,#5109);
#5108 = CARTESIAN_POINT('',(-42.375,7.5,88.5));
#5109 = VECTOR('',#5110,1.);
#5110 = DIRECTION('',(1.,0.,-0.));
#5111 = PLANE('',#5112);
#5112 = AXIS2_PLACEMENT_3D('',#5113,#5114,#5115);
#5113 = CARTESIAN_POINT('',(-30.,-8.,88.5));
#5114 = DIRECTION('',(0.,0.,1.));
#5115 = DIRECTION('',(1.,0.,-0.));
#5116 = ADVANCED_FACE('',(#5117),#5128,.T.);
#5117 = FACE_BOUND('',#5118,.T.);
#5118 = EDGE_LOOP('',(#5119,#5120,#5121,#5122));
#5119 = ORIENTED_EDGE('',*,*,#5041,.F.);
#5120 = ORIENTED_EDGE('',*,*,#4865,.T.);
#5121 = ORIENTED_EDGE('',*,*,#5096,.T.);
#5122 = ORIENTED_EDGE('',*,*,#5123,.F.);
#5123 = EDGE_CURVE('',#5042,#5097,#5124,.T.);
#5124 = LINE('',#5125,#5126);
#5125 = CARTESIAN_POINT('',(-30.,7.5,85.5));
#5126 = VECTOR('',#5127,1.);
#5127 = DIRECTION('',(-0.,0.,-1.));
#5128 = PLANE('',#5129);
#5129 = AXIS2_PLACEMENT_3D('',#5130,#5131,#5132);
#5130 = CARTESIAN_POINT('',(-30.,-8.,88.5));
#5131 = DIRECTION('',(1.,0.,-0.));
#5132 = DIRECTION('',(0.,0.,1.));
#5133 = ADVANCED_FACE('',(#5134),#5152,.F.);
#5134 = FACE_BOUND('',#5135,.F.);
#5135 = EDGE_LOOP('',(#5136,#5144,#5145,#5146));
#5136 = ORIENTED_EDGE('',*,*,#5137,.F.);
#5137 = EDGE_CURVE('',#4927,#5138,#5140,.T.);
#5138 = VERTEX_POINT('',#5139);
#5139 = CARTESIAN_POINT('',(-64.75,7.5,82.5));
#5140 = LINE('',#5141,#5142);
#5141 = CARTESIAN_POINT('',(-64.75,-7.5,82.5));
#5142 = VECTOR('',#5143,1.);
#5143 = DIRECTION('',(-0.,1.,0.));
#5144 = ORIENTED_EDGE('',*,*,#4926,.T.);
#5145 = ORIENTED_EDGE('',*,*,#4895,.T.);
#5146 = ORIENTED_EDGE('',*,*,#5147,.F.);
#5147 = EDGE_CURVE('',#5138,#4896,#5148,.T.);
#5148 = LINE('',#5149,#5150);
#5149 = CARTESIAN_POINT('',(-64.75,7.5,82.5));
#5150 = VECTOR('',#5151,1.);
#5151 = DIRECTION('',(1.,0.,-0.));
#5152 = PLANE('',#5153);
#5153 = AXIS2_PLACEMENT_3D('',#5154,#5155,#5156);
#5154 = CARTESIAN_POINT('',(-64.75,-7.5,82.5));
#5155 = DIRECTION('',(0.,0.,1.));
#5156 = DIRECTION('',(1.,0.,-0.));
#5157 = ADVANCED_FACE('',(#5158,#5174),#5180,.T.);
#5158 = FACE_BOUND('',#5159,.T.);
#5159 = EDGE_LOOP('',(#5160,#5161,#5167,#5168));
#5160 = ORIENTED_EDGE('',*,*,#4912,.F.);
#5161 = ORIENTED_EDGE('',*,*,#5162,.T.);
#5162 = EDGE_CURVE('',#4896,#5011,#5163,.T.);
#5163 = LINE('',#5164,#5165);
#5164 = CARTESIAN_POINT('',(-54.75,7.5,82.5));
#5165 = VECTOR('',#5166,1.);
#5166 = DIRECTION('',(0.,0.,1.));
#5167 = ORIENTED_EDGE('',*,*,#5027,.T.);
#5168 = ORIENTED_EDGE('',*,*,#5169,.F.);
#5169 = EDGE_CURVE('',#4905,#5020,#5170,.T.);
#5170 = LINE('',#5171,#5172);
#5171 = CARTESIAN_POINT('',(54.75,7.5,82.5));
#5172 = VECTOR('',#5173,1.);
#5173 = DIRECTION('',(0.,0.,1.));
#5174 = FACE_BOUND('',#5175,.T.);
#5175 = EDGE_LOOP('',(#5176,#5177,#5178,#5179));
#5176 = ORIENTED_EDGE('',*,*,#5058,.F.);
#5177 = ORIENTED_EDGE('',*,*,#5123,.T.);
#5178 = ORIENTED_EDGE('',*,*,#5106,.T.);
#5179 = ORIENTED_EDGE('',*,*,#5082,.F.);
#5180 = PLANE('',#5181);
#5181 = AXIS2_PLACEMENT_3D('',#5182,#5183,#5184);
#5182 = CARTESIAN_POINT('',(-54.75,7.5,82.5));
#5183 = DIRECTION('',(-0.,1.,0.));
#5184 = DIRECTION('',(0.,0.,1.));
#5185 = ADVANCED_FACE('',(#5186),#5204,.F.);
#5186 = FACE_BOUND('',#5187,.F.);
#5187 = EDGE_LOOP('',(#5188,#5189,#5190,#5198));
#5188 = ORIENTED_EDGE('',*,*,#4904,.F.);
#5189 = ORIENTED_EDGE('',*,*,#4968,.T.);
#5190 = ORIENTED_EDGE('',*,*,#5191,.T.);
#5191 = EDGE_CURVE('',#4969,#5192,#5194,.T.);
#5192 = VERTEX_POINT('',#5193);
#5193 = CARTESIAN_POINT('',(64.75,7.5,82.5));
#5194 = LINE('',#5195,#5196);
#5195 = CARTESIAN_POINT('',(64.75,-7.5,82.5));
#5196 = VECTOR('',#5197,1.);
#5197 = DIRECTION('',(-0.,1.,0.));
#5198 = ORIENTED_EDGE('',*,*,#5199,.F.);
#5199 = EDGE_CURVE('',#4905,#5192,#5200,.T.);
#5200 = LINE('',#5201,#5202);
#5201 = CARTESIAN_POINT('',(54.75,7.5,82.5));
#5202 = VECTOR('',#5203,1.);
#5203 = DIRECTION('',(1.,0.,-0.));
#5204 = PLANE('',#5205);
#5205 = AXIS2_PLACEMENT_3D('',#5206,#5207,#5208);
#5206 = CARTESIAN_POINT('',(54.75,-7.5,82.5));
#5207 = DIRECTION('',(0.,0.,1.));
#5208 = DIRECTION('',(1.,0.,-0.));
#5209 = ADVANCED_FACE('',(#5210),#5228,.F.);
#5210 = FACE_BOUND('',#5211,.F.);
#5211 = EDGE_LOOP('',(#5212,#5213,#5214,#5222));
#5212 = ORIENTED_EDGE('',*,*,#4934,.F.);
#5213 = ORIENTED_EDGE('',*,*,#5137,.T.);
#5214 = ORIENTED_EDGE('',*,*,#5215,.T.);
#5215 = EDGE_CURVE('',#5138,#5216,#5218,.T.);
#5216 = VERTEX_POINT('',#5217);
#5217 = CARTESIAN_POINT('',(-64.75,7.5,107.5));
#5218 = LINE('',#5219,#5220);
#5219 = CARTESIAN_POINT('',(-64.75,7.5,82.5));
#5220 = VECTOR('',#5221,1.);
#5221 = DIRECTION('',(0.,0.,1.));
#5222 = ORIENTED_EDGE('',*,*,#5223,.F.);
#5223 = EDGE_CURVE('',#4935,#5216,#5224,.T.);
#5224 = LINE('',#5225,#5226);
#5225 = CARTESIAN_POINT('',(-64.75,-7.5,107.5));
#5226 = VECTOR('',#5227,1.);
#5227 = DIRECTION('',(-0.,1.,0.));
#5228 = PLANE('',#5229);
#5229 = AXIS2_PLACEMENT_3D('',#5230,#5231,#5232);
#5230 = CARTESIAN_POINT('',(-64.75,-7.5,82.5));
#5231 = DIRECTION('',(1.,0.,-0.));
#5232 = DIRECTION('',(0.,0.,1.));
#5233 = ADVANCED_FACE('',(#5234),#5245,.T.);
#5234 = FACE_BOUND('',#5235,.T.);
#5235 = EDGE_LOOP('',(#5236,#5237,#5238,#5239));
#5236 = ORIENTED_EDGE('',*,*,#5223,.F.);
#5237 = ORIENTED_EDGE('',*,*,#4942,.T.);
#5238 = ORIENTED_EDGE('',*,*,#5010,.T.);
#5239 = ORIENTED_EDGE('',*,*,#5240,.F.);
#5240 = EDGE_CURVE('',#5216,#5011,#5241,.T.);
#5241 = LINE('',#5242,#5243);
#5242 = CARTESIAN_POINT('',(-64.75,7.5,107.5));
#5243 = VECTOR('',#5244,1.);
#5244 = DIRECTION('',(1.,0.,-0.));
#5245 = PLANE('',#5246);
#5246 = AXIS2_PLACEMENT_3D('',#5247,#5248,#5249);
#5247 = CARTESIAN_POINT('',(-64.75,-7.5,107.5));
#5248 = DIRECTION('',(0.,0.,1.));
#5249 = DIRECTION('',(1.,0.,-0.));
#5250 = ADVANCED_FACE('',(#5251),#5270,.F.);
#5251 = FACE_BOUND('',#5252,.F.);
#5252 = EDGE_LOOP('',(#5253,#5262,#5268,#5269));
#5253 = ORIENTED_EDGE('',*,*,#5254,.F.);
#5254 = EDGE_CURVE('',#5255,#5255,#5257,.T.);
#5255 = VERTEX_POINT('',#5256);
#5256 = CARTESIAN_POINT('',(-59.75,7.5,97.1));
#5257 = CIRCLE('',#5258,2.1);
#5258 = AXIS2_PLACEMENT_3D('',#5259,#5260,#5261);
#5259 = CARTESIAN_POINT('',(-59.75,7.5,95.));
#5260 = DIRECTION('',(0.,1.,0.));
#5261 = DIRECTION('',(0.,-0.,1.));
#5262 = ORIENTED_EDGE('',*,*,#5263,.F.);
#5263 = EDGE_CURVE('',#4952,#5255,#5264,.T.);
#5264 = LINE('',#5265,#5266);
#5265 = CARTESIAN_POINT('',(-59.75,-10.,97.1));
#5266 = VECTOR('',#5267,1.);
#5267 = DIRECTION('',(0.,1.,0.));
#5268 = ORIENTED_EDGE('',*,*,#4951,.T.);
#5269 = ORIENTED_EDGE('',*,*,#5263,.T.);
#5270 = CYLINDRICAL_SURFACE('',#5271,2.1);
#5271 = AXIS2_PLACEMENT_3D('',#5272,#5273,#5274);
#5272 = CARTESIAN_POINT('',(-59.75,-10.,95.));
#5273 = DIRECTION('',(0.,1.,0.));
#5274 = DIRECTION('',(0.,-0.,1.));
#5275 = ADVANCED_FACE('',(#5276),#5294,.T.);
#5276 = FACE_BOUND('',#5277,.T.);
#5277 = EDGE_LOOP('',(#5278,#5279,#5280,#5288));
#5278 = ORIENTED_EDGE('',*,*,#4985,.F.);
#5279 = ORIENTED_EDGE('',*,*,#5191,.T.);
#5280 = ORIENTED_EDGE('',*,*,#5281,.T.);
#5281 = EDGE_CURVE('',#5192,#5282,#5284,.T.);
#5282 = VERTEX_POINT('',#5283);
#5283 = CARTESIAN_POINT('',(64.75,7.5,107.5));
#5284 = LINE('',#5285,#5286);
#5285 = CARTESIAN_POINT('',(64.75,7.5,82.5));
#5286 = VECTOR('',#5287,1.);
#5287 = DIRECTION('',(0.,0.,1.));
#5288 = ORIENTED_EDGE('',*,*,#5289,.F.);
#5289 = EDGE_CURVE('',#4978,#5282,#5290,.T.);
#5290 = LINE('',#5291,#5292);
#5291 = CARTESIAN_POINT('',(64.75,-7.5,107.5));
#5292 = VECTOR('',#5293,1.);
#5293 = DIRECTION('',(-0.,1.,0.));
#5294 = PLANE('',#5295);
#5295 = AXIS2_PLACEMENT_3D('',#5296,#5297,#5298);
#5296 = CARTESIAN_POINT('',(64.75,-7.5,82.5));
#5297 = DIRECTION('',(1.,0.,-0.));
#5298 = DIRECTION('',(0.,0.,1.));
#5299 = ADVANCED_FACE('',(#5300),#5311,.T.);
#5300 = FACE_BOUND('',#5301,.T.);
#5301 = EDGE_LOOP('',(#5302,#5303,#5304,#5305));
#5302 = ORIENTED_EDGE('',*,*,#5019,.F.);
#5303 = ORIENTED_EDGE('',*,*,#4977,.T.);
#5304 = ORIENTED_EDGE('',*,*,#5289,.T.);
#5305 = ORIENTED_EDGE('',*,*,#5306,.F.);
#5306 = EDGE_CURVE('',#5020,#5282,#5307,.T.);
#5307 = LINE('',#5308,#5309);
#5308 = CARTESIAN_POINT('',(54.75,7.5,107.5));
#5309 = VECTOR('',#5310,1.);
#5310 = DIRECTION('',(1.,0.,-0.));
#5311 = PLANE('',#5312);
#5312 = AXIS2_PLACEMENT_3D('',#5313,#5314,#5315);
#5313 = CARTESIAN_POINT('',(54.75,-7.5,107.5));
#5314 = DIRECTION('',(0.,0.,1.));
#5315 = DIRECTION('',(1.,0.,-0.));
#5316 = ADVANCED_FACE('',(#5317),#5336,.F.);
#5317 = FACE_BOUND('',#5318,.F.);
#5318 = EDGE_LOOP('',(#5319,#5328,#5334,#5335));
#5319 = ORIENTED_EDGE('',*,*,#5320,.F.);
#5320 = EDGE_CURVE('',#5321,#5321,#5323,.T.);
#5321 = VERTEX_POINT('',#5322);
#5322 = CARTESIAN_POINT('',(59.75,7.5,97.1));
#5323 = CIRCLE('',#5324,2.1);
#5324 = AXIS2_PLACEMENT_3D('',#5325,#5326,#5327);
#5325 = CARTESIAN_POINT('',(59.75,7.5,95.));
#5326 = DIRECTION('',(0.,1.,0.));
#5327 = DIRECTION('',(0.,-0.,1.));
#5328 = ORIENTED_EDGE('',*,*,#5329,.F.);
#5329 = EDGE_CURVE('',#4994,#5321,#5330,.T.);
#5330 = LINE('',#5331,#5332);
#5331 = CARTESIAN_POINT('',(59.75,-10.,97.1));
#5332 = VECTOR('',#5333,1.);
#5333 = DIRECTION('',(0.,1.,0.));
#5334 = ORIENTED_EDGE('',*,*,#4993,.T.);
#5335 = ORIENTED_EDGE('',*,*,#5329,.T.);
#5336 = CYLINDRICAL_SURFACE('',#5337,2.1);
#5337 = AXIS2_PLACEMENT_3D('',#5338,#5339,#5340);
#5338 = CARTESIAN_POINT('',(59.75,-10.,95.));
#5339 = DIRECTION('',(0.,1.,0.));
#5340 = DIRECTION('',(0.,-0.,1.));
#5341 = ADVANCED_FACE('',(#5342,#5348),#5351,.T.);
#5342 = FACE_BOUND('',#5343,.T.);
#5343 = EDGE_LOOP('',(#5344,#5345,#5346,#5347));
#5344 = ORIENTED_EDGE('',*,*,#5147,.F.);
#5345 = ORIENTED_EDGE('',*,*,#5215,.T.);
#5346 = ORIENTED_EDGE('',*,*,#5240,.T.);
#5347 = ORIENTED_EDGE('',*,*,#5162,.F.);
#5348 = FACE_BOUND('',#5349,.T.);
#5349 = EDGE_LOOP('',(#5350));
#5350 = ORIENTED_EDGE('',*,*,#5254,.F.);
#5351 = PLANE('',#5352);
#5352 = AXIS2_PLACEMENT_3D('',#5353,#5354,#5355);
#5353 = CARTESIAN_POINT('',(-64.75,7.5,82.5));
#5354 = DIRECTION('',(-0.,1.,0.));
#5355 = DIRECTION('',(0.,0.,1.));
#5356 = ADVANCED_FACE('',(#5357,#5363),#5366,.T.);
#5357 = FACE_BOUND('',#5358,.T.);
#5358 = EDGE_LOOP('',(#5359,#5360,#5361,#5362));
#5359 = ORIENTED_EDGE('',*,*,#5199,.F.);
#5360 = ORIENTED_EDGE('',*,*,#5169,.T.);
#5361 = ORIENTED_EDGE('',*,*,#5306,.T.);
#5362 = ORIENTED_EDGE('',*,*,#5281,.F.);
#5363 = FACE_BOUND('',#5364,.T.);
#5364 = EDGE_LOOP('',(#5365));
#5365 = ORIENTED_EDGE('',*,*,#5320,.F.);
#5366 = PLANE('',#5367);
#5367 = AXIS2_PLACEMENT_3D('',#5368,#5369,#5370);
#5368 = CARTESIAN_POINT('',(54.75,7.5,82.5));
#5369 = DIRECTION('',(-0.,1.,0.));
#5370 = DIRECTION('',(0.,0.,1.));
#5371 = MANIFOLD_SOLID_BREP('',#5372);
#5372 = CLOSED_SHELL('',(#5373,#5413,#5444,#5548,#5572,#5701,#5713,#5745
    ,#5770,#5813,#5845,#5870,#5913,#5938,#5963,#5988,#6013,#6044,#6079,
    #6114,#6131,#6156,#6187,#6222,#6246,#6274,#6299,#6311,#6323,#6335,
    #6347,#6359,#6371,#6417,#6442,#6467,#6513,#6538,#6563,#6594,#6621,
    #6645,#6665,#6696,#6723,#6747,#6767,#6779));
#5373 = ADVANCED_FACE('',(#5374),#5408,.F.);
#5374 = FACE_BOUND('',#5375,.F.);
#5375 = EDGE_LOOP('',(#5376,#5386,#5394,#5402));
#5376 = ORIENTED_EDGE('',*,*,#5377,.F.);
#5377 = EDGE_CURVE('',#5378,#5380,#5382,.T.);
#5378 = VERTEX_POINT('',#5379);
#5379 = CARTESIAN_POINT('',(-108.,-75.,360.));
#5380 = VERTEX_POINT('',#5381);
#5381 = CARTESIAN_POINT('',(-108.,-75.,370.));
#5382 = LINE('',#5383,#5384);
#5383 = CARTESIAN_POINT('',(-108.,-75.,360.));
#5384 = VECTOR('',#5385,1.);
#5385 = DIRECTION('',(0.,0.,1.));
#5386 = ORIENTED_EDGE('',*,*,#5387,.T.);
#5387 = EDGE_CURVE('',#5378,#5388,#5390,.T.);
#5388 = VERTEX_POINT('',#5389);
#5389 = CARTESIAN_POINT('',(-108.,75.,360.));
#5390 = LINE('',#5391,#5392);
#5391 = CARTESIAN_POINT('',(-108.,-75.,360.));
#5392 = VECTOR('',#5393,1.);
#5393 = DIRECTION('',(-0.,1.,0.));
#5394 = ORIENTED_EDGE('',*,*,#5395,.T.);
#5395 = EDGE_CURVE('',#5388,#5396,#5398,.T.);
#5396 = VERTEX_POINT('',#5397);
#5397 = CARTESIAN_POINT('',(-108.,75.,370.));
#5398 = LINE('',#5399,#5400);
#5399 = CARTESIAN_POINT('',(-108.,75.,360.));
#5400 = VECTOR('',#5401,1.);
#5401 = DIRECTION('',(0.,0.,1.));
#5402 = ORIENTED_EDGE('',*,*,#5403,.F.);
#5403 = EDGE_CURVE('',#5380,#5396,#5404,.T.);
#5404 = LINE('',#5405,#5406);
#5405 = CARTESIAN_POINT('',(-108.,-75.,370.));
#5406 = VECTOR('',#5407,1.);
#5407 = DIRECTION('',(-0.,1.,0.));
#5408 = PLANE('',#5409);
#5409 = AXIS2_PLACEMENT_3D('',#5410,#5411,#5412);
#5410 = CARTESIAN_POINT('',(-108.,-75.,360.));
#5411 = DIRECTION('',(1.,0.,-0.));
#5412 = DIRECTION('',(0.,0.,1.));
#5413 = ADVANCED_FACE('',(#5414),#5439,.F.);
#5414 = FACE_BOUND('',#5415,.F.);
#5415 = EDGE_LOOP('',(#5416,#5424,#5425,#5433));
#5416 = ORIENTED_EDGE('',*,*,#5417,.F.);
#5417 = EDGE_CURVE('',#5378,#5418,#5420,.T.);
#5418 = VERTEX_POINT('',#5419);
#5419 = CARTESIAN_POINT('',(108.,-75.,360.));
#5420 = LINE('',#5421,#5422);
#5421 = CARTESIAN_POINT('',(-108.,-75.,360.));
#5422 = VECTOR('',#5423,1.);
#5423 = DIRECTION('',(1.,0.,-0.));
#5424 = ORIENTED_EDGE('',*,*,#5377,.T.);
#5425 = ORIENTED_EDGE('',*,*,#5426,.T.);
#5426 = EDGE_CURVE('',#5380,#5427,#5429,.T.);
#5427 = VERTEX_POINT('',#5428);
#5428 = CARTESIAN_POINT('',(108.,-75.,370.));
#5429 = LINE('',#5430,#5431);
#5430 = CARTESIAN_POINT('',(-108.,-75.,370.));
#5431 = VECTOR('',#5432,1.);
#5432 = DIRECTION('',(1.,0.,-0.));
#5433 = ORIENTED_EDGE('',*,*,#5434,.F.);
#5434 = EDGE_CURVE('',#5418,#5427,#5435,.T.);
#5435 = LINE('',#5436,#5437);
#5436 = CARTESIAN_POINT('',(108.,-75.,360.));
#5437 = VECTOR('',#5438,1.);
#5438 = DIRECTION('',(0.,0.,1.));
#5439 = PLANE('',#5440);
#5440 = AXIS2_PLACEMENT_3D('',#5441,#5442,#5443);
#5441 = CARTESIAN_POINT('',(-108.,-75.,360.));
#5442 = DIRECTION('',(-0.,1.,0.));
#5443 = DIRECTION('',(0.,0.,1.));
#5444 = ADVANCED_FACE('',(#5445,#5463,#5492,#5521,#5532),#5543,.T.);
#5445 = FACE_BOUND('',#5446,.T.);
#5446 = EDGE_LOOP('',(#5447,#5448,#5449,#5457));
#5447 = ORIENTED_EDGE('',*,*,#5403,.F.);
#5448 = ORIENTED_EDGE('',*,*,#5426,.T.);
#5449 = ORIENTED_EDGE('',*,*,#5450,.T.);
#5450 = EDGE_CURVE('',#5427,#5451,#5453,.T.);
#5451 = VERTEX_POINT('',#5452);
#5452 = CARTESIAN_POINT('',(108.,75.,370.));
#5453 = LINE('',#5454,#5455);
#5454 = CARTESIAN_POINT('',(108.,-75.,370.));
#5455 = VECTOR('',#5456,1.);
#5456 = DIRECTION('',(-0.,1.,0.));
#5457 = ORIENTED_EDGE('',*,*,#5458,.F.);
#5458 = EDGE_CURVE('',#5396,#5451,#5459,.T.);
#5459 = LINE('',#5460,#5461);
#5460 = CARTESIAN_POINT('',(-108.,75.,370.));
#5461 = VECTOR('',#5462,1.);
#5462 = DIRECTION('',(1.,0.,-0.));
#5463 = FACE_BOUND('',#5464,.T.);
#5464 = EDGE_LOOP('',(#5465,#5476,#5485));
#5465 = ORIENTED_EDGE('',*,*,#5466,.F.);
#5466 = EDGE_CURVE('',#5467,#5469,#5471,.T.);
#5467 = VERTEX_POINT('',#5468);
#5468 = CARTESIAN_POINT('',(-9.,-28.,370.));
#5469 = VERTEX_POINT('',#5470);
#5470 = CARTESIAN_POINT('',(-92.1995852168,-55.05902547575,370.));
#5471 = CIRCLE('',#5472,46.);
#5472 = AXIS2_PLACEMENT_3D('',#5473,#5474,#5475);
#5473 = CARTESIAN_POINT('',(-55.,-28.,370.));
#5474 = DIRECTION('',(0.,0.,1.));
#5475 = DIRECTION('',(1.,0.,-0.));
#5476 = ORIENTED_EDGE('',*,*,#5477,.F.);
#5477 = EDGE_CURVE('',#5478,#5467,#5480,.T.);
#5478 = VERTEX_POINT('',#5479);
#5479 = CARTESIAN_POINT('',(-88.88945768748,-59.10473690048,370.));
#5480 = CIRCLE('',#5481,46.);
#5481 = AXIS2_PLACEMENT_3D('',#5482,#5483,#5484);
#5482 = CARTESIAN_POINT('',(-55.,-28.,370.));
#5483 = DIRECTION('',(0.,0.,1.));
#5484 = DIRECTION('',(1.,0.,-0.));
#5485 = ORIENTED_EDGE('',*,*,#5486,.F.);
#5486 = EDGE_CURVE('',#5469,#5478,#5487,.T.);
#5487 = CIRCLE('',#5488,4.2);
#5488 = AXIS2_PLACEMENT_3D('',#5489,#5490,#5491);
#5489 = CARTESIAN_POINT('',(-88.,-55.,370.));
#5490 = DIRECTION('',(0.,0.,1.));
#5491 = DIRECTION('',(1.,0.,-0.));
#5492 = FACE_BOUND('',#5493,.T.);
#5493 = EDGE_LOOP('',(#5494,#5505,#5514));
#5494 = ORIENTED_EDGE('',*,*,#5495,.F.);
#5495 = EDGE_CURVE('',#5496,#5498,#5500,.T.);
#5496 = VERTEX_POINT('',#5497);
#5497 = CARTESIAN_POINT('',(101.,-28.,370.));
#5498 = VERTEX_POINT('',#5499);
#5499 = CARTESIAN_POINT('',(88.889457687485,-59.10473690048,370.));
#5500 = CIRCLE('',#5501,46.);
#5501 = AXIS2_PLACEMENT_3D('',#5502,#5503,#5504);
#5502 = CARTESIAN_POINT('',(55.,-28.,370.));
#5503 = DIRECTION('',(0.,0.,1.));
#5504 = DIRECTION('',(1.,0.,-0.));
#5505 = ORIENTED_EDGE('',*,*,#5506,.F.);
#5506 = EDGE_CURVE('',#5507,#5496,#5509,.T.);
#5507 = VERTEX_POINT('',#5508);
#5508 = CARTESIAN_POINT('',(92.199585216805,-55.05902547575,370.));
#5509 = CIRCLE('',#5510,46.);
#5510 = AXIS2_PLACEMENT_3D('',#5511,#5512,#5513);
#5511 = CARTESIAN_POINT('',(55.,-28.,370.));
#5512 = DIRECTION('',(0.,0.,1.));
#5513 = DIRECTION('',(1.,0.,-0.));
#5514 = ORIENTED_EDGE('',*,*,#5515,.F.);
#5515 = EDGE_CURVE('',#5498,#5507,#5516,.T.);
#5516 = CIRCLE('',#5517,4.2);
#5517 = AXIS2_PLACEMENT_3D('',#5518,#5519,#5520);
#5518 = CARTESIAN_POINT('',(88.,-55.,370.));
#5519 = DIRECTION('',(0.,0.,1.));
#5520 = DIRECTION('',(1.,0.,-0.));
#5521 = FACE_BOUND('',#5522,.T.);
#5522 = EDGE_LOOP('',(#5523));
#5523 = ORIENTED_EDGE('',*,*,#5524,.F.);
#5524 = EDGE_CURVE('',#5525,#5525,#5527,.T.);
#5525 = VERTEX_POINT('',#5526);
#5526 = CARTESIAN_POINT('',(-83.8,55.,370.));
#5527 = CIRCLE('',#5528,4.2);
#5528 = AXIS2_PLACEMENT_3D('',#5529,#5530,#5531);
#5529 = CARTESIAN_POINT('',(-88.,55.,370.));
#5530 = DIRECTION('',(0.,0.,1.));
#5531 = DIRECTION('',(1.,0.,-0.));
#5532 = FACE_BOUND('',#5533,.T.);
#5533 = EDGE_LOOP('',(#5534));
#5534 = ORIENTED_EDGE('',*,*,#5535,.F.);
#5535 = EDGE_CURVE('',#5536,#5536,#5538,.T.);
#5536 = VERTEX_POINT('',#5537);
#5537 = CARTESIAN_POINT('',(92.2,55.,370.));
#5538 = CIRCLE('',#5539,4.2);
#5539 = AXIS2_PLACEMENT_3D('',#5540,#5541,#5542);
#5540 = CARTESIAN_POINT('',(88.,55.,370.));
#5541 = DIRECTION('',(0.,0.,1.));
#5542 = DIRECTION('',(1.,0.,-0.));
#5543 = PLANE('',#5544);
#5544 = AXIS2_PLACEMENT_3D('',#5545,#5546,#5547);
#5545 = CARTESIAN_POINT('',(-108.,-75.,370.));
#5546 = DIRECTION('',(0.,0.,1.));
#5547 = DIRECTION('',(1.,0.,-0.));
#5548 = ADVANCED_FACE('',(#5549),#5567,.T.);
#5549 = FACE_BOUND('',#5550,.T.);
#5550 = EDGE_LOOP('',(#5551,#5559,#5560,#5561));
#5551 = ORIENTED_EDGE('',*,*,#5552,.F.);
#5552 = EDGE_CURVE('',#5388,#5553,#5555,.T.);
#5553 = VERTEX_POINT('',#5554);
#5554 = CARTESIAN_POINT('',(108.,75.,360.));
#5555 = LINE('',#5556,#5557);
#5556 = CARTESIAN_POINT('',(-108.,75.,360.));
#5557 = VECTOR('',#5558,1.);
#5558 = DIRECTION('',(1.,0.,-0.));
#5559 = ORIENTED_EDGE('',*,*,#5395,.T.);
#5560 = ORIENTED_EDGE('',*,*,#5458,.T.);
#5561 = ORIENTED_EDGE('',*,*,#5562,.F.);
#5562 = EDGE_CURVE('',#5553,#5451,#5563,.T.);
#5563 = LINE('',#5564,#5565);
#5564 = CARTESIAN_POINT('',(108.,75.,360.));
#5565 = VECTOR('',#5566,1.);
#5566 = DIRECTION('',(0.,0.,1.));
#5567 = PLANE('',#5568);
#5568 = AXIS2_PLACEMENT_3D('',#5569,#5570,#5571);
#5569 = CARTESIAN_POINT('',(-108.,75.,360.));
#5570 = DIRECTION('',(-0.,1.,0.));
#5571 = DIRECTION('',(0.,0.,1.));
#5572 = ADVANCED_FACE('',(#5573,#5584,#5595,#5606,#5640,#5651,#5685),
  #5696,.F.);
#5573 = FACE_BOUND('',#5574,.F.);
#5574 = EDGE_LOOP('',(#5575,#5576,#5577,#5583));
#5575 = ORIENTED_EDGE('',*,*,#5387,.F.);
#5576 = ORIENTED_EDGE('',*,*,#5417,.T.);
#5577 = ORIENTED_EDGE('',*,*,#5578,.T.);
#5578 = EDGE_CURVE('',#5418,#5553,#5579,.T.);
#5579 = LINE('',#5580,#5581);
#5580 = CARTESIAN_POINT('',(108.,-75.,360.));
#5581 = VECTOR('',#5582,1.);
#5582 = DIRECTION('',(-0.,1.,0.));
#5583 = ORIENTED_EDGE('',*,*,#5552,.F.);
#5584 = FACE_BOUND('',#5585,.F.);
#5585 = EDGE_LOOP('',(#5586));
#5586 = ORIENTED_EDGE('',*,*,#5587,.F.);
#5587 = EDGE_CURVE('',#5588,#5588,#5590,.T.);
#5588 = VERTEX_POINT('',#5589);
#5589 = CARTESIAN_POINT('',(-85.8,-55.,360.));
#5590 = CIRCLE('',#5591,2.2);
#5591 = AXIS2_PLACEMENT_3D('',#5592,#5593,#5594);
#5592 = CARTESIAN_POINT('',(-88.,-55.,360.));
#5593 = DIRECTION('',(0.,0.,1.));
#5594 = DIRECTION('',(1.,0.,-0.));
#5595 = FACE_BOUND('',#5596,.F.);
#5596 = EDGE_LOOP('',(#5597));
#5597 = ORIENTED_EDGE('',*,*,#5598,.F.);
#5598 = EDGE_CURVE('',#5599,#5599,#5601,.T.);
#5599 = VERTEX_POINT('',#5600);
#5600 = CARTESIAN_POINT('',(90.2,-55.,360.));
#5601 = CIRCLE('',#5602,2.2);
#5602 = AXIS2_PLACEMENT_3D('',#5603,#5604,#5605);
#5603 = CARTESIAN_POINT('',(88.,-55.,360.));
#5604 = DIRECTION('',(0.,0.,1.));
#5605 = DIRECTION('',(1.,0.,-0.));
#5606 = FACE_BOUND('',#5607,.F.);
#5607 = EDGE_LOOP('',(#5608,#5618,#5626,#5634));
#5608 = ORIENTED_EDGE('',*,*,#5609,.T.);
#5609 = EDGE_CURVE('',#5610,#5612,#5614,.T.);
#5610 = VERTEX_POINT('',#5611);
#5611 = CARTESIAN_POINT('',(-50.,-20.,360.));
#5612 = VERTEX_POINT('',#5613);
#5613 = CARTESIAN_POINT('',(-90.,-20.,360.));
#5614 = LINE('',#5615,#5616);
#5615 = CARTESIAN_POINT('',(-99.,-20.,360.));
#5616 = VECTOR('',#5617,1.);
#5617 = DIRECTION('',(-1.,-0.,0.));
#5618 = ORIENTED_EDGE('',*,*,#5619,.T.);
#5619 = EDGE_CURVE('',#5612,#5620,#5622,.T.);
#5620 = VERTEX_POINT('',#5621);
#5621 = CARTESIAN_POINT('',(-90.,20.,360.));
#5622 = LINE('',#5623,#5624);
#5623 = CARTESIAN_POINT('',(-90.,-47.5,360.));
#5624 = VECTOR('',#5625,1.);
#5625 = DIRECTION('',(-0.,1.,0.));
#5626 = ORIENTED_EDGE('',*,*,#5627,.F.);
#5627 = EDGE_CURVE('',#5628,#5620,#5630,.T.);
#5628 = VERTEX_POINT('',#5629);
#5629 = CARTESIAN_POINT('',(-50.,20.,360.));
#5630 = LINE('',#5631,#5632);
#5631 = CARTESIAN_POINT('',(-99.,20.,360.));
#5632 = VECTOR('',#5633,1.);
#5633 = DIRECTION('',(-1.,-0.,0.));
#5634 = ORIENTED_EDGE('',*,*,#5635,.F.);
#5635 = EDGE_CURVE('',#5610,#5628,#5636,.T.);
#5636 = LINE('',#5637,#5638);
#5637 = CARTESIAN_POINT('',(-50.,-47.5,360.));
#5638 = VECTOR('',#5639,1.);
#5639 = DIRECTION('',(-0.,1.,0.));
#5640 = FACE_BOUND('',#5641,.F.);
#5641 = EDGE_LOOP('',(#5642));
#5642 = ORIENTED_EDGE('',*,*,#5643,.F.);
#5643 = EDGE_CURVE('',#5644,#5644,#5646,.T.);
#5644 = VERTEX_POINT('',#5645);
#5645 = CARTESIAN_POINT('',(-85.8,55.,360.));
#5646 = CIRCLE('',#5647,2.2);
#5647 = AXIS2_PLACEMENT_3D('',#5648,#5649,#5650);
#5648 = CARTESIAN_POINT('',(-88.,55.,360.));
#5649 = DIRECTION('',(0.,0.,1.));
#5650 = DIRECTION('',(1.,0.,-0.));
#5651 = FACE_BOUND('',#5652,.F.);
#5652 = EDGE_LOOP('',(#5653,#5663,#5671,#5679));
#5653 = ORIENTED_EDGE('',*,*,#5654,.T.);
#5654 = EDGE_CURVE('',#5655,#5657,#5659,.T.);
#5655 = VERTEX_POINT('',#5656);
#5656 = CARTESIAN_POINT('',(90.,-20.,360.));
#5657 = VERTEX_POINT('',#5658);
#5658 = CARTESIAN_POINT('',(50.,-20.,360.));
#5659 = LINE('',#5660,#5661);
#5660 = CARTESIAN_POINT('',(-29.,-20.,360.));
#5661 = VECTOR('',#5662,1.);
#5662 = DIRECTION('',(-1.,-0.,0.));
#5663 = ORIENTED_EDGE('',*,*,#5664,.T.);
#5664 = EDGE_CURVE('',#5657,#5665,#5667,.T.);
#5665 = VERTEX_POINT('',#5666);
#5666 = CARTESIAN_POINT('',(50.,20.,360.));
#5667 = LINE('',#5668,#5669);
#5668 = CARTESIAN_POINT('',(50.,-47.5,360.));
#5669 = VECTOR('',#5670,1.);
#5670 = DIRECTION('',(-0.,1.,0.));
#5671 = ORIENTED_EDGE('',*,*,#5672,.F.);
#5672 = EDGE_CURVE('',#5673,#5665,#5675,.T.);
#5673 = VERTEX_POINT('',#5674);
#5674 = CARTESIAN_POINT('',(90.,20.,360.));
#5675 = LINE('',#5676,#5677);
#5676 = CARTESIAN_POINT('',(-29.,20.,360.));
#5677 = VECTOR('',#5678,1.);
#5678 = DIRECTION('',(-1.,-0.,0.));
#5679 = ORIENTED_EDGE('',*,*,#5680,.F.);
#5680 = EDGE_CURVE('',#5655,#5673,#5681,.T.);
#5681 = LINE('',#5682,#5683);
#5682 = CARTESIAN_POINT('',(90.,-47.5,360.));
#5683 = VECTOR('',#5684,1.);
#5684 = DIRECTION('',(-0.,1.,0.));
#5685 = FACE_BOUND('',#5686,.F.);
#5686 = EDGE_LOOP('',(#5687));
#5687 = ORIENTED_EDGE('',*,*,#5688,.F.);
#5688 = EDGE_CURVE('',#5689,#5689,#5691,.T.);
#5689 = VERTEX_POINT('',#5690);
#5690 = CARTESIAN_POINT('',(90.2,55.,360.));
#5691 = CIRCLE('',#5692,2.2);
#5692 = AXIS2_PLACEMENT_3D('',#5693,#5694,#5695);
#5693 = CARTESIAN_POINT('',(88.,55.,360.));
#5694 = DIRECTION('',(0.,0.,1.));
#5695 = DIRECTION('',(1.,0.,-0.));
#5696 = PLANE('',#5697);
#5697 = AXIS2_PLACEMENT_3D('',#5698,#5699,#5700);
#5698 = CARTESIAN_POINT('',(-108.,-75.,360.));
#5699 = DIRECTION('',(0.,0.,1.));
#5700 = DIRECTION('',(1.,0.,-0.));
#5701 = ADVANCED_FACE('',(#5702),#5708,.T.);
#5702 = FACE_BOUND('',#5703,.T.);
#5703 = EDGE_LOOP('',(#5704,#5705,#5706,#5707));
#5704 = ORIENTED_EDGE('',*,*,#5434,.F.);
#5705 = ORIENTED_EDGE('',*,*,#5578,.T.);
#5706 = ORIENTED_EDGE('',*,*,#5562,.T.);
#5707 = ORIENTED_EDGE('',*,*,#5450,.F.);
#5708 = PLANE('',#5709);
#5709 = AXIS2_PLACEMENT_3D('',#5710,#5711,#5712);
#5710 = CARTESIAN_POINT('',(108.,-75.,360.));
#5711 = DIRECTION('',(1.,0.,-0.));
#5712 = DIRECTION('',(0.,0.,1.));
#5713 = ADVANCED_FACE('',(#5714),#5740,.F.);
#5714 = FACE_BOUND('',#5715,.F.);
#5715 = EDGE_LOOP('',(#5716,#5717,#5725,#5734));
#5716 = ORIENTED_EDGE('',*,*,#5466,.F.);
#5717 = ORIENTED_EDGE('',*,*,#5718,.F.);
#5718 = EDGE_CURVE('',#5719,#5467,#5721,.T.);
#5719 = VERTEX_POINT('',#5720);
#5720 = CARTESIAN_POINT('',(-9.,-28.,367.5));
#5721 = LINE('',#5722,#5723);
#5722 = CARTESIAN_POINT('',(-9.,-28.,367.5));
#5723 = VECTOR('',#5724,1.);
#5724 = DIRECTION('',(0.,0.,1.));
#5725 = ORIENTED_EDGE('',*,*,#5726,.T.);
#5726 = EDGE_CURVE('',#5719,#5727,#5729,.T.);
#5727 = VERTEX_POINT('',#5728);
#5728 = CARTESIAN_POINT('',(-92.1995852168,-55.05902547575,367.5));
#5729 = CIRCLE('',#5730,46.);
#5730 = AXIS2_PLACEMENT_3D('',#5731,#5732,#5733);
#5731 = CARTESIAN_POINT('',(-55.,-28.,367.5));
#5732 = DIRECTION('',(0.,0.,1.));
#5733 = DIRECTION('',(1.,0.,-0.));
#5734 = ORIENTED_EDGE('',*,*,#5735,.T.);
#5735 = EDGE_CURVE('',#5727,#5469,#5736,.T.);
#5736 = LINE('',#5737,#5738);
#5737 = CARTESIAN_POINT('',(-92.1995852168,-55.05902547575,367.5));
#5738 = VECTOR('',#5739,1.);
#5739 = DIRECTION('',(0.,0.,1.));
#5740 = CYLINDRICAL_SURFACE('',#5741,46.);
#5741 = AXIS2_PLACEMENT_3D('',#5742,#5743,#5744);
#5742 = CARTESIAN_POINT('',(-55.,-28.,367.5));
#5743 = DIRECTION('',(0.,0.,1.));
#5744 = DIRECTION('',(1.,0.,-0.));
#5745 = ADVANCED_FACE('',(#5746),#5765,.F.);
#5746 = FACE_BOUND('',#5747,.F.);
#5747 = EDGE_LOOP('',(#5748,#5749,#5750,#5758));
#5748 = ORIENTED_EDGE('',*,*,#5718,.T.);
#5749 = ORIENTED_EDGE('',*,*,#5477,.F.);
#5750 = ORIENTED_EDGE('',*,*,#5751,.F.);
#5751 = EDGE_CURVE('',#5752,#5478,#5754,.T.);
#5752 = VERTEX_POINT('',#5753);
#5753 = CARTESIAN_POINT('',(-88.88945768748,-59.10473690048,367.5));
#5754 = LINE('',#5755,#5756);
#5755 = CARTESIAN_POINT('',(-88.88945768748,-59.10473690048,367.5));
#5756 = VECTOR('',#5757,1.);
#5757 = DIRECTION('',(0.,0.,1.));
#5758 = ORIENTED_EDGE('',*,*,#5759,.T.);
#5759 = EDGE_CURVE('',#5752,#5719,#5760,.T.);
#5760 = CIRCLE('',#5761,46.);
#5761 = AXIS2_PLACEMENT_3D('',#5762,#5763,#5764);
#5762 = CARTESIAN_POINT('',(-55.,-28.,367.5));
#5763 = DIRECTION('',(0.,0.,1.));
#5764 = DIRECTION('',(1.,0.,-0.));
#5765 = CYLINDRICAL_SURFACE('',#5766,46.);
#5766 = AXIS2_PLACEMENT_3D('',#5767,#5768,#5769);
#5767 = CARTESIAN_POINT('',(-55.,-28.,367.5));
#5768 = DIRECTION('',(0.,0.,1.));
#5769 = DIRECTION('',(1.,0.,-0.));
#5770 = ADVANCED_FACE('',(#5771),#5808,.F.);
#5771 = FACE_BOUND('',#5772,.F.);
#5772 = EDGE_LOOP('',(#5773,#5782,#5790,#5797,#5798,#5805,#5806,#5807));
#5773 = ORIENTED_EDGE('',*,*,#5774,.F.);
#5774 = EDGE_CURVE('',#5775,#5727,#5777,.T.);
#5775 = VERTEX_POINT('',#5776);
#5776 = CARTESIAN_POINT('',(-83.8,-55.,367.5));
#5777 = CIRCLE('',#5778,4.2);
#5778 = AXIS2_PLACEMENT_3D('',#5779,#5780,#5781);
#5779 = CARTESIAN_POINT('',(-88.,-55.,367.5));
#5780 = DIRECTION('',(0.,0.,1.));
#5781 = DIRECTION('',(1.,0.,-0.));
#5782 = ORIENTED_EDGE('',*,*,#5783,.F.);
#5783 = EDGE_CURVE('',#5784,#5775,#5786,.T.);
#5784 = VERTEX_POINT('',#5785);
#5785 = CARTESIAN_POINT('',(-83.8,-55.,365.5));
#5786 = LINE('',#5787,#5788);
#5787 = CARTESIAN_POINT('',(-83.8,-55.,365.5));
#5788 = VECTOR('',#5789,1.);
#5789 = DIRECTION('',(0.,0.,1.));
#5790 = ORIENTED_EDGE('',*,*,#5791,.T.);
#5791 = EDGE_CURVE('',#5784,#5784,#5792,.T.);
#5792 = CIRCLE('',#5793,4.2);
#5793 = AXIS2_PLACEMENT_3D('',#5794,#5795,#5796);
#5794 = CARTESIAN_POINT('',(-88.,-55.,365.5));
#5795 = DIRECTION('',(0.,0.,1.));
#5796 = DIRECTION('',(1.,0.,-0.));
#5797 = ORIENTED_EDGE('',*,*,#5783,.T.);
#5798 = ORIENTED_EDGE('',*,*,#5799,.F.);
#5799 = EDGE_CURVE('',#5752,#5775,#5800,.T.);
#5800 = CIRCLE('',#5801,4.2);
#5801 = AXIS2_PLACEMENT_3D('',#5802,#5803,#5804);
#5802 = CARTESIAN_POINT('',(-88.,-55.,367.5));
#5803 = DIRECTION('',(0.,0.,1.));
#5804 = DIRECTION('',(1.,0.,-0.));
#5805 = ORIENTED_EDGE('',*,*,#5751,.T.);
#5806 = ORIENTED_EDGE('',*,*,#5486,.F.);
#5807 = ORIENTED_EDGE('',*,*,#5735,.F.);
#5808 = CYLINDRICAL_SURFACE('',#5809,4.2);
#5809 = AXIS2_PLACEMENT_3D('',#5810,#5811,#5812);
#5810 = CARTESIAN_POINT('',(-88.,-55.,365.5));
#5811 = DIRECTION('',(0.,0.,1.));
#5812 = DIRECTION('',(1.,0.,-0.));
#5813 = ADVANCED_FACE('',(#5814),#5840,.F.);
#5814 = FACE_BOUND('',#5815,.F.);
#5815 = EDGE_LOOP('',(#5816,#5817,#5825,#5834));
#5816 = ORIENTED_EDGE('',*,*,#5495,.F.);
#5817 = ORIENTED_EDGE('',*,*,#5818,.F.);
#5818 = EDGE_CURVE('',#5819,#5496,#5821,.T.);
#5819 = VERTEX_POINT('',#5820);
#5820 = CARTESIAN_POINT('',(101.,-28.,367.5));
#5821 = LINE('',#5822,#5823);
#5822 = CARTESIAN_POINT('',(101.,-28.,367.5));
#5823 = VECTOR('',#5824,1.);
#5824 = DIRECTION('',(0.,0.,1.));
#5825 = ORIENTED_EDGE('',*,*,#5826,.T.);
#5826 = EDGE_CURVE('',#5819,#5827,#5829,.T.);
#5827 = VERTEX_POINT('',#5828);
#5828 = CARTESIAN_POINT('',(88.889457687485,-59.10473690048,367.5));
#5829 = CIRCLE('',#5830,46.);
#5830 = AXIS2_PLACEMENT_3D('',#5831,#5832,#5833);
#5831 = CARTESIAN_POINT('',(55.,-28.,367.5));
#5832 = DIRECTION('',(0.,0.,1.));
#5833 = DIRECTION('',(1.,0.,-0.));
#5834 = ORIENTED_EDGE('',*,*,#5835,.T.);
#5835 = EDGE_CURVE('',#5827,#5498,#5836,.T.);
#5836 = LINE('',#5837,#5838);
#5837 = CARTESIAN_POINT('',(88.889457687485,-59.10473690048,367.5));
#5838 = VECTOR('',#5839,1.);
#5839 = DIRECTION('',(0.,0.,1.));
#5840 = CYLINDRICAL_SURFACE('',#5841,46.);
#5841 = AXIS2_PLACEMENT_3D('',#5842,#5843,#5844);
#5842 = CARTESIAN_POINT('',(55.,-28.,367.5));
#5843 = DIRECTION('',(0.,0.,1.));
#5844 = DIRECTION('',(1.,0.,-0.));
#5845 = ADVANCED_FACE('',(#5846),#5865,.F.);
#5846 = FACE_BOUND('',#5847,.F.);
#5847 = EDGE_LOOP('',(#5848,#5849,#5850,#5858));
#5848 = ORIENTED_EDGE('',*,*,#5818,.T.);
#5849 = ORIENTED_EDGE('',*,*,#5506,.F.);
#5850 = ORIENTED_EDGE('',*,*,#5851,.F.);
#5851 = EDGE_CURVE('',#5852,#5507,#5854,.T.);
#5852 = VERTEX_POINT('',#5853);
#5853 = CARTESIAN_POINT('',(92.199585216805,-55.05902547575,367.5));
#5854 = LINE('',#5855,#5856);
#5855 = CARTESIAN_POINT('',(92.199585216806,-55.05902547575,367.5));
#5856 = VECTOR('',#5857,1.);
#5857 = DIRECTION('',(0.,0.,1.));
#5858 = ORIENTED_EDGE('',*,*,#5859,.T.);
#5859 = EDGE_CURVE('',#5852,#5819,#5860,.T.);
#5860 = CIRCLE('',#5861,46.);
#5861 = AXIS2_PLACEMENT_3D('',#5862,#5863,#5864);
#5862 = CARTESIAN_POINT('',(55.,-28.,367.5));
#5863 = DIRECTION('',(0.,0.,1.));
#5864 = DIRECTION('',(1.,0.,-0.));
#5865 = CYLINDRICAL_SURFACE('',#5866,46.);
#5866 = AXIS2_PLACEMENT_3D('',#5867,#5868,#5869);
#5867 = CARTESIAN_POINT('',(55.,-28.,367.5));
#5868 = DIRECTION('',(0.,0.,1.));
#5869 = DIRECTION('',(1.,0.,-0.));
#5870 = ADVANCED_FACE('',(#5871),#5908,.F.);
#5871 = FACE_BOUND('',#5872,.F.);
#5872 = EDGE_LOOP('',(#5873,#5882,#5890,#5897,#5898,#5905,#5906,#5907));
#5873 = ORIENTED_EDGE('',*,*,#5874,.F.);
#5874 = EDGE_CURVE('',#5875,#5827,#5877,.T.);
#5875 = VERTEX_POINT('',#5876);
#5876 = CARTESIAN_POINT('',(92.2,-55.,367.5));
#5877 = CIRCLE('',#5878,4.2);
#5878 = AXIS2_PLACEMENT_3D('',#5879,#5880,#5881);
#5879 = CARTESIAN_POINT('',(88.,-55.,367.5));
#5880 = DIRECTION('',(0.,0.,1.));
#5881 = DIRECTION('',(1.,0.,-0.));
#5882 = ORIENTED_EDGE('',*,*,#5883,.F.);
#5883 = EDGE_CURVE('',#5884,#5875,#5886,.T.);
#5884 = VERTEX_POINT('',#5885);
#5885 = CARTESIAN_POINT('',(92.2,-55.,365.5));
#5886 = LINE('',#5887,#5888);
#5887 = CARTESIAN_POINT('',(92.2,-55.,365.5));
#5888 = VECTOR('',#5889,1.);
#5889 = DIRECTION('',(0.,0.,1.));
#5890 = ORIENTED_EDGE('',*,*,#5891,.T.);
#5891 = EDGE_CURVE('',#5884,#5884,#5892,.T.);
#5892 = CIRCLE('',#5893,4.2);
#5893 = AXIS2_PLACEMENT_3D('',#5894,#5895,#5896);
#5894 = CARTESIAN_POINT('',(88.,-55.,365.5));
#5895 = DIRECTION('',(0.,0.,1.));
#5896 = DIRECTION('',(1.,0.,-0.));
#5897 = ORIENTED_EDGE('',*,*,#5883,.T.);
#5898 = ORIENTED_EDGE('',*,*,#5899,.F.);
#5899 = EDGE_CURVE('',#5852,#5875,#5900,.T.);
#5900 = CIRCLE('',#5901,4.2);
#5901 = AXIS2_PLACEMENT_3D('',#5902,#5903,#5904);
#5902 = CARTESIAN_POINT('',(88.,-55.,367.5));
#5903 = DIRECTION('',(0.,0.,1.));
#5904 = DIRECTION('',(1.,0.,-0.));
#5905 = ORIENTED_EDGE('',*,*,#5851,.T.);
#5906 = ORIENTED_EDGE('',*,*,#5515,.F.);
#5907 = ORIENTED_EDGE('',*,*,#5835,.F.);
#5908 = CYLINDRICAL_SURFACE('',#5909,4.2);
#5909 = AXIS2_PLACEMENT_3D('',#5910,#5911,#5912);
#5910 = CARTESIAN_POINT('',(88.,-55.,365.5));
#5911 = DIRECTION('',(0.,0.,1.));
#5912 = DIRECTION('',(1.,0.,-0.));
#5913 = ADVANCED_FACE('',(#5914),#5933,.F.);
#5914 = FACE_BOUND('',#5915,.F.);
#5915 = EDGE_LOOP('',(#5916,#5917,#5925,#5932));
#5916 = ORIENTED_EDGE('',*,*,#5524,.F.);
#5917 = ORIENTED_EDGE('',*,*,#5918,.F.);
#5918 = EDGE_CURVE('',#5919,#5525,#5921,.T.);
#5919 = VERTEX_POINT('',#5920);
#5920 = CARTESIAN_POINT('',(-83.8,55.,365.5));
#5921 = LINE('',#5922,#5923);
#5922 = CARTESIAN_POINT('',(-83.8,55.,365.5));
#5923 = VECTOR('',#5924,1.);
#5924 = DIRECTION('',(0.,0.,1.));
#5925 = ORIENTED_EDGE('',*,*,#5926,.T.);
#5926 = EDGE_CURVE('',#5919,#5919,#5927,.T.);
#5927 = CIRCLE('',#5928,4.2);
#5928 = AXIS2_PLACEMENT_3D('',#5929,#5930,#5931);
#5929 = CARTESIAN_POINT('',(-88.,55.,365.5));
#5930 = DIRECTION('',(0.,0.,1.));
#5931 = DIRECTION('',(1.,0.,-0.));
#5932 = ORIENTED_EDGE('',*,*,#5918,.T.);
#5933 = CYLINDRICAL_SURFACE('',#5934,4.2);
#5934 = AXIS2_PLACEMENT_3D('',#5935,#5936,#5937);
#5935 = CARTESIAN_POINT('',(-88.,55.,365.5));
#5936 = DIRECTION('',(0.,0.,1.));
#5937 = DIRECTION('',(1.,0.,-0.));
#5938 = ADVANCED_FACE('',(#5939),#5958,.F.);
#5939 = FACE_BOUND('',#5940,.F.);
#5940 = EDGE_LOOP('',(#5941,#5942,#5950,#5957));
#5941 = ORIENTED_EDGE('',*,*,#5535,.F.);
#5942 = ORIENTED_EDGE('',*,*,#5943,.F.);
#5943 = EDGE_CURVE('',#5944,#5536,#5946,.T.);
#5944 = VERTEX_POINT('',#5945);
#5945 = CARTESIAN_POINT('',(92.2,55.,365.5));
#5946 = LINE('',#5947,#5948);
#5947 = CARTESIAN_POINT('',(92.2,55.,365.5));
#5948 = VECTOR('',#5949,1.);
#5949 = DIRECTION('',(0.,0.,1.));
#5950 = ORIENTED_EDGE('',*,*,#5951,.T.);
#5951 = EDGE_CURVE('',#5944,#5944,#5952,.T.);
#5952 = CIRCLE('',#5953,4.2);
#5953 = AXIS2_PLACEMENT_3D('',#5954,#5955,#5956);
#5954 = CARTESIAN_POINT('',(88.,55.,365.5));
#5955 = DIRECTION('',(0.,0.,1.));
#5956 = DIRECTION('',(1.,0.,-0.));
#5957 = ORIENTED_EDGE('',*,*,#5943,.T.);
#5958 = CYLINDRICAL_SURFACE('',#5959,4.2);
#5959 = AXIS2_PLACEMENT_3D('',#5960,#5961,#5962);
#5960 = CARTESIAN_POINT('',(88.,55.,365.5));
#5961 = DIRECTION('',(0.,0.,1.));
#5962 = DIRECTION('',(1.,0.,-0.));
#5963 = ADVANCED_FACE('',(#5964),#5983,.F.);
#5964 = FACE_BOUND('',#5965,.F.);
#5965 = EDGE_LOOP('',(#5966,#5975,#5981,#5982));
#5966 = ORIENTED_EDGE('',*,*,#5967,.F.);
#5967 = EDGE_CURVE('',#5968,#5968,#5970,.T.);
#5968 = VERTEX_POINT('',#5969);
#5969 = CARTESIAN_POINT('',(-85.8,-55.,365.5));
#5970 = CIRCLE('',#5971,2.2);
#5971 = AXIS2_PLACEMENT_3D('',#5972,#5973,#5974);
#5972 = CARTESIAN_POINT('',(-88.,-55.,365.5));
#5973 = DIRECTION('',(0.,0.,1.));
#5974 = DIRECTION('',(1.,0.,-0.));
#5975 = ORIENTED_EDGE('',*,*,#5976,.F.);
#5976 = EDGE_CURVE('',#5588,#5968,#5977,.T.);
#5977 = LINE('',#5978,#5979);
#5978 = CARTESIAN_POINT('',(-85.8,-55.,359.));
#5979 = VECTOR('',#5980,1.);
#5980 = DIRECTION('',(0.,0.,1.));
#5981 = ORIENTED_EDGE('',*,*,#5587,.T.);
#5982 = ORIENTED_EDGE('',*,*,#5976,.T.);
#5983 = CYLINDRICAL_SURFACE('',#5984,2.2);
#5984 = AXIS2_PLACEMENT_3D('',#5985,#5986,#5987);
#5985 = CARTESIAN_POINT('',(-88.,-55.,359.));
#5986 = DIRECTION('',(0.,0.,1.));
#5987 = DIRECTION('',(1.,0.,-0.));
#5988 = ADVANCED_FACE('',(#5989),#6008,.F.);
#5989 = FACE_BOUND('',#5990,.F.);
#5990 = EDGE_LOOP('',(#5991,#6000,#6006,#6007));
#5991 = ORIENTED_EDGE('',*,*,#5992,.F.);
#5992 = EDGE_CURVE('',#5993,#5993,#5995,.T.);
#5993 = VERTEX_POINT('',#5994);
#5994 = CARTESIAN_POINT('',(90.2,-55.,365.5));
#5995 = CIRCLE('',#5996,2.2);
#5996 = AXIS2_PLACEMENT_3D('',#5997,#5998,#5999);
#5997 = CARTESIAN_POINT('',(88.,-55.,365.5));
#5998 = DIRECTION('',(0.,0.,1.));
#5999 = DIRECTION('',(1.,0.,-0.));
#6000 = ORIENTED_EDGE('',*,*,#6001,.F.);
#6001 = EDGE_CURVE('',#5599,#5993,#6002,.T.);
#6002 = LINE('',#6003,#6004);
#6003 = CARTESIAN_POINT('',(90.2,-55.,359.));
#6004 = VECTOR('',#6005,1.);
#6005 = DIRECTION('',(0.,0.,1.));
#6006 = ORIENTED_EDGE('',*,*,#5598,.T.);
#6007 = ORIENTED_EDGE('',*,*,#6001,.T.);
#6008 = CYLINDRICAL_SURFACE('',#6009,2.2);
#6009 = AXIS2_PLACEMENT_3D('',#6010,#6011,#6012);
#6010 = CARTESIAN_POINT('',(88.,-55.,359.));
#6011 = DIRECTION('',(0.,0.,1.));
#6012 = DIRECTION('',(1.,0.,-0.));
#6013 = ADVANCED_FACE('',(#6014),#6039,.F.);
#6014 = FACE_BOUND('',#6015,.F.);
#6015 = EDGE_LOOP('',(#6016,#6024,#6032,#6038));
#6016 = ORIENTED_EDGE('',*,*,#6017,.F.);
#6017 = EDGE_CURVE('',#6018,#5610,#6020,.T.);
#6018 = VERTEX_POINT('',#6019);
#6019 = CARTESIAN_POINT('',(-50.,-20.,350.));
#6020 = LINE('',#6021,#6022);
#6021 = CARTESIAN_POINT('',(-50.,-20.,350.));
#6022 = VECTOR('',#6023,1.);
#6023 = DIRECTION('',(0.,0.,1.));
#6024 = ORIENTED_EDGE('',*,*,#6025,.F.);
#6025 = EDGE_CURVE('',#6026,#6018,#6028,.T.);
#6026 = VERTEX_POINT('',#6027);
#6027 = CARTESIAN_POINT('',(-90.,-20.,350.));
#6028 = LINE('',#6029,#6030);
#6029 = CARTESIAN_POINT('',(-90.,-20.,350.));
#6030 = VECTOR('',#6031,1.);
#6031 = DIRECTION('',(1.,0.,-0.));
#6032 = ORIENTED_EDGE('',*,*,#6033,.T.);
#6033 = EDGE_CURVE('',#6026,#5612,#6034,.T.);
#6034 = LINE('',#6035,#6036);
#6035 = CARTESIAN_POINT('',(-90.,-20.,350.));
#6036 = VECTOR('',#6037,1.);
#6037 = DIRECTION('',(0.,0.,1.));
#6038 = ORIENTED_EDGE('',*,*,#5609,.F.);
#6039 = PLANE('',#6040);
#6040 = AXIS2_PLACEMENT_3D('',#6041,#6042,#6043);
#6041 = CARTESIAN_POINT('',(-90.,-20.,350.));
#6042 = DIRECTION('',(-0.,1.,0.));
#6043 = DIRECTION('',(0.,0.,1.));
#6044 = ADVANCED_FACE('',(#6045,#6063),#6074,.T.);
#6045 = FACE_BOUND('',#6046,.T.);
#6046 = EDGE_LOOP('',(#6047,#6048,#6056,#6062));
#6047 = ORIENTED_EDGE('',*,*,#6017,.F.);
#6048 = ORIENTED_EDGE('',*,*,#6049,.T.);
#6049 = EDGE_CURVE('',#6018,#6050,#6052,.T.);
#6050 = VERTEX_POINT('',#6051);
#6051 = CARTESIAN_POINT('',(-50.,20.,350.));
#6052 = LINE('',#6053,#6054);
#6053 = CARTESIAN_POINT('',(-50.,-20.,350.));
#6054 = VECTOR('',#6055,1.);
#6055 = DIRECTION('',(-0.,1.,0.));
#6056 = ORIENTED_EDGE('',*,*,#6057,.T.);
#6057 = EDGE_CURVE('',#6050,#5628,#6058,.T.);
#6058 = LINE('',#6059,#6060);
#6059 = CARTESIAN_POINT('',(-50.,20.,350.));
#6060 = VECTOR('',#6061,1.);
#6061 = DIRECTION('',(0.,0.,1.));
#6062 = ORIENTED_EDGE('',*,*,#5635,.F.);
#6063 = FACE_BOUND('',#6064,.T.);
#6064 = EDGE_LOOP('',(#6065));
#6065 = ORIENTED_EDGE('',*,*,#6066,.F.);
#6066 = EDGE_CURVE('',#6067,#6067,#6069,.T.);
#6067 = VERTEX_POINT('',#6068);
#6068 = CARTESIAN_POINT('',(-50.,5.143516556419E-16,358.1));
#6069 = CIRCLE('',#6070,2.1);
#6070 = AXIS2_PLACEMENT_3D('',#6071,#6072,#6073);
#6071 = CARTESIAN_POINT('',(-50.,0.,356.));
#6072 = DIRECTION('',(1.,0.,0.));
#6073 = DIRECTION('',(-0.,0.,1.));
#6074 = PLANE('',#6075);
#6075 = AXIS2_PLACEMENT_3D('',#6076,#6077,#6078);
#6076 = CARTESIAN_POINT('',(-50.,-20.,350.));
#6077 = DIRECTION('',(1.,0.,-0.));
#6078 = DIRECTION('',(0.,0.,1.));
#6079 = ADVANCED_FACE('',(#6080,#6098),#6109,.F.);
#6080 = FACE_BOUND('',#6081,.F.);
#6081 = EDGE_LOOP('',(#6082,#6083,#6091,#6097));
#6082 = ORIENTED_EDGE('',*,*,#6033,.F.);
#6083 = ORIENTED_EDGE('',*,*,#6084,.T.);
#6084 = EDGE_CURVE('',#6026,#6085,#6087,.T.);
#6085 = VERTEX_POINT('',#6086);
#6086 = CARTESIAN_POINT('',(-90.,20.,350.));
#6087 = LINE('',#6088,#6089);
#6088 = CARTESIAN_POINT('',(-90.,-20.,350.));
#6089 = VECTOR('',#6090,1.);
#6090 = DIRECTION('',(-0.,1.,0.));
#6091 = ORIENTED_EDGE('',*,*,#6092,.T.);
#6092 = EDGE_CURVE('',#6085,#5620,#6093,.T.);
#6093 = LINE('',#6094,#6095);
#6094 = CARTESIAN_POINT('',(-90.,20.,350.));
#6095 = VECTOR('',#6096,1.);
#6096 = DIRECTION('',(0.,0.,1.));
#6097 = ORIENTED_EDGE('',*,*,#5619,.F.);
#6098 = FACE_BOUND('',#6099,.F.);
#6099 = EDGE_LOOP('',(#6100));
#6100 = ORIENTED_EDGE('',*,*,#6101,.F.);
#6101 = EDGE_CURVE('',#6102,#6102,#6104,.T.);
#6102 = VERTEX_POINT('',#6103);
#6103 = CARTESIAN_POINT('',(-90.,5.143516556419E-16,358.1));
#6104 = CIRCLE('',#6105,2.1);
#6105 = AXIS2_PLACEMENT_3D('',#6106,#6107,#6108);
#6106 = CARTESIAN_POINT('',(-90.,0.,356.));
#6107 = DIRECTION('',(1.,0.,0.));
#6108 = DIRECTION('',(-0.,0.,1.));
#6109 = PLANE('',#6110);
#6110 = AXIS2_PLACEMENT_3D('',#6111,#6112,#6113);
#6111 = CARTESIAN_POINT('',(-90.,-20.,350.));
#6112 = DIRECTION('',(1.,0.,-0.));
#6113 = DIRECTION('',(0.,0.,1.));
#6114 = ADVANCED_FACE('',(#6115),#6126,.T.);
#6115 = FACE_BOUND('',#6116,.T.);
#6116 = EDGE_LOOP('',(#6117,#6118,#6124,#6125));
#6117 = ORIENTED_EDGE('',*,*,#6057,.F.);
#6118 = ORIENTED_EDGE('',*,*,#6119,.F.);
#6119 = EDGE_CURVE('',#6085,#6050,#6120,.T.);
#6120 = LINE('',#6121,#6122);
#6121 = CARTESIAN_POINT('',(-90.,20.,350.));
#6122 = VECTOR('',#6123,1.);
#6123 = DIRECTION('',(1.,0.,-0.));
#6124 = ORIENTED_EDGE('',*,*,#6092,.T.);
#6125 = ORIENTED_EDGE('',*,*,#5627,.F.);
#6126 = PLANE('',#6127);
#6127 = AXIS2_PLACEMENT_3D('',#6128,#6129,#6130);
#6128 = CARTESIAN_POINT('',(-90.,20.,350.));
#6129 = DIRECTION('',(-0.,1.,0.));
#6130 = DIRECTION('',(0.,0.,1.));
#6131 = ADVANCED_FACE('',(#6132),#6151,.F.);
#6132 = FACE_BOUND('',#6133,.F.);
#6133 = EDGE_LOOP('',(#6134,#6143,#6149,#6150));
#6134 = ORIENTED_EDGE('',*,*,#6135,.F.);
#6135 = EDGE_CURVE('',#6136,#6136,#6138,.T.);
#6136 = VERTEX_POINT('',#6137);
#6137 = CARTESIAN_POINT('',(-85.8,55.,365.5));
#6138 = CIRCLE('',#6139,2.2);
#6139 = AXIS2_PLACEMENT_3D('',#6140,#6141,#6142);
#6140 = CARTESIAN_POINT('',(-88.,55.,365.5));
#6141 = DIRECTION('',(0.,0.,1.));
#6142 = DIRECTION('',(1.,0.,-0.));
#6143 = ORIENTED_EDGE('',*,*,#6144,.F.);
#6144 = EDGE_CURVE('',#5644,#6136,#6145,.T.);
#6145 = LINE('',#6146,#6147);
#6146 = CARTESIAN_POINT('',(-85.8,55.,359.));
#6147 = VECTOR('',#6148,1.);
#6148 = DIRECTION('',(0.,0.,1.));
#6149 = ORIENTED_EDGE('',*,*,#5643,.T.);
#6150 = ORIENTED_EDGE('',*,*,#6144,.T.);
#6151 = CYLINDRICAL_SURFACE('',#6152,2.2);
#6152 = AXIS2_PLACEMENT_3D('',#6153,#6154,#6155);
#6153 = CARTESIAN_POINT('',(-88.,55.,359.));
#6154 = DIRECTION('',(0.,0.,1.));
#6155 = DIRECTION('',(1.,0.,-0.));
#6156 = ADVANCED_FACE('',(#6157),#6182,.F.);
#6157 = FACE_BOUND('',#6158,.F.);
#6158 = EDGE_LOOP('',(#6159,#6167,#6175,#6181));
#6159 = ORIENTED_EDGE('',*,*,#6160,.F.);
#6160 = EDGE_CURVE('',#6161,#5655,#6163,.T.);
#6161 = VERTEX_POINT('',#6162);
#6162 = CARTESIAN_POINT('',(90.,-20.,350.));
#6163 = LINE('',#6164,#6165);
#6164 = CARTESIAN_POINT('',(90.,-20.,350.));
#6165 = VECTOR('',#6166,1.);
#6166 = DIRECTION('',(0.,0.,1.));
#6167 = ORIENTED_EDGE('',*,*,#6168,.F.);
#6168 = EDGE_CURVE('',#6169,#6161,#6171,.T.);
#6169 = VERTEX_POINT('',#6170);
#6170 = CARTESIAN_POINT('',(50.,-20.,350.));
#6171 = LINE('',#6172,#6173);
#6172 = CARTESIAN_POINT('',(50.,-20.,350.));
#6173 = VECTOR('',#6174,1.);
#6174 = DIRECTION('',(1.,0.,-0.));
#6175 = ORIENTED_EDGE('',*,*,#6176,.T.);
#6176 = EDGE_CURVE('',#6169,#5657,#6177,.T.);
#6177 = LINE('',#6178,#6179);
#6178 = CARTESIAN_POINT('',(50.,-20.,350.));
#6179 = VECTOR('',#6180,1.);
#6180 = DIRECTION('',(0.,0.,1.));
#6181 = ORIENTED_EDGE('',*,*,#5654,.F.);
#6182 = PLANE('',#6183);
#6183 = AXIS2_PLACEMENT_3D('',#6184,#6185,#6186);
#6184 = CARTESIAN_POINT('',(50.,-20.,350.));
#6185 = DIRECTION('',(-0.,1.,0.));
#6186 = DIRECTION('',(0.,0.,1.));
#6187 = ADVANCED_FACE('',(#6188,#6206),#6217,.T.);
#6188 = FACE_BOUND('',#6189,.T.);
#6189 = EDGE_LOOP('',(#6190,#6191,#6199,#6205));
#6190 = ORIENTED_EDGE('',*,*,#6160,.F.);
#6191 = ORIENTED_EDGE('',*,*,#6192,.T.);
#6192 = EDGE_CURVE('',#6161,#6193,#6195,.T.);
#6193 = VERTEX_POINT('',#6194);
#6194 = CARTESIAN_POINT('',(90.,20.,350.));
#6195 = LINE('',#6196,#6197);
#6196 = CARTESIAN_POINT('',(90.,-20.,350.));
#6197 = VECTOR('',#6198,1.);
#6198 = DIRECTION('',(-0.,1.,0.));
#6199 = ORIENTED_EDGE('',*,*,#6200,.T.);
#6200 = EDGE_CURVE('',#6193,#5673,#6201,.T.);
#6201 = LINE('',#6202,#6203);
#6202 = CARTESIAN_POINT('',(90.,20.,350.));
#6203 = VECTOR('',#6204,1.);
#6204 = DIRECTION('',(0.,0.,1.));
#6205 = ORIENTED_EDGE('',*,*,#5680,.F.);
#6206 = FACE_BOUND('',#6207,.T.);
#6207 = EDGE_LOOP('',(#6208));
#6208 = ORIENTED_EDGE('',*,*,#6209,.F.);
#6209 = EDGE_CURVE('',#6210,#6210,#6212,.T.);
#6210 = VERTEX_POINT('',#6211);
#6211 = CARTESIAN_POINT('',(90.,5.143516556419E-16,358.1));
#6212 = CIRCLE('',#6213,2.1);
#6213 = AXIS2_PLACEMENT_3D('',#6214,#6215,#6216);
#6214 = CARTESIAN_POINT('',(90.,0.,356.));
#6215 = DIRECTION('',(1.,0.,0.));
#6216 = DIRECTION('',(-0.,0.,1.));
#6217 = PLANE('',#6218);
#6218 = AXIS2_PLACEMENT_3D('',#6219,#6220,#6221);
#6219 = CARTESIAN_POINT('',(90.,-20.,350.));
#6220 = DIRECTION('',(1.,0.,-0.));
#6221 = DIRECTION('',(0.,0.,1.));
#6222 = ADVANCED_FACE('',(#6223),#6241,.T.);
#6223 = FACE_BOUND('',#6224,.T.);
#6224 = EDGE_LOOP('',(#6225,#6226,#6234,#6240));
#6225 = ORIENTED_EDGE('',*,*,#6200,.F.);
#6226 = ORIENTED_EDGE('',*,*,#6227,.F.);
#6227 = EDGE_CURVE('',#6228,#6193,#6230,.T.);
#6228 = VERTEX_POINT('',#6229);
#6229 = CARTESIAN_POINT('',(50.,20.,350.));
#6230 = LINE('',#6231,#6232);
#6231 = CARTESIAN_POINT('',(50.,20.,350.));
#6232 = VECTOR('',#6233,1.);
#6233 = DIRECTION('',(1.,0.,-0.));
#6234 = ORIENTED_EDGE('',*,*,#6235,.T.);
#6235 = EDGE_CURVE('',#6228,#5665,#6236,.T.);
#6236 = LINE('',#6237,#6238);
#6237 = CARTESIAN_POINT('',(50.,20.,350.));
#6238 = VECTOR('',#6239,1.);
#6239 = DIRECTION('',(0.,0.,1.));
#6240 = ORIENTED_EDGE('',*,*,#5672,.F.);
#6241 = PLANE('',#6242);
#6242 = AXIS2_PLACEMENT_3D('',#6243,#6244,#6245);
#6243 = CARTESIAN_POINT('',(50.,20.,350.));
#6244 = DIRECTION('',(-0.,1.,0.));
#6245 = DIRECTION('',(0.,0.,1.));
#6246 = ADVANCED_FACE('',(#6247,#6258),#6269,.F.);
#6247 = FACE_BOUND('',#6248,.F.);
#6248 = EDGE_LOOP('',(#6249,#6250,#6256,#6257));
#6249 = ORIENTED_EDGE('',*,*,#6176,.F.);
#6250 = ORIENTED_EDGE('',*,*,#6251,.T.);
#6251 = EDGE_CURVE('',#6169,#6228,#6252,.T.);
#6252 = LINE('',#6253,#6254);
#6253 = CARTESIAN_POINT('',(50.,-20.,350.));
#6254 = VECTOR('',#6255,1.);
#6255 = DIRECTION('',(-0.,1.,0.));
#6256 = ORIENTED_EDGE('',*,*,#6235,.T.);
#6257 = ORIENTED_EDGE('',*,*,#5664,.F.);
#6258 = FACE_BOUND('',#6259,.F.);
#6259 = EDGE_LOOP('',(#6260));
#6260 = ORIENTED_EDGE('',*,*,#6261,.F.);
#6261 = EDGE_CURVE('',#6262,#6262,#6264,.T.);
#6262 = VERTEX_POINT('',#6263);
#6263 = CARTESIAN_POINT('',(50.,5.143516556419E-16,358.1));
#6264 = CIRCLE('',#6265,2.1);
#6265 = AXIS2_PLACEMENT_3D('',#6266,#6267,#6268);
#6266 = CARTESIAN_POINT('',(50.,0.,356.));
#6267 = DIRECTION('',(1.,0.,0.));
#6268 = DIRECTION('',(-0.,0.,1.));
#6269 = PLANE('',#6270);
#6270 = AXIS2_PLACEMENT_3D('',#6271,#6272,#6273);
#6271 = CARTESIAN_POINT('',(50.,-20.,350.));
#6272 = DIRECTION('',(1.,0.,-0.));
#6273 = DIRECTION('',(0.,0.,1.));
#6274 = ADVANCED_FACE('',(#6275),#6294,.F.);
#6275 = FACE_BOUND('',#6276,.F.);
#6276 = EDGE_LOOP('',(#6277,#6286,#6292,#6293));
#6277 = ORIENTED_EDGE('',*,*,#6278,.F.);
#6278 = EDGE_CURVE('',#6279,#6279,#6281,.T.);
#6279 = VERTEX_POINT('',#6280);
#6280 = CARTESIAN_POINT('',(90.2,55.,365.5));
#6281 = CIRCLE('',#6282,2.2);
#6282 = AXIS2_PLACEMENT_3D('',#6283,#6284,#6285);
#6283 = CARTESIAN_POINT('',(88.,55.,365.5));
#6284 = DIRECTION('',(0.,0.,1.));
#6285 = DIRECTION('',(1.,0.,-0.));
#6286 = ORIENTED_EDGE('',*,*,#6287,.F.);
#6287 = EDGE_CURVE('',#5689,#6279,#6288,.T.);
#6288 = LINE('',#6289,#6290);
#6289 = CARTESIAN_POINT('',(90.2,55.,359.));
#6290 = VECTOR('',#6291,1.);
#6291 = DIRECTION('',(0.,0.,1.));
#6292 = ORIENTED_EDGE('',*,*,#5688,.T.);
#6293 = ORIENTED_EDGE('',*,*,#6287,.T.);
#6294 = CYLINDRICAL_SURFACE('',#6295,2.2);
#6295 = AXIS2_PLACEMENT_3D('',#6296,#6297,#6298);
#6296 = CARTESIAN_POINT('',(88.,55.,359.));
#6297 = DIRECTION('',(0.,0.,1.));
#6298 = DIRECTION('',(1.,0.,-0.));
#6299 = ADVANCED_FACE('',(#6300),#6306,.T.);
#6300 = FACE_BOUND('',#6301,.T.);
#6301 = EDGE_LOOP('',(#6302,#6303,#6304,#6305));
#6302 = ORIENTED_EDGE('',*,*,#5759,.T.);
#6303 = ORIENTED_EDGE('',*,*,#5726,.T.);
#6304 = ORIENTED_EDGE('',*,*,#5774,.F.);
#6305 = ORIENTED_EDGE('',*,*,#5799,.F.);
#6306 = PLANE('',#6307);
#6307 = AXIS2_PLACEMENT_3D('',#6308,#6309,#6310);
#6308 = CARTESIAN_POINT('',(-55.,-28.,367.5));
#6309 = DIRECTION('',(0.,0.,1.));
#6310 = DIRECTION('',(1.,0.,-0.));
#6311 = ADVANCED_FACE('',(#6312,#6315),#6318,.T.);
#6312 = FACE_BOUND('',#6313,.T.);
#6313 = EDGE_LOOP('',(#6314));
#6314 = ORIENTED_EDGE('',*,*,#5791,.T.);
#6315 = FACE_BOUND('',#6316,.T.);
#6316 = EDGE_LOOP('',(#6317));
#6317 = ORIENTED_EDGE('',*,*,#5967,.F.);
#6318 = PLANE('',#6319);
#6319 = AXIS2_PLACEMENT_3D('',#6320,#6321,#6322);
#6320 = CARTESIAN_POINT('',(-88.,-55.,365.5));
#6321 = DIRECTION('',(0.,0.,1.));
#6322 = DIRECTION('',(1.,0.,-0.));
#6323 = ADVANCED_FACE('',(#6324),#6330,.T.);
#6324 = FACE_BOUND('',#6325,.T.);
#6325 = EDGE_LOOP('',(#6326,#6327,#6328,#6329));
#6326 = ORIENTED_EDGE('',*,*,#5859,.T.);
#6327 = ORIENTED_EDGE('',*,*,#5826,.T.);
#6328 = ORIENTED_EDGE('',*,*,#5874,.F.);
#6329 = ORIENTED_EDGE('',*,*,#5899,.F.);
#6330 = PLANE('',#6331);
#6331 = AXIS2_PLACEMENT_3D('',#6332,#6333,#6334);
#6332 = CARTESIAN_POINT('',(55.,-28.,367.5));
#6333 = DIRECTION('',(0.,0.,1.));
#6334 = DIRECTION('',(1.,0.,-0.));
#6335 = ADVANCED_FACE('',(#6336,#6339),#6342,.T.);
#6336 = FACE_BOUND('',#6337,.T.);
#6337 = EDGE_LOOP('',(#6338));
#6338 = ORIENTED_EDGE('',*,*,#5891,.T.);
#6339 = FACE_BOUND('',#6340,.T.);
#6340 = EDGE_LOOP('',(#6341));
#6341 = ORIENTED_EDGE('',*,*,#5992,.F.);
#6342 = PLANE('',#6343);
#6343 = AXIS2_PLACEMENT_3D('',#6344,#6345,#6346);
#6344 = CARTESIAN_POINT('',(88.,-55.,365.5));
#6345 = DIRECTION('',(0.,0.,1.));
#6346 = DIRECTION('',(1.,0.,-0.));
#6347 = ADVANCED_FACE('',(#6348,#6351),#6354,.T.);
#6348 = FACE_BOUND('',#6349,.T.);
#6349 = EDGE_LOOP('',(#6350));
#6350 = ORIENTED_EDGE('',*,*,#5926,.T.);
#6351 = FACE_BOUND('',#6352,.T.);
#6352 = EDGE_LOOP('',(#6353));
#6353 = ORIENTED_EDGE('',*,*,#6135,.F.);
#6354 = PLANE('',#6355);
#6355 = AXIS2_PLACEMENT_3D('',#6356,#6357,#6358);
#6356 = CARTESIAN_POINT('',(-88.,55.,365.5));
#6357 = DIRECTION('',(0.,0.,1.));
#6358 = DIRECTION('',(1.,0.,-0.));
#6359 = ADVANCED_FACE('',(#6360,#6363),#6366,.T.);
#6360 = FACE_BOUND('',#6361,.T.);
#6361 = EDGE_LOOP('',(#6362));
#6362 = ORIENTED_EDGE('',*,*,#5951,.T.);
#6363 = FACE_BOUND('',#6364,.T.);
#6364 = EDGE_LOOP('',(#6365));
#6365 = ORIENTED_EDGE('',*,*,#6278,.F.);
#6366 = PLANE('',#6367);
#6367 = AXIS2_PLACEMENT_3D('',#6368,#6369,#6370);
#6368 = CARTESIAN_POINT('',(88.,55.,365.5));
#6369 = DIRECTION('',(0.,0.,1.));
#6370 = DIRECTION('',(1.,0.,-0.));
#6371 = ADVANCED_FACE('',(#6372,#6378),#6412,.F.);
#6372 = FACE_BOUND('',#6373,.F.);
#6373 = EDGE_LOOP('',(#6374,#6375,#6376,#6377));
#6374 = ORIENTED_EDGE('',*,*,#6084,.F.);
#6375 = ORIENTED_EDGE('',*,*,#6025,.T.);
#6376 = ORIENTED_EDGE('',*,*,#6049,.T.);
#6377 = ORIENTED_EDGE('',*,*,#6119,.F.);
#6378 = FACE_BOUND('',#6379,.F.);
#6379 = EDGE_LOOP('',(#6380,#6390,#6398,#6406));
#6380 = ORIENTED_EDGE('',*,*,#6381,.T.);
#6381 = EDGE_CURVE('',#6382,#6384,#6386,.T.);
#6382 = VERTEX_POINT('',#6383);
#6383 = CARTESIAN_POINT('',(-59.75,-10.25,350.));
#6384 = VERTEX_POINT('',#6385);
#6385 = CARTESIAN_POINT('',(-80.25,-10.25,350.));
#6386 = LINE('',#6387,#6388);
#6387 = CARTESIAN_POINT('',(-85.125,-10.25,350.));
#6388 = VECTOR('',#6389,1.);
#6389 = DIRECTION('',(-1.,-0.,0.));
#6390 = ORIENTED_EDGE('',*,*,#6391,.T.);
#6391 = EDGE_CURVE('',#6384,#6392,#6394,.T.);
#6392 = VERTEX_POINT('',#6393);
#6393 = CARTESIAN_POINT('',(-80.25,10.25,350.));
#6394 = LINE('',#6395,#6396);
#6395 = CARTESIAN_POINT('',(-80.25,-15.125,350.));
#6396 = VECTOR('',#6397,1.);
#6397 = DIRECTION('',(-0.,1.,0.));
#6398 = ORIENTED_EDGE('',*,*,#6399,.F.);
#6399 = EDGE_CURVE('',#6400,#6392,#6402,.T.);
#6400 = VERTEX_POINT('',#6401);
#6401 = CARTESIAN_POINT('',(-59.75,10.25,350.));
#6402 = LINE('',#6403,#6404);
#6403 = CARTESIAN_POINT('',(-85.125,10.25,350.));
#6404 = VECTOR('',#6405,1.);
#6405 = DIRECTION('',(-1.,-0.,0.));
#6406 = ORIENTED_EDGE('',*,*,#6407,.F.);
#6407 = EDGE_CURVE('',#6382,#6400,#6408,.T.);
#6408 = LINE('',#6409,#6410);
#6409 = CARTESIAN_POINT('',(-59.75,-15.125,350.));
#6410 = VECTOR('',#6411,1.);
#6411 = DIRECTION('',(-0.,1.,0.));
#6412 = PLANE('',#6413);
#6413 = AXIS2_PLACEMENT_3D('',#6414,#6415,#6416);
#6414 = CARTESIAN_POINT('',(-90.,-20.,350.));
#6415 = DIRECTION('',(0.,0.,1.));
#6416 = DIRECTION('',(1.,0.,-0.));
#6417 = ADVANCED_FACE('',(#6418),#6437,.F.);
#6418 = FACE_BOUND('',#6419,.F.);
#6419 = EDGE_LOOP('',(#6420,#6421,#6429,#6436));
#6420 = ORIENTED_EDGE('',*,*,#6066,.F.);
#6421 = ORIENTED_EDGE('',*,*,#6422,.F.);
#6422 = EDGE_CURVE('',#6423,#6067,#6425,.T.);
#6423 = VERTEX_POINT('',#6424);
#6424 = CARTESIAN_POINT('',(-59.75,5.143516556419E-16,358.1));
#6425 = LINE('',#6426,#6427);
#6426 = CARTESIAN_POINT('',(-92.5,5.143516556419E-16,358.1));
#6427 = VECTOR('',#6428,1.);
#6428 = DIRECTION('',(1.,0.,0.));
#6429 = ORIENTED_EDGE('',*,*,#6430,.T.);
#6430 = EDGE_CURVE('',#6423,#6423,#6431,.T.);
#6431 = CIRCLE('',#6432,2.1);
#6432 = AXIS2_PLACEMENT_3D('',#6433,#6434,#6435);
#6433 = CARTESIAN_POINT('',(-59.75,0.,356.));
#6434 = DIRECTION('',(1.,0.,0.));
#6435 = DIRECTION('',(-0.,0.,1.));
#6436 = ORIENTED_EDGE('',*,*,#6422,.T.);
#6437 = CYLINDRICAL_SURFACE('',#6438,2.1);
#6438 = AXIS2_PLACEMENT_3D('',#6439,#6440,#6441);
#6439 = CARTESIAN_POINT('',(-92.5,0.,356.));
#6440 = DIRECTION('',(1.,0.,0.));
#6441 = DIRECTION('',(-0.,0.,1.));
#6442 = ADVANCED_FACE('',(#6443),#6462,.F.);
#6443 = FACE_BOUND('',#6444,.F.);
#6444 = EDGE_LOOP('',(#6445,#6454,#6460,#6461));
#6445 = ORIENTED_EDGE('',*,*,#6446,.F.);
#6446 = EDGE_CURVE('',#6447,#6447,#6449,.T.);
#6447 = VERTEX_POINT('',#6448);
#6448 = CARTESIAN_POINT('',(-80.25,5.143516556419E-16,358.1));
#6449 = CIRCLE('',#6450,2.1);
#6450 = AXIS2_PLACEMENT_3D('',#6451,#6452,#6453);
#6451 = CARTESIAN_POINT('',(-80.25,0.,356.));
#6452 = DIRECTION('',(1.,0.,0.));
#6453 = DIRECTION('',(-0.,0.,1.));
#6454 = ORIENTED_EDGE('',*,*,#6455,.F.);
#6455 = EDGE_CURVE('',#6102,#6447,#6456,.T.);
#6456 = LINE('',#6457,#6458);
#6457 = CARTESIAN_POINT('',(-92.5,5.143516556419E-16,358.1));
#6458 = VECTOR('',#6459,1.);
#6459 = DIRECTION('',(1.,0.,0.));
#6460 = ORIENTED_EDGE('',*,*,#6101,.T.);
#6461 = ORIENTED_EDGE('',*,*,#6455,.T.);
#6462 = CYLINDRICAL_SURFACE('',#6463,2.1);
#6463 = AXIS2_PLACEMENT_3D('',#6464,#6465,#6466);
#6464 = CARTESIAN_POINT('',(-92.5,0.,356.));
#6465 = DIRECTION('',(1.,0.,0.));
#6466 = DIRECTION('',(-0.,0.,1.));
#6467 = ADVANCED_FACE('',(#6468,#6474),#6508,.F.);
#6468 = FACE_BOUND('',#6469,.F.);
#6469 = EDGE_LOOP('',(#6470,#6471,#6472,#6473));
#6470 = ORIENTED_EDGE('',*,*,#6251,.F.);
#6471 = ORIENTED_EDGE('',*,*,#6168,.T.);
#6472 = ORIENTED_EDGE('',*,*,#6192,.T.);
#6473 = ORIENTED_EDGE('',*,*,#6227,.F.);
#6474 = FACE_BOUND('',#6475,.F.);
#6475 = EDGE_LOOP('',(#6476,#6486,#6494,#6502));
#6476 = ORIENTED_EDGE('',*,*,#6477,.T.);
#6477 = EDGE_CURVE('',#6478,#6480,#6482,.T.);
#6478 = VERTEX_POINT('',#6479);
#6479 = CARTESIAN_POINT('',(80.25,-10.25,350.));
#6480 = VERTEX_POINT('',#6481);
#6481 = CARTESIAN_POINT('',(59.75,-10.25,350.));
#6482 = LINE('',#6483,#6484);
#6483 = CARTESIAN_POINT('',(54.875,-10.25,350.));
#6484 = VECTOR('',#6485,1.);
#6485 = DIRECTION('',(-1.,-0.,0.));
#6486 = ORIENTED_EDGE('',*,*,#6487,.T.);
#6487 = EDGE_CURVE('',#6480,#6488,#6490,.T.);
#6488 = VERTEX_POINT('',#6489);
#6489 = CARTESIAN_POINT('',(59.75,10.25,350.));
#6490 = LINE('',#6491,#6492);
#6491 = CARTESIAN_POINT('',(59.75,-15.125,350.));
#6492 = VECTOR('',#6493,1.);
#6493 = DIRECTION('',(-0.,1.,0.));
#6494 = ORIENTED_EDGE('',*,*,#6495,.F.);
#6495 = EDGE_CURVE('',#6496,#6488,#6498,.T.);
#6496 = VERTEX_POINT('',#6497);
#6497 = CARTESIAN_POINT('',(80.25,10.25,350.));
#6498 = LINE('',#6499,#6500);
#6499 = CARTESIAN_POINT('',(54.875,10.25,350.));
#6500 = VECTOR('',#6501,1.);
#6501 = DIRECTION('',(-1.,-0.,0.));
#6502 = ORIENTED_EDGE('',*,*,#6503,.F.);
#6503 = EDGE_CURVE('',#6478,#6496,#6504,.T.);
#6504 = LINE('',#6505,#6506);
#6505 = CARTESIAN_POINT('',(80.25,-15.125,350.));
#6506 = VECTOR('',#6507,1.);
#6507 = DIRECTION('',(-0.,1.,0.));
#6508 = PLANE('',#6509);
#6509 = AXIS2_PLACEMENT_3D('',#6510,#6511,#6512);
#6510 = CARTESIAN_POINT('',(50.,-20.,350.));
#6511 = DIRECTION('',(0.,0.,1.));
#6512 = DIRECTION('',(1.,0.,-0.));
#6513 = ADVANCED_FACE('',(#6514),#6533,.F.);
#6514 = FACE_BOUND('',#6515,.F.);
#6515 = EDGE_LOOP('',(#6516,#6517,#6525,#6532));
#6516 = ORIENTED_EDGE('',*,*,#6209,.F.);
#6517 = ORIENTED_EDGE('',*,*,#6518,.F.);
#6518 = EDGE_CURVE('',#6519,#6210,#6521,.T.);
#6519 = VERTEX_POINT('',#6520);
#6520 = CARTESIAN_POINT('',(80.25,5.143516556419E-16,358.1));
#6521 = LINE('',#6522,#6523);
#6522 = CARTESIAN_POINT('',(47.5,5.143516556419E-16,358.1));
#6523 = VECTOR('',#6524,1.);
#6524 = DIRECTION('',(1.,0.,0.));
#6525 = ORIENTED_EDGE('',*,*,#6526,.T.);
#6526 = EDGE_CURVE('',#6519,#6519,#6527,.T.);
#6527 = CIRCLE('',#6528,2.1);
#6528 = AXIS2_PLACEMENT_3D('',#6529,#6530,#6531);
#6529 = CARTESIAN_POINT('',(80.25,0.,356.));
#6530 = DIRECTION('',(1.,0.,0.));
#6531 = DIRECTION('',(-0.,0.,1.));
#6532 = ORIENTED_EDGE('',*,*,#6518,.T.);
#6533 = CYLINDRICAL_SURFACE('',#6534,2.1);
#6534 = AXIS2_PLACEMENT_3D('',#6535,#6536,#6537);
#6535 = CARTESIAN_POINT('',(47.5,0.,356.));
#6536 = DIRECTION('',(1.,0.,0.));
#6537 = DIRECTION('',(-0.,0.,1.));
#6538 = ADVANCED_FACE('',(#6539),#6558,.F.);
#6539 = FACE_BOUND('',#6540,.F.);
#6540 = EDGE_LOOP('',(#6541,#6550,#6556,#6557));
#6541 = ORIENTED_EDGE('',*,*,#6542,.F.);
#6542 = EDGE_CURVE('',#6543,#6543,#6545,.T.);
#6543 = VERTEX_POINT('',#6544);
#6544 = CARTESIAN_POINT('',(59.75,5.143516556419E-16,358.1));
#6545 = CIRCLE('',#6546,2.1);
#6546 = AXIS2_PLACEMENT_3D('',#6547,#6548,#6549);
#6547 = CARTESIAN_POINT('',(59.75,0.,356.));
#6548 = DIRECTION('',(1.,0.,0.));
#6549 = DIRECTION('',(-0.,0.,1.));
#6550 = ORIENTED_EDGE('',*,*,#6551,.F.);
#6551 = EDGE_CURVE('',#6262,#6543,#6552,.T.);
#6552 = LINE('',#6553,#6554);
#6553 = CARTESIAN_POINT('',(47.5,5.143516556419E-16,358.1));
#6554 = VECTOR('',#6555,1.);
#6555 = DIRECTION('',(1.,0.,0.));
#6556 = ORIENTED_EDGE('',*,*,#6261,.T.);
#6557 = ORIENTED_EDGE('',*,*,#6551,.T.);
#6558 = CYLINDRICAL_SURFACE('',#6559,2.1);
#6559 = AXIS2_PLACEMENT_3D('',#6560,#6561,#6562);
#6560 = CARTESIAN_POINT('',(47.5,0.,356.));
#6561 = DIRECTION('',(1.,0.,0.));
#6562 = DIRECTION('',(-0.,0.,1.));
#6563 = ADVANCED_FACE('',(#6564),#6589,.T.);
#6564 = FACE_BOUND('',#6565,.T.);
#6565 = EDGE_LOOP('',(#6566,#6574,#6575,#6583));
#6566 = ORIENTED_EDGE('',*,*,#6567,.F.);
#6567 = EDGE_CURVE('',#6382,#6568,#6570,.T.);
#6568 = VERTEX_POINT('',#6569);
#6569 = CARTESIAN_POINT('',(-59.75,-10.25,365.1));
#6570 = LINE('',#6571,#6572);
#6571 = CARTESIAN_POINT('',(-59.75,-10.25,349.9));
#6572 = VECTOR('',#6573,1.);
#6573 = DIRECTION('',(0.,0.,1.));
#6574 = ORIENTED_EDGE('',*,*,#6381,.T.);
#6575 = ORIENTED_EDGE('',*,*,#6576,.T.);
#6576 = EDGE_CURVE('',#6384,#6577,#6579,.T.);
#6577 = VERTEX_POINT('',#6578);
#6578 = CARTESIAN_POINT('',(-80.25,-10.25,365.1));
#6579 = LINE('',#6580,#6581);
#6580 = CARTESIAN_POINT('',(-80.25,-10.25,349.9));
#6581 = VECTOR('',#6582,1.);
#6582 = DIRECTION('',(0.,0.,1.));
#6583 = ORIENTED_EDGE('',*,*,#6584,.T.);
#6584 = EDGE_CURVE('',#6577,#6568,#6585,.T.);
#6585 = LINE('',#6586,#6587);
#6586 = CARTESIAN_POINT('',(-80.25,-10.25,365.1));
#6587 = VECTOR('',#6588,1.);
#6588 = DIRECTION('',(1.,0.,-0.));
#6589 = PLANE('',#6590);
#6590 = AXIS2_PLACEMENT_3D('',#6591,#6592,#6593);
#6591 = CARTESIAN_POINT('',(-80.25,-10.25,349.9));
#6592 = DIRECTION('',(-0.,1.,0.));
#6593 = DIRECTION('',(0.,0.,1.));
#6594 = ADVANCED_FACE('',(#6595,#6613),#6616,.F.);
#6595 = FACE_BOUND('',#6596,.F.);
#6596 = EDGE_LOOP('',(#6597,#6598,#6599,#6607));
#6597 = ORIENTED_EDGE('',*,*,#6567,.F.);
#6598 = ORIENTED_EDGE('',*,*,#6407,.T.);
#6599 = ORIENTED_EDGE('',*,*,#6600,.T.);
#6600 = EDGE_CURVE('',#6400,#6601,#6603,.T.);
#6601 = VERTEX_POINT('',#6602);
#6602 = CARTESIAN_POINT('',(-59.75,10.25,365.1));
#6603 = LINE('',#6604,#6605);
#6604 = CARTESIAN_POINT('',(-59.75,10.25,349.9));
#6605 = VECTOR('',#6606,1.);
#6606 = DIRECTION('',(0.,0.,1.));
#6607 = ORIENTED_EDGE('',*,*,#6608,.F.);
#6608 = EDGE_CURVE('',#6568,#6601,#6609,.T.);
#6609 = LINE('',#6610,#6611);
#6610 = CARTESIAN_POINT('',(-59.75,-10.25,365.1));
#6611 = VECTOR('',#6612,1.);
#6612 = DIRECTION('',(-0.,1.,0.));
#6613 = FACE_BOUND('',#6614,.F.);
#6614 = EDGE_LOOP('',(#6615));
#6615 = ORIENTED_EDGE('',*,*,#6430,.F.);
#6616 = PLANE('',#6617);
#6617 = AXIS2_PLACEMENT_3D('',#6618,#6619,#6620);
#6618 = CARTESIAN_POINT('',(-59.75,-10.25,349.9));
#6619 = DIRECTION('',(1.,0.,-0.));
#6620 = DIRECTION('',(0.,0.,1.));
#6621 = ADVANCED_FACE('',(#6622),#6640,.F.);
#6622 = FACE_BOUND('',#6623,.F.);
#6623 = EDGE_LOOP('',(#6624,#6625,#6626,#6634));
#6624 = ORIENTED_EDGE('',*,*,#6600,.F.);
#6625 = ORIENTED_EDGE('',*,*,#6399,.T.);
#6626 = ORIENTED_EDGE('',*,*,#6627,.T.);
#6627 = EDGE_CURVE('',#6392,#6628,#6630,.T.);
#6628 = VERTEX_POINT('',#6629);
#6629 = CARTESIAN_POINT('',(-80.25,10.25,365.1));
#6630 = LINE('',#6631,#6632);
#6631 = CARTESIAN_POINT('',(-80.25,10.25,349.9));
#6632 = VECTOR('',#6633,1.);
#6633 = DIRECTION('',(0.,0.,1.));
#6634 = ORIENTED_EDGE('',*,*,#6635,.T.);
#6635 = EDGE_CURVE('',#6628,#6601,#6636,.T.);
#6636 = LINE('',#6637,#6638);
#6637 = CARTESIAN_POINT('',(-80.25,10.25,365.1));
#6638 = VECTOR('',#6639,1.);
#6639 = DIRECTION('',(1.,0.,-0.));
#6640 = PLANE('',#6641);
#6641 = AXIS2_PLACEMENT_3D('',#6642,#6643,#6644);
#6642 = CARTESIAN_POINT('',(-80.25,10.25,349.9));
#6643 = DIRECTION('',(-0.,1.,0.));
#6644 = DIRECTION('',(0.,0.,1.));
#6645 = ADVANCED_FACE('',(#6646,#6657),#6660,.T.);
#6646 = FACE_BOUND('',#6647,.T.);
#6647 = EDGE_LOOP('',(#6648,#6649,#6650,#6651));
#6648 = ORIENTED_EDGE('',*,*,#6576,.F.);
#6649 = ORIENTED_EDGE('',*,*,#6391,.T.);
#6650 = ORIENTED_EDGE('',*,*,#6627,.T.);
#6651 = ORIENTED_EDGE('',*,*,#6652,.F.);
#6652 = EDGE_CURVE('',#6577,#6628,#6653,.T.);
#6653 = LINE('',#6654,#6655);
#6654 = CARTESIAN_POINT('',(-80.25,-10.25,365.1));
#6655 = VECTOR('',#6656,1.);
#6656 = DIRECTION('',(-0.,1.,0.));
#6657 = FACE_BOUND('',#6658,.T.);
#6658 = EDGE_LOOP('',(#6659));
#6659 = ORIENTED_EDGE('',*,*,#6446,.F.);
#6660 = PLANE('',#6661);
#6661 = AXIS2_PLACEMENT_3D('',#6662,#6663,#6664);
#6662 = CARTESIAN_POINT('',(-80.25,-10.25,349.9));
#6663 = DIRECTION('',(1.,0.,-0.));
#6664 = DIRECTION('',(0.,0.,1.));
#6665 = ADVANCED_FACE('',(#6666),#6691,.T.);
#6666 = FACE_BOUND('',#6667,.T.);
#6667 = EDGE_LOOP('',(#6668,#6676,#6677,#6685));
#6668 = ORIENTED_EDGE('',*,*,#6669,.F.);
#6669 = EDGE_CURVE('',#6478,#6670,#6672,.T.);
#6670 = VERTEX_POINT('',#6671);
#6671 = CARTESIAN_POINT('',(80.25,-10.25,365.1));
#6672 = LINE('',#6673,#6674);
#6673 = CARTESIAN_POINT('',(80.25,-10.25,349.9));
#6674 = VECTOR('',#6675,1.);
#6675 = DIRECTION('',(0.,0.,1.));
#6676 = ORIENTED_EDGE('',*,*,#6477,.T.);
#6677 = ORIENTED_EDGE('',*,*,#6678,.T.);
#6678 = EDGE_CURVE('',#6480,#6679,#6681,.T.);
#6679 = VERTEX_POINT('',#6680);
#6680 = CARTESIAN_POINT('',(59.75,-10.25,365.1));
#6681 = LINE('',#6682,#6683);
#6682 = CARTESIAN_POINT('',(59.75,-10.25,349.9));
#6683 = VECTOR('',#6684,1.);
#6684 = DIRECTION('',(0.,0.,1.));
#6685 = ORIENTED_EDGE('',*,*,#6686,.T.);
#6686 = EDGE_CURVE('',#6679,#6670,#6687,.T.);
#6687 = LINE('',#6688,#6689);
#6688 = CARTESIAN_POINT('',(59.75,-10.25,365.1));
#6689 = VECTOR('',#6690,1.);
#6690 = DIRECTION('',(1.,0.,-0.));
#6691 = PLANE('',#6692);
#6692 = AXIS2_PLACEMENT_3D('',#6693,#6694,#6695);
#6693 = CARTESIAN_POINT('',(59.75,-10.25,349.9));
#6694 = DIRECTION('',(-0.,1.,0.));
#6695 = DIRECTION('',(0.,0.,1.));
#6696 = ADVANCED_FACE('',(#6697,#6715),#6718,.F.);
#6697 = FACE_BOUND('',#6698,.F.);
#6698 = EDGE_LOOP('',(#6699,#6700,#6701,#6709));
#6699 = ORIENTED_EDGE('',*,*,#6669,.F.);
#6700 = ORIENTED_EDGE('',*,*,#6503,.T.);
#6701 = ORIENTED_EDGE('',*,*,#6702,.T.);
#6702 = EDGE_CURVE('',#6496,#6703,#6705,.T.);
#6703 = VERTEX_POINT('',#6704);
#6704 = CARTESIAN_POINT('',(80.25,10.25,365.1));
#6705 = LINE('',#6706,#6707);
#6706 = CARTESIAN_POINT('',(80.25,10.25,349.9));
#6707 = VECTOR('',#6708,1.);
#6708 = DIRECTION('',(0.,0.,1.));
#6709 = ORIENTED_EDGE('',*,*,#6710,.F.);
#6710 = EDGE_CURVE('',#6670,#6703,#6711,.T.);
#6711 = LINE('',#6712,#6713);
#6712 = CARTESIAN_POINT('',(80.25,-10.25,365.1));
#6713 = VECTOR('',#6714,1.);
#6714 = DIRECTION('',(-0.,1.,0.));
#6715 = FACE_BOUND('',#6716,.F.);
#6716 = EDGE_LOOP('',(#6717));
#6717 = ORIENTED_EDGE('',*,*,#6526,.F.);
#6718 = PLANE('',#6719);
#6719 = AXIS2_PLACEMENT_3D('',#6720,#6721,#6722);
#6720 = CARTESIAN_POINT('',(80.25,-10.25,349.9));
#6721 = DIRECTION('',(1.,0.,-0.));
#6722 = DIRECTION('',(0.,0.,1.));
#6723 = ADVANCED_FACE('',(#6724),#6742,.F.);
#6724 = FACE_BOUND('',#6725,.F.);
#6725 = EDGE_LOOP('',(#6726,#6727,#6728,#6736));
#6726 = ORIENTED_EDGE('',*,*,#6702,.F.);
#6727 = ORIENTED_EDGE('',*,*,#6495,.T.);
#6728 = ORIENTED_EDGE('',*,*,#6729,.T.);
#6729 = EDGE_CURVE('',#6488,#6730,#6732,.T.);
#6730 = VERTEX_POINT('',#6731);
#6731 = CARTESIAN_POINT('',(59.75,10.25,365.1));
#6732 = LINE('',#6733,#6734);
#6733 = CARTESIAN_POINT('',(59.75,10.25,349.9));
#6734 = VECTOR('',#6735,1.);
#6735 = DIRECTION('',(0.,0.,1.));
#6736 = ORIENTED_EDGE('',*,*,#6737,.T.);
#6737 = EDGE_CURVE('',#6730,#6703,#6738,.T.);
#6738 = LINE('',#6739,#6740);
#6739 = CARTESIAN_POINT('',(59.75,10.25,365.1));
#6740 = VECTOR('',#6741,1.);
#6741 = DIRECTION('',(1.,0.,-0.));
#6742 = PLANE('',#6743);
#6743 = AXIS2_PLACEMENT_3D('',#6744,#6745,#6746);
#6744 = CARTESIAN_POINT('',(59.75,10.25,349.9));
#6745 = DIRECTION('',(-0.,1.,0.));
#6746 = DIRECTION('',(0.,0.,1.));
#6747 = ADVANCED_FACE('',(#6748,#6759),#6762,.T.);
#6748 = FACE_BOUND('',#6749,.T.);
#6749 = EDGE_LOOP('',(#6750,#6751,#6752,#6753));
#6750 = ORIENTED_EDGE('',*,*,#6678,.F.);
#6751 = ORIENTED_EDGE('',*,*,#6487,.T.);
#6752 = ORIENTED_EDGE('',*,*,#6729,.T.);
#6753 = ORIENTED_EDGE('',*,*,#6754,.F.);
#6754 = EDGE_CURVE('',#6679,#6730,#6755,.T.);
#6755 = LINE('',#6756,#6757);
#6756 = CARTESIAN_POINT('',(59.75,-10.25,365.1));
#6757 = VECTOR('',#6758,1.);
#6758 = DIRECTION('',(-0.,1.,0.));
#6759 = FACE_BOUND('',#6760,.T.);
#6760 = EDGE_LOOP('',(#6761));
#6761 = ORIENTED_EDGE('',*,*,#6542,.F.);
#6762 = PLANE('',#6763);
#6763 = AXIS2_PLACEMENT_3D('',#6764,#6765,#6766);
#6764 = CARTESIAN_POINT('',(59.75,-10.25,349.9));
#6765 = DIRECTION('',(1.,0.,-0.));
#6766 = DIRECTION('',(0.,0.,1.));
#6767 = ADVANCED_FACE('',(#6768),#6774,.F.);
#6768 = FACE_BOUND('',#6769,.F.);
#6769 = EDGE_LOOP('',(#6770,#6771,#6772,#6773));
#6770 = ORIENTED_EDGE('',*,*,#6652,.F.);
#6771 = ORIENTED_EDGE('',*,*,#6584,.T.);
#6772 = ORIENTED_EDGE('',*,*,#6608,.T.);
#6773 = ORIENTED_EDGE('',*,*,#6635,.F.);
#6774 = PLANE('',#6775);
#6775 = AXIS2_PLACEMENT_3D('',#6776,#6777,#6778);
#6776 = CARTESIAN_POINT('',(-80.25,-10.25,365.1));
#6777 = DIRECTION('',(0.,0.,1.));
#6778 = DIRECTION('',(1.,0.,-0.));
#6779 = ADVANCED_FACE('',(#6780),#6786,.F.);
#6780 = FACE_BOUND('',#6781,.F.);
#6781 = EDGE_LOOP('',(#6782,#6783,#6784,#6785));
#6782 = ORIENTED_EDGE('',*,*,#6754,.F.);
#6783 = ORIENTED_EDGE('',*,*,#6686,.T.);
#6784 = ORIENTED_EDGE('',*,*,#6710,.T.);
#6785 = ORIENTED_EDGE('',*,*,#6737,.F.);
#6786 = PLANE('',#6787);
#6787 = AXIS2_PLACEMENT_3D('',#6788,#6789,#6790);
#6788 = CARTESIAN_POINT('',(59.75,-10.25,365.1));
#6789 = DIRECTION('',(0.,0.,1.));
#6790 = DIRECTION('',(1.,0.,-0.));
#6791 = MANIFOLD_SOLID_BREP('',#6792);
#6792 = CLOSED_SHELL('',(#6793,#6826,#6846,#6855,#6880));
#6793 = ADVANCED_FACE('',(#6794),#6821,.T.);
#6794 = FACE_BOUND('',#6795,.T.);
#6795 = EDGE_LOOP('',(#6796,#6805,#6813,#6820));
#6796 = ORIENTED_EDGE('',*,*,#6797,.F.);
#6797 = EDGE_CURVE('',#6798,#6798,#6800,.T.);
#6798 = VERTEX_POINT('',#6799);
#6799 = CARTESIAN_POINT('',(-10.,-28.,380.));
#6800 = CIRCLE('',#6801,45.);
#6801 = AXIS2_PLACEMENT_3D('',#6802,#6803,#6804);
#6802 = CARTESIAN_POINT('',(-55.,-28.,380.));
#6803 = DIRECTION('',(0.,0.,1.));
#6804 = DIRECTION('',(1.,0.,-0.));
#6805 = ORIENTED_EDGE('',*,*,#6806,.F.);
#6806 = EDGE_CURVE('',#6807,#6798,#6809,.T.);
#6807 = VERTEX_POINT('',#6808);
#6808 = CARTESIAN_POINT('',(-10.,-28.,367.5));
#6809 = LINE('',#6810,#6811);
#6810 = CARTESIAN_POINT('',(-10.,-28.,367.5));
#6811 = VECTOR('',#6812,1.);
#6812 = DIRECTION('',(0.,0.,1.));
#6813 = ORIENTED_EDGE('',*,*,#6814,.T.);
#6814 = EDGE_CURVE('',#6807,#6807,#6815,.T.);
#6815 = CIRCLE('',#6816,45.);
#6816 = AXIS2_PLACEMENT_3D('',#6817,#6818,#6819);
#6817 = CARTESIAN_POINT('',(-55.,-28.,367.5));
#6818 = DIRECTION('',(0.,0.,1.));
#6819 = DIRECTION('',(1.,0.,-0.));
#6820 = ORIENTED_EDGE('',*,*,#6806,.T.);
#6821 = CYLINDRICAL_SURFACE('',#6822,45.);
#6822 = AXIS2_PLACEMENT_3D('',#6823,#6824,#6825);
#6823 = CARTESIAN_POINT('',(-55.,-28.,367.5));
#6824 = DIRECTION('',(0.,0.,1.));
#6825 = DIRECTION('',(1.,0.,-0.));
#6826 = ADVANCED_FACE('',(#6827,#6830),#6841,.T.);
#6827 = FACE_BOUND('',#6828,.T.);
#6828 = EDGE_LOOP('',(#6829));
#6829 = ORIENTED_EDGE('',*,*,#6797,.T.);
#6830 = FACE_BOUND('',#6831,.T.);
#6831 = EDGE_LOOP('',(#6832));
#6832 = ORIENTED_EDGE('',*,*,#6833,.F.);
#6833 = EDGE_CURVE('',#6834,#6834,#6836,.T.);
#6834 = VERTEX_POINT('',#6835);
#6835 = CARTESIAN_POINT('',(-12.,-28.,380.));
#6836 = CIRCLE('',#6837,43.);
#6837 = AXIS2_PLACEMENT_3D('',#6838,#6839,#6840);
#6838 = CARTESIAN_POINT('',(-55.,-28.,380.));
#6839 = DIRECTION('',(0.,0.,1.));
#6840 = DIRECTION('',(1.,0.,-0.));
#6841 = PLANE('',#6842);
#6842 = AXIS2_PLACEMENT_3D('',#6843,#6844,#6845);
#6843 = CARTESIAN_POINT('',(-55.,-28.,380.));
#6844 = DIRECTION('',(0.,0.,1.));
#6845 = DIRECTION('',(1.,0.,-0.));
#6846 = ADVANCED_FACE('',(#6847),#6850,.F.);
#6847 = FACE_BOUND('',#6848,.T.);
#6848 = EDGE_LOOP('',(#6849));
#6849 = ORIENTED_EDGE('',*,*,#6814,.F.);
#6850 = PLANE('',#6851);
#6851 = AXIS2_PLACEMENT_3D('',#6852,#6853,#6854);
#6852 = CARTESIAN_POINT('',(-55.,-28.,367.5));
#6853 = DIRECTION('',(0.,0.,1.));
#6854 = DIRECTION('',(1.,0.,-0.));
#6855 = ADVANCED_FACE('',(#6856),#6875,.F.);
#6856 = FACE_BOUND('',#6857,.F.);
#6857 = EDGE_LOOP('',(#6858,#6859,#6867,#6874));
#6858 = ORIENTED_EDGE('',*,*,#6833,.F.);
#6859 = ORIENTED_EDGE('',*,*,#6860,.F.);
#6860 = EDGE_CURVE('',#6861,#6834,#6863,.T.);
#6861 = VERTEX_POINT('',#6862);
#6862 = CARTESIAN_POINT('',(-12.,-28.,370.));
#6863 = LINE('',#6864,#6865);
#6864 = CARTESIAN_POINT('',(-12.,-28.,370.));
#6865 = VECTOR('',#6866,1.);
#6866 = DIRECTION('',(0.,0.,1.));
#6867 = ORIENTED_EDGE('',*,*,#6868,.T.);
#6868 = EDGE_CURVE('',#6861,#6861,#6869,.T.);
#6869 = CIRCLE('',#6870,43.);
#6870 = AXIS2_PLACEMENT_3D('',#6871,#6872,#6873);
#6871 = CARTESIAN_POINT('',(-55.,-28.,370.));
#6872 = DIRECTION('',(0.,0.,1.));
#6873 = DIRECTION('',(1.,0.,-0.));
#6874 = ORIENTED_EDGE('',*,*,#6860,.T.);
#6875 = CYLINDRICAL_SURFACE('',#6876,43.);
#6876 = AXIS2_PLACEMENT_3D('',#6877,#6878,#6879);
#6877 = CARTESIAN_POINT('',(-55.,-28.,370.));
#6878 = DIRECTION('',(0.,0.,1.));
#6879 = DIRECTION('',(1.,0.,-0.));
#6880 = ADVANCED_FACE('',(#6881),#6884,.T.);
#6881 = FACE_BOUND('',#6882,.F.);
#6882 = EDGE_LOOP('',(#6883));
#6883 = ORIENTED_EDGE('',*,*,#6868,.F.);
#6884 = PLANE('',#6885);
#6885 = AXIS2_PLACEMENT_3D('',#6886,#6887,#6888);
#6886 = CARTESIAN_POINT('',(-55.,-28.,370.));
#6887 = DIRECTION('',(0.,0.,1.));
#6888 = DIRECTION('',(1.,0.,-0.));
#6889 = MANIFOLD_SOLID_BREP('',#6890);
#6890 = CLOSED_SHELL('',(#6891,#6933,#6949,#6967));
#6891 = ADVANCED_FACE('',(#6892),#6928,.T.);
#6892 = FACE_BOUND('',#6893,.T.);
#6893 = EDGE_LOOP('',(#6894,#6905,#6913,#6922));
#6894 = ORIENTED_EDGE('',*,*,#6895,.F.);
#6895 = EDGE_CURVE('',#6896,#6898,#6900,.T.);
#6896 = VERTEX_POINT('',#6897);
#6897 = CARTESIAN_POINT('',(100.51,-23.32,370.));
#6898 = VERTEX_POINT('',#6899);
#6899 = CARTESIAN_POINT('',(100.51,-32.68,370.));
#6900 = CIRCLE('',#6901,45.75);
#6901 = AXIS2_PLACEMENT_3D('',#6902,#6903,#6904);
#6902 = CARTESIAN_POINT('',(55.,-28.,370.));
#6903 = DIRECTION('',(0.,0.,1.));
#6904 = DIRECTION('',(1.,0.,-0.));
#6905 = ORIENTED_EDGE('',*,*,#6906,.F.);
#6906 = EDGE_CURVE('',#6907,#6896,#6909,.T.);
#6907 = VERTEX_POINT('',#6908);
#6908 = CARTESIAN_POINT('',(100.51,-23.32,367.5));
#6909 = LINE('',#6910,#6911);
#6910 = CARTESIAN_POINT('',(100.51,-23.32,367.5));
#6911 = VECTOR('',#6912,1.);
#6912 = DIRECTION('',(0.,0.,1.));
#6913 = ORIENTED_EDGE('',*,*,#6914,.T.);
#6914 = EDGE_CURVE('',#6907,#6915,#6917,.T.);
#6915 = VERTEX_POINT('',#6916);
#6916 = CARTESIAN_POINT('',(100.51,-32.68,367.5));
#6917 = CIRCLE('',#6918,45.75);
#6918 = AXIS2_PLACEMENT_3D('',#6919,#6920,#6921);
#6919 = CARTESIAN_POINT('',(55.,-28.,367.5));
#6920 = DIRECTION('',(0.,0.,1.));
#6921 = DIRECTION('',(1.,0.,-0.));
#6922 = ORIENTED_EDGE('',*,*,#6923,.T.);
#6923 = EDGE_CURVE('',#6915,#6898,#6924,.T.);
#6924 = LINE('',#6925,#6926);
#6925 = CARTESIAN_POINT('',(100.51,-32.68,367.5));
#6926 = VECTOR('',#6927,1.);
#6927 = DIRECTION('',(0.,0.,1.));
#6928 = CYLINDRICAL_SURFACE('',#6929,45.75);
#6929 = AXIS2_PLACEMENT_3D('',#6930,#6931,#6932);
#6930 = CARTESIAN_POINT('',(55.,-28.,367.5));
#6931 = DIRECTION('',(0.,0.,1.));
#6932 = DIRECTION('',(1.,0.,-0.));
#6933 = ADVANCED_FACE('',(#6934),#6944,.T.);
#6934 = FACE_BOUND('',#6935,.T.);
#6935 = EDGE_LOOP('',(#6936,#6943));
#6936 = ORIENTED_EDGE('',*,*,#6937,.F.);
#6937 = EDGE_CURVE('',#6896,#6898,#6938,.T.);
#6938 = CIRCLE('',#6939,5.);
#6939 = AXIS2_PLACEMENT_3D('',#6940,#6941,#6942);
#6940 = CARTESIAN_POINT('',(98.75,-28.,370.));
#6941 = DIRECTION('',(0.,0.,1.));
#6942 = DIRECTION('',(1.,0.,-0.));
#6943 = ORIENTED_EDGE('',*,*,#6895,.T.);
#6944 = PLANE('',#6945);
#6945 = AXIS2_PLACEMENT_3D('',#6946,#6947,#6948);
#6946 = CARTESIAN_POINT('',(55.,-28.,370.));
#6947 = DIRECTION('',(0.,0.,1.));
#6948 = DIRECTION('',(1.,0.,-0.));
#6949 = ADVANCED_FACE('',(#6950),#6962,.F.);
#6950 = FACE_BOUND('',#6951,.F.);
#6951 = EDGE_LOOP('',(#6952,#6953,#6960,#6961));
#6952 = ORIENTED_EDGE('',*,*,#6906,.F.);
#6953 = ORIENTED_EDGE('',*,*,#6954,.T.);
#6954 = EDGE_CURVE('',#6907,#6915,#6955,.T.);
#6955 = CIRCLE('',#6956,5.);
#6956 = AXIS2_PLACEMENT_3D('',#6957,#6958,#6959);
#6957 = CARTESIAN_POINT('',(98.75,-28.,367.5));
#6958 = DIRECTION('',(0.,0.,1.));
#6959 = DIRECTION('',(1.,0.,-0.));
#6960 = ORIENTED_EDGE('',*,*,#6923,.T.);
#6961 = ORIENTED_EDGE('',*,*,#6937,.F.);
#6962 = CYLINDRICAL_SURFACE('',#6963,5.);
#6963 = AXIS2_PLACEMENT_3D('',#6964,#6965,#6966);
#6964 = CARTESIAN_POINT('',(98.75,-28.,366.5));
#6965 = DIRECTION('',(0.,0.,1.));
#6966 = DIRECTION('',(1.,0.,-0.));
#6967 = ADVANCED_FACE('',(#6968),#6972,.F.);
#6968 = FACE_BOUND('',#6969,.F.);
#6969 = EDGE_LOOP('',(#6970,#6971));
#6970 = ORIENTED_EDGE('',*,*,#6954,.F.);
#6971 = ORIENTED_EDGE('',*,*,#6914,.T.);
#6972 = PLANE('',#6973);
#6973 = AXIS2_PLACEMENT_3D('',#6974,#6975,#6976);
#6974 = CARTESIAN_POINT('',(55.,-28.,367.5));
#6975 = DIRECTION('',(0.,0.,1.));
#6976 = DIRECTION('',(1.,0.,-0.));
#6977 = MANIFOLD_SOLID_BREP('',#6978);
#6978 = CLOSED_SHELL('',(#6979,#7012,#7032,#7041,#7066));
#6979 = ADVANCED_FACE('',(#6980),#7007,.T.);
#6980 = FACE_BOUND('',#6981,.T.);
#6981 = EDGE_LOOP('',(#6982,#6991,#6999,#7006));
#6982 = ORIENTED_EDGE('',*,*,#6983,.F.);
#6983 = EDGE_CURVE('',#6984,#6984,#6986,.T.);
#6984 = VERTEX_POINT('',#6985);
#6985 = CARTESIAN_POINT('',(-10.,-180.,12.5));
#6986 = CIRCLE('',#6987,45.);
#6987 = AXIS2_PLACEMENT_3D('',#6988,#6989,#6990);
#6988 = CARTESIAN_POINT('',(-55.,-180.,12.5));
#6989 = DIRECTION('',(0.,0.,1.));
#6990 = DIRECTION('',(1.,0.,-0.));
#6991 = ORIENTED_EDGE('',*,*,#6992,.F.);
#6992 = EDGE_CURVE('',#6993,#6984,#6995,.T.);
#6993 = VERTEX_POINT('',#6994);
#6994 = CARTESIAN_POINT('',(-10.,-180.,0.));
#6995 = LINE('',#6996,#6997);
#6996 = CARTESIAN_POINT('',(-10.,-180.,0.));
#6997 = VECTOR('',#6998,1.);
#6998 = DIRECTION('',(0.,0.,1.));
#6999 = ORIENTED_EDGE('',*,*,#7000,.T.);
#7000 = EDGE_CURVE('',#6993,#6993,#7001,.T.);
#7001 = CIRCLE('',#7002,45.);
#7002 = AXIS2_PLACEMENT_3D('',#7003,#7004,#7005);
#7003 = CARTESIAN_POINT('',(-55.,-180.,0.));
#7004 = DIRECTION('',(0.,0.,1.));
#7005 = DIRECTION('',(1.,0.,-0.));
#7006 = ORIENTED_EDGE('',*,*,#6992,.T.);
#7007 = CYLINDRICAL_SURFACE('',#7008,45.);
#7008 = AXIS2_PLACEMENT_3D('',#7009,#7010,#7011);
#7009 = CARTESIAN_POINT('',(-55.,-180.,0.));
#7010 = DIRECTION('',(0.,0.,1.));
#7011 = DIRECTION('',(1.,0.,-0.));
#7012 = ADVANCED_FACE('',(#7013,#7016),#7027,.T.);
#7013 = FACE_BOUND('',#7014,.T.);
#7014 = EDGE_LOOP('',(#7015));
#7015 = ORIENTED_EDGE('',*,*,#6983,.T.);
#7016 = FACE_BOUND('',#7017,.T.);
#7017 = EDGE_LOOP('',(#7018));
#7018 = ORIENTED_EDGE('',*,*,#7019,.F.);
#7019 = EDGE_CURVE('',#7020,#7020,#7022,.T.);
#7020 = VERTEX_POINT('',#7021);
#7021 = CARTESIAN_POINT('',(-12.,-180.,12.5));
#7022 = CIRCLE('',#7023,43.);
#7023 = AXIS2_PLACEMENT_3D('',#7024,#7025,#7026);
#7024 = CARTESIAN_POINT('',(-55.,-180.,12.5));
#7025 = DIRECTION('',(0.,0.,1.));
#7026 = DIRECTION('',(1.,0.,-0.));
#7027 = PLANE('',#7028);
#7028 = AXIS2_PLACEMENT_3D('',#7029,#7030,#7031);
#7029 = CARTESIAN_POINT('',(-55.,-180.,12.5));
#7030 = DIRECTION('',(0.,0.,1.));
#7031 = DIRECTION('',(1.,0.,-0.));
#7032 = ADVANCED_FACE('',(#7033),#7036,.F.);
#7033 = FACE_BOUND('',#7034,.T.);
#7034 = EDGE_LOOP('',(#7035));
#7035 = ORIENTED_EDGE('',*,*,#7000,.F.);
#7036 = PLANE('',#7037);
#7037 = AXIS2_PLACEMENT_3D('',#7038,#7039,#7040);
#7038 = CARTESIAN_POINT('',(-55.,-180.,0.));
#7039 = DIRECTION('',(0.,0.,1.));
#7040 = DIRECTION('',(1.,0.,-0.));
#7041 = ADVANCED_FACE('',(#7042),#7061,.F.);
#7042 = FACE_BOUND('',#7043,.F.);
#7043 = EDGE_LOOP('',(#7044,#7045,#7053,#7060));
#7044 = ORIENTED_EDGE('',*,*,#7019,.F.);
#7045 = ORIENTED_EDGE('',*,*,#7046,.F.);
#7046 = EDGE_CURVE('',#7047,#7020,#7049,.T.);
#7047 = VERTEX_POINT('',#7048);
#7048 = CARTESIAN_POINT('',(-12.,-180.,2.5));
#7049 = LINE('',#7050,#7051);
#7050 = CARTESIAN_POINT('',(-12.,-180.,2.5));
#7051 = VECTOR('',#7052,1.);
#7052 = DIRECTION('',(0.,0.,1.));
#7053 = ORIENTED_EDGE('',*,*,#7054,.T.);
#7054 = EDGE_CURVE('',#7047,#7047,#7055,.T.);
#7055 = CIRCLE('',#7056,43.);
#7056 = AXIS2_PLACEMENT_3D('',#7057,#7058,#7059);
#7057 = CARTESIAN_POINT('',(-55.,-180.,2.5));
#7058 = DIRECTION('',(0.,0.,1.));
#7059 = DIRECTION('',(1.,0.,-0.));
#7060 = ORIENTED_EDGE('',*,*,#7046,.T.);
#7061 = CYLINDRICAL_SURFACE('',#7062,43.);
#7062 = AXIS2_PLACEMENT_3D('',#7063,#7064,#7065);
#7063 = CARTESIAN_POINT('',(-55.,-180.,2.5));
#7064 = DIRECTION('',(0.,0.,1.));
#7065 = DIRECTION('',(1.,0.,-0.));
#7066 = ADVANCED_FACE('',(#7067),#7070,.T.);
#7067 = FACE_BOUND('',#7068,.F.);
#7068 = EDGE_LOOP('',(#7069));
#7069 = ORIENTED_EDGE('',*,*,#7054,.F.);
#7070 = PLANE('',#7071);
#7071 = AXIS2_PLACEMENT_3D('',#7072,#7073,#7074);
#7072 = CARTESIAN_POINT('',(-55.,-180.,2.5));
#7073 = DIRECTION('',(0.,0.,1.));
#7074 = DIRECTION('',(1.,0.,-0.));
#7075 = ( GEOMETRIC_REPRESENTATION_CONTEXT(3) 
GLOBAL_UNCERTAINTY_ASSIGNED_CONTEXT((#7079)) 
GLOBAL_UNIT_ASSIGNED_CONTEXT((#7076,#7077,#7078)) REPRESENTATION_CONTEXT
('Context #1','3D Context with UNIT and UNCERTAINTY') );
#7076 = ( LENGTH_UNIT() NAMED_UNIT(*) SI_UNIT(.MILLI.,.METRE.) );
#7077 = ( NAMED_UNIT(*) PLANE_ANGLE_UNIT() SI_UNIT($,.RADIAN.) );
#7078 = ( NAMED_UNIT(*) SI_UNIT($,.STERADIAN.) SOLID_ANGLE_UNIT() );
#7079 = UNCERTAINTY_MEASURE_WITH_UNIT(LENGTH_MEASURE(1.E-07),#7076,
  'distance_accuracy_value','confusion accuracy');
#7080 = PRODUCT_RELATED_PRODUCT_CATEGORY('part',$,(#7));
ENDSEC;
END-ISO-10303-21;
