Frame_ID,time_s,type,Landmark_ID,visibility,X_m,Y_m,Z_m
1,0.0000,pose,0,0.980,0.0486,-0.2420,0.4350
1,0.0000,pose,1,0.950,,,
1,0.0000,pose,2,0.953,,,
1,0.0000,pose,3,0.956,,,
1,0.0000,pose,4,0.972,,,
1,0.0000,pose,5,0.983,,,
1,0.0000,pose,6,0.989,,,
1,0.0000,pose,7,0.983,,,
1,0.0000,pose,8,0.988,,,
1,0.0000,pose,9,0.991,0.0755,-0.2151,0.4260
1,0.0000,pose,10,0.990,0.0540,-0.2146,0.4355
1,0.0000,pose,11,0.999,,,
1,0.0000,pose,12,1.000,0.0689,-0.1343,0.4860
1,0.0000,pose,13,0.909,,,
1,0.0000,pose,14,0.555,,,
1,0.0000,pose,15,0.930,,,
1,0.0000,pose,16,0.988,-0.2479,0.0123,0.5860
1,0.0000,pose,17,0.932,,,
1,0.0000,pose,18,0.991,-0.3146,0.0037,0.5490
1,0.0000,pose,19,0.939,,,
1,0.0000,pose,20,0.993,-0.3190,-0.0102,0.5400
1,0.0000,pose,21,0.902,,,
1,0.0000,pose,22,0.992,-0.2917,-0.0008,0.5640
1,0.0000,pose,23,0.889,,,
1,0.0000,pose,24,0.942,,,
1,0.0000,pose,25,0.037,,,
1,0.0000,pose,26,0.009,,,
1,0.0000,pose,27,0.014,,,
1,0.0000,pose,28,0.003,,,
1,0.0000,pose,29,0.017,,,
1,0.0000,pose,30,0.008,,,
1,0.0000,pose,31,0.018,,,
1,0.0000,pose,32,0.004,,,
1,0.0000,hand_Left,0,1.000,,,
1,0.0000,hand_Left,1,1.000,,,
1,0.0000,hand_Left,2,1.000,,,
1,0.0000,hand_Left,3,1.000,,,
1,0.0000,hand_Left,4,1.000,,,
1,0.0000,hand_Left,5,1.000,,,
1,0.0000,hand_Left,6,1.000,,,
1,0.0000,hand_Left,7,1.000,,,
1,0.0000,hand_Left,8,1.000,,,
1,0.0000,hand_Left,9,1.000,,,
1,0.0000,hand_Left,10,1.000,,,
1,0.0000,hand_Left,11,1.000,,,
1,0.0000,hand_Left,12,1.000,,,
1,0.0000,hand_Left,13,1.000,,,
1,0.0000,hand_Left,14,1.000,,,
1,0.0000,hand_Left,15,1.000,,,
1,0.0000,hand_Left,16,1.000,,,
1,0.0000,hand_Left,17,1.000,,,
1,0.0000,hand_Left,18,1.000,,,
1,0.0000,hand_Left,19,1.000,,,
1,0.0000,hand_Left,20,1.000,,,
1,0.0000,hand_Left,0,1.000,-0.2505,0.0033,0.5820
1,0.0000,hand_Left,1,1.000,-0.2773,0.0013,0.5750
1,0.0000,hand_Left,2,1.000,-0.3010,-0.0059,0.5550
1,0.0000,hand_Left,3,1.000,-0.3203,-0.0068,0.5360
1,0.0000,hand_Left,4,1.000,-0.3444,-0.0016,0.5340
1,0.0000,hand_Left,5,1.000,-0.3238,-0.0411,0.5670
1,0.0000,hand_Left,6,1.000,-0.3497,-0.0451,0.5480
1,0.0000,hand_Left,7,1.000,-0.3687,-0.0390,0.5420
1,0.0000,hand_Left,8,1.000,-0.3779,-0.0298,0.5340
1,0.0000,hand_Left,9,1.000,-0.3223,-0.0337,0.5660
1,0.0000,hand_Left,10,1.000,-0.3409,-0.0340,0.5400
1,0.0000,hand_Left,11,1.000,-0.3597,-0.0277,0.5350
1,0.0000,hand_Left,12,1.000,-0.3691,-0.0189,0.5280
1,0.0000,hand_Left,13,1.000,-0.3193,-0.0238,0.5640
1,0.0000,hand_Left,14,1.000,-0.3357,-0.0224,0.5410
1,0.0000,hand_Left,15,1.000,-0.3504,-0.0174,0.5350
1,0.0000,hand_Left,16,1.000,-0.3612,-0.0107,0.5300
1,0.0000,hand_Left,17,1.000,-0.3086,-0.0137,0.5490
1,0.0000,hand_Left,18,1.000,-0.3260,-0.0132,0.5360
1,0.0000,hand_Left,19,1.000,-0.3407,-0.0103,0.5350
1,0.0000,hand_Left,20,1.000,-0.3524,-0.0064,0.5340
2,0.0333,pose,0,0.982,,,
2,0.0333,pose,1,0.955,,,
2,0.0333,pose,2,0.957,,,
2,0.0333,pose,3,0.960,,,
2,0.0333,pose,4,0.974,,,
2,0.0333,pose,5,0.985,,,
2,0.0333,pose,6,0.990,,,
2,0.0333,pose,7,0.985,,,
2,0.0333,pose,8,0.989,,,
2,0.0333,pose,9,0.991,0.0746,-0.2239,0.4210
2,0.0333,pose,10,0.991,0.0530,-0.2249,0.4310
2,0.0333,pose,11,0.999,,,
2,0.0333,pose,12,1.000,0.0716,-0.1502,0.4910
2,0.0333,pose,13,0.912,,,
2,0.0333,pose,14,0.539,,,
2,0.0333,pose,15,0.929,,,
2,0.0333,pose,16,0.984,-0.2464,0.0024,0.5850
2,0.0333,pose,17,0.930,,,
2,0.0333,pose,18,0.989,-0.3111,-0.0003,0.5500
2,0.0333,pose,19,0.937,,,
2,0.0333,pose,20,0.990,-0.3182,-0.0132,0.5420
2,0.0333,pose,21,0.898,,,
2,0.0333,pose,22,0.989,-0.2887,-0.0024,0.5640
2,0.0333,pose,23,0.893,,,
2,0.0333,pose,24,0.942,,,
2,0.0333,pose,25,0.046,,,
2,0.0333,pose,26,0.009,,,
2,0.0333,pose,27,0.019,,,
2,0.0333,pose,28,0.003,,,
2,0.0333,pose,29,0.021,,,
2,0.0333,pose,30,0.008,,,
2,0.0333,pose,31,0.023,,,
2,0.0333,pose,32,0.004,,,
2,0.0333,hand_Left,0,1.000,,,
2,0.0333,hand_Left,1,1.000,,,
2,0.0333,hand_Left,2,1.000,,,
2,0.0333,hand_Left,3,1.000,,,
2,0.0333,hand_Left,4,1.000,,,
2,0.0333,hand_Left,5,1.000,,,
2,0.0333,hand_Left,6,1.000,,,
2,0.0333,hand_Left,7,1.000,,,
2,0.0333,hand_Left,8,1.000,,,
2,0.0333,hand_Left,9,1.000,,,
2,0.0333,hand_Left,10,1.000,,,
2,0.0333,hand_Left,11,1.000,,,
2,0.0333,hand_Left,12,1.000,,,
2,0.0333,hand_Left,13,1.000,,,
2,0.0333,hand_Left,14,1.000,,,
2,0.0333,hand_Left,15,1.000,,,
2,0.0333,hand_Left,16,1.000,,,
2,0.0333,hand_Left,17,1.000,,,
2,0.0333,hand_Left,18,1.000,-0.1134,0.1209,0.6735
2,0.0333,hand_Left,19,1.000,,,
2,0.0333,hand_Left,20,1.000,,,
2,0.0333,hand_Left,0,1.000,-0.2481,0.0027,0.5840
2,0.0333,hand_Left,1,1.000,-0.2759,-0.0010,0.5750
2,0.0333,hand_Left,2,1.000,-0.3011,-0.0077,0.5550
2,0.0333,hand_Left,3,1.000,-0.3207,-0.0074,0.5370
2,0.0333,hand_Left,4,1.000,-0.3436,-0.0027,0.5340
2,0.0333,hand_Left,5,1.000,-0.3245,-0.0415,0.5690
2,0.0333,hand_Left,6,1.000,-0.3467,-0.0437,0.5460
2,0.0333,hand_Left,7,1.000,-0.3667,-0.0394,0.5420
2,0.0333,hand_Left,8,1.000,-0.3784,-0.0325,0.5360
2,0.0333,hand_Left,9,1.000,-0.3209,-0.0318,0.5660
2,0.0333,hand_Left,10,1.000,-0.3371,-0.0299,0.5400
2,0.0333,hand_Left,11,1.000,-0.3546,-0.0241,0.5350
2,0.0333,hand_Left,12,1.000,-0.3643,-0.0164,0.5280
2,0.0333,hand_Left,13,1.000,-0.3129,-0.0203,0.5580
2,0.0333,hand_Left,14,1.000,-0.3265,-0.0161,0.5380
2,0.0333,hand_Left,15,1.000,-0.3417,-0.0108,0.5350
2,0.0333,hand_Left,16,1.000,-0.3553,-0.0057,0.5340
2,0.0333,hand_Left,17,1.000,-0.3048,-0.0100,0.5520
2,0.0333,hand_Left,18,1.000,-0.3178,-0.0053,0.5400
2,0.0333,hand_Left,19,1.000,-0.3269,-0.0000,0.5350
2,0.0333,hand_Left,20,1.000,-0.3377,0.0044,0.5360
3,0.0667,pose,0,0.983,,,
3,0.0667,pose,1,0.959,,,
3,0.0667,pose,2,0.961,,,
3,0.0667,pose,3,0.964,,,
3,0.0667,pose,4,0.977,,,
3,0.0667,pose,5,0.986,,,
3,0.0667,pose,6,0.991,,,
3,0.0667,pose,7,0.986,,,
3,0.0667,pose,8,0.990,,,
3,0.0667,pose,9,0.992,0.0746,-0.2274,0.4210
3,0.0667,pose,10,0.992,0.0533,-0.2304,0.4340
3,0.0667,pose,11,0.999,,,
3,0.0667,pose,12,1.000,0.0765,-0.1603,0.4910
3,0.0667,pose,13,0.916,,,
3,0.0667,pose,14,0.525,,,
3,0.0667,pose,15,0.929,,,
3,0.0667,pose,16,0.980,-0.2472,-0.0041,0.5870
3,0.0667,pose,17,0.929,,,
3,0.0667,pose,18,0.986,-0.3100,-0.0029,0.5490
3,0.0667,pose,19,0.936,,,
3,0.0667,pose,20,0.988,-0.3182,-0.0153,0.5420
3,0.0667,pose,21,0.896,,,
3,0.0667,pose,22,0.986,-0.2883,-0.0043,0.5640
3,0.0667,pose,23,0.897,,,
3,0.0667,pose,24,0.943,,,
3,0.0667,pose,25,0.065,,,
3,0.0667,pose,26,0.009,,,
3,0.0667,pose,27,0.028,,,
3,0.0667,pose,28,0.004,,,
3,0.0667,pose,29,0.030,,,
3,0.0667,pose,30,0.009,,,
3,0.0667,pose,31,0.033,,,
3,0.0667,pose,32,0.005,,,
3,0.0667,hand_Left,0,1.000,,,
3,0.0667,hand_Left,1,1.000,,,
3,0.0667,hand_Left,2,1.000,,,
3,0.0667,hand_Left,3,1.000,,,
3,0.0667,hand_Left,4,1.000,,,
3,0.0667,hand_Left,5,1.000,,,
3,0.0667,hand_Left,6,1.000,,,
3,0.0667,hand_Left,7,1.000,,,
3,0.0667,hand_Left,8,1.000,,,
3,0.0667,hand_Left,9,1.000,,,
3,0.0667,hand_Left,10,1.000,,,
3,0.0667,hand_Left,11,1.000,,,
3,0.0667,hand_Left,12,1.000,,,
3,0.0667,hand_Left,13,1.000,,,
3,0.0667,hand_Left,14,1.000,,,
3,0.0667,hand_Left,15,1.000,,,
3,0.0667,hand_Left,16,1.000,,,
3,0.0667,hand_Left,17,1.000,,,
3,0.0667,hand_Left,18,1.000,,,
3,0.0667,hand_Left,19,1.000,,,
3,0.0667,hand_Left,20,1.000,,,
3,0.0667,hand_Left,0,1.000,-0.2477,0.0024,0.5820
3,0.0667,hand_Left,1,1.000,-0.2769,-0.0003,0.5770
3,0.0667,hand_Left,2,1.000,-0.3000,-0.0083,0.5540
3,0.0667,hand_Left,3,1.000,-0.3204,-0.0080,0.5370
3,0.0667,hand_Left,4,1.000,-0.3436,-0.0029,0.5340
3,0.0667,hand_Left,5,1.000,-0.3247,-0.0411,0.5680
3,0.0667,hand_Left,6,1.000,-0.3495,-0.0440,0.5480
3,0.0667,hand_Left,7,1.000,-0.3675,-0.0380,0.5410
3,0.0667,hand_Left,8,1.000,-0.3771,-0.0289,0.5330
3,0.0667,hand_Left,9,1.000,-0.3223,-0.0323,0.5660
3,0.0667,hand_Left,10,1.000,-0.3402,-0.0306,0.5400
3,0.0667,hand_Left,11,1.000,-0.3578,-0.0244,0.5340
3,0.0667,hand_Left,12,1.000,-0.3680,-0.0152,0.5270
3,0.0667,hand_Left,13,1.000,-0.3158,-0.0215,0.5600
3,0.0667,hand_Left,14,1.000,-0.3332,-0.0189,0.5420
3,0.0667,hand_Left,15,1.000,-0.3480,-0.0136,0.5360
3,0.0667,hand_Left,16,1.000,-0.3589,-0.0073,0.5290
3,0.0667,hand_Left,17,1.000,-0.3062,-0.0114,0.5500
3,0.0667,hand_Left,18,1.000,-0.3211,-0.0092,0.5360
3,0.0667,hand_Left,19,1.000,-0.3343,-0.0055,0.5340
3,0.0667,hand_Left,20,1.000,-0.3468,-0.0020,0.5340
4,0.1000,pose,0,0.985,,,
4,0.1000,pose,1,0.963,,,
4,0.1000,pose,2,0.965,,,
4,0.1000,pose,3,0.967,,,
4,0.1000,pose,4,0.979,,,
4,0.1000,pose,5,0.987,,,
4,0.1000,pose,6,0.992,,,
4,0.1000,pose,7,0.987,,,
4,0.1000,pose,8,0.991,,,
4,0.1000,pose,9,0.993,0.0746,-0.2294,0.4200
4,0.1000,pose,10,0.992,0.0530,-0.2331,0.4330
4,0.1000,pose,11,0.999,,,
4,0.1000,pose,12,0.999,0.0773,-0.1625,0.4920
4,0.1000,pose,13,0.919,,,
4,0.1000,pose,14,0.514,-0.0346,0.0060,0.5390
4,0.1000,pose,15,0.929,,,
4,0.1000,pose,16,0.974,-0.2472,-0.0067,0.5880
4,0.1000,pose,17,0.928,,,
4,0.1000,pose,18,0.981,-0.3087,-0.0040,0.5490
4,0.1000,pose,19,0.934,,,
4,0.1000,pose,20,0.984,-0.3186,-0.0168,0.5430
4,0.1000,pose,21,0.893,,,
4,0.1000,pose,22,0.982,-0.2879,-0.0063,0.5650
4,0.1000,pose,23,0.901,,,
4,0.1000,pose,24,0.943,,,
4,0.1000,pose,25,0.085,,,
4,0.1000,pose,26,0.010,,,
4,0.1000,pose,27,0.035,,,
4,0.1000,pose,28,0.004,,,
4,0.1000,pose,29,0.036,,,
4,0.1000,pose,30,0.010,,,
4,0.1000,pose,31,0.041,,,
4,0.1000,pose,32,0.005,,,
4,0.1000,hand_Right,0,1.000,,,
4,0.1000,hand_Right,1,1.000,,,
4,0.1000,hand_Right,2,1.000,,,
4,0.1000,hand_Right,3,1.000,,,
4,0.1000,hand_Right,4,1.000,,,
4,0.1000,hand_Right,5,1.000,,,
4,0.1000,hand_Right,6,1.000,,,
4,0.1000,hand_Right,7,1.000,,,
4,0.1000,hand_Right,8,1.000,,,
4,0.1000,hand_Right,9,1.000,,,
4,0.1000,hand_Right,10,1.000,,,
4,0.1000,hand_Right,11,1.000,,,
4,0.1000,hand_Right,12,1.000,,,
4,0.1000,hand_Right,13,1.000,,,
4,0.1000,hand_Right,14,1.000,,,
4,0.1000,hand_Right,15,1.000,,,
4,0.1000,hand_Right,16,1.000,,,
4,0.1000,hand_Right,17,1.000,,,
4,0.1000,hand_Right,18,1.000,,,
4,0.1000,hand_Right,19,1.000,,,
4,0.1000,hand_Right,20,1.000,,,
4,0.1000,hand_Left,0,1.000,-0.2485,0.0028,0.5840
4,0.1000,hand_Left,1,1.000,-0.2762,-0.0005,0.5770
4,0.1000,hand_Left,2,1.000,-0.3008,-0.0078,0.5560
4,0.1000,hand_Left,3,1.000,-0.3207,-0.0075,0.5380
4,0.1000,hand_Left,4,1.000,-0.3435,-0.0025,0.5340
4,0.1000,hand_Left,5,1.000,-0.3237,-0.0411,0.5670
4,0.1000,hand_Left,6,1.000,-0.3496,-0.0444,0.5480
4,0.1000,hand_Left,7,1.000,-0.3684,-0.0392,0.5420
4,0.1000,hand_Left,8,1.000,-0.3789,-0.0311,0.5350
4,0.1000,hand_Left,9,1.000,-0.3219,-0.0320,0.5650
4,0.1000,hand_Left,10,1.000,-0.3402,-0.0315,0.5390
4,0.1000,hand_Left,11,1.000,-0.3583,-0.0262,0.5340
4,0.1000,hand_Left,12,1.000,-0.3689,-0.0184,0.5280
4,0.1000,hand_Left,13,1.000,-0.3169,-0.0209,0.5610
4,0.1000,hand_Left,14,1.000,-0.3318,-0.0183,0.5390
4,0.1000,hand_Left,15,1.000,-0.3482,-0.0139,0.5360
4,0.1000,hand_Left,16,1.000,-0.3587,-0.0088,0.5290
4,0.1000,hand_Left,17,1.000,-0.3069,-0.0105,0.5500
4,0.1000,hand_Left,18,1.000,-0.3220,-0.0082,0.5370
4,0.1000,hand_Left,19,1.000,-0.3343,-0.0045,0.5340
4,0.1000,hand_Left,20,1.000,-0.3463,-0.0011,0.5340
5,0.1333,pose,0,0.986,,,
5,0.1333,pose,1,0.966,,,
5,0.1333,pose,2,0.968,,,
5,0.1333,pose,3,0.970,,,
5,0.1333,pose,4,0.980,,,
5,0.1333,pose,5,0.988,,,
5,0.1333,pose,6,0.992,,,
5,0.1333,pose,7,0.988,,,
5,0.1333,pose,8,0.991,,,
5,0.1333,pose,9,0.993,0.0749,-0.2311,0.4200
5,0.1333,pose,10,0.993,0.0530,-0.2354,0.4330
5,0.1333,pose,11,0.999,,,
5,0.1333,pose,12,0.999,0.0774,-0.1625,0.4910
5,0.1333,pose,13,0.921,,,
5,0.1333,pose,14,0.498,-0.0332,0.0068,0.5370
5,0.1333,pose,15,0.927,,,
5,0.1333,pose,16,0.966,-0.2470,-0.0071,0.5880
5,0.1333,pose,17,0.924,,,
5,0.1333,pose,18,0.976,-0.3087,-0.0047,0.5500
5,0.1333,pose,19,0.931,,,
5,0.1333,pose,20,0.979,-0.3195,-0.0179,0.5450
5,0.1333,pose,21,0.887,,,
5,0.1333,pose,22,0.976,-0.2875,-0.0076,0.5650
5,0.1333,pose,23,0.905,,,
5,0.1333,pose,24,0.945,,,
5,0.1333,pose,25,0.104,,,
5,0.1333,pose,26,0.010,,,
5,0.1333,pose,27,0.041,,,
5,0.1333,pose,28,0.004,,,
5,0.1333,pose,29,0.041,,,
5,0.1333,pose,30,0.011,,,
5,0.1333,pose,31,0.047,,,
5,0.1333,pose,32,0.006,,,
5,0.1333,hand_Right,0,1.000,,,
5,0.1333,hand_Right,1,1.000,,,
5,0.1333,hand_Right,2,1.000,,,
5,0.1333,hand_Right,3,1.000,,,
5,0.1333,hand_Right,4,1.000,,,
5,0.1333,hand_Right,5,1.000,,,
5,0.1333,hand_Right,6,1.000,,,
5,0.1333,hand_Right,7,1.000,,,
5,0.1333,hand_Right,8,1.000,,,
5,0.1333,hand_Right,9,1.000,,,
5,0.1333,hand_Right,10,1.000,,,
5,0.1333,hand_Right,11,1.000,,,
5,0.1333,hand_Right,12,1.000,,,
5,0.1333,hand_Right,13,1.000,,,
5,0.1333,hand_Right,14,1.000,,,
5,0.1333,hand_Right,15,1.000,,,
5,0.1333,hand_Right,16,1.000,,,
5,0.1333,hand_Right,17,1.000,,,
5,0.1333,hand_Right,18,1.000,,,
5,0.1333,hand_Right,19,1.000,,,
5,0.1333,hand_Right,20,1.000,,,
5,0.1333,hand_Left,0,1.000,-0.2474,0.0026,0.5830
5,0.1333,hand_Left,1,1.000,-0.2769,0.0000,0.5770
5,0.1333,hand_Left,2,1.000,-0.3016,-0.0077,0.5560
5,0.1333,hand_Left,3,1.000,-0.3204,-0.0073,0.5370
5,0.1333,hand_Left,4,1.000,-0.3434,-0.0022,0.5340
5,0.1333,hand_Left,5,1.000,-0.3246,-0.0413,0.5680
5,0.1333,hand_Left,6,1.000,-0.3490,-0.0449,0.5480
5,0.1333,hand_Left,7,1.000,-0.3676,-0.0399,0.5420
5,0.1333,hand_Left,8,1.000,-0.3788,-0.0317,0.5360
5,0.1333,hand_Left,9,1.000,-0.3220,-0.0324,0.5660
5,0.1333,hand_Left,10,1.000,-0.3401,-0.0321,0.5410
5,0.1333,hand_Left,11,1.000,-0.3573,-0.0267,0.5350
5,0.1333,hand_Left,12,1.000,-0.3675,-0.0187,0.5290
5,0.1333,hand_Left,13,1.000,-0.3161,-0.0214,0.5610
5,0.1333,hand_Left,14,1.000,-0.3310,-0.0187,0.5400
5,0.1333,hand_Left,15,1.000,-0.3467,-0.0142,0.5360
5,0.1333,hand_Left,16,1.000,-0.3577,-0.0086,0.5300
5,0.1333,hand_Left,17,1.000,-0.3063,-0.0107,0.5510
5,0.1333,hand_Left,18,1.000,-0.3203,-0.0081,0.5370
5,0.1333,hand_Left,19,1.000,-0.3322,-0.0042,0.5340
5,0.1333,hand_Left,20,1.000,-0.3438,-0.0003,0.5340
6,0.1667,pose,0,0.987,,,
6,0.1667,pose,1,0.969,,,
6,0.1667,pose,2,0.971,,,
6,0.1667,pose,3,0.972,,,
6,0.1667,pose,4,0.982,,,
6,0.1667,pose,5,0.989,,,
6,0.1667,pose,6,0.993,,,
6,0.1667,pose,7,0.989,,,
6,0.1667,pose,8,0.992,,,
6,0.1667,pose,9,0.994,0.0739,-0.2308,0.4200
6,0.1667,pose,10,0.993,0.0518,-0.2354,0.4340
6,0.1667,pose,11,0.999,,,
6,0.1667,pose,12,0.999,,,
6,0.1667,pose,13,0.923,,,
6,0.1667,pose,14,0.481,,,
6,0.1667,pose,15,0.927,,,
6,0.1667,pose,16,0.958,-0.2475,-0.0085,0.5890
6,0.1667,pose,17,0.924,,,
6,0.1667,pose,18,0.970,-0.3090,-0.0054,0.5480
6,0.1667,pose,19,0.930,,,
6,0.1667,pose,20,0.973,-0.3222,-0.0184,0.5450
6,0.1667,pose,21,0.884,,,
6,0.1667,pose,22,0.970,-0.2871,-0.0078,0.5650
6,0.1667,pose,23,0.911,,,
6,0.1667,pose,24,0.947,,,
6,0.1667,pose,25,0.140,,,
6,0.1667,pose,26,0.012,,,
6,0.1667,pose,27,0.056,,,
6,0.1667,pose,28,0.005,,,
6,0.1667,pose,29,0.056,,,
6,0.1667,pose,30,0.013,,,
6,0.1667,pose,31,0.062,,,
6,0.1667,pose,32,0.007,,,
6,0.1667,hand_Right,0,1.000,,,
6,0.1667,hand_Right,1,1.000,,,
6,0.1667,hand_Right,2,1.000,,,
6,0.1667,hand_Right,3,1.000,,,
6,0.1667,hand_Right,4,1.000,,,
6,0.1667,hand_Right,5,1.000,,,
6,0.1667,hand_Right,6,1.000,,,
6,0.1667,hand_Right,7,1.000,,,
6,0.1667,hand_Right,8,1.000,,,
6,0.1667,hand_Right,9,1.000,,,
6,0.1667,hand_Right,10,1.000,,,
6,0.1667,hand_Right,11,1.000,,,
6,0.1667,hand_Right,12,1.000,,,
6,0.1667,hand_Right,13,1.000,,,
6,0.1667,hand_Right,14,1.000,,,
6,0.1667,hand_Right,15,1.000,,,
6,0.1667,hand_Right,16,1.000,,,
6,0.1667,hand_Right,17,1.000,,,
6,0.1667,hand_Right,18,1.000,,,
6,0.1667,hand_Right,19,1.000,,,
6,0.1667,hand_Right,20,1.000,,,
6,0.1667,hand_Left,0,1.000,-0.2446,0.0026,0.5840
6,0.1667,hand_Left,1,1.000,-0.2755,-0.0009,0.5780
6,0.1667,hand_Left,2,1.000,-0.3008,-0.0083,0.5560
6,0.1667,hand_Left,3,1.000,-0.3200,-0.0074,0.5370
6,0.1667,hand_Left,4,1.000,-0.3426,-0.0025,0.5340
6,0.1667,hand_Left,5,1.000,-0.3235,-0.0422,0.5700
6,0.1667,hand_Left,6,1.000,-0.3475,-0.0448,0.5480
6,0.1667,hand_Left,7,1.000,-0.3659,-0.0396,0.5420
6,0.1667,hand_Left,8,1.000,-0.3766,-0.0313,0.5350
6,0.1667,hand_Left,9,1.000,-0.3196,-0.0321,0.5670
6,0.1667,hand_Left,10,1.000,-0.3367,-0.0302,0.5410
6,0.1667,hand_Left,11,1.000,-0.3531,-0.0238,0.5350
6,0.1667,hand_Left,12,1.000,-0.3632,-0.0154,0.5290
6,0.1667,hand_Left,13,1.000,-0.3102,-0.0203,0.5580
6,0.1667,hand_Left,14,1.000,-0.3243,-0.0153,0.5400
6,0.1667,hand_Left,15,1.000,-0.3375,-0.0103,0.5350
6,0.1667,hand_Left,16,1.000,-0.3503,-0.0053,0.5340
6,0.1667,hand_Left,17,1.000,-0.3028,-0.0101,0.5540
6,0.1667,hand_Left,18,1.000,-0.3152,-0.0052,0.5420
6,0.1667,hand_Left,19,1.000,-0.3231,0.0001,0.5360
6,0.1667,hand_Left,20,1.000,-0.3325,0.0045,0.5360
7,0.2000,pose,0,0.988,,,
7,0.2000,pose,1,0.971,,,
7,0.2000,pose,2,0.973,,,
7,0.2000,pose,3,0.975,,,
7,0.2000,pose,4,0.983,,,
7,0.2000,pose,5,0.990,,,
7,0.2000,pose,6,0.993,,,
7,0.2000,pose,7,0.990,,,
7,0.2000,pose,8,0.992,,,
7,0.2000,pose,9,0.994,0.0739,-0.2322,0.4200
7,0.2000,pose,10,0.994,0.0520,-0.2357,0.4340
7,0.2000,pose,11,0.999,,,
7,0.2000,pose,12,0.999,0.0805,-0.1677,0.4960
7,0.2000,pose,13,0.926,,,
7,0.2000,pose,14,0.465,-0.0329,0.0033,0.5380
7,0.2000,pose,15,0.929,,,
7,0.2000,pose,16,0.949,-0.2485,-0.0089,0.5920
7,0.2000,pose,17,0.926,,,
7,0.2000,pose,18,0.964,-0.3089,-0.0057,0.5480
7,0.2000,pose,19,0.932,,,
7,0.2000,pose,20,0.968,-0.3219,-0.0183,0.5440
7,0.2000,pose,21,0.886,,,
7,0.2000,pose,22,0.965,-0.2871,-0.0079,0.5650
7,0.2000,pose,23,0.916,,,
7,0.2000,pose,24,0.949,,,
7,0.2000,pose,25,0.154,,,
7,0.2000,pose,26,0.012,,,
7,0.2000,pose,27,0.062,,,
7,0.2000,pose,28,0.005,,,
7,0.2000,pose,29,0.060,,,
7,0.2000,pose,30,0.014,,,
7,0.2000,pose,31,0.067,,,
7,0.2000,pose,32,0.007,,,
7,0.2000,hand_Left,0,1.000,,,
7,0.2000,hand_Left,1,1.000,,,
7,0.2000,hand_Left,2,1.000,,,
7,0.2000,hand_Left,3,1.000,,,
7,0.2000,hand_Left,4,1.000,,,
7,0.2000,hand_Left,5,1.000,,,
7,0.2000,hand_Left,6,1.000,,,
7,0.2000,hand_Left,7,1.000,,,
7,0.2000,hand_Left,8,1.000,,,
7,0.2000,hand_Left,9,1.000,,,
7,0.2000,hand_Left,10,1.000,,,
7,0.2000,hand_Left,11,1.000,,,
7,0.2000,hand_Left,12,1.000,,,
7,0.2000,hand_Left,13,1.000,,,
7,0.2000,hand_Left,14,1.000,,,
7,0.2000,hand_Left,15,1.000,,,
7,0.2000,hand_Left,16,1.000,,,
7,0.2000,hand_Left,17,1.000,,,
7,0.2000,hand_Left,18,1.000,,,
7,0.2000,hand_Left,19,1.000,,,
7,0.2000,hand_Left,20,1.000,,,
7,0.2000,hand_Left,0,1.000,-0.2472,0.0023,0.5850
7,0.2000,hand_Left,1,1.000,-0.2770,0.0010,0.5770
7,0.2000,hand_Left,2,1.000,-0.3015,-0.0070,0.5550
7,0.2000,hand_Left,3,1.000,-0.3208,-0.0071,0.5370
7,0.2000,hand_Left,4,1.000,-0.3443,-0.0024,0.5340
7,0.2000,hand_Left,5,1.000,-0.3243,-0.0415,0.5660
7,0.2000,hand_Left,6,1.000,-0.3508,-0.0446,0.5490
7,0.2000,hand_Left,7,1.000,-0.3687,-0.0391,0.5420
7,0.2000,hand_Left,8,1.000,-0.3785,-0.0301,0.5340
7,0.2000,hand_Left,9,1.000,-0.3220,-0.0347,0.5660
7,0.2000,hand_Left,10,1.000,-0.3415,-0.0336,0.5420
7,0.2000,hand_Left,11,1.000,-0.3570,-0.0280,0.5330
7,0.2000,hand_Left,12,1.000,-0.3687,-0.0196,0.5280
7,0.2000,hand_Left,13,1.000,-0.3178,-0.0252,0.5650
7,0.2000,hand_Left,14,1.000,-0.3323,-0.0220,0.5420
7,0.2000,hand_Left,15,1.000,-0.3472,-0.0176,0.5360
7,0.2000,hand_Left,16,1.000,-0.3588,-0.0119,0.5300
7,0.2000,hand_Left,17,1.000,-0.3076,-0.0156,0.5540
7,0.2000,hand_Left,18,1.000,-0.3220,-0.0130,0.5390
7,0.2000,hand_Left,19,1.000,-0.3336,-0.0091,0.5340
7,0.2000,hand_Left,20,1.000,-0.3461,-0.0051,0.5340
8,0.2333,pose,0,0.989,,,
8,0.2333,pose,1,0.974,,,
8,0.2333,pose,2,0.975,,,
8,0.2333,pose,3,0.977,,,
8,0.2333,pose,4,0.985,,,
8,0.2333,pose,5,0.991,,,
8,0.2333,pose,6,0.994,,,
8,0.2333,pose,7,0.991,,,
8,0.2333,pose,8,0.993,,,
8,0.2333,pose,9,0.995,0.0741,-0.2325,0.4200
8,0.2333,pose,10,0.994,0.0521,-0.2354,0.4340
8,0.2333,pose,11,0.999,,,
8,0.2333,pose,12,0.999,0.0823,-0.1668,0.4940
8,0.2333,pose,13,0.928,,,
8,0.2333,pose,14,0.450,,,
8,0.2333,pose,15,0.929,,,
8,0.2333,pose,16,0.947,-0.2478,-0.0106,0.5900
8,0.2333,pose,17,0.925,,,
8,0.2333,pose,18,0.963,-0.3090,-0.0065,0.5480
8,0.2333,pose,19,0.931,,,
8,0.2333,pose,20,0.967,-0.3256,-0.0196,0.5480
8,0.2333,pose,21,0.885,,,
8,0.2333,pose,22,0.963,-0.2874,-0.0096,0.5650
8,0.2333,pose,23,0.918,,,
8,0.2333,pose,24,0.948,,,
8,0.2333,pose,25,0.150,,,
8,0.2333,pose,26,0.012,,,
8,0.2333,pose,27,0.061,,,
8,0.2333,pose,28,0.005,,,
8,0.2333,pose,29,0.060,,,
8,0.2333,pose,30,0.014,,,
8,0.2333,pose,31,0.068,,,
8,0.2333,pose,32,0.007,,,
8,0.2333,hand_Left,0,1.000,,,
8,0.2333,hand_Left,1,1.000,,,
8,0.2333,hand_Left,2,1.000,,,
8,0.2333,hand_Left,3,1.000,,,
8,0.2333,hand_Left,4,1.000,,,
8,0.2333,hand_Left,5,1.000,,,
8,0.2333,hand_Left,6,1.000,,,
8,0.2333,hand_Left,7,1.000,,,
8,0.2333,hand_Left,8,1.000,,,
8,0.2333,hand_Left,9,1.000,,,
8,0.2333,hand_Left,10,1.000,,,
8,0.2333,hand_Left,11,1.000,,,
8,0.2333,hand_Left,12,1.000,,,
8,0.2333,hand_Left,13,1.000,,,
8,0.2333,hand_Left,14,1.000,,,
8,0.2333,hand_Left,15,1.000,,,
8,0.2333,hand_Left,16,1.000,,,
8,0.2333,hand_Left,17,1.000,,,
8,0.2333,hand_Left,18,1.000,,,
8,0.2333,hand_Left,19,1.000,,,
8,0.2333,hand_Left,20,1.000,,,
8,0.2333,hand_Left,0,1.000,-0.2459,0.0035,0.5840
8,0.2333,hand_Left,1,1.000,-0.2755,0.0000,0.5780
8,0.2333,hand_Left,2,1.000,-0.3003,-0.0072,0.5560
8,0.2333,hand_Left,3,1.000,-0.3201,-0.0073,0.5380
8,0.2333,hand_Left,4,1.000,-0.3431,-0.0026,0.5340
8,0.2333,hand_Left,5,1.000,-0.3229,-0.0410,0.5670
8,0.2333,hand_Left,6,1.000,-0.3490,-0.0445,0.5480
8,0.2333,hand_Left,7,1.000,-0.3683,-0.0400,0.5420
8,0.2333,hand_Left,8,1.000,-0.3802,-0.0324,0.5360
8,0.2333,hand_Left,9,1.000,-0.3206,-0.0329,0.5660
8,0.2333,hand_Left,10,1.000,-0.3399,-0.0325,0.5410
8,0.2333,hand_Left,11,1.000,-0.3571,-0.0270,0.5340
8,0.2333,hand_Left,12,1.000,-0.3683,-0.0191,0.5280
8,0.2333,hand_Left,13,1.000,-0.3139,-0.0222,0.5600
8,0.2333,hand_Left,14,1.000,-0.3308,-0.0192,0.5420
8,0.2333,hand_Left,15,1.000,-0.3460,-0.0143,0.5360
8,0.2333,hand_Left,16,1.000,-0.3576,-0.0089,0.5300
8,0.2333,hand_Left,17,1.000,-0.3052,-0.0122,0.5520
8,0.2333,hand_Left,18,1.000,-0.3197,-0.0090,0.5390
8,0.2333,hand_Left,19,1.000,-0.3307,-0.0046,0.5340
8,0.2333,hand_Left,20,1.000,-0.3427,-0.0004,0.5340
9,0.2667,pose,0,0.990,,,
9,0.2667,pose,1,0.976,,,
9,0.2667,pose,2,0.978,,,
9,0.2667,pose,3,0.979,,,
9,0.2667,pose,4,0.986,,,
9,0.2667,pose,5,0.991,,,
9,0.2667,pose,6,0.994,,,
9,0.2667,pose,7,0.992,,,
9,0.2667,pose,8,0.993,,,
9,0.2667,pose,9,0.995,0.0745,-0.2328,0.4200
9,0.2667,pose,10,0.995,0.0522,-0.2354,0.4340
9,0.2667,pose,11,0.999,,,
9,0.2667,pose,12,0.999,0.0825,-0.1654,0.4920
9,0.2667,pose,13,0.930,,,
9,0.2667,pose,14,0.439,,,
9,0.2667,pose,15,0.930,,,
9,0.2667,pose,16,0.944,-0.2495,-0.0108,0.5940
9,0.2667,pose,17,0.926,,,
9,0.2667,pose,18,0.961,-0.3090,-0.0067,0.5480
9,0.2667,pose,19,0.932,,,
9,0.2667,pose,20,0.965,-0.3236,-0.0198,0.5440
9,0.2667,pose,21,0.885,,,
9,0.2667,pose,22,0.961,-0.2872,-0.0100,0.5640
9,0.2667,pose,23,0.921,,,
9,0.2667,pose,24,0.949,,,
9,0.2667,pose,25,0.157,,,
9,0.2667,pose,26,0.012,,,
9,0.2667,pose,27,0.065,,,
9,0.2667,pose,28,0.006,,,
9,0.2667,pose,29,0.064,,,
9,0.2667,pose,30,0.015,,,
9,0.2667,pose,31,0.072,,,
9,0.2667,pose,32,0.008,,,
9,0.2667,hand_Left,0,1.000,,,
9,0.2667,hand_Left,1,1.000,,,
9,0.2667,hand_Left,2,1.000,,,
9,0.2667,hand_Left,3,1.000,,,
9,0.2667,hand_Left,4,1.000,,,
9,0.2667,hand_Left,5,1.000,,,
9,0.2667,hand_Left,6,1.000,,,
9,0.2667,hand_Left,7,1.000,,,
9,0.2667,hand_Left,8,1.000,,,
9,0.2667,hand_Left,9,1.000,,,
9,0.2667,hand_Left,10,1.000,,,
9,0.2667,hand_Left,11,1.000,,,
9,0.2667,hand_Left,12,1.000,,,
9,0.2667,hand_Left,13,1.000,,,
9,0.2667,hand_Left,14,1.000,,,
9,0.2667,hand_Left,15,1.000,,,
9,0.2667,hand_Left,16,1.000,,,
9,0.2667,hand_Left,17,1.000,,,
9,0.2667,hand_Left,18,1.000,,,
9,0.2667,hand_Left,19,1.000,,,
9,0.2667,hand_Left,20,1.000,,,
9,0.2667,hand_Left,0,1.000,-0.2467,0.0024,0.5850
9,0.2667,hand_Left,1,1.000,-0.2757,-0.0000,0.5770
9,0.2667,hand_Left,2,1.000,-0.3005,-0.0075,0.5550
9,0.2667,hand_Left,3,1.000,-0.3202,-0.0071,0.5370
9,0.2667,hand_Left,4,1.000,-0.3442,-0.0025,0.5340
9,0.2667,hand_Left,5,1.000,-0.3245,-0.0412,0.5670
9,0.2667,hand_Left,6,1.000,-0.3498,-0.0442,0.5480
9,0.2667,hand_Left,7,1.000,-0.3694,-0.0396,0.5430
9,0.2667,hand_Left,8,1.000,-0.3795,-0.0317,0.5350
9,0.2667,hand_Left,9,1.000,-0.3221,-0.0338,0.5660
9,0.2667,hand_Left,10,1.000,-0.3410,-0.0331,0.5410
9,0.2667,hand_Left,11,1.000,-0.3584,-0.0282,0.5350
9,0.2667,hand_Left,12,1.000,-0.3683,-0.0204,0.5280
9,0.2667,hand_Left,13,1.000,-0.3177,-0.0237,0.5640
9,0.2667,hand_Left,14,1.000,-0.3328,-0.0210,0.5420
9,0.2667,hand_Left,15,1.000,-0.3476,-0.0169,0.5360
9,0.2667,hand_Left,16,1.000,-0.3607,-0.0119,0.5320
9,0.2667,hand_Left,17,1.000,-0.3068,-0.0138,0.5520
9,0.2667,hand_Left,18,1.000,-0.3218,-0.0118,0.5380
9,0.2667,hand_Left,19,1.000,-0.3339,-0.0084,0.5340
9,0.2667,hand_Left,20,1.000,-0.3474,-0.0051,0.5350
10,0.3000,pose,0,0.991,,,
10,0.3000,pose,1,0.978,,,
10,0.3000,pose,2,0.979,,,
10,0.3000,pose,3,0.981,,,
10,0.3000,pose,4,0.987,,,
10,0.3000,pose,5,0.992,,,
10,0.3000,pose,6,0.995,,,
10,0.3000,pose,7,0.993,,,
10,0.3000,pose,8,0.994,,,
10,0.3000,pose,9,0.995,0.0745,-0.2328,0.4200
10,0.3000,pose,10,0.995,0.0522,-0.2354,0.4340
10,0.3000,pose,11,0.999,0.2189,-0.1175,0.3580
10,0.3000,pose,12,0.999,0.0864,-0.1663,0.4900
10,0.3000,pose,13,0.929,,,
10,0.3000,pose,14,0.427,,,
10,0.3000,pose,15,0.928,,,
10,0.3000,pose,16,0.943,-0.2487,-0.0116,0.5930
10,0.3000,pose,17,0.924,,,
10,0.3000,pose,18,0.960,-0.3091,-0.0073,0.5480
10,0.3000,pose,19,0.929,,,
10,0.3000,pose,20,0.965,-0.3269,-0.0203,0.5490
10,0.3000,pose,21,0.882,,,
10,0.3000,pose,22,0.961,-0.2878,-0.0103,0.5650
10,0.3000,pose,23,0.924,,,
10,0.3000,pose,24,0.950,,,
10,0.3000,pose,25,0.157,,,
10,0.3000,pose,26,0.012,,,
10,0.3000,pose,27,0.066,,,
10,0.3000,pose,28,0.006,,,
10,0.3000,pose,29,0.065,,,
10,0.3000,pose,30,0.015,,,
10,0.3000,pose,31,0.073,,,
10,0.3000,pose,32,0.008,,,
10,0.3000,hand_Left,0,1.000,,,
10,0.3000,hand_Left,1,1.000,,,
10,0.3000,hand_Left,2,1.000,,,
10,0.3000,hand_Left,3,1.000,,,
10,0.3000,hand_Left,4,1.000,,,
10,0.3000,hand_Left,5,1.000,,,
10,0.3000,hand_Left,6,1.000,,,
10,0.3000,hand_Left,7,1.000,,,
10,0.3000,hand_Left,8,1.000,,,
10,0.3000,hand_Left,9,1.000,,,
10,0.3000,hand_Left,10,1.000,,,
10,0.3000,hand_Left,11,1.000,,,
10,0.3000,hand_Left,12,1.000,,,
10,0.3000,hand_Left,13,1.000,,,
10,0.3000,hand_Left,14,1.000,,,
10,0.3000,hand_Left,15,1.000,,,
10,0.3000,hand_Left,16,1.000,,,
10,0.3000,hand_Left,17,1.000,,,
10,0.3000,hand_Left,18,1.000,-0.1131,0.1232,0.6750
10,0.3000,hand_Left,19,1.000,,,
10,0.3000,hand_Left,20,1.000,,,
10,0.3000,hand_Left,0,1.000,-0.2452,0.0035,0.5840
10,0.3000,hand_Left,1,1.000,-0.2757,-0.0010,0.5790
10,0.3000,hand_Left,2,1.000,-0.3013,-0.0086,0.5560
10,0.3000,hand_Left,3,1.000,-0.3205,-0.0076,0.5370
10,0.3000,hand_Left,4,1.000,-0.3433,-0.0028,0.5340
10,0.3000,hand_Left,5,1.000,-0.3228,-0.0406,0.5680
10,0.3000,hand_Left,6,1.000,-0.3482,-0.0438,0.5480
10,0.3000,hand_Left,7,1.000,-0.3671,-0.0400,0.5420
10,0.3000,hand_Left,8,1.000,-0.3803,-0.0335,0.5380
10,0.3000,hand_Left,9,1.000,-0.3208,-0.0314,0.5670
10,0.3000,hand_Left,10,1.000,-0.3388,-0.0309,0.5410
10,0.3000,hand_Left,11,1.000,-0.3552,-0.0260,0.5340
10,0.3000,hand_Left,12,1.000,-0.3663,-0.0189,0.5280
10,0.3000,hand_Left,13,1.000,-0.3118,-0.0200,0.5570
10,0.3000,hand_Left,14,1.000,-0.3280,-0.0163,0.5400
10,0.3000,hand_Left,15,1.000,-0.3429,-0.0123,0.5350
10,0.3000,hand_Left,16,1.000,-0.3563,-0.0083,0.5320
10,0.3000,hand_Left,17,1.000,-0.3047,-0.0100,0.5520
10,0.3000,hand_Left,18,1.000,-0.3183,-0.0065,0.5390
10,0.3000,hand_Left,19,1.000,-0.3291,-0.0025,0.5350
10,0.3000,hand_Left,20,1.000,-0.3408,0.0007,0.5350
11,0.3333,pose,0,0.991,,,
11,0.3333,pose,1,0.979,,,
11,0.3333,pose,2,0.981,,,
11,0.3333,pose,3,0.982,,,
11,0.3333,pose,4,0.988,,,
11,0.3333,pose,5,0.992,,,
11,0.3333,pose,6,0.995,,,
11,0.3333,pose,7,0.993,,,
11,0.3333,pose,8,0.994,,,
11,0.3333,pose,9,0.996,0.0752,-0.2321,0.4190
11,0.3333,pose,10,0.995,0.0531,-0.2347,0.4330
11,0.3333,pose,11,0.999,0.2177,-0.1181,0.3590
11,0.3333,pose,12,0.999,0.0915,-0.1657,0.4860
11,0.3333,pose,13,0.927,,,
11,0.3333,pose,14,0.409,-0.0324,-0.0056,0.5440
11,0.3333,pose,15,0.927,,,
11,0.3333,pose,16,0.941,-0.2479,-0.0122,0.5950
11,0.3333,pose,17,0.922,,,
11,0.3333,pose,18,0.959,-0.3088,-0.0080,0.5480
11,0.3333,pose,19,0.928,,,
11,0.3333,pose,20,0.964,-0.3235,-0.0204,0.5440
11,0.3333,pose,21,0.879,,,
11,0.3333,pose,22,0.960,-0.2873,-0.0104,0.5640
11,0.3333,pose,23,0.925,,,
11,0.3333,pose,24,0.950,,,
11,0.3333,pose,25,0.152,,,
11,0.3333,pose,26,0.012,,,
11,0.3333,pose,27,0.066,,,
11,0.3333,pose,28,0.006,,,
11,0.3333,pose,29,0.066,,,
11,0.3333,pose,30,0.015,,,
11,0.3333,pose,31,0.073,,,
11,0.3333,pose,32,0.008,,,
11,0.3333,hand_Left,0,1.000,,,
11,0.3333,hand_Left,1,1.000,,,
11,0.3333,hand_Left,2,1.000,,,
11,0.3333,hand_Left,3,1.000,,,
11,0.3333,hand_Left,4,1.000,,,
11,0.3333,hand_Left,5,1.000,,,
11,0.3333,hand_Left,6,1.000,,,
11,0.3333,hand_Left,7,1.000,,,
11,0.3333,hand_Left,8,1.000,,,
11,0.3333,hand_Left,9,1.000,,,
11,0.3333,hand_Left,10,1.000,,,
11,0.3333,hand_Left,11,1.000,,,
11,0.3333,hand_Left,12,1.000,,,
11,0.3333,hand_Left,13,1.000,,,
11,0.3333,hand_Left,14,1.000,,,
11,0.3333,hand_Left,15,1.000,,,
11,0.3333,hand_Left,16,1.000,,,
11,0.3333,hand_Left,17,1.000,,,
11,0.3333,hand_Left,18,1.000,,,
11,0.3333,hand_Left,19,1.000,,,
11,0.3333,hand_Left,20,1.000,,,
11,0.3333,hand_Left,0,1.000,-0.2473,0.0024,0.5820
11,0.3333,hand_Left,1,1.000,-0.2773,-0.0007,0.5760
11,0.3333,hand_Left,2,1.000,-0.3021,-0.0085,0.5550
11,0.3333,hand_Left,3,1.000,-0.3213,-0.0072,0.5370
11,0.3333,hand_Left,4,1.000,-0.3435,-0.0025,0.5340
11,0.3333,hand_Left,5,1.000,-0.3249,-0.0418,0.5680
11,0.3333,hand_Left,6,1.000,-0.3506,-0.0450,0.5490
11,0.3333,hand_Left,7,1.000,-0.3680,-0.0392,0.5420
11,0.3333,hand_Left,8,1.000,-0.3781,-0.0302,0.5350
11,0.3333,hand_Left,9,1.000,-0.3226,-0.0330,0.5660
11,0.3333,hand_Left,10,1.000,-0.3411,-0.0319,0.5410
11,0.3333,hand_Left,11,1.000,-0.3570,-0.0257,0.5340
11,0.3333,hand_Left,12,1.000,-0.3678,-0.0171,0.5280
11,0.3333,hand_Left,13,1.000,-0.3176,-0.0225,0.5630
11,0.3333,hand_Left,14,1.000,-0.3324,-0.0193,0.5410
11,0.3333,hand_Left,15,1.000,-0.3471,-0.0145,0.5360
11,0.3333,hand_Left,16,1.000,-0.3579,-0.0088,0.5300
11,0.3333,hand_Left,17,1.000,-0.3063,-0.0123,0.5500
11,0.3333,hand_Left,18,1.000,-0.3217,-0.0098,0.5370
11,0.3333,hand_Left,19,1.000,-0.3340,-0.0060,0.5340
11,0.3333,hand_Left,20,1.000,-0.3460,-0.0023,0.5340
12,0.3667,pose,0,0.992,,,
12,0.3667,pose,1,0.981,,,
12,0.3667,pose,2,0.982,,,
12,0.3667,pose,3,0.983,,,
12,0.3667,pose,4,0.988,,,
12,0.3667,pose,5,0.993,,,
12,0.3667,pose,6,0.995,,,
12,0.3667,pose,7,0.994,,,
12,0.3667,pose,8,0.994,,,
12,0.3667,pose,9,0.996,0.0753,-0.2322,0.4190
12,0.3667,pose,10,0.995,0.0533,-0.2346,0.4330
12,0.3667,pose,11,0.999,0.2158,-0.1182,0.3580
12,0.3667,pose,12,0.999,0.0916,-0.1653,0.4860
12,0.3667,pose,13,0.926,,,
12,0.3667,pose,14,0.393,-0.0317,-0.0055,0.5420
12,0.3667,pose,15,0.925,,,
12,0.3667,pose,16,0.938,-0.2479,-0.0128,0.5950
12,0.3667,pose,17,0.921,,,
12,0.3667,pose,18,0.958,-0.3089,-0.0084,0.5480
12,0.3667,pose,19,0.926,,,
12,0.3667,pose,20,0.963,-0.3235,-0.0205,0.5440
12,0.3667,pose,21,0.876,,,
12,0.3667,pose,22,0.959,-0.2881,-0.0105,0.5650
12,0.3667,pose,23,0.926,,,
12,0.3667,pose,24,0.949,,,
12,0.3667,pose,25,0.148,,,
12,0.3667,pose,26,0.011,,,
12,0.3667,pose,27,0.065,,,
12,0.3667,pose,28,0.005,,,
12,0.3667,pose,29,0.066,,,
12,0.3667,pose,30,0.015,,,
12,0.3667,pose,31,0.073,,,
12,0.3667,pose,32,0.007,,,
12,0.3667,hand_Left,0,1.000,,,
12,0.3667,hand_Left,1,1.000,,,
12,0.3667,hand_Left,2,1.000,,,
12,0.3667,hand_Left,3,1.000,,,
12,0.3667,hand_Left,4,1.000,,,
12,0.3667,hand_Left,5,1.000,,,
12,0.3667,hand_Left,6,1.000,,,
12,0.3667,hand_Left,7,1.000,,,
12,0.3667,hand_Left,8,1.000,,,
12,0.3667,hand_Left,9,1.000,,,
12,0.3667,hand_Left,10,1.000,,,
12,0.3667,hand_Left,11,1.000,,,
12,0.3667,hand_Left,12,1.000,,,
12,0.3667,hand_Left,13,1.000,,,
12,0.3667,hand_Left,14,1.000,,,
12,0.3667,hand_Left,15,1.000,,,
12,0.3667,hand_Left,16,1.000,,,
12,0.3667,hand_Left,17,1.000,,,
12,0.3667,hand_Left,18,1.000,,,
12,0.3667,hand_Left,19,1.000,,,
12,0.3667,hand_Left,20,1.000,,,
12,0.3667,hand_Left,0,1.000,-0.2462,0.0023,0.5850
12,0.3667,hand_Left,1,1.000,-0.2759,-0.0010,0.5770
12,0.3667,hand_Left,2,1.000,-0.3008,-0.0084,0.5560
12,0.3667,hand_Left,3,1.000,-0.3204,-0.0079,0.5380
12,0.3667,hand_Left,4,1.000,-0.3426,-0.0024,0.5340
12,0.3667,hand_Left,5,1.000,-0.3238,-0.0408,0.5680
12,0.3667,hand_Left,6,1.000,-0.3497,-0.0446,0.5490
12,0.3667,hand_Left,7,1.000,-0.3674,-0.0397,0.5420
12,0.3667,hand_Left,8,1.000,-0.3779,-0.0315,0.5350
12,0.3667,hand_Left,9,1.000,-0.3202,-0.0314,0.5660
12,0.3667,hand_Left,10,1.000,-0.3379,-0.0296,0.5400
12,0.3667,hand_Left,11,1.000,-0.3542,-0.0232,0.5340
12,0.3667,hand_Left,12,1.000,-0.3643,-0.0147,0.5280
12,0.3667,hand_Left,13,1.000,-0.3117,-0.0200,0.5580
12,0.3667,hand_Left,14,1.000,-0.3263,-0.0154,0.5390
12,0.3667,hand_Left,15,1.000,-0.3401,-0.0102,0.5350
12,0.3667,hand_Left,16,1.000,-0.3529,-0.0049,0.5340
12,0.3667,hand_Left,17,1.000,-0.3038,-0.0096,0.5520
12,0.3667,hand_Left,18,1.000,-0.3183,-0.0053,0.5410
12,0.3667,hand_Left,19,1.000,-0.3269,-0.0005,0.5350
12,0.3667,hand_Left,20,1.000,-0.3375,0.0037,0.5360
13,0.4000,pose,0,0.992,,,
13,0.4000,pose,1,0.983,,,
13,0.4000,pose,2,0.984,,,
13,0.4000,pose,3,0.985,,,
13,0.4000,pose,4,0.989,,,
13,0.4000,pose,5,0.993,,,
13,0.4000,pose,6,0.996,,,
13,0.4000,pose,7,0.994,,,
13,0.4000,pose,8,0.995,,,
13,0.4000,pose,9,0.996,0.0755,-0.2311,0.4190
13,0.4000,pose,10,0.995,0.0538,-0.2336,0.4330
13,0.4000,pose,11,0.999,0.2162,-0.1177,0.3590
13,0.4000,pose,12,0.999,0.0914,-0.1654,0.4870
13,0.4000,pose,13,0.928,0.1844,0.0895,0.3330
13,0.4000,pose,14,0.384,-0.0320,-0.0052,0.5420
13,0.4000,pose,15,0.927,,,
13,0.4000,pose,16,0.937,-0.2484,-0.0127,0.5950
13,0.4000,pose,17,0.923,,,
13,0.4000,pose,18,0.957,-0.3096,-0.0084,0.5480
13,0.4000,pose,19,0.929,,,
13,0.4000,pose,20,0.962,-0.3234,-0.0204,0.5420
13,0.4000,pose,21,0.880,,,
13,0.4000,pose,22,0.958,-0.2888,-0.0105,0.5640
13,0.4000,pose,23,0.929,,,
13,0.4000,pose,24,0.951,,,
13,0.4000,pose,25,0.151,,,
13,0.4000,pose,26,0.012,,,
13,0.4000,pose,27,0.065,,,
13,0.4000,pose,28,0.006,,,
13,0.4000,pose,29,0.067,,,
13,0.4000,pose,30,0.015,,,
13,0.4000,pose,31,0.073,,,
13,0.4000,pose,32,0.008,,,
13,0.4000,hand_Left,0,1.000,,,
13,0.4000,hand_Left,1,1.000,,,
13,0.4000,hand_Left,2,1.000,,,
13,0.4000,hand_Left,3,1.000,,,
13,0.4000,hand_Left,4,1.000,,,
13,0.4000,hand_Left,5,1.000,,,
13,0.4000,hand_Left,6,1.000,,,
13,0.4000,hand_Left,7,1.000,,,
13,0.4000,hand_Left,8,1.000,,,
13,0.4000,hand_Left,9,1.000,,,
13,0.4000,hand_Left,10,1.000,,,
13,0.4000,hand_Left,11,1.000,,,
13,0.4000,hand_Left,12,1.000,,,
13,0.4000,hand_Left,13,1.000,,,
13,0.4000,hand_Left,14,1.000,,,
13,0.4000,hand_Left,15,1.000,,,
13,0.4000,hand_Left,16,1.000,,,
13,0.4000,hand_Left,17,1.000,,,
13,0.4000,hand_Left,18,1.000,,,
13,0.4000,hand_Left,19,1.000,,,
13,0.4000,hand_Left,20,1.000,,,
13,0.4000,hand_Left,0,1.000,-0.2463,0.0030,0.5820
13,0.4000,hand_Left,1,1.000,-0.2760,-0.0006,0.5770
13,0.4000,hand_Left,2,1.000,-0.3009,-0.0082,0.5550
13,0.4000,hand_Left,3,1.000,-0.3208,-0.0075,0.5370
13,0.4000,hand_Left,4,1.000,-0.3432,-0.0026,0.5340
13,0.4000,hand_Left,5,1.000,-0.3238,-0.0413,0.5680
13,0.4000,hand_Left,6,1.000,-0.3498,-0.0448,0.5480
13,0.4000,hand_Left,7,1.000,-0.3682,-0.0392,0.5420
13,0.4000,hand_Left,8,1.000,-0.3780,-0.0303,0.5340
13,0.4000,hand_Left,9,1.000,-0.3215,-0.0316,0.5660
13,0.4000,hand_Left,10,1.000,-0.3398,-0.0305,0.5400
13,0.4000,hand_Left,11,1.000,-0.3557,-0.0242,0.5330
13,0.4000,hand_Left,12,1.000,-0.3669,-0.0157,0.5280
13,0.4000,hand_Left,13,1.000,-0.3129,-0.0203,0.5570
13,0.4000,hand_Left,14,1.000,-0.3293,-0.0165,0.5390
13,0.4000,hand_Left,15,1.000,-0.3439,-0.0115,0.5350
13,0.4000,hand_Left,16,1.000,-0.3555,-0.0063,0.5310
13,0.4000,hand_Left,17,1.000,-0.3049,-0.0103,0.5500
13,0.4000,hand_Left,18,1.000,-0.3197,-0.0067,0.5380
13,0.4000,hand_Left,19,1.000,-0.3309,-0.0020,0.5350
13,0.4000,hand_Left,20,1.000,-0.3420,0.0022,0.5350
14,0.4333,pose,0,0.993,,,
14,0.4333,pose,1,0.984,,,
14,0.4333,pose,2,0.985,,,
14,0.4333,pose,3,0.986,,,
14,0.4333,pose,4,0.990,,,
14,0.4333,pose,5,0.994,,,
14,0.4333,pose,6,0.996,,,
14,0.4333,pose,7,0.995,,,
14,0.4333,pose,8,0.995,,,
14,0.4333,pose,9,0.996,0.0756,-0.2303,0.4190
14,0.4333,pose,10,0.996,0.0542,-0.2324,0.4320
14,0.4333,pose,11,0.999,0.2159,-0.1177,0.3590
14,0.4333,pose,12,0.999,0.0911,-0.1655,0.4880
14,0.4333,pose,13,0.930,,,
14,0.4333,pose,14,0.381,-0.0322,-0.0048,0.5450
14,0.4333,pose,15,0.929,,,
14,0.4333,pose,16,0.934,-0.2494,-0.0127,0.5960
14,0.4333,pose,17,0.925,,,
14,0.4333,pose,18,0.956,-0.3101,-0.0086,0.5460
14,0.4333,pose,19,0.930,,,
14,0.4333,pose,20,0.961,-0.3244,-0.0205,0.5415
14,0.4333,pose,21,0.882,,,
14,0.4333,pose,22,0.956,-0.2902,-0.0106,0.5640
14,0.4333,pose,23,0.932,,,
14,0.4333,pose,24,0.952,,,
14,0.4333,pose,25,0.159,,,
14,0.4333,pose,26,0.012,,,
14,0.4333,pose,27,0.066,,,
14,0.4333,pose,28,0.006,,,
14,0.4333,pose,29,0.070,,,
14,0.4333,pose,30,0.016,,,
14,0.4333,pose,31,0.076,,,
14,0.4333,pose,32,0.008,,,
14,0.4333,hand_Left,0,1.000,,,
14,0.4333,hand_Left,1,1.000,,,
14,0.4333,hand_Left,2,1.000,,,
14,0.4333,hand_Left,3,1.000,,,
14,0.4333,hand_Left,4,1.000,,,
14,0.4333,hand_Left,5,1.000,,,
14,0.4333,hand_Left,6,1.000,,,
14,0.4333,hand_Left,7,1.000,,,
14,0.4333,hand_Left,8,1.000,,,
14,0.4333,hand_Left,9,1.000,,,
14,0.4333,hand_Left,10,1.000,,,
14,0.4333,hand_Left,11,1.000,,,
14,0.4333,hand_Left,12,1.000,,,
14,0.4333,hand_Left,13,1.000,,,
14,0.4333,hand_Left,14,1.000,,,
14,0.4333,hand_Left,15,1.000,,,
14,0.4333,hand_Left,16,1.000,,,
14,0.4333,hand_Left,17,1.000,,,
14,0.4333,hand_Left,18,1.000,,,
14,0.4333,hand_Left,19,1.000,,,
14,0.4333,hand_Left,20,1.000,,,
14,0.4333,hand_Left,0,1.000,-0.2434,0.0032,0.5830
14,0.4333,hand_Left,1,1.000,-0.2755,0.0004,0.5790
14,0.4333,hand_Left,2,1.000,-0.3001,-0.0076,0.5560
14,0.4333,hand_Left,3,1.000,-0.3200,-0.0075,0.5380
14,0.4333,hand_Left,4,1.000,-0.3429,-0.0026,0.5340
14,0.4333,hand_Left,5,1.000,-0.3227,-0.0402,0.5680
14,0.4333,hand_Left,6,1.000,-0.3471,-0.0429,0.5460
14,0.4333,hand_Left,7,1.000,-0.3676,-0.0382,0.5420
14,0.4333,hand_Left,8,1.000,-0.3787,-0.0304,0.5350
14,0.4333,hand_Left,9,1.000,-0.3195,-0.0319,0.5670
14,0.4333,hand_Left,10,1.000,-0.3381,-0.0307,0.5410
14,0.4333,hand_Left,11,1.000,-0.3553,-0.0249,0.5340
14,0.4333,hand_Left,12,1.000,-0.3660,-0.0165,0.5280
14,0.4333,hand_Left,13,1.000,-0.3114,-0.0208,0.5600
14,0.4333,hand_Left,14,1.000,-0.3267,-0.0168,0.5400
14,0.4333,hand_Left,15,1.000,-0.3424,-0.0118,0.5350
14,0.4333,hand_Left,16,1.000,-0.3558,-0.0063,0.5320
14,0.4333,hand_Left,17,1.000,-0.3025,-0.0106,0.5530
14,0.4333,hand_Left,18,1.000,-0.3166,-0.0070,0.5410
14,0.4333,hand_Left,19,1.000,-0.3266,-0.0021,0.5350
14,0.4333,hand_Left,20,1.000,-0.3380,0.0025,0.5350
15,0.4667,pose,0,0.994,,,
15,0.4667,pose,1,0.986,,,
15,0.4667,pose,2,0.986,,,
15,0.4667,pose,3,0.987,,,
15,0.4667,pose,4,0.991,,,
15,0.4667,pose,5,0.995,,,
15,0.4667,pose,6,0.996,,,
15,0.4667,pose,7,0.995,,,
15,0.4667,pose,8,0.995,,,
15,0.4667,pose,9,0.997,0.0757,-0.2299,0.4190
15,0.4667,pose,10,0.996,0.0546,-0.2316,0.4320
15,0.4667,pose,11,0.999,0.2158,-0.1177,0.3590
15,0.4667,pose,12,0.999,0.0906,-0.1650,0.4870
15,0.4667,pose,13,0.932,0.1854,0.0866,0.3340
15,0.4667,pose,14,0.387,-0.0319,-0.0044,0.5430
15,0.4667,pose,15,0.931,,,
15,0.4667,pose,16,0.935,-0.2486,-0.0126,0.5950
15,0.4667,pose,17,0.927,,,
15,0.4667,pose,18,0.955,-0.3108,-0.0087,0.5480
15,0.4667,pose,19,0.932,,,
15,0.4667,pose,20,0.960,-0.3246,-0.0205,0.5420
15,0.4667,pose,21,0.884,,,
15,0.4667,pose,22,0.956,-0.2901,-0.0106,0.5640
15,0.4667,pose,23,0.935,,,
15,0.4667,pose,24,0.954,,,
15,0.4667,pose,25,0.173,,,
15,0.4667,pose,26,0.014,,,
15,0.4667,pose,27,0.068,,,
15,0.4667,pose,28,0.007,,,
15,0.4667,pose,29,0.076,,,
15,0.4667,pose,30,0.018,,,
15,0.4667,pose,31,0.079,,,
15,0.4667,pose,32,0.010,,,
15,0.4667,hand_Left,0,1.000,,,
15,0.4667,hand_Left,1,1.000,,,
15,0.4667,hand_Left,2,1.000,,,
15,0.4667,hand_Left,3,1.000,,,
15,0.4667,hand_Left,4,1.000,,,
15,0.4667,hand_Left,5,1.000,,,
15,0.4667,hand_Left,6,1.000,,,
15,0.4667,hand_Left,7,1.000,,,
15,0.4667,hand_Left,8,1.000,,,
15,0.4667,hand_Left,9,1.000,,,
15,0.4667,hand_Left,10,1.000,,,
15,0.4667,hand_Left,11,1.000,,,
15,0.4667,hand_Left,12,1.000,,,
15,0.4667,hand_Left,13,1.000,,,
15,0.4667,hand_Left,14,1.000,,,
15,0.4667,hand_Left,15,1.000,,,
15,0.4667,hand_Left,16,1.000,,,
15,0.4667,hand_Left,17,1.000,,,
15,0.4667,hand_Left,18,1.000,,,
15,0.4667,hand_Left,19,1.000,,,
15,0.4667,hand_Left,20,1.000,,,
15,0.4667,hand_Left,0,1.000,-0.2455,0.0032,0.5860
15,0.4667,hand_Left,1,1.000,-0.2768,0.0016,0.5780
15,0.4667,hand_Left,2,1.000,-0.3020,-0.0072,0.5560
15,0.4667,hand_Left,3,1.000,-0.3209,-0.0074,0.5370
15,0.4667,hand_Left,4,1.000,-0.3432,-0.0026,0.5340
15,0.4667,hand_Left,5,1.000,-0.3236,-0.0409,0.5680
15,0.4667,hand_Left,6,1.000,-0.3489,-0.0441,0.5480
15,0.4667,hand_Left,7,1.000,-0.3674,-0.0387,0.5420
15,0.4667,hand_Left,8,1.000,-0.3777,-0.0302,0.5350
15,0.4667,hand_Left,9,1.000,-0.3199,-0.0334,0.5670
15,0.4667,hand_Left,10,1.000,-0.3372,-0.0310,0.5400
15,0.4667,hand_Left,11,1.000,-0.3542,-0.0243,0.5350
15,0.4667,hand_Left,12,1.000,-0.3641,-0.0152,0.5290
15,0.4667,hand_Left,13,1.000,-0.3132,-0.0234,0.5640
15,0.4667,hand_Left,14,1.000,-0.3262,-0.0179,0.5410
15,0.4667,hand_Left,15,1.000,-0.3403,-0.0125,0.5360
15,0.4667,hand_Left,16,1.000,-0.3529,-0.0070,0.5340
15,0.4667,hand_Left,17,1.000,-0.3037,-0.0139,0.5560
15,0.4667,hand_Left,18,1.000,-0.3165,-0.0088,0.5420
15,0.4667,hand_Left,19,1.000,-0.3252,-0.0034,0.5360
15,0.4667,hand_Left,20,1.000,-0.3344,0.0013,0.5350
16,0.5000,pose,0,0.994,,,
16,0.5000,pose,1,0.987,,,
16,0.5000,pose,2,0.988,,,
16,0.5000,pose,3,0.989,,,
16,0.5000,pose,4,0.992,,,
16,0.5000,pose,5,0.995,,,
16,0.5000,pose,6,0.997,,,
16,0.5000,pose,7,0.996,,,
16,0.5000,pose,8,0.996,,,
16,0.5000,pose,9,0.997,0.0761,-0.2299,0.4190
16,0.5000,pose,10,0.996,0.0549,-0.2311,0.4310
16,0.5000,pose,11,0.999,0.2170,-0.1177,0.3590
16,0.5000,pose,12,0.999,0.0901,-0.1651,0.4880
16,0.5000,pose,13,0.933,0.1811,0.0871,0.3340
16,0.5000,pose,14,0.386,-0.0318,-0.0042,0.5420
16,0.5000,pose,15,0.932,,,
16,0.5000,pose,16,0.932,-0.2482,-0.0126,0.5940
16,0.5000,pose,17,0.927,,,
16,0.5000,pose,18,0.953,-0.3102,-0.0088,0.5470
16,0.5000,pose,19,0.932,,,
16,0.5000,pose,20,0.959,-0.3250,-0.0205,0.5430
16,0.5000,pose,21,0.886,,,
16,0.5000,pose,22,0.954,-0.2901,-0.0106,0.5640
16,0.5000,pose,23,0.937,,,
16,0.5000,pose,24,0.955,,,
16,0.5000,pose,25,0.185,,,
16,0.5000,pose,26,0.015,,,
16,0.5000,pose,27,0.070,,,
16,0.5000,pose,28,0.008,,,
16,0.5000,pose,29,0.078,,,
16,0.5000,pose,30,0.020,,,
16,0.5000,pose,31,0.082,,,
16,0.5000,pose,32,0.011,,,
16,0.5000,hand_Left,0,1.000,,,
16,0.5000,hand_Left,1,1.000,,,
16,0.5000,hand_Left,2,1.000,,,
16,0.5000,hand_Left,3,1.000,,,
16,0.5000,hand_Left,4,1.000,,,
16,0.5000,hand_Left,5,1.000,,,
16,0.5000,hand_Left,6,1.000,,,
16,0.5000,hand_Left,7,1.000,,,
16,0.5000,hand_Left,8,1.000,,,
16,0.5000,hand_Left,9,1.000,,,
16,0.5000,hand_Left,10,1.000,,,
16,0.5000,hand_Left,11,1.000,,,
16,0.5000,hand_Left,12,1.000,,,
16,0.5000,hand_Left,13,1.000,,,
16,0.5000,hand_Left,14,1.000,,,
16,0.5000,hand_Left,15,1.000,,,
16,0.5000,hand_Left,16,1.000,,,
16,0.5000,hand_Left,17,1.000,,,
16,0.5000,hand_Left,18,1.000,,,
16,0.5000,hand_Left,19,1.000,,,
16,0.5000,hand_Left,20,1.000,,,
16,0.5000,hand_Left,0,1.000,-0.2456,0.0025,0.5850
16,0.5000,hand_Left,1,1.000,-0.2763,0.0004,0.5780
16,0.5000,hand_Left,2,1.000,-0.3010,-0.0076,0.5550
16,0.5000,hand_Left,3,1.000,-0.3205,-0.0075,0.5370
16,0.5000,hand_Left,4,1.000,-0.3431,-0.0032,0.5340
16,0.5000,hand_Left,5,1.000,-0.3239,-0.0404,0.5680
16,0.5000,hand_Left,6,1.000,-0.3480,-0.0428,0.5460
16,0.5000,hand_Left,7,1.000,-0.3672,-0.0379,0.5410
16,0.5000,hand_Left,8,1.000,-0.3784,-0.0306,0.5350
16,0.5000,hand_Left,9,1.000,-0.3209,-0.0330,0.5670
16,0.5000,hand_Left,10,1.000,-0.3385,-0.0306,0.5400
16,0.5000,hand_Left,11,1.000,-0.3544,-0.0243,0.5330
16,0.5000,hand_Left,12,1.000,-0.3650,-0.0159,0.5280
16,0.5000,hand_Left,13,1.000,-0.3143,-0.0232,0.5630
16,0.5000,hand_Left,14,1.000,-0.3287,-0.0181,0.5410
16,0.5000,hand_Left,15,1.000,-0.3434,-0.0127,0.5360
16,0.5000,hand_Left,16,1.000,-0.3555,-0.0073,0.5320
16,0.5000,hand_Left,17,1.000,-0.3044,-0.0139,0.5540
16,0.5000,hand_Left,18,1.000,-0.3180,-0.0097,0.5400
16,0.5000,hand_Left,19,1.000,-0.3285,-0.0046,0.5350
16,0.5000,hand_Left,20,1.000,-0.3394,-0.0002,0.5340
17,0.5333,pose,0,0.995,,,
17,0.5333,pose,1,0.988,,,
17,0.5333,pose,2,0.989,,,
17,0.5333,pose,3,0.990,,,
17,0.5333,pose,4,0.993,,,
17,0.5333,pose,5,0.995,,,
17,0.5333,pose,6,0.997,,,
17,0.5333,pose,7,0.996,,,
17,0.5333,pose,8,0.996,,,
17,0.5333,pose,9,0.997,0.0759,-0.2295,0.4180
17,0.5333,pose,10,0.997,0.0546,-0.2320,0.4320
17,0.5333,pose,11,0.999,,,
17,0.5333,pose,12,0.999,0.0804,-0.1625,0.4910
17,0.5333,pose,13,0.935,,,
17,0.5333,pose,14,0.386,-0.0319,-0.0002,0.5400
17,0.5333,pose,15,0.932,,,
17,0.5333,pose,16,0.930,-0.2479,-0.0125,0.5920
17,0.5333,pose,17,0.926,,,
17,0.5333,pose,18,0.950,-0.3096,-0.0087,0.5460
17,0.5333,pose,19,0.931,,,
17,0.5333,pose,20,0.956,-0.3281,-0.0205,0.5480
17,0.5333,pose,21,0.884,,,
17,0.5333,pose,22,0.951,-0.2897,-0.0104,0.5630
17,0.5333,pose,23,0.940,,,
17,0.5333,pose,24,0.957,,,
17,0.5333,pose,25,0.207,,,
17,0.5333,pose,26,0.016,,,
17,0.5333,pose,27,0.077,,,
17,0.5333,pose,28,0.008,,,
17,0.5333,pose,29,0.085,,,
17,0.5333,pose,30,0.020,,,
17,0.5333,pose,31,0.088,,,
17,0.5333,pose,32,0.011,,,
17,0.5333,hand_Left,0,1.000,,,
17,0.5333,hand_Left,1,1.000,,,
17,0.5333,hand_Left,2,1.000,,,
17,0.5333,hand_Left,3,1.000,,,
17,0.5333,hand_Left,4,1.000,,,
17,0.5333,hand_Left,5,1.000,,,
17,0.5333,hand_Left,6,1.000,,,
17,0.5333,hand_Left,7,1.000,,,
17,0.5333,hand_Left,8,1.000,,,
17,0.5333,hand_Left,9,1.000,,,
17,0.5333,hand_Left,10,1.000,,,
17,0.5333,hand_Left,11,1.000,,,
17,0.5333,hand_Left,12,1.000,,,
17,0.5333,hand_Left,13,1.000,,,
17,0.5333,hand_Left,14,1.000,,,
17,0.5333,hand_Left,15,1.000,,,
17,0.5333,hand_Left,16,1.000,,,
17,0.5333,hand_Left,17,1.000,,,
17,0.5333,hand_Left,18,1.000,,,
17,0.5333,hand_Left,19,1.000,,,
17,0.5333,hand_Left,20,1.000,,,
17,0.5333,hand_Left,0,1.000,-0.2457,0.0023,0.5840
17,0.5333,hand_Left,1,1.000,-0.2760,-0.0002,0.5770
17,0.5333,hand_Left,2,1.000,-0.3010,-0.0081,0.5550
17,0.5333,hand_Left,3,1.000,-0.3207,-0.0079,0.5370
17,0.5333,hand_Left,4,1.000,-0.3434,-0.0032,0.5340
17,0.5333,hand_Left,5,1.000,-0.3239,-0.0403,0.5680
17,0.5333,hand_Left,6,1.000,-0.3478,-0.0429,0.5460
17,0.5333,hand_Left,7,1.000,-0.3675,-0.0378,0.5410
17,0.5333,hand_Left,8,1.000,-0.3778,-0.0300,0.5340
17,0.5333,hand_Left,9,1.000,-0.3206,-0.0329,0.5660
17,0.5333,hand_Left,10,1.000,-0.3390,-0.0313,0.5400
17,0.5333,hand_Left,11,1.000,-0.3553,-0.0254,0.5330
17,0.5333,hand_Left,12,1.000,-0.3663,-0.0172,0.5280
17,0.5333,hand_Left,13,1.000,-0.3140,-0.0232,0.5610
17,0.5333,hand_Left,14,1.000,-0.3300,-0.0192,0.5410
17,0.5333,hand_Left,15,1.000,-0.3453,-0.0141,0.5360
17,0.5333,hand_Left,16,1.000,-0.3564,-0.0085,0.5300
17,0.5333,hand_Left,17,1.000,-0.3047,-0.0136,0.5520
17,0.5333,hand_Left,18,1.000,-0.3197,-0.0102,0.5390
17,0.5333,hand_Left,19,1.000,-0.3306,-0.0058,0.5340
17,0.5333,hand_Left,20,1.000,-0.3425,-0.0018,0.5340
18,0.5667,pose,0,0.995,,,
18,0.5667,pose,1,0.989,,,
18,0.5667,pose,2,0.990,,,
18,0.5667,pose,3,0.990,,,
18,0.5667,pose,4,0.993,,,
18,0.5667,pose,5,0.996,,,
18,0.5667,pose,6,0.997,,,
18,0.5667,pose,7,0.996,,,
18,0.5667,pose,8,0.996,,,
18,0.5667,pose,9,0.997,0.0764,-0.2292,0.4190
18,0.5667,pose,10,0.997,0.0547,-0.2304,0.4310
18,0.5667,pose,11,0.999,,,
18,0.5667,pose,12,0.999,0.0798,-0.1609,0.4920
18,0.5667,pose,13,0.936,,,
18,0.5667,pose,14,0.387,,,
18,0.5667,pose,15,0.934,,,
18,0.5667,pose,16,0.927,-0.2484,-0.0124,0.5930
18,0.5667,pose,17,0.927,,,
18,0.5667,pose,18,0.948,-0.3102,-0.0090,0.5470
18,0.5667,pose,19,0.932,,,
18,0.5667,pose,20,0.954,-0.3251,-0.0203,0.5430
18,0.5667,pose,21,0.885,,,
18,0.5667,pose,22,0.949,-0.2902,-0.0104,0.5640
18,0.5667,pose,23,0.943,,,
18,0.5667,pose,24,0.959,,,
18,0.5667,pose,25,0.221,,,
18,0.5667,pose,26,0.016,,,
18,0.5667,pose,27,0.078,,,
18,0.5667,pose,28,0.008,,,
18,0.5667,pose,29,0.087,,,
18,0.5667,pose,30,0.021,,,
18,0.5667,pose,31,0.090,,,
18,0.5667,pose,32,0.011,,,
18,0.5667,hand_Right,0,1.000,,,
18,0.5667,hand_Right,1,1.000,,,
18,0.5667,hand_Right,2,1.000,,,
18,0.5667,hand_Right,3,1.000,,,
18,0.5667,hand_Right,4,1.000,,,
18,0.5667,hand_Right,5,1.000,,,
18,0.5667,hand_Right,6,1.000,,,
18,0.5667,hand_Right,7,1.000,,,
18,0.5667,hand_Right,8,1.000,,,
18,0.5667,hand_Right,9,1.000,,,
18,0.5667,hand_Right,10,1.000,,,
18,0.5667,hand_Right,11,1.000,,,
18,0.5667,hand_Right,12,1.000,,,
18,0.5667,hand_Right,13,1.000,,,
18,0.5667,hand_Right,14,1.000,,,
18,0.5667,hand_Right,15,1.000,,,
18,0.5667,hand_Right,16,1.000,,,
18,0.5667,hand_Right,17,1.000,,,
18,0.5667,hand_Right,18,1.000,,,
18,0.5667,hand_Right,19,1.000,,,
18,0.5667,hand_Right,20,1.000,,,
18,0.5667,hand_Left,0,1.000,-0.2470,0.0021,0.5840
18,0.5667,hand_Left,1,1.000,-0.2758,-0.0001,0.5770
18,0.5667,hand_Left,2,1.000,-0.3005,-0.0076,0.5550
18,0.5667,hand_Left,3,1.000,-0.3202,-0.0074,0.5370
18,0.5667,hand_Left,4,1.000,-0.3430,-0.0027,0.5340
18,0.5667,hand_Left,5,1.000,-0.3231,-0.0405,0.5660
18,0.5667,hand_Left,6,1.000,-0.3496,-0.0438,0.5480
18,0.5667,hand_Left,7,1.000,-0.3679,-0.0383,0.5420
18,0.5667,hand_Left,8,1.000,-0.3785,-0.0297,0.5350
18,0.5667,hand_Left,9,1.000,-0.3210,-0.0326,0.5650
18,0.5667,hand_Left,10,1.000,-0.3396,-0.0316,0.5400
18,0.5667,hand_Left,11,1.000,-0.3572,-0.0257,0.5350
18,0.5667,hand_Left,12,1.000,-0.3672,-0.0172,0.5280
18,0.5667,hand_Left,13,1.000,-0.3163,-0.0226,0.5630
18,0.5667,hand_Left,14,1.000,-0.3309,-0.0189,0.5410
18,0.5667,hand_Left,15,1.000,-0.3460,-0.0141,0.5360
18,0.5667,hand_Left,16,1.000,-0.3587,-0.0087,0.5320
18,0.5667,hand_Left,17,1.000,-0.3061,-0.0126,0.5520
18,0.5667,hand_Left,18,1.000,-0.3201,-0.0095,0.5380
18,0.5667,hand_Left,19,1.000,-0.3316,-0.0052,0.5340
18,0.5667,hand_Left,20,1.000,-0.3437,-0.0013,0.5340
19,0.6000,pose,0,0.996,,,
19,0.6000,pose,1,0.990,,,
19,0.6000,pose,2,0.991,,,
19,0.6000,pose,3,0.991,,,
19,0.6000,pose,4,0.994,,,
19,0.6000,pose,5,0.996,,,
19,0.6000,pose,6,0.997,,,
19,0.6000,pose,7,0.997,,,
19,0.6000,pose,8,0.997,,,
19,0.6000,pose,9,0.998,0.0772,-0.2285,0.4190
19,0.6000,pose,10,0.997,0.0551,-0.2294,0.4310
19,0.6000,pose,11,0.999,,,
19,0.6000,pose,12,0.999,0.0790,-0.1600,0.4920
19,0.6000,pose,13,0.939,,,
19,0.6000,pose,14,0.393,-0.0321,-0.0003,0.5420
19,0.6000,pose,15,0.936,,,
19,0.6000,pose,16,0.927,-0.2480,-0.0123,0.5920
19,0.6000,pose,17,0.928,,,
19,0.6000,pose,18,0.948,-0.3092,-0.0088,0.5460
19,0.6000,pose,19,0.933,,,
19,0.6000,pose,20,0.954,-0.3237,-0.0201,0.5415
19,0.6000,pose,21,0.887,,,
19,0.6000,pose,22,0.948,-0.2900,-0.0104,0.5640
19,0.6000,pose,23,0.946,,,
19,0.6000,pose,24,0.961,,,
19,0.6000,pose,25,0.235,,,
19,0.6000,pose,26,0.017,,,
19,0.6000,pose,27,0.080,,,
19,0.6000,pose,28,0.008,,,
19,0.6000,pose,29,0.090,,,
19,0.6000,pose,30,0.021,,,
19,0.6000,pose,31,0.093,,,
19,0.6000,pose,32,0.011,,,
19,0.6000,hand_Right,0,1.000,,,
19,0.6000,hand_Right,1,1.000,,,
19,0.6000,hand_Right,2,1.000,,,
19,0.6000,hand_Right,3,1.000,,,
19,0.6000,hand_Right,4,1.000,,,
19,0.6000,hand_Right,5,1.000,,,
19,0.6000,hand_Right,6,1.000,,,
19,0.6000,hand_Right,7,1.000,,,
19,0.6000,hand_Right,8,1.000,,,
19,0.6000,hand_Right,9,1.000,,,
19,0.6000,hand_Right,10,1.000,,,
19,0.6000,hand_Right,11,1.000,,,
19,0.6000,hand_Right,12,1.000,,,
19,0.6000,hand_Right,13,1.000,,,
19,0.6000,hand_Right,14,1.000,,,
19,0.6000,hand_Right,15,1.000,,,
19,0.6000,hand_Right,16,1.000,,,
19,0.6000,hand_Right,17,1.000,,,
19,0.6000,hand_Right,18,1.000,,,
19,0.6000,hand_Right,19,1.000,,,
19,0.6000,hand_Right,20,1.000,,,
19,0.6000,hand_Left,0,1.000,-0.2481,0.0021,0.5850
19,0.6000,hand_Left,1,1.000,-0.2767,-0.0000,0.5780
19,0.6000,hand_Left,2,1.000,-0.3006,-0.0076,0.5550
19,0.6000,hand_Left,3,1.000,-0.3201,-0.0073,0.5370
19,0.6000,hand_Left,4,1.000,-0.3425,-0.0028,0.5340
19,0.6000,hand_Left,5,1.000,-0.3241,-0.0416,0.5690
19,0.6000,hand_Left,6,1.000,-0.3501,-0.0450,0.5490
19,0.6000,hand_Left,7,1.000,-0.3681,-0.0388,0.5420
19,0.6000,hand_Left,8,1.000,-0.3784,-0.0299,0.5350
19,0.6000,hand_Left,9,1.000,-0.3211,-0.0327,0.5660
19,0.6000,hand_Left,10,1.000,-0.3385,-0.0312,0.5390
19,0.6000,hand_Left,11,1.000,-0.3558,-0.0244,0.5340
19,0.6000,hand_Left,12,1.000,-0.3661,-0.0155,0.5280
19,0.6000,hand_Left,13,1.000,-0.3146,-0.0218,0.5610
19,0.6000,hand_Left,14,1.000,-0.3289,-0.0177,0.5400
19,0.6000,hand_Left,15,1.000,-0.3439,-0.0120,0.5360
19,0.6000,hand_Left,16,1.000,-0.3558,-0.0062,0.5320
19,0.6000,hand_Left,17,1.000,-0.3048,-0.0115,0.5510
19,0.6000,hand_Left,18,1.000,-0.3189,-0.0080,0.5390
19,0.6000,hand_Left,19,1.000,-0.3296,-0.0029,0.5350
19,0.6000,hand_Left,20,1.000,-0.3407,0.0014,0.5350
20,0.6333,pose,0,0.996,,,
20,0.6333,pose,1,0.991,,,
20,0.6333,pose,2,0.991,,,
20,0.6333,pose,3,0.992,,,
20,0.6333,pose,4,0.994,,,
20,0.6333,pose,5,0.996,,,
20,0.6333,pose,6,0.998,,,
20,0.6333,pose,7,0.997,,,
20,0.6333,pose,8,0.997,,,
20,0.6333,pose,9,0.998,0.0778,-0.2284,0.4190
20,0.6333,pose,10,0.997,0.0552,-0.2293,0.4310
20,0.6333,pose,11,0.999,,,
20,0.6333,pose,12,0.999,0.0781,-0.1588,0.4920
20,0.6333,pose,13,0.939,,,
20,0.6333,pose,14,0.396,-0.0330,0.0003,0.5430
20,0.6333,pose,15,0.936,,,
20,0.6333,pose,16,0.927,-0.2491,-0.0118,0.5940
20,0.6333,pose,17,0.928,,,
20,0.6333,pose,18,0.948,-0.3099,-0.0085,0.5470
20,0.6333,pose,19,0.933,,,
20,0.6333,pose,20,0.954,-0.3276,-0.0201,0.5480
20,0.6333,pose,21,0.887,,,
20,0.6333,pose,22,0.948,-0.2902,-0.0103,0.5640
20,0.6333,pose,23,0.947,,,
20,0.6333,pose,24,0.961,,,
20,0.6333,pose,25,0.237,,,
20,0.6333,pose,26,0.018,,,
20,0.6333,pose,27,0.079,,,
20,0.6333,pose,28,0.008,,,
20,0.6333,pose,29,0.089,,,
20,0.6333,pose,30,0.021,,,
20,0.6333,pose,31,0.091,,,
20,0.6333,pose,32,0.012,,,
20,0.6333,hand_Left,0,1.000,,,
20,0.6333,hand_Left,1,1.000,,,
20,0.6333,hand_Left,2,1.000,,,
20,0.6333,hand_Left,3,1.000,,,
20,0.6333,hand_Left,4,1.000,,,
20,0.6333,hand_Left,5,1.000,,,
20,0.6333,hand_Left,6,1.000,,,
20,0.6333,hand_Left,7,1.000,,,
20,0.6333,hand_Left,8,1.000,,,
20,0.6333,hand_Left,9,1.000,,,
20,0.6333,hand_Left,10,1.000,,,
20,0.6333,hand_Left,11,1.000,,,
20,0.6333,hand_Left,12,1.000,,,
20,0.6333,hand_Left,13,1.000,,,
20,0.6333,hand_Left,14,1.000,,,
20,0.6333,hand_Left,15,1.000,,,
20,0.6333,hand_Left,16,1.000,,,
20,0.6333,hand_Left,17,1.000,,,
20,0.6333,hand_Left,18,1.000,-0.1154,0.1215,0.6750
20,0.6333,hand_Left,19,1.000,,,
20,0.6333,hand_Left,20,1.000,,,
20,0.6333,hand_Left,0,1.000,-0.2470,0.0027,0.5850
20,0.6333,hand_Left,1,1.000,-0.2756,-0.0001,0.5790
20,0.6333,hand_Left,2,1.000,-0.2995,-0.0077,0.5560
20,0.6333,hand_Left,3,1.000,-0.3192,-0.0077,0.5370
20,0.6333,hand_Left,4,1.000,-0.3430,-0.0027,0.5340
20,0.6333,hand_Left,5,1.000,-0.3239,-0.0409,0.5690
20,0.6333,hand_Left,6,1.000,-0.3498,-0.0435,0.5480
20,0.6333,hand_Left,7,1.000,-0.3695,-0.0378,0.5420
20,0.6333,hand_Left,8,1.000,-0.3805,-0.0292,0.5350
20,0.6333,hand_Left,9,1.000,-0.3210,-0.0313,0.5660
20,0.6333,hand_Left,10,1.000,-0.3398,-0.0302,0.5390
20,0.6333,hand_Left,11,1.000,-0.3590,-0.0241,0.5340
20,0.6333,hand_Left,12,1.000,-0.3705,-0.0155,0.5280
20,0.6333,hand_Left,13,1.000,-0.3129,-0.0197,0.5570
20,0.6333,hand_Left,14,1.000,-0.3319,-0.0173,0.5410
20,0.6333,hand_Left,15,1.000,-0.3474,-0.0120,0.5350
20,0.6333,hand_Left,16,1.000,-0.3600,-0.0060,0.5300
20,0.6333,hand_Left,17,1.000,-0.3049,-0.0090,0.5500
20,0.6333,hand_Left,18,1.000,-0.3196,-0.0066,0.5360
20,0.6333,hand_Left,19,1.000,-0.3330,-0.0024,0.5340
20,0.6333,hand_Left,20,1.000,-0.3458,0.0016,0.5340
21,0.6667,pose,0,0.996,,,
21,0.6667,pose,1,0.992,,,
21,0.6667,pose,2,0.992,,,
21,0.6667,pose,3,0.993,,,
21,0.6667,pose,4,0.995,,,
21,0.6667,pose,5,0.997,,,
21,0.6667,pose,6,0.998,,,
21,0.6667,pose,7,0.997,,,
21,0.6667,pose,8,0.997,,,
21,0.6667,pose,9,0.998,0.0778,-0.2285,0.4190
21,0.6667,pose,10,0.998,0.0551,-0.2294,0.4310
21,0.6667,pose,11,0.999,,,
21,0.6667,pose,12,0.999,0.0779,-0.1583,0.4920
21,0.6667,pose,13,0.940,,,
21,0.6667,pose,14,0.395,-0.0330,0.0003,0.5420
21,0.6667,pose,15,0.938,,,
21,0.6667,pose,16,0.928,-0.2483,-0.0106,0.5920
21,0.6667,pose,17,0.930,,,
21,0.6667,pose,18,0.948,-0.3100,-0.0079,0.5470
21,0.6667,pose,19,0.934,,,
21,0.6667,pose,20,0.954,-0.3240,-0.0188,0.5420
21,0.6667,pose,21,0.889,,,
21,0.6667,pose,22,0.948,-0.2896,-0.0089,0.5630
21,0.6667,pose,23,0.950,,,
21,0.6667,pose,24,0.963,,,
21,0.6667,pose,25,0.237,,,
21,0.6667,pose,26,0.018,,,
21,0.6667,pose,27,0.081,,,
21,0.6667,pose,28,0.008,,,
21,0.6667,pose,29,0.090,,,
21,0.6667,pose,30,0.021,,,
21,0.6667,pose,31,0.093,,,
21,0.6667,pose,32,0.012,,,
21,0.6667,hand_Left,0,1.000,,,
21,0.6667,hand_Left,1,1.000,,,
21,0.6667,hand_Left,2,1.000,,,
21,0.6667,hand_Left,3,1.000,,,
21,0.6667,hand_Left,4,1.000,,,
21,0.6667,hand_Left,5,1.000,,,
21,0.6667,hand_Left,6,1.000,,,
21,0.6667,hand_Left,7,1.000,,,
21,0.6667,hand_Left,8,1.000,,,
21,0.6667,hand_Left,9,1.000,,,
21,0.6667,hand_Left,10,1.000,,,
21,0.6667,hand_Left,11,1.000,,,
21,0.6667,hand_Left,12,1.000,,,
21,0.6667,hand_Left,13,1.000,,,
21,0.6667,hand_Left,14,1.000,,,
21,0.6667,hand_Left,15,1.000,,,
21,0.6667,hand_Left,16,1.000,,,
21,0.6667,hand_Left,17,1.000,,,
21,0.6667,hand_Left,18,1.000,-0.1145,0.1222,0.6750
21,0.6667,hand_Left,19,1.000,,,
21,0.6667,hand_Left,20,1.000,,,
21,0.6667,hand_Left,0,1.000,-0.2446,0.0029,0.5850
21,0.6667,hand_Left,1,1.000,-0.2738,-0.0017,0.5790
21,0.6667,hand_Left,2,1.000,-0.2992,-0.0087,0.5560
21,0.6667,hand_Left,3,1.000,-0.3198,-0.0079,0.5380
21,0.6667,hand_Left,4,1.000,-0.3424,-0.0030,0.5340
21,0.6667,hand_Left,5,1.000,-0.3222,-0.0411,0.5680
21,0.6667,hand_Left,6,1.000,-0.3490,-0.0438,0.5480
21,0.6667,hand_Left,7,1.000,-0.3670,-0.0382,0.5410
21,0.6667,hand_Left,8,1.000,-0.3790,-0.0298,0.5350
21,0.6667,hand_Left,9,1.000,-0.3201,-0.0308,0.5660
21,0.6667,hand_Left,10,1.000,-0.3391,-0.0285,0.5410
21,0.6667,hand_Left,11,1.000,-0.3550,-0.0220,0.5330
21,0.6667,hand_Left,12,1.000,-0.3670,-0.0137,0.5280
21,0.6667,hand_Left,13,1.000,-0.3106,-0.0190,0.5560
21,0.6667,hand_Left,14,1.000,-0.3262,-0.0140,0.5390
21,0.6667,hand_Left,15,1.000,-0.3404,-0.0091,0.5350
21,0.6667,hand_Left,16,1.000,-0.3534,-0.0043,0.5330
21,0.6667,hand_Left,17,1.000,-0.3032,-0.0088,0.5510
21,0.6667,hand_Left,18,1.000,-0.3177,-0.0045,0.5410
21,0.6667,hand_Left,19,1.000,-0.3268,0.0006,0.5360
21,0.6667,hand_Left,20,1.000,-0.3381,0.0049,0.5380
22,0.7000,pose,0,0.997,,,
22,0.7000,pose,1,0.992,,,
22,0.7000,pose,2,0.993,,,
22,0.7000,pose,3,0.993,,,
22,0.7000,pose,4,0.995,,,
22,0.7000,pose,5,0.997,,,
22,0.7000,pose,6,0.998,,,
22,0.7000,pose,7,0.997,,,
22,0.7000,pose,8,0.997,,,
22,0.7000,pose,9,0.998,0.0778,-0.2291,0.4190
22,0.7000,pose,10,0.998,0.0546,-0.2301,0.4310
22,0.7000,pose,11,0.999,0.2221,-0.1180,0.3580
22,0.7000,pose,12,0.999,0.0778,-0.1578,0.4910
22,0.7000,pose,13,0.938,,,
22,0.7000,pose,14,0.391,-0.0332,0.0003,0.5430
22,0.7000,pose,15,0.936,,,
22,0.7000,pose,16,0.927,-0.2469,-0.0096,0.5890
22,0.7000,pose,17,0.928,,,
22,0.7000,pose,18,0.948,-0.3103,-0.0074,0.5470
22,0.7000,pose,19,0.932,,,
22,0.7000,pose,20,0.954,-0.3240,-0.0182,0.5420
22,0.7000,pose,21,0.887,,,
22,0.7000,pose,22,0.948,-0.2901,-0.0080,0.5640
22,0.7000,pose,23,0.950,,,
22,0.7000,pose,24,0.963,,,
22,0.7000,pose,25,0.229,,,
22,0.7000,pose,26,0.018,,,
22,0.7000,pose,27,0.078,,,
22,0.7000,pose,28,0.008,,,
22,0.7000,pose,29,0.088,,,
22,0.7000,pose,30,0.021,,,
22,0.7000,pose,31,0.091,,,
22,0.7000,pose,32,0.012,,,
22,0.7000,hand_Left,0,1.000,,,
22,0.7000,hand_Left,1,1.000,,,
22,0.7000,hand_Left,2,1.000,,,
22,0.7000,hand_Left,3,1.000,,,
22,0.7000,hand_Left,4,1.000,,,
22,0.7000,hand_Left,5,1.000,,,
22,0.7000,hand_Left,6,1.000,,,
22,0.7000,hand_Left,7,1.000,,,
22,0.7000,hand_Left,8,1.000,,,
22,0.7000,hand_Left,9,1.000,,,
22,0.7000,hand_Left,10,1.000,,,
22,0.7000,hand_Left,11,1.000,,,
22,0.7000,hand_Left,12,1.000,,,
22,0.7000,hand_Left,13,1.000,,,
22,0.7000,hand_Left,14,1.000,,,
22,0.7000,hand_Left,15,1.000,,,
22,0.7000,hand_Left,16,1.000,,,
22,0.7000,hand_Left,17,1.000,,,
22,0.7000,hand_Left,18,1.000,,,
22,0.7000,hand_Left,19,1.000,,,
22,0.7000,hand_Left,20,1.000,,,
22,0.7000,hand_Left,0,1.000,-0.2419,0.0042,0.5860
22,0.7000,hand_Left,1,1.000,-0.2742,-0.0008,0.5790
22,0.7000,hand_Left,2,1.000,-0.3005,-0.0085,0.5560
22,0.7000,hand_Left,3,1.000,-0.3201,-0.0075,0.5370
22,0.7000,hand_Left,4,1.000,-0.3428,-0.0025,0.5340
22,0.7000,hand_Left,5,1.000,-0.3231,-0.0416,0.5700
22,0.7000,hand_Left,6,1.000,-0.3469,-0.0436,0.5480
22,0.7000,hand_Left,7,1.000,-0.3648,-0.0389,0.5420
22,0.7000,hand_Left,8,1.000,-0.3757,-0.0311,0.5350
22,0.7000,hand_Left,9,1.000,-0.3184,-0.0314,0.5680
22,0.7000,hand_Left,10,1.000,-0.3332,-0.0270,0.5410
22,0.7000,hand_Left,11,1.000,-0.3477,-0.0195,0.5350
22,0.7000,hand_Left,12,1.000,-0.3572,-0.0105,0.5290
22,0.7000,hand_Left,13,1.000,-0.3061,-0.0195,0.5570
22,0.7000,hand_Left,14,1.000,-0.3176,-0.0114,0.5410
22,0.7000,hand_Left,15,1.000,-0.3255,-0.0066,0.5350
22,0.7000,hand_Left,16,1.000,-0.3350,-0.0025,0.5340
22,0.7000,hand_Left,17,1.000,-0.2992,-0.0097,0.5560
22,0.7000,hand_Left,18,1.000,-0.3108,-0.0030,0.5480
22,0.7000,hand_Left,19,1.000,-0.3177,0.0030,0.5460
22,0.7000,hand_Left,20,1.000,-0.3252,0.0076,0.5480
23,0.7333,pose,0,0.997,,,
23,0.7333,pose,1,0.993,,,
23,0.7333,pose,2,0.993,,,
23,0.7333,pose,3,0.994,,,
23,0.7333,pose,4,0.996,,,
23,0.7333,pose,5,0.997,,,
23,0.7333,pose,6,0.998,,,
23,0.7333,pose,7,0.998,,,
23,0.7333,pose,8,0.997,,,
23,0.7333,pose,9,0.998,0.0774,-0.2293,0.4190
23,0.7333,pose,10,0.998,0.0541,-0.2308,0.4320
23,0.7333,pose,11,0.999,0.2206,-0.1183,0.3590
23,0.7333,pose,12,0.999,0.0784,-0.1578,0.4920
23,0.7333,pose,13,0.937,,,
23,0.7333,pose,14,0.387,-0.0331,0.0003,0.5410
23,0.7333,pose,15,0.935,,,
23,0.7333,pose,16,0.930,-0.2478,-0.0084,0.5910
23,0.7333,pose,17,0.928,,,
23,0.7333,pose,18,0.949,-0.3103,-0.0073,0.5470
23,0.7333,pose,19,0.932,,,
23,0.7333,pose,20,0.955,-0.3232,-0.0177,0.5410
23,0.7333,pose,21,0.886,,,
23,0.7333,pose,22,0.950,-0.2895,-0.0073,0.5630
23,0.7333,pose,23,0.950,,,
23,0.7333,pose,24,0.963,,,
23,0.7333,pose,25,0.215,,,
23,0.7333,pose,26,0.017,,,
23,0.7333,pose,27,0.074,,,
23,0.7333,pose,28,0.008,,,
23,0.7333,pose,29,0.085,,,
23,0.7333,pose,30,0.020,,,
23,0.7333,pose,31,0.087,,,
23,0.7333,pose,32,0.011,,,
23,0.7333,hand_Left,0,1.000,,,
23,0.7333,hand_Left,1,1.000,,,
23,0.7333,hand_Left,2,1.000,,,
23,0.7333,hand_Left,3,1.000,,,
23,0.7333,hand_Left,4,1.000,,,
23,0.7333,hand_Left,5,1.000,,,
23,0.7333,hand_Left,6,1.000,,,
23,0.7333,hand_Left,7,1.000,,,
23,0.7333,hand_Left,8,1.000,,,
23,0.7333,hand_Left,9,1.000,,,
23,0.7333,hand_Left,10,1.000,,,
23,0.7333,hand_Left,11,1.000,,,
23,0.7333,hand_Left,12,1.000,,,
23,0.7333,hand_Left,13,1.000,,,
23,0.7333,hand_Left,14,1.000,,,
23,0.7333,hand_Left,15,1.000,,,
23,0.7333,hand_Left,16,1.000,,,
23,0.7333,hand_Left,17,1.000,,,
23,0.7333,hand_Left,18,1.000,,,
23,0.7333,hand_Left,19,1.000,,,
23,0.7333,hand_Left,20,1.000,,,
23,0.7333,hand_Left,0,1.000,-0.2439,0.0034,0.5850
23,0.7333,hand_Left,1,1.000,-0.2750,0.0008,0.5800
23,0.7333,hand_Left,2,1.000,-0.3001,-0.0072,0.5560
23,0.7333,hand_Left,3,1.000,-0.3199,-0.0070,0.5370
23,0.7333,hand_Left,4,1.000,-0.3433,-0.0026,0.5340
23,0.7333,hand_Left,5,1.000,-0.3235,-0.0406,0.5680
23,0.7333,hand_Left,6,1.000,-0.3504,-0.0443,0.5490
23,0.7333,hand_Left,7,1.000,-0.3682,-0.0385,0.5420
23,0.7333,hand_Left,8,1.000,-0.3784,-0.0295,0.5340
23,0.7333,hand_Left,9,1.000,-0.3209,-0.0330,0.5670
23,0.7333,hand_Left,10,1.000,-0.3389,-0.0312,0.5390
23,0.7333,hand_Left,11,1.000,-0.3572,-0.0246,0.5340
23,0.7333,hand_Left,12,1.000,-0.3678,-0.0152,0.5270
23,0.7333,hand_Left,13,1.000,-0.3142,-0.0227,0.5630
23,0.7333,hand_Left,14,1.000,-0.3286,-0.0185,0.5400
23,0.7333,hand_Left,15,1.000,-0.3446,-0.0130,0.5360
23,0.7333,hand_Left,16,1.000,-0.3573,-0.0068,0.5320
23,0.7333,hand_Left,17,1.000,-0.3041,-0.0131,0.5540
23,0.7333,hand_Left,18,1.000,-0.3182,-0.0094,0.5400
23,0.7333,hand_Left,19,1.000,-0.3286,-0.0040,0.5350
23,0.7333,hand_Left,20,1.000,-0.3398,0.0013,0.5350
24,0.7667,pose,0,0.997,,,
24,0.7667,pose,1,0.994,,,
24,0.7667,pose,2,0.994,,,
24,0.7667,pose,3,0.994,,,
24,0.7667,pose,4,0.996,,,
24,0.7667,pose,5,0.997,,,
24,0.7667,pose,6,0.998,,,
24,0.7667,pose,7,0.998,,,
24,0.7667,pose,8,0.998,,,
24,0.7667,pose,9,0.998,0.0767,-0.2294,0.4190
24,0.7667,pose,10,0.998,0.0533,-0.2319,0.4340
24,0.7667,pose,11,0.999,0.2208,-0.1183,0.3590
24,0.7667,pose,12,0.999,0.0783,-0.1563,0.4910
24,0.7667,pose,13,0.937,,,
24,0.7667,pose,14,0.392,-0.0334,0.0009,0.5430
24,0.7667,pose,15,0.934,,,
24,0.7667,pose,16,0.932,-0.2471,-0.0081,0.5890
24,0.7667,pose,17,0.925,,,
24,0.7667,pose,18,0.951,-0.3103,-0.0073,0.5470
24,0.7667,pose,19,0.930,,,
24,0.7667,pose,20,0.957,-0.3237,-0.0176,0.5420
24,0.7667,pose,21,0.883,,,
24,0.7667,pose,22,0.951,-0.2895,-0.0071,0.5630
24,0.7667,pose,23,0.950,,,
24,0.7667,pose,24,0.963,,,
24,0.7667,pose,25,0.205,,,
24,0.7667,pose,26,0.016,,,
24,0.7667,pose,27,0.072,,,
24,0.7667,pose,28,0.007,,,
24,0.7667,pose,29,0.083,,,
24,0.7667,pose,30,0.020,,,
24,0.7667,pose,31,0.085,,,
24,0.7667,pose,32,0.011,,,
24,0.7667,hand_Right,0,1.000,,,
24,0.7667,hand_Right,1,1.000,,,
24,0.7667,hand_Right,2,1.000,,,
24,0.7667,hand_Right,3,1.000,,,
24,0.7667,hand_Right,4,1.000,,,
24,0.7667,hand_Right,5,1.000,,,
24,0.7667,hand_Right,6,1.000,,,
24,0.7667,hand_Right,7,1.000,,,
24,0.7667,hand_Right,8,1.000,,,
24,0.7667,hand_Right,9,1.000,,,
24,0.7667,hand_Right,10,1.000,,,
24,0.7667,hand_Right,11,1.000,,,
24,0.7667,hand_Right,12,1.000,,,
24,0.7667,hand_Right,13,1.000,,,
24,0.7667,hand_Right,14,1.000,,,
24,0.7667,hand_Right,15,1.000,,,
24,0.7667,hand_Right,16,1.000,,,
24,0.7667,hand_Right,17,1.000,,,
24,0.7667,hand_Right,18,1.000,,,
24,0.7667,hand_Right,19,1.000,,,
24,0.7667,hand_Right,20,1.000,,,
24,0.7667,hand_Left,0,1.000,-0.2429,0.0029,0.5860
24,0.7667,hand_Left,1,1.000,-0.2747,0.0000,0.5790
24,0.7667,hand_Left,2,1.000,-0.3006,-0.0080,0.5550
24,0.7667,hand_Left,3,1.000,-0.3206,-0.0074,0.5370
24,0.7667,hand_Left,4,1.000,-0.3434,-0.0030,0.5340
24,0.7667,hand_Left,5,1.000,-0.3239,-0.0407,0.5670
24,0.7667,hand_Left,6,1.000,-0.3495,-0.0432,0.5480
24,0.7667,hand_Left,7,1.000,-0.3680,-0.0387,0.5420
24,0.7667,hand_Left,8,1.000,-0.3788,-0.0314,0.5350
24,0.7667,hand_Left,9,1.000,-0.3207,-0.0332,0.5670
24,0.7667,hand_Left,10,1.000,-0.3379,-0.0304,0.5400
24,0.7667,hand_Left,11,1.000,-0.3540,-0.0244,0.5340
24,0.7667,hand_Left,12,1.000,-0.3641,-0.0161,0.5280
24,0.7667,hand_Left,13,1.000,-0.3127,-0.0226,0.5620
24,0.7667,hand_Left,14,1.000,-0.3260,-0.0164,0.5410
24,0.7667,hand_Left,15,1.000,-0.3398,-0.0114,0.5350
24,0.7667,hand_Left,16,1.000,-0.3533,-0.0065,0.5330
24,0.7667,hand_Left,17,1.000,-0.3027,-0.0132,0.5550
24,0.7667,hand_Left,18,1.000,-0.3151,-0.0077,0.5420
24,0.7667,hand_Left,19,1.000,-0.3234,-0.0022,0.5350
24,0.7667,hand_Left,20,1.000,-0.3340,0.0028,0.5350
25,0.8000,pose,0,0.997,,,
25,0.8000,pose,1,0.994,,,
25,0.8000,pose,2,0.994,,,
25,0.8000,pose,3,0.995,,,
25,0.8000,pose,4,0.996,,,
25,0.8000,pose,5,0.998,,,
25,0.8000,pose,6,0.998,,,
25,0.8000,pose,7,0.998,,,
25,0.8000,pose,8,0.998,,,
25,0.8000,pose,9,0.998,0.0772,-0.2314,0.4200
25,0.8000,pose,10,0.998,0.0532,-0.2328,0.4330
25,0.8000,pose,11,0.999,0.2213,-0.1183,0.3590
25,0.8000,pose,12,0.999,0.0776,-0.1547,0.4910
25,0.8000,pose,13,0.940,,,
25,0.8000,pose,14,0.403,-0.0339,0.0006,0.5420
25,0.8000,pose,15,0.937,,,
25,0.8000,pose,16,0.935,-0.2474,-0.0081,0.5900
25,0.8000,pose,17,0.929,,,
25,0.8000,pose,18,0.953,-0.3098,-0.0073,0.5460
25,0.8000,pose,19,0.934,,,
25,0.8000,pose,20,0.959,-0.3228,-0.0172,0.5410
25,0.8000,pose,21,0.888,,,
25,0.8000,pose,22,0.953,-0.2895,-0.0065,0.5640
25,0.8000,pose,23,0.950,,,
25,0.8000,pose,24,0.962,,,
25,0.8000,pose,25,0.202,,,
25,0.8000,pose,26,0.017,,,
25,0.8000,pose,27,0.071,,,
25,0.8000,pose,28,0.007,,,
25,0.8000,pose,29,0.082,,,
25,0.8000,pose,30,0.020,,,
25,0.8000,pose,31,0.085,,,
25,0.8000,pose,32,0.011,,,
25,0.8000,hand_Left,0,1.000,,,
25,0.8000,hand_Left,1,1.000,,,
25,0.8000,hand_Left,2,1.000,,,
25,0.8000,hand_Left,3,1.000,,,
25,0.8000,hand_Left,4,1.000,,,
25,0.8000,hand_Left,5,1.000,,,
25,0.8000,hand_Left,6,1.000,,,
25,0.8000,hand_Left,7,1.000,,,
25,0.8000,hand_Left,8,1.000,,,
25,0.8000,hand_Left,9,1.000,,,
25,0.8000,hand_Left,10,1.000,,,
25,0.8000,hand_Left,11,1.000,,,
25,0.8000,hand_Left,12,1.000,,,
25,0.8000,hand_Left,13,1.000,,,
25,0.8000,hand_Left,14,1.000,,,
25,0.8000,hand_Left,15,1.000,,,
25,0.8000,hand_Left,16,1.000,,,
25,0.8000,hand_Left,17,1.000,,,
25,0.8000,hand_Left,18,1.000,,,
25,0.8000,hand_Left,19,1.000,,,
25,0.8000,hand_Left,20,1.000,,,
25,0.8000,hand_Left,0,1.000,-0.2435,0.0040,0.5860
25,0.8000,hand_Left,1,1.000,-0.2758,0.0010,0.5790
25,0.8000,hand_Left,2,1.000,-0.3006,-0.0076,0.5550
25,0.8000,hand_Left,3,1.000,-0.3197,-0.0077,0.5360
25,0.8000,hand_Left,4,1.000,-0.3431,-0.0029,0.5340
25,0.8000,hand_Left,5,1.000,-0.3230,-0.0407,0.5670
25,0.8000,hand_Left,6,1.000,-0.3485,-0.0429,0.5470
25,0.8000,hand_Left,7,1.000,-0.3682,-0.0379,0.5420
25,0.8000,hand_Left,8,1.000,-0.3788,-0.0305,0.5350
25,0.8000,hand_Left,9,1.000,-0.3197,-0.0335,0.5670
25,0.8000,hand_Left,10,1.000,-0.3383,-0.0310,0.5410
25,0.8000,hand_Left,11,1.000,-0.3540,-0.0246,0.5340
25,0.8000,hand_Left,12,1.000,-0.3644,-0.0162,0.5290
25,0.8000,hand_Left,13,1.000,-0.3133,-0.0235,0.5640
25,0.8000,hand_Left,14,1.000,-0.3269,-0.0184,0.5410
25,0.8000,hand_Left,15,1.000,-0.3417,-0.0128,0.5360
25,0.8000,hand_Left,16,1.000,-0.3541,-0.0073,0.5330
25,0.8000,hand_Left,17,1.000,-0.3031,-0.0141,0.5550
25,0.8000,hand_Left,18,1.000,-0.3165,-0.0098,0.5410
25,0.8000,hand_Left,19,1.000,-0.3261,-0.0045,0.5350
25,0.8000,hand_Left,20,1.000,-0.3363,0.0005,0.5340
26,0.8333,pose,0,0.997,,,
26,0.8333,pose,1,0.995,,,
26,0.8333,pose,2,0.995,,,
26,0.8333,pose,3,0.995,,,
26,0.8333,pose,4,0.997,,,
26,0.8333,pose,5,0.998,,,
26,0.8333,pose,6,0.998,,,
26,0.8333,pose,7,0.998,,,
26,0.8333,pose,8,0.998,,,
26,0.8333,pose,9,0.999,0.0770,-0.2335,0.4200
26,0.8333,pose,10,0.998,0.0531,-0.2357,0.4340
26,0.8333,pose,11,0.999,0.2213,-0.1186,0.3590
26,0.8333,pose,12,0.999,0.0802,-0.1553,0.4910
26,0.8333,pose,13,0.938,,,
26,0.8333,pose,14,0.398,,,
26,0.8333,pose,15,0.935,,,
26,0.8333,pose,16,0.935,-0.2479,-0.0082,0.5880
26,0.8333,pose,17,0.927,,,
26,0.8333,pose,18,0.953,-0.3102,-0.0073,0.5460
26,0.8333,pose,19,0.932,,,
26,0.8333,pose,20,0.959,-0.3229,-0.0175,0.5410
26,0.8333,pose,21,0.886,,,
26,0.8333,pose,22,0.953,-0.2892,-0.0070,0.5630
26,0.8333,pose,23,0.950,,,
26,0.8333,pose,24,0.963,,,
26,0.8333,pose,25,0.206,,,
26,0.8333,pose,26,0.017,,,
26,0.8333,pose,27,0.074,,,
26,0.8333,pose,28,0.008,,,
26,0.8333,pose,29,0.085,,,
26,0.8333,pose,30,0.020,,,
26,0.8333,pose,31,0.088,,,
26,0.8333,pose,32,0.011,,,
26,0.8333,hand_Left,0,1.000,,,
26,0.8333,hand_Left,1,1.000,,,
26,0.8333,hand_Left,2,1.000,,,
26,0.8333,hand_Left,3,1.000,,,
26,0.8333,hand_Left,4,1.000,,,
26,0.8333,hand_Left,5,1.000,,,
26,0.8333,hand_Left,6,1.000,,,
26,0.8333,hand_Left,7,1.000,,,
26,0.8333,hand_Left,8,1.000,,,
26,0.8333,hand_Left,9,1.000,,,
26,0.8333,hand_Left,10,1.000,,,
26,0.8333,hand_Left,11,1.000,,,
26,0.8333,hand_Left,12,1.000,,,
26,0.8333,hand_Left,13,1.000,,,
26,0.8333,hand_Left,14,1.000,,,
26,0.8333,hand_Left,15,1.000,,,
26,0.8333,hand_Left,16,1.000,,,
26,0.8333,hand_Left,17,1.000,,,
26,0.8333,hand_Left,18,1.000,,,
26,0.8333,hand_Left,19,1.000,,,
26,0.8333,hand_Left,20,1.000,,,
26,0.8333,hand_Left,0,1.000,-0.2460,0.0022,0.5840
26,0.8333,hand_Left,1,1.000,-0.2775,0.0005,0.5770
26,0.8333,hand_Left,2,1.000,-0.3019,-0.0075,0.5550
26,0.8333,hand_Left,3,1.000,-0.3211,-0.0076,0.5370
26,0.8333,hand_Left,4,1.000,-0.3445,-0.0032,0.5350
26,0.8333,hand_Left,5,1.000,-0.3255,-0.0410,0.5680
26,0.8333,hand_Left,6,1.000,-0.3498,-0.0435,0.5470
26,0.8333,hand_Left,7,1.000,-0.3684,-0.0381,0.5410
26,0.8333,hand_Left,8,1.000,-0.3795,-0.0303,0.5350
26,0.8333,hand_Left,9,1.000,-0.3220,-0.0344,0.5670
26,0.8333,hand_Left,10,1.000,-0.3392,-0.0319,0.5390
26,0.8333,hand_Left,11,1.000,-0.3570,-0.0259,0.5350
26,0.8333,hand_Left,12,1.000,-0.3661,-0.0173,0.5280
26,0.8333,hand_Left,13,1.000,-0.3163,-0.0251,0.5650
26,0.8333,hand_Left,14,1.000,-0.3294,-0.0202,0.5400
26,0.8333,hand_Left,15,1.000,-0.3455,-0.0150,0.5370
26,0.8333,hand_Left,16,1.000,-0.3569,-0.0092,0.5320
26,0.8333,hand_Left,17,1.000,-0.3053,-0.0158,0.5540
26,0.8333,hand_Left,18,1.000,-0.3196,-0.0118,0.5400
26,0.8333,hand_Left,19,1.000,-0.3302,-0.0070,0.5350
26,0.8333,hand_Left,20,1.000,-0.3416,-0.0026,0.5350
27,0.8667,pose,0,0.998,,,
27,0.8667,pose,1,0.995,,,
27,0.8667,pose,2,0.995,,,
27,0.8667,pose,3,0.996,,,
27,0.8667,pose,4,0.997,,,
27,0.8667,pose,5,0.998,,,
27,0.8667,pose,6,0.998,,,
27,0.8667,pose,7,0.998,,,
27,0.8667,pose,8,0.998,,,
27,0.8667,pose,9,0.999,0.0767,-0.2336,0.4200
27,0.8667,pose,10,0.998,0.0528,-0.2358,0.4340
27,0.8667,pose,11,0.999,0.2220,-0.1187,0.3590
27,0.8667,pose,12,0.999,0.0802,-0.1551,0.4910
27,0.8667,pose,13,0.941,,,
27,0.8667,pose,14,0.389,,,
27,0.8667,pose,15,0.938,,,
27,0.8667,pose,16,0.930,-0.2486,-0.0085,0.5890
27,0.8667,pose,17,0.931,,,
27,0.8667,pose,18,0.951,-0.3102,-0.0070,0.5460
27,0.8667,pose,19,0.935,,,
27,0.8667,pose,20,0.957,-0.3235,-0.0175,0.5410
27,0.8667,pose,21,0.891,,,
27,0.8667,pose,22,0.952,-0.2903,-0.0072,0.5640
27,0.8667,pose,23,0.951,,,
27,0.8667,pose,24,0.963,,,
27,0.8667,pose,25,0.209,,,
27,0.8667,pose,26,0.017,,,
27,0.8667,pose,27,0.077,,,
27,0.8667,pose,28,0.008,,,
27,0.8667,pose,29,0.086,,,
27,0.8667,pose,30,0.021,,,
27,0.8667,pose,31,0.093,,,
27,0.8667,pose,32,0.012,,,
27,0.8667,hand_Right,0,1.000,,,
27,0.8667,hand_Right,1,1.000,,,
27,0.8667,hand_Right,2,1.000,,,
27,0.8667,hand_Right,3,1.000,,,
27,0.8667,hand_Right,4,1.000,,,
27,0.8667,hand_Right,5,1.000,,,
27,0.8667,hand_Right,6,1.000,,,
27,0.8667,hand_Right,7,1.000,,,
27,0.8667,hand_Right,8,1.000,,,
27,0.8667,hand_Right,9,1.000,,,
27,0.8667,hand_Right,10,1.000,,,
27,0.8667,hand_Right,11,1.000,,,
27,0.8667,hand_Right,12,1.000,,,
27,0.8667,hand_Right,13,1.000,,,
27,0.8667,hand_Right,14,1.000,,,
27,0.8667,hand_Right,15,1.000,,,
27,0.8667,hand_Right,16,1.000,,,
27,0.8667,hand_Right,17,1.000,,,
27,0.8667,hand_Right,18,1.000,,,
27,0.8667,hand_Right,19,1.000,,,
27,0.8667,hand_Right,20,1.000,,,
27,0.8667,hand_Left,0,1.000,-0.2460,0.0030,0.5860
27,0.8667,hand_Left,1,1.000,-0.2764,-0.0002,0.5780
27,0.8667,hand_Left,2,1.000,-0.3007,-0.0082,0.5550
27,0.8667,hand_Left,3,1.000,-0.3202,-0.0081,0.5370
27,0.8667,hand_Left,4,1.000,-0.3428,-0.0030,0.5340
27,0.8667,hand_Left,5,1.000,-0.3250,-0.0415,0.5710
27,0.8667,hand_Left,6,1.000,-0.3490,-0.0441,0.5490
27,0.8667,hand_Left,7,1.000,-0.3671,-0.0393,0.5420
27,0.8667,hand_Left,8,1.000,-0.3786,-0.0320,0.5360
27,0.8667,hand_Left,9,1.000,-0.3207,-0.0338,0.5690
27,0.8667,hand_Left,10,1.000,-0.3375,-0.0314,0.5410
27,0.8667,hand_Left,11,1.000,-0.3542,-0.0251,0.5350
27,0.8667,hand_Left,12,1.000,-0.3643,-0.0166,0.5290
27,0.8667,hand_Left,13,1.000,-0.3132,-0.0233,0.5640
27,0.8667,hand_Left,14,1.000,-0.3252,-0.0178,0.5400
27,0.8667,hand_Left,15,1.000,-0.3400,-0.0123,0.5360
27,0.8667,hand_Left,16,1.000,-0.3525,-0.0068,0.5340
27,0.8667,hand_Left,17,1.000,-0.3032,-0.0137,0.5550
27,0.8667,hand_Left,18,1.000,-0.3157,-0.0086,0.5410
27,0.8667,hand_Left,19,1.000,-0.3245,-0.0033,0.5350
27,0.8667,hand_Left,20,1.000,-0.3345,0.0014,0.5350
28,0.9000,pose,0,0.998,,,
28,0.9000,pose,1,0.995,,,
28,0.9000,pose,2,0.995,,,
28,0.9000,pose,3,0.996,,,
28,0.9000,pose,4,0.997,,,
28,0.9000,pose,5,0.998,,,
28,0.9000,pose,6,0.999,,,
28,0.9000,pose,7,0.998,,,
28,0.9000,pose,8,0.998,,,
28,0.9000,pose,9,0.999,0.0769,-0.2336,0.4200
28,0.9000,pose,10,0.998,0.0524,-0.2359,0.4340
28,0.9000,pose,11,0.999,0.2253,-0.1189,0.3600
28,0.9000,pose,12,0.999,0.0762,-0.1512,0.4910
28,0.9000,pose,13,0.944,,,
28,0.9000,pose,14,0.389,,,
28,0.9000,pose,15,0.938,,,
28,0.9000,pose,16,0.927,-0.2495,-0.0085,0.5910
28,0.9000,pose,17,0.931,,,
28,0.9000,pose,18,0.949,-0.3107,-0.0068,0.5470
28,0.9000,pose,19,0.935,,,
28,0.9000,pose,20,0.955,-0.3241,-0.0174,0.5410
28,0.9000,pose,21,0.890,,,
28,0.9000,pose,22,0.950,-0.2899,-0.0069,0.5630
28,0.9000,pose,23,0.951,,,
28,0.9000,pose,24,0.963,,,
28,0.9000,pose,25,0.208,,,
28,0.9000,pose,26,0.018,,,
28,0.9000,pose,27,0.076,,,
28,0.9000,pose,28,0.009,,,
28,0.9000,pose,29,0.085,,,
28,0.9000,pose,30,0.022,,,
28,0.9000,pose,31,0.092,,,
28,0.9000,pose,32,0.013,,,
28,0.9000,hand_Right,0,1.000,,,
28,0.9000,hand_Right,1,1.000,,,
28,0.9000,hand_Right,2,1.000,,,
28,0.9000,hand_Right,3,1.000,,,
28,0.9000,hand_Right,4,1.000,,,
28,0.9000,hand_Right,5,1.000,,,
28,0.9000,hand_Right,6,1.000,-0.0626,0.0642,0.3680
28,0.9000,hand_Right,7,1.000,,,
28,0.9000,hand_Right,8,1.000,,,
28,0.9000,hand_Right,9,1.000,,,
28,0.9000,hand_Right,10,1.000,,,
28,0.9000,hand_Right,11,1.000,,,
28,0.9000,hand_Right,12,1.000,,,
28,0.9000,hand_Right,13,1.000,,,
28,0.9000,hand_Right,14,1.000,,,
28,0.9000,hand_Right,15,1.000,,,
28,0.9000,hand_Right,16,1.000,,,
28,0.9000,hand_Right,17,1.000,,,
28,0.9000,hand_Right,18,1.000,,,
28,0.9000,hand_Right,19,1.000,,,
28,0.9000,hand_Right,20,1.000,,,
28,0.9000,hand_Left,0,1.000,-0.2468,0.0026,0.5860
28,0.9000,hand_Left,1,1.000,-0.2766,-0.0003,0.5770
28,0.9000,hand_Left,2,1.000,-0.3009,-0.0083,0.5560
28,0.9000,hand_Left,3,1.000,-0.3205,-0.0079,0.5380
28,0.9000,hand_Left,4,1.000,-0.3439,-0.0031,0.5350
28,0.9000,hand_Left,5,1.000,-0.3238,-0.0415,0.5670
28,0.9000,hand_Left,6,1.000,-0.3492,-0.0441,0.5480
28,0.9000,hand_Left,7,1.000,-0.3679,-0.0391,0.5420
28,0.9000,hand_Left,8,1.000,-0.3782,-0.0309,0.5350
28,0.9000,hand_Left,9,1.000,-0.3207,-0.0327,0.5670
28,0.9000,hand_Left,10,1.000,-0.3389,-0.0309,0.5410
28,0.9000,hand_Left,11,1.000,-0.3544,-0.0249,0.5330
28,0.9000,hand_Left,12,1.000,-0.3653,-0.0167,0.5280
28,0.9000,hand_Left,13,1.000,-0.3123,-0.0215,0.5600
28,0.9000,hand_Left,14,1.000,-0.3279,-0.0174,0.5410
28,0.9000,hand_Left,15,1.000,-0.3429,-0.0124,0.5360
28,0.9000,hand_Left,16,1.000,-0.3565,-0.0071,0.5340
28,0.9000,hand_Left,17,1.000,-0.3035,-0.0113,0.5530
28,0.9000,hand_Left,18,1.000,-0.3179,-0.0077,0.5410
28,0.9000,hand_Left,19,1.000,-0.3275,-0.0032,0.5350
28,0.9000,hand_Left,20,1.000,-0.3385,0.0007,0.5350
29,0.9333,pose,0,0.998,,,
29,0.9333,pose,1,0.995,,,
29,0.9333,pose,2,0.996,,,
29,0.9333,pose,3,0.996,,,
29,0.9333,pose,4,0.997,,,
29,0.9333,pose,5,0.998,,,
29,0.9333,pose,6,0.999,,,
29,0.9333,pose,7,0.998,,,
29,0.9333,pose,8,0.998,,,
29,0.9333,pose,9,0.999,0.0775,-0.2337,0.4200
29,0.9333,pose,10,0.998,0.0523,-0.2359,0.4340
29,0.9333,pose,11,0.999,,,
29,0.9333,pose,12,0.999,0.0725,-0.1396,0.4890
29,0.9333,pose,13,0.943,,,
29,0.9333,pose,14,0.382,,,
29,0.9333,pose,15,0.935,,,
29,0.9333,pose,16,0.924,-0.2483,-0.0024,0.5870
29,0.9333,pose,17,0.930,,,
29,0.9333,pose,18,0.949,-0.3115,-0.0062,0.5450
29,0.9333,pose,19,0.935,,,
29,0.9333,pose,20,0.955,-0.3255,-0.0173,0.5420
29,0.9333,pose,21,0.890,,,
29,0.9333,pose,22,0.950,-0.2900,-0.0055,0.5630
29,0.9333,pose,23,0.950,,,
29,0.9333,pose,24,0.962,,,
29,0.9333,pose,25,0.211,,,
29,0.9333,pose,26,0.020,,,
29,0.9333,pose,27,0.079,,,
29,0.9333,pose,28,0.012,,,
29,0.9333,pose,29,0.088,,,
29,0.9333,pose,30,0.026,,,
29,0.9333,pose,31,0.098,,,
29,0.9333,pose,32,0.016,,,
29,0.9333,hand_Right,0,1.000,,,
29,0.9333,hand_Right,1,1.000,,,
29,0.9333,hand_Right,2,1.000,,,
29,0.9333,hand_Right,3,1.000,,,
29,0.9333,hand_Right,4,1.000,-0.0622,0.0689,0.3330
29,0.9333,hand_Right,5,1.000,,,
29,0.9333,hand_Right,6,1.000,,,
29,0.9333,hand_Right,7,1.000,,,
29,0.9333,hand_Right,8,1.000,,,
29,0.9333,hand_Right,9,1.000,,,
29,0.9333,hand_Right,10,1.000,,,
29,0.9333,hand_Right,11,1.000,,,
29,0.9333,hand_Right,12,1.000,,,
29,0.9333,hand_Right,13,1.000,,,
29,0.9333,hand_Right,14,1.000,,,
29,0.9333,hand_Right,15,1.000,,,
29,0.9333,hand_Right,16,1.000,,,
29,0.9333,hand_Right,17,1.000,,,
29,0.9333,hand_Right,18,1.000,,,
29,0.9333,hand_Right,19,1.000,,,
29,0.9333,hand_Right,20,1.000,,,
29,0.9333,hand_Left,0,1.000,-0.2470,0.0036,0.5840
29,0.9333,hand_Left,1,1.000,-0.2764,-0.0003,0.5770
29,0.9333,hand_Left,2,1.000,-0.3010,-0.0085,0.5560
29,0.9333,hand_Left,3,1.000,-0.3201,-0.0077,0.5370
29,0.9333,hand_Left,4,1.000,-0.3437,-0.0030,0.5340
29,0.9333,hand_Left,5,1.000,-0.3239,-0.0415,0.5670
29,0.9333,hand_Left,6,1.000,-0.3490,-0.0440,0.5480
29,0.9333,hand_Left,7,1.000,-0.3689,-0.0396,0.5430
29,0.9333,hand_Left,8,1.000,-0.3791,-0.0320,0.5350
29,0.9333,hand_Left,9,1.000,-0.3215,-0.0321,0.5660
29,0.9333,hand_Left,10,1.000,-0.3404,-0.0325,0.5410
29,0.9333,hand_Left,11,1.000,-0.3588,-0.0279,0.5360
29,0.9333,hand_Left,12,1.000,-0.3673,-0.0202,0.5260
29,0.9333,hand_Left,13,1.000,-0.3138,-0.0204,0.5580
29,0.9333,hand_Left,14,1.000,-0.3317,-0.0192,0.5410
29,0.9333,hand_Left,15,1.000,-0.3476,-0.0154,0.5360
29,0.9333,hand_Left,16,1.000,-0.3590,-0.0108,0.5290
29,0.9333,hand_Left,17,1.000,-0.3058,-0.0097,0.5510
29,0.9333,hand_Left,18,1.000,-0.3205,-0.0085,0.5370
29,0.9333,hand_Left,19,1.000,-0.3329,-0.0057,0.5340
29,0.9333,hand_Left,20,1.000,-0.3453,-0.0032,0.5340
30,0.9667,pose,0,0.998,,,
30,0.9667,pose,1,0.995,,,
30,0.9667,pose,2,0.995,,,
30,0.9667,pose,3,0.996,,,
30,0.9667,pose,4,0.997,,,
30,0.9667,pose,5,0.998,,,
30,0.9667,pose,6,0.998,,,
30,0.9667,pose,7,0.998,,,
30,0.9667,pose,8,0.998,,,
30,0.9667,pose,9,0.999,,,
30,0.9667,pose,10,0.998,0.0506,-0.2383,0.4350
30,0.9667,pose,11,0.999,0.2187,-0.1061,0.3320
30,0.9667,pose,12,0.999,0.0696,-0.1218,0.4880
30,0.9667,pose,13,0.944,,,
30,0.9667,pose,14,0.358,,,
30,0.9667,pose,15,0.934,,,
30,0.9667,pose,16,0.912,-0.2473,0.0064,0.5820
30,0.9667,pose,17,0.932,,,
30,0.9667,pose,18,0.946,-0.3133,-0.0052,0.5430
30,0.9667,pose,19,0.936,,,
30,0.9667,pose,20,0.952,-0.3255,-0.0167,0.5400
30,0.9667,pose,21,0.891,,,
30,0.9667,pose,22,0.947,-0.2921,-0.0040,0.5630
30,0.9667,pose,23,0.940,,,
30,0.9667,pose,24,0.953,,,
30,0.9667,pose,25,0.194,,,
30,0.9667,pose,26,0.019,,,
30,0.9667,pose,27,0.074,,,
30,0.9667,pose,28,0.011,,,
30,0.9667,pose,29,0.084,,,
30,0.9667,pose,30,0.025,,,
30,0.9667,pose,31,0.093,,,
30,0.9667,pose,32,0.016,,,
30,0.9667,hand_Right,0,1.000,,,
30,0.9667,hand_Right,1,1.000,,,
30,0.9667,hand_Right,2,1.000,,,
30,0.9667,hand_Right,3,1.000,,,
30,0.9667,hand_Right,4,1.000,,,
30,0.9667,hand_Right,5,1.000,,,
30,0.9667,hand_Right,6,1.000,,,
30,0.9667,hand_Right,7,1.000,,,
30,0.9667,hand_Right,8,1.000,,,
30,0.9667,hand_Right,9,1.000,,,
30,0.9667,hand_Right,10,1.000,,,
30,0.9667,hand_Right,11,1.000,,,
30,0.9667,hand_Right,12,1.000,,,
30,0.9667,hand_Right,13,1.000,,,
30,0.9667,hand_Right,14,1.000,,,
30,0.9667,hand_Right,15,1.000,,,
30,0.9667,hand_Right,16,1.000,,,
30,0.9667,hand_Right,17,1.000,,,
30,0.9667,hand_Right,18,1.000,,,
30,0.9667,hand_Right,19,1.000,,,
30,0.9667,hand_Right,20,1.000,,,
30,0.9667,hand_Left,0,1.000,-0.2469,0.0034,0.5840
30,0.9667,hand_Left,1,1.000,-0.2761,-0.0000,0.5770
30,0.9667,hand_Left,2,1.000,-0.3008,-0.0083,0.5560
30,0.9667,hand_Left,3,1.000,-0.3194,-0.0077,0.5360
30,0.9667,hand_Left,4,1.000,-0.3432,-0.0028,0.5340
30,0.9667,hand_Left,5,1.000,-0.3240,-0.0410,0.5680
30,0.9667,hand_Left,6,1.000,-0.3489,-0.0435,0.5470
30,0.9667,hand_Left,7,1.000,-0.3679,-0.0380,0.5410
30,0.9667,hand_Left,8,1.000,-0.3789,-0.0297,0.5350
30,0.9667,hand_Left,9,1.000,-0.3213,-0.0314,0.5670
30,0.9667,hand_Left,10,1.000,-0.3384,-0.0302,0.5390
30,0.9667,hand_Left,11,1.000,-0.3562,-0.0243,0.5340
30,0.9667,hand_Left,12,1.000,-0.3669,-0.0159,0.5280
30,0.9667,hand_Left,13,1.000,-0.3128,-0.0198,0.5590
30,0.9667,hand_Left,14,1.000,-0.3273,-0.0164,0.5380
30,0.9667,hand_Left,15,1.000,-0.3438,-0.0114,0.5350
30,0.9667,hand_Left,16,1.000,-0.3579,-0.0061,0.5330
30,0.9667,hand_Left,17,1.000,-0.3043,-0.0094,0.5520
30,0.9667,hand_Left,18,1.000,-0.3191,-0.0064,0.5400
30,0.9667,hand_Left,19,1.000,-0.3285,-0.0022,0.5330
30,0.9667,hand_Left,20,1.000,-0.3409,0.0014,0.5340
31,1.0000,pose,0,0.996,,,
31,1.0000,pose,1,0.990,,,
31,1.0000,pose,2,0.992,,,
31,1.0000,pose,3,0.992,,,
31,1.0000,pose,4,0.993,,,
31,1.0000,pose,5,0.996,,,
31,1.0000,pose,6,0.996,,,
31,1.0000,pose,7,0.998,,,
31,1.0000,pose,8,0.996,,,
31,1.0000,pose,9,0.998,0.0785,-0.2354,0.4210
31,1.0000,pose,10,0.997,0.0506,-0.2358,0.4350
31,1.0000,pose,11,0.999,0.2306,-0.1022,0.3310
31,1.0000,pose,12,0.999,0.0650,-0.1188,0.4900
31,1.0000,pose,13,0.936,,,
31,1.0000,pose,14,0.326,,,
31,1.0000,pose,15,0.928,,,
31,1.0000,pose,16,0.897,-0.2495,0.0176,0.5870
31,1.0000,pose,17,0.931,,,
31,1.0000,pose,18,0.944,-0.3211,-0.0012,0.5400
31,1.0000,pose,19,0.936,,,
31,1.0000,pose,20,0.950,-0.3208,-0.0144,0.5410
31,1.0000,pose,21,0.889,,,
31,1.0000,pose,22,0.946,-0.2868,-0.0001,0.5660
31,1.0000,pose,23,0.917,,,
31,1.0000,pose,24,0.930,,,
31,1.0000,pose,25,0.176,,,
31,1.0000,pose,26,0.017,,,
31,1.0000,pose,27,0.067,,,
31,1.0000,pose,28,0.010,,,
31,1.0000,pose,29,0.077,,,
31,1.0000,pose,30,0.023,,,
31,1.0000,pose,31,0.085,,,
31,1.0000,pose,32,0.014,,,
31,1.0000,hand_Right,0,1.000,,,
31,1.0000,hand_Right,1,1.000,,,
31,1.0000,hand_Right,2,1.000,,,
31,1.0000,hand_Right,3,1.000,,,
31,1.0000,hand_Right,4,1.000,,,
31,1.0000,hand_Right,5,1.000,,,
31,1.0000,hand_Right,6,1.000,,,
31,1.0000,hand_Right,7,1.000,,,
31,1.0000,hand_Right,8,1.000,,,
31,1.0000,hand_Right,9,1.000,,,
31,1.0000,hand_Right,10,1.000,,,
31,1.0000,hand_Right,11,1.000,,,
31,1.0000,hand_Right,12,1.000,,,
31,1.0000,hand_Right,13,1.000,,,
31,1.0000,hand_Right,14,1.000,,,
31,1.0000,hand_Right,15,1.000,,,
31,1.0000,hand_Right,16,1.000,,,
31,1.0000,hand_Right,17,1.000,,,
31,1.0000,hand_Right,18,1.000,,,
31,1.0000,hand_Right,19,1.000,,,
31,1.0000,hand_Right,20,1.000,,,
31,1.0000,hand_Left,0,1.000,-0.2448,0.0045,0.5850
31,1.0000,hand_Left,1,1.000,-0.2752,-0.0009,0.5790
31,1.0000,hand_Left,2,1.000,-0.3003,-0.0090,0.5560
31,1.0000,hand_Left,3,1.000,-0.3205,-0.0081,0.5380
31,1.0000,hand_Left,4,1.000,-0.3439,-0.0032,0.5350
31,1.0000,hand_Left,5,1.000,-0.3230,-0.0407,0.5690
31,1.0000,hand_Left,6,1.000,-0.3476,-0.0432,0.5480
31,1.0000,hand_Left,7,1.000,-0.3665,-0.0389,0.5420
31,1.0000,hand_Left,8,1.000,-0.3775,-0.0316,0.5350
31,1.0000,hand_Left,9,1.000,-0.3195,-0.0301,0.5670
31,1.0000,hand_Left,10,1.000,-0.3363,-0.0288,0.5400
31,1.0000,hand_Left,11,1.000,-0.3534,-0.0236,0.5340
31,1.0000,hand_Left,12,1.000,-0.3647,-0.0160,0.5290
31,1.0000,hand_Left,13,1.000,-0.3091,-0.0179,0.5560
31,1.0000,hand_Left,14,1.000,-0.3241,-0.0141,0.5390
31,1.0000,hand_Left,15,1.000,-0.3393,-0.0100,0.5350
31,1.0000,hand_Left,16,1.000,-0.3533,-0.0057,0.5340
31,1.0000,hand_Left,17,1.000,-0.3027,-0.0075,0.5540
31,1.0000,hand_Left,18,1.000,-0.3154,-0.0039,0.5420
31,1.0000,hand_Left,19,1.000,-0.3244,0.0003,0.5360
31,1.0000,hand_Left,20,1.000,-0.3353,0.0038,0.5370
32,1.0333,pose,0,0.994,,,
32,1.0333,pose,1,0.983,,,
32,1.0333,pose,2,0.987,,,
32,1.0333,pose,3,0.987,,,
32,1.0333,pose,4,0.988,,,
32,1.0333,pose,5,0.993,,,
32,1.0333,pose,6,0.994,,,
32,1.0333,pose,7,0.996,,,
32,1.0333,pose,8,0.994,,,
32,1.0333,pose,9,0.997,0.0790,-0.2353,0.4210
32,1.0333,pose,10,0.996,0.0504,-0.2356,0.4350
32,1.0333,pose,11,0.999,0.2384,-0.1003,0.3310
32,1.0333,pose,12,0.999,,,
32,1.0333,pose,13,0.934,,,
32,1.0333,pose,14,0.310,,,
32,1.0333,pose,15,0.930,,,
32,1.0333,pose,16,0.901,-0.2486,0.0165,0.5850
32,1.0333,pose,17,0.935,,,
32,1.0333,pose,18,0.947,-0.3271,-0.0033,0.5350
32,1.0333,pose,19,0.940,,,
32,1.0333,pose,20,0.953,-0.3253,-0.0153,0.5390
32,1.0333,pose,21,0.896,,,
32,1.0333,pose,22,0.949,-0.2864,-0.0004,0.5650
32,1.0333,pose,23,0.891,,,
32,1.0333,pose,24,0.906,,,
32,1.0333,pose,25,0.160,,,
32,1.0333,pose,26,0.016,,,
32,1.0333,pose,27,0.061,,,
32,1.0333,pose,28,0.009,,,
32,1.0333,pose,29,0.070,,,
32,1.0333,pose,30,0.021,,,
32,1.0333,pose,31,0.078,,,
32,1.0333,pose,32,0.013,,,
32,1.0333,hand_Right,0,1.000,,,
32,1.0333,hand_Right,1,1.000,,,
32,1.0333,hand_Right,2,1.000,,,
32,1.0333,hand_Right,3,1.000,,,
32,1.0333,hand_Right,4,1.000,,,
32,1.0333,hand_Right,5,1.000,,,
32,1.0333,hand_Right,6,1.000,,,
32,1.0333,hand_Right,7,1.000,,,
32,1.0333,hand_Right,8,1.000,,,
32,1.0333,hand_Right,9,1.000,,,
32,1.0333,hand_Right,10,1.000,,,
32,1.0333,hand_Right,11,1.000,,,
32,1.0333,hand_Right,12,1.000,,,
32,1.0333,hand_Right,13,1.000,,,
32,1.0333,hand_Right,14,1.000,,,
32,1.0333,hand_Right,15,1.000,,,
32,1.0333,hand_Right,16,1.000,,,
32,1.0333,hand_Right,17,1.000,,,
32,1.0333,hand_Right,18,1.000,,,
32,1.0333,hand_Right,19,1.000,,,
32,1.0333,hand_Right,20,1.000,,,
32,1.0333,hand_Left,0,1.000,-0.2461,0.0030,0.5840
32,1.0333,hand_Left,1,1.000,-0.2764,-0.0002,0.5780
32,1.0333,hand_Left,2,1.000,-0.3006,-0.0084,0.5550
32,1.0333,hand_Left,3,1.000,-0.3204,-0.0080,0.5370
32,1.0333,hand_Left,4,1.000,-0.3435,-0.0028,0.5340
32,1.0333,hand_Left,5,1.000,-0.3240,-0.0404,0.5670
32,1.0333,hand_Left,6,1.000,-0.3495,-0.0435,0.5480
32,1.0333,hand_Left,7,1.000,-0.3675,-0.0380,0.5420
32,1.0333,hand_Left,8,1.000,-0.3770,-0.0294,0.5340
32,1.0333,hand_Left,9,1.000,-0.3207,-0.0317,0.5660
32,1.0333,hand_Left,10,1.000,-0.3383,-0.0287,0.5400
32,1.0333,hand_Left,11,1.000,-0.3544,-0.0219,0.5330
32,1.0333,hand_Left,12,1.000,-0.3654,-0.0131,0.5280
32,1.0333,hand_Left,13,1.000,-0.3123,-0.0209,0.5600
32,1.0333,hand_Left,14,1.000,-0.3260,-0.0154,0.5390
32,1.0333,hand_Left,15,1.000,-0.3409,-0.0102,0.5350
32,1.0333,hand_Left,16,1.000,-0.3541,-0.0048,0.5330
32,1.0333,hand_Left,17,1.000,-0.3031,-0.0112,0.5530
32,1.0333,hand_Left,18,1.000,-0.3172,-0.0067,0.5410
32,1.0333,hand_Left,19,1.000,-0.3265,-0.0016,0.5350
32,1.0333,hand_Left,20,1.000,-0.3377,0.0030,0.5360
33,1.0667,pose,0,0.994,,,
33,1.0667,pose,1,0.983,,,
33,1.0667,pose,2,0.987,,,
33,1.0667,pose,3,0.987,,,
33,1.0667,pose,4,0.988,,,
33,1.0667,pose,5,0.993,,,
33,1.0667,pose,6,0.994,,,
33,1.0667,pose,7,0.997,,,
33,1.0667,pose,8,0.994,,,
33,1.0667,pose,9,0.997,0.0788,-0.2324,0.4200
33,1.0667,pose,10,0.996,0.0493,-0.2345,0.4370
33,1.0667,pose,11,0.999,0.2386,-0.0985,0.3310
33,1.0667,pose,12,0.999,,,
33,1.0667,pose,13,0.938,,,
33,1.0667,pose,14,0.303,-0.0271,0.1087,0.5090
33,1.0667,pose,15,0.937,,,
33,1.0667,pose,16,0.909,-0.2397,0.0215,0.5880
33,1.0667,pose,17,0.941,,,
33,1.0667,pose,18,0.952,-0.3232,-0.0033,0.5350
33,1.0667,pose,19,0.946,,,
33,1.0667,pose,20,0.958,-0.3163,-0.0154,0.5430
33,1.0667,pose,21,0.905,,,
33,1.0667,pose,22,0.954,-0.2811,-0.0004,0.5710
33,1.0667,pose,23,0.862,,,
33,1.0667,pose,24,0.875,,,
33,1.0667,pose,25,0.145,,,
33,1.0667,pose,26,0.015,,,
33,1.0667,pose,27,0.056,,,
33,1.0667,pose,28,0.009,,,
33,1.0667,pose,29,0.064,,,
33,1.0667,pose,30,0.020,,,
33,1.0667,pose,31,0.071,,,
33,1.0667,pose,32,0.012,,,
33,1.0667,hand_Right,0,1.000,,,
33,1.0667,hand_Right,1,1.000,,,
33,1.0667,hand_Right,2,1.000,,,
33,1.0667,hand_Right,3,1.000,,,
33,1.0667,hand_Right,4,1.000,,,
33,1.0667,hand_Right,5,1.000,,,
33,1.0667,hand_Right,6,1.000,,,
33,1.0667,hand_Right,7,1.000,,,
33,1.0667,hand_Right,8,1.000,,,
33,1.0667,hand_Right,9,1.000,,,
33,1.0667,hand_Right,10,1.000,,,
33,1.0667,hand_Right,11,1.000,,,
33,1.0667,hand_Right,12,1.000,,,
33,1.0667,hand_Right,13,1.000,,,
33,1.0667,hand_Right,14,1.000,,,
33,1.0667,hand_Right,15,1.000,,,
33,1.0667,hand_Right,16,1.000,,,
33,1.0667,hand_Right,17,1.000,,,
33,1.0667,hand_Right,18,1.000,,,
33,1.0667,hand_Right,19,1.000,,,
33,1.0667,hand_Right,20,1.000,,,
33,1.0667,hand_Left,0,1.000,-0.2468,0.0033,0.5860
33,1.0667,hand_Left,1,1.000,-0.2761,-0.0010,0.5780
33,1.0667,hand_Left,2,1.000,-0.3006,-0.0088,0.5550
33,1.0667,hand_Left,3,1.000,-0.3204,-0.0078,0.5370
33,1.0667,hand_Left,4,1.000,-0.3435,-0.0031,0.5340
33,1.0667,hand_Left,5,1.000,-0.3245,-0.0408,0.5690
33,1.0667,hand_Left,6,1.000,-0.3484,-0.0434,0.5470
33,1.0667,hand_Left,7,1.000,-0.3677,-0.0388,0.5420
33,1.0667,hand_Left,8,1.000,-0.3782,-0.0313,0.5350
33,1.0667,hand_Left,9,1.000,-0.3205,-0.0310,0.5660
33,1.0667,hand_Left,10,1.000,-0.3385,-0.0295,0.5400
33,1.0667,hand_Left,11,1.000,-0.3555,-0.0243,0.5340
33,1.0667,hand_Left,12,1.000,-0.3654,-0.0166,0.5270
33,1.0667,hand_Left,13,1.000,-0.3107,-0.0194,0.5560
33,1.0667,hand_Left,14,1.000,-0.3261,-0.0154,0.5380
33,1.0667,hand_Left,15,1.000,-0.3425,-0.0112,0.5350
33,1.0667,hand_Left,16,1.000,-0.3560,-0.0068,0.5320
33,1.0667,hand_Left,17,1.000,-0.3036,-0.0092,0.5520
33,1.0667,hand_Left,18,1.000,-0.3177,-0.0057,0.5410
33,1.0667,hand_Left,19,1.000,-0.3274,-0.0016,0.5350
33,1.0667,hand_Left,20,1.000,-0.3387,0.0019,0.5350
34,1.1000,pose,0,0.990,,,
34,1.1000,pose,1,0.973,,,
34,1.1000,pose,2,0.980,,,
34,1.1000,pose,3,0.979,,,
34,1.1000,pose,4,0.982,,,
34,1.1000,pose,5,0.990,,,
34,1.1000,pose,6,0.991,,,
34,1.1000,pose,7,0.995,,,
34,1.1000,pose,8,0.991,,,
34,1.1000,pose,9,0.996,0.0786,-0.2328,0.4200
34,1.1000,pose,10,0.994,0.0477,-0.2356,0.4390
34,1.1000,pose,11,0.999,0.2388,-0.0984,0.3310
34,1.1000,pose,12,0.999,,,
34,1.1000,pose,13,0.939,,,
34,1.1000,pose,14,0.297,,,
34,1.1000,pose,15,0.941,,,
34,1.1000,pose,16,0.917,-0.2364,0.0202,0.5890
34,1.1000,pose,17,0.945,,,
34,1.1000,pose,18,0.956,-0.3190,-0.0057,0.5370
34,1.1000,pose,19,0.950,,,
34,1.1000,pose,20,0.962,-0.3186,-0.0175,0.5470
34,1.1000,pose,21,0.913,,,
34,1.1000,pose,22,0.958,-0.2820,-0.0035,0.5700
34,1.1000,pose,23,0.829,,,
34,1.1000,pose,24,0.844,,,
34,1.1000,pose,25,0.132,,,
34,1.1000,pose,26,0.014,,,
34,1.1000,pose,27,0.051,,,
34,1.1000,pose,28,0.008,,,
34,1.1000,pose,29,0.059,,,
34,1.1000,pose,30,0.018,,,
34,1.1000,pose,31,0.065,,,
34,1.1000,pose,32,0.011,,,
34,1.1000,hand_Right,0,1.000,,,
34,1.1000,hand_Right,1,1.000,,,
34,1.1000,hand_Right,2,1.000,,,
34,1.1000,hand_Right,3,1.000,,,
34,1.1000,hand_Right,4,1.000,,,
34,1.1000,hand_Right,5,1.000,,,
34,1.1000,hand_Right,6,1.000,,,
34,1.1000,hand_Right,7,1.000,,,
34,1.1000,hand_Right,8,1.000,,,
34,1.1000,hand_Right,9,1.000,,,
34,1.1000,hand_Right,10,1.000,,,
34,1.1000,hand_Right,11,1.000,,,
34,1.1000,hand_Right,12,1.000,,,
34,1.1000,hand_Right,13,1.000,,,
34,1.1000,hand_Right,14,1.000,,,
34,1.1000,hand_Right,15,1.000,,,
34,1.1000,hand_Right,16,1.000,,,
34,1.1000,hand_Right,17,1.000,,,
34,1.1000,hand_Right,18,1.000,,,
34,1.1000,hand_Right,19,1.000,,,
34,1.1000,hand_Right,20,1.000,,,
34,1.1000,hand_Left,0,1.000,-0.2445,0.0036,0.5860
34,1.1000,hand_Left,1,1.000,-0.2750,-0.0008,0.5790
34,1.1000,hand_Left,2,1.000,-0.2998,-0.0089,0.5550
34,1.1000,hand_Left,3,1.000,-0.3196,-0.0081,0.5370
34,1.1000,hand_Left,4,1.000,-0.3426,-0.0031,0.5340
34,1.1000,hand_Left,5,1.000,-0.3227,-0.0407,0.5670
34,1.1000,hand_Left,6,1.000,-0.3485,-0.0432,0.5480
34,1.1000,hand_Left,7,1.000,-0.3662,-0.0383,0.5410
34,1.1000,hand_Left,8,1.000,-0.3768,-0.0303,0.5340
34,1.1000,hand_Left,9,1.000,-0.3190,-0.0308,0.5660
34,1.1000,hand_Left,10,1.000,-0.3363,-0.0281,0.5400
34,1.1000,hand_Left,11,1.000,-0.3528,-0.0222,0.5340
34,1.1000,hand_Left,12,1.000,-0.3631,-0.0142,0.5270
34,1.1000,hand_Left,13,1.000,-0.3081,-0.0191,0.5560
34,1.1000,hand_Left,14,1.000,-0.3217,-0.0132,0.5390
34,1.1000,hand_Left,15,1.000,-0.3352,-0.0092,0.5350
34,1.1000,hand_Left,16,1.000,-0.3482,-0.0053,0.5340
34,1.1000,hand_Left,17,1.000,-0.3014,-0.0091,0.5540
34,1.1000,hand_Left,18,1.000,-0.3135,-0.0041,0.5430
34,1.1000,hand_Left,19,1.000,-0.3219,0.0008,0.5380
34,1.1000,hand_Left,20,1.000,-0.3326,0.0048,0.5400
35,1.1333,pose,0,0.984,,,
35,1.1333,pose,1,0.957,,,
35,1.1333,pose,2,0.968,,,
35,1.1333,pose,3,0.966,,,
35,1.1333,pose,4,0.970,,,
35,1.1333,pose,5,0.984,,,
35,1.1333,pose,6,0.985,,,
35,1.1333,pose,7,0.991,,,
35,1.1333,pose,8,0.986,,,
35,1.1333,pose,9,0.993,0.0776,-0.2321,0.4210
35,1.1333,pose,10,0.991,0.0466,-0.2358,0.4410
35,1.1333,pose,11,0.999,0.2385,-0.0971,0.3320
35,1.1333,pose,12,0.999,,,
35,1.1333,pose,13,0.933,,,
35,1.1333,pose,14,0.275,,,
35,1.1333,pose,15,0.938,,,
35,1.1333,pose,16,0.917,-0.2323,0.0215,0.5890
35,1.1333,pose,17,0.945,,,
35,1.1333,pose,18,0.958,-0.3190,-0.0056,0.5400
35,1.1333,pose,19,0.950,,,
35,1.1333,pose,20,0.963,-0.3154,-0.0174,0.5430
35,1.1333,pose,21,0.911,,,
35,1.1333,pose,22,0.959,-0.2821,-0.0039,0.5700
35,1.1333,pose,23,0.796,,,
35,1.1333,pose,24,0.810,,,
35,1.1333,pose,25,0.119,,,
35,1.1333,pose,26,0.012,,,
35,1.1333,pose,27,0.046,,,
35,1.1333,pose,28,0.007,,,
35,1.1333,pose,29,0.054,,,
35,1.1333,pose,30,0.017,,,
35,1.1333,pose,31,0.059,,,
35,1.1333,pose,32,0.010,,,
35,1.1333,hand_Right,0,1.000,,,
35,1.1333,hand_Right,1,1.000,,,
35,1.1333,hand_Right,2,1.000,,,
35,1.1333,hand_Right,3,1.000,,,
35,1.1333,hand_Right,4,1.000,,,
35,1.1333,hand_Right,5,1.000,,,
35,1.1333,hand_Right,6,1.000,,,
35,1.1333,hand_Right,7,1.000,,,
35,1.1333,hand_Right,8,1.000,,,
35,1.1333,hand_Right,9,1.000,,,
35,1.1333,hand_Right,10,1.000,,,
35,1.1333,hand_Right,11,1.000,,,
35,1.1333,hand_Right,12,1.000,,,
35,1.1333,hand_Right,13,1.000,,,
35,1.1333,hand_Right,14,1.000,,,
35,1.1333,hand_Right,15,1.000,,,
35,1.1333,hand_Right,16,1.000,,,
35,1.1333,hand_Right,17,1.000,,,
35,1.1333,hand_Right,18,1.000,,,
35,1.1333,hand_Right,19,1.000,,,
35,1.1333,hand_Right,20,1.000,,,
35,1.1333,hand_Left,0,1.000,-0.2466,0.0035,0.5850
35,1.1333,hand_Left,1,1.000,-0.2765,-0.0011,0.5780
35,1.1333,hand_Left,2,1.000,-0.3006,-0.0092,0.5550
35,1.1333,hand_Left,3,1.000,-0.3204,-0.0084,0.5370
35,1.1333,hand_Left,4,1.000,-0.3431,-0.0029,0.5340
35,1.1333,hand_Left,5,1.000,-0.3238,-0.0415,0.5680
35,1.1333,hand_Left,6,1.000,-0.3496,-0.0450,0.5480
35,1.1333,hand_Left,7,1.000,-0.3680,-0.0395,0.5420
35,1.1333,hand_Left,8,1.000,-0.3781,-0.0307,0.5350
35,1.1333,hand_Left,9,1.000,-0.3211,-0.0317,0.5660
35,1.1333,hand_Left,10,1.000,-0.3396,-0.0306,0.5400
35,1.1333,hand_Left,11,1.000,-0.3562,-0.0248,0.5340
35,1.1333,hand_Left,12,1.000,-0.3661,-0.0164,0.5270
35,1.1333,hand_Left,13,1.000,-0.3124,-0.0203,0.5570
35,1.1333,hand_Left,14,1.000,-0.3286,-0.0172,0.5380
35,1.1333,hand_Left,15,1.000,-0.3447,-0.0126,0.5360
35,1.1333,hand_Left,16,1.000,-0.3558,-0.0070,0.5310
35,1.1333,hand_Left,17,1.000,-0.3046,-0.0099,0.5500
35,1.1333,hand_Left,18,1.000,-0.3197,-0.0071,0.5380
35,1.1333,hand_Left,19,1.000,-0.3310,-0.0031,0.5350
35,1.1333,hand_Left,20,1.000,-0.3419,0.0007,0.5350
36,1.1667,pose,0,0.971,,,
36,1.1667,pose,1,0.930,,,
36,1.1667,pose,2,0.946,,,
36,1.1667,pose,3,0.944,,,
36,1.1667,pose,4,0.947,,,
36,1.1667,pose,5,0.969,,,
36,1.1667,pose,6,0.971,,,
36,1.1667,pose,7,0.985,,,
36,1.1667,pose,8,0.972,,,
36,1.1667,pose,9,0.988,0.0778,-0.2324,0.4220
36,1.1667,pose,10,0.983,0.0466,-0.2362,0.4420
36,1.1667,pose,11,0.999,0.2389,-0.0974,0.3320
36,1.1667,pose,12,0.999,,,
36,1.1667,pose,13,0.928,,,
36,1.1667,pose,14,0.252,,,
36,1.1667,pose,15,0.936,,,
36,1.1667,pose,16,0.903,-0.2168,0.0334,0.5960
36,1.1667,pose,17,0.945,,,
36,1.1667,pose,18,0.955,-0.3066,0.0050,0.5570
36,1.1667,pose,19,0.950,,,
36,1.1667,pose,20,0.960,-0.3108,-0.0127,0.5480
36,1.1667,pose,21,0.910,,,
36,1.1667,pose,22,0.956,-0.2789,0.0026,0.5750
36,1.1667,pose,23,0.768,,,
36,1.1667,pose,24,0.778,,,
36,1.1667,pose,25,0.108,,,
36,1.1667,pose,26,0.011,,,
36,1.1667,pose,27,0.042,,,
36,1.1667,pose,28,0.007,,,
36,1.1667,pose,29,0.049,,,
36,1.1667,pose,30,0.015,,,
36,1.1667,pose,31,0.053,,,
36,1.1667,pose,32,0.009,,,
36,1.1667,hand_Right,0,1.000,,,
36,1.1667,hand_Right,1,1.000,,,
36,1.1667,hand_Right,2,1.000,,,
36,1.1667,hand_Right,3,1.000,,,
36,1.1667,hand_Right,4,1.000,,,
36,1.1667,hand_Right,5,1.000,,,
36,1.1667,hand_Right,6,1.000,,,
36,1.1667,hand_Right,7,1.000,,,
36,1.1667,hand_Right,8,1.000,,,
36,1.1667,hand_Right,9,1.000,,,
36,1.1667,hand_Right,10,1.000,,,
36,1.1667,hand_Right,11,1.000,,,
36,1.1667,hand_Right,12,1.000,,,
36,1.1667,hand_Right,13,1.000,,,
36,1.1667,hand_Right,14,1.000,,,
36,1.1667,hand_Right,15,1.000,,,
36,1.1667,hand_Right,16,1.000,,,
36,1.1667,hand_Right,17,1.000,,,
36,1.1667,hand_Right,18,1.000,,,
36,1.1667,hand_Right,19,1.000,,,
36,1.1667,hand_Right,20,1.000,,,
36,1.1667,hand_Left,0,1.000,-0.2435,0.0039,0.5870
36,1.1667,hand_Left,1,1.000,-0.2741,-0.0011,0.5790
36,1.1667,hand_Left,2,1.000,-0.2996,-0.0094,0.5560
36,1.1667,hand_Left,3,1.000,-0.3200,-0.0086,0.5380
36,1.1667,hand_Left,4,1.000,-0.3429,-0.0033,0.5340
36,1.1667,hand_Left,5,1.000,-0.3229,-0.0409,0.5690
36,1.1667,hand_Left,6,1.000,-0.3482,-0.0435,0.5480
36,1.1667,hand_Left,7,1.000,-0.3674,-0.0393,0.5420
36,1.1667,hand_Left,8,1.000,-0.3793,-0.0320,0.5360
36,1.1667,hand_Left,9,1.000,-0.3191,-0.0312,0.5670
36,1.1667,hand_Left,10,1.000,-0.3372,-0.0301,0.5400
36,1.1667,hand_Left,11,1.000,-0.3546,-0.0249,0.5340
36,1.1667,hand_Left,12,1.000,-0.3665,-0.0171,0.5290
36,1.1667,hand_Left,13,1.000,-0.3086,-0.0191,0.5560
36,1.1667,hand_Left,14,1.000,-0.3240,-0.0155,0.5380
36,1.1667,hand_Left,15,1.000,-0.3410,-0.0115,0.5350
36,1.1667,hand_Left,16,1.000,-0.3556,-0.0069,0.5330
36,1.1667,hand_Left,17,1.000,-0.3024,-0.0086,0.5540
36,1.1667,hand_Left,18,1.000,-0.3158,-0.0051,0.5420
36,1.1667,hand_Left,19,1.000,-0.3248,-0.0009,0.5350
36,1.1667,hand_Left,20,1.000,-0.3366,0.0028,0.5360
37,1.2000,pose,0,0.963,,,
37,1.2000,pose,1,0.905,,,
37,1.2000,pose,2,0.927,,,
37,1.2000,pose,3,0.923,,,
37,1.2000,pose,4,0.930,,,
37,1.2000,pose,5,0.960,,,
37,1.2000,pose,6,0.962,,,
37,1.2000,pose,7,0.979,,,
37,1.2000,pose,8,0.963,,,
37,1.2000,pose,9,0.983,0.0823,-0.2343,0.4220
37,1.2000,pose,10,0.976,0.0467,-0.2377,0.4430
37,1.2000,pose,11,0.999,0.2404,-0.0978,0.3330
37,1.2000,pose,12,0.999,,,
37,1.2000,pose,13,0.924,,,
37,1.2000,pose,14,0.233,,,
37,1.2000,pose,15,0.936,,,
37,1.2000,pose,16,0.907,-0.2185,0.0326,0.5960
37,1.2000,pose,17,0.947,,,
37,1.2000,pose,18,0.958,-0.3054,0.0047,0.5570
37,1.2000,pose,19,0.952,,,
37,1.2000,pose,20,0.963,-0.3097,-0.0130,0.5480
37,1.2000,pose,21,0.914,,,
37,1.2000,pose,22,0.959,-0.2773,0.0015,0.5760
37,1.2000,pose,23,0.736,,,
37,1.2000,pose,24,0.746,,,
37,1.2000,pose,25,0.097,,,
37,1.2000,pose,26,0.010,,,
37,1.2000,pose,27,0.038,,,
37,1.2000,pose,28,0.006,,,
37,1.2000,pose,29,0.045,,,
37,1.2000,pose,30,0.014,,,
37,1.2000,pose,31,0.049,,,
37,1.2000,pose,32,0.008,,,
37,1.2000,hand_Right,0,1.000,,,
37,1.2000,hand_Right,1,1.000,,,
37,1.2000,hand_Right,2,1.000,,,
37,1.2000,hand_Right,3,1.000,,,
37,1.2000,hand_Right,4,1.000,,,
37,1.2000,hand_Right,5,1.000,,,
37,1.2000,hand_Right,6,1.000,,,
37,1.2000,hand_Right,7,1.000,,,
37,1.2000,hand_Right,8,1.000,,,
37,1.2000,hand_Right,9,1.000,,,
37,1.2000,hand_Right,10,1.000,,,
37,1.2000,hand_Right,11,1.000,,,
37,1.2000,hand_Right,12,1.000,,,
37,1.2000,hand_Right,13,1.000,,,
37,1.2000,hand_Right,14,1.000,,,
37,1.2000,hand_Right,15,1.000,,,
37,1.2000,hand_Right,16,1.000,,,
37,1.2000,hand_Right,17,1.000,,,
37,1.2000,hand_Right,18,1.000,,,
37,1.2000,hand_Right,19,1.000,,,
37,1.2000,hand_Right,20,1.000,,,
37,1.2000,hand_Left,0,1.000,-0.2467,0.0039,0.5820
37,1.2000,hand_Left,1,1.000,-0.2768,0.0005,0.5770
37,1.2000,hand_Left,2,1.000,-0.3009,-0.0084,0.5550
37,1.2000,hand_Left,3,1.000,-0.3204,-0.0084,0.5370
37,1.2000,hand_Left,4,1.000,-0.3434,-0.0030,0.5340
37,1.2000,hand_Left,5,1.000,-0.3242,-0.0413,0.5660
37,1.2000,hand_Left,6,1.000,-0.3508,-0.0452,0.5480
37,1.2000,hand_Left,7,1.000,-0.3697,-0.0394,0.5430
37,1.2000,hand_Left,8,1.000,-0.3784,-0.0301,0.5340
37,1.2000,hand_Left,9,1.000,-0.3229,-0.0327,0.5660
37,1.2000,hand_Left,10,1.000,-0.3417,-0.0318,0.5400
37,1.2000,hand_Left,11,1.000,-0.3575,-0.0260,0.5320
37,1.2000,hand_Left,12,1.000,-0.3698,-0.0178,0.5280
37,1.2000,hand_Left,13,1.000,-0.3162,-0.0220,0.5600
37,1.2000,hand_Left,14,1.000,-0.3329,-0.0193,0.5400
37,1.2000,hand_Left,15,1.000,-0.3479,-0.0149,0.5350
37,1.2000,hand_Left,16,1.000,-0.3595,-0.0096,0.5300
37,1.2000,hand_Left,17,1.000,-0.3065,-0.0118,0.5490
37,1.2000,hand_Left,18,1.000,-0.3221,-0.0095,0.5360
37,1.2000,hand_Left,19,1.000,-0.3351,-0.0060,0.5340
37,1.2000,hand_Left,20,1.000,-0.3472,-0.0027,0.5340
38,1.2333,pose,0,0.963,,,
38,1.2333,pose,1,0.904,,,
38,1.2333,pose,2,0.928,,,
38,1.2333,pose,3,0.923,,,
38,1.2333,pose,4,0.930,,,
38,1.2333,pose,5,0.961,,,
38,1.2333,pose,6,0.962,,,
38,1.2333,pose,7,0.979,,,
38,1.2333,pose,8,0.963,,,
38,1.2333,pose,9,0.983,0.0824,-0.2352,0.4230
38,1.2333,pose,10,0.976,0.0462,-0.2388,0.4430
38,1.2333,pose,11,0.999,0.2399,-0.0979,0.3330
38,1.2333,pose,12,0.999,,,
38,1.2333,pose,13,0.925,,,
38,1.2333,pose,14,0.218,,,
38,1.2333,pose,15,0.939,,,
38,1.2333,pose,16,0.910,-0.2219,0.0322,0.5890
38,1.2333,pose,17,0.951,,,
38,1.2333,pose,18,0.961,-0.3069,0.0047,0.5560
38,1.2333,pose,19,0.955,,,
38,1.2333,pose,20,0.965,-0.3129,-0.0129,0.5440
38,1.2333,pose,21,0.920,,,
38,1.2333,pose,22,0.962,-0.2817,0.0013,0.5720
38,1.2333,pose,23,0.720,,,
38,1.2333,pose,24,0.726,,,
38,1.2333,pose,25,0.088,,,
38,1.2333,pose,26,0.009,,,
38,1.2333,pose,27,0.035,,,
38,1.2333,pose,28,0.005,,,
38,1.2333,pose,29,0.042,,,
38,1.2333,pose,30,0.013,,,
38,1.2333,pose,31,0.045,,,
38,1.2333,pose,32,0.007,,,
38,1.2333,hand_Right,0,1.000,,,
38,1.2333,hand_Right,1,1.000,,,
38,1.2333,hand_Right,2,1.000,,,
38,1.2333,hand_Right,3,1.000,,,
38,1.2333,hand_Right,4,1.000,,,
38,1.2333,hand_Right,5,1.000,,,
38,1.2333,hand_Right,6,1.000,,,
38,1.2333,hand_Right,7,1.000,,,
38,1.2333,hand_Right,8,1.000,,,
38,1.2333,hand_Right,9,1.000,,,
38,1.2333,hand_Right,10,1.000,,,
38,1.2333,hand_Right,11,1.000,,,
38,1.2333,hand_Right,12,1.000,,,
38,1.2333,hand_Right,13,1.000,,,
38,1.2333,hand_Right,14,1.000,,,
38,1.2333,hand_Right,15,1.000,,,
38,1.2333,hand_Right,16,1.000,,,
38,1.2333,hand_Right,17,1.000,,,
38,1.2333,hand_Right,18,1.000,,,
38,1.2333,hand_Right,19,1.000,,,
38,1.2333,hand_Right,20,1.000,,,
38,1.2333,hand_Left,0,1.000,-0.2439,0.0044,0.5850
38,1.2333,hand_Left,1,1.000,-0.2743,-0.0004,0.5800
38,1.2333,hand_Left,2,1.000,-0.2987,-0.0084,0.5560
38,1.2333,hand_Left,3,1.000,-0.3191,-0.0085,0.5380
38,1.2333,hand_Left,4,1.000,-0.3425,-0.0032,0.5340
38,1.2333,hand_Left,5,1.000,-0.3245,-0.0415,0.5710
38,1.2333,hand_Left,6,1.000,-0.3490,-0.0442,0.5490
38,1.2333,hand_Left,7,1.000,-0.3673,-0.0393,0.5420
38,1.2333,hand_Left,8,1.000,-0.3779,-0.0312,0.5350
38,1.2333,hand_Left,9,1.000,-0.3197,-0.0312,0.5660
38,1.2333,hand_Left,10,1.000,-0.3381,-0.0299,0.5400
38,1.2333,hand_Left,11,1.000,-0.3550,-0.0241,0.5340
38,1.2333,hand_Left,12,1.000,-0.3654,-0.0160,0.5280
38,1.2333,hand_Left,13,1.000,-0.3105,-0.0191,0.5560
38,1.2333,hand_Left,14,1.000,-0.3276,-0.0157,0.5400
38,1.2333,hand_Left,15,1.000,-0.3423,-0.0108,0.5350
38,1.2333,hand_Left,16,1.000,-0.3557,-0.0056,0.5330
38,1.2333,hand_Left,17,1.000,-0.3031,-0.0088,0.5510
38,1.2333,hand_Left,18,1.000,-0.3181,-0.0052,0.5400
38,1.2333,hand_Left,19,1.000,-0.3283,-0.0007,0.5350
38,1.2333,hand_Left,20,1.000,-0.3401,0.0035,0.5360
39,1.2667,pose,0,0.964,,,
39,1.2667,pose,1,0.904,,,
39,1.2667,pose,2,0.928,,,
39,1.2667,pose,3,0.923,,,
39,1.2667,pose,4,0.930,,,
39,1.2667,pose,5,0.961,,,
39,1.2667,pose,6,0.962,,,
39,1.2667,pose,7,0.980,,,
39,1.2667,pose,8,0.962,,,
39,1.2667,pose,9,0.984,0.0819,-0.2355,0.4240
39,1.2667,pose,10,0.975,0.0458,-0.2394,0.4440
39,1.2667,pose,11,0.999,0.2406,-0.0977,0.3330
39,1.2667,pose,12,0.999,,,
39,1.2667,pose,13,0.926,,,
39,1.2667,pose,14,0.201,,,
39,1.2667,pose,15,0.940,0.0971,0.0787,0.3360
39,1.2667,pose,16,0.904,-0.2352,0.0340,0.5870
39,1.2667,pose,17,0.952,,,
39,1.2667,pose,18,0.960,-0.3129,0.0072,0.5530
39,1.2667,pose,19,0.957,,,
39,1.2667,pose,20,0.964,-0.3148,-0.0129,0.5420
39,1.2667,pose,21,0.922,,,
39,1.2667,pose,22,0.961,-0.2841,0.0013,0.5710
39,1.2667,pose,23,0.708,,,
39,1.2667,pose,24,0.710,,,
39,1.2667,pose,25,0.080,,,
39,1.2667,pose,26,0.009,,,
39,1.2667,pose,27,0.032,,,
39,1.2667,pose,28,0.005,,,
39,1.2667,pose,29,0.039,,,
39,1.2667,pose,30,0.012,,,
39,1.2667,pose,31,0.041,,,
39,1.2667,pose,32,0.007,,,
39,1.2667,hand_Right,0,1.000,,,
39,1.2667,hand_Right,1,1.000,,,
39,1.2667,hand_Right,2,1.000,,,
39,1.2667,hand_Right,3,1.000,,,
39,1.2667,hand_Right,4,1.000,,,
39,1.2667,hand_Right,5,1.000,,,
39,1.2667,hand_Right,6,1.000,0.0121,-0.0062,0.3780
39,1.2667,hand_Right,7,1.000,,,
39,1.2667,hand_Right,8,1.000,,,
39,1.2667,hand_Right,9,1.000,,,
39,1.2667,hand_Right,10,1.000,,,
39,1.2667,hand_Right,11,1.000,,,
39,1.2667,hand_Right,12,1.000,,,
39,1.2667,hand_Right,13,1.000,,,
39,1.2667,hand_Right,14,1.000,,,
39,1.2667,hand_Right,15,1.000,,,
39,1.2667,hand_Right,16,1.000,,,
39,1.2667,hand_Right,17,1.000,,,
39,1.2667,hand_Right,18,1.000,,,
39,1.2667,hand_Right,19,1.000,,,
39,1.2667,hand_Right,20,1.000,,,
39,1.2667,hand_Left,0,1.000,-0.2433,0.0042,0.5870
39,1.2667,hand_Left,1,1.000,-0.2743,-0.0000,0.5790
39,1.2667,hand_Left,2,1.000,-0.3002,-0.0087,0.5560
39,1.2667,hand_Left,3,1.000,-0.3201,-0.0083,0.5380
39,1.2667,hand_Left,4,1.000,-0.3424,-0.0032,0.5340
39,1.2667,hand_Left,5,1.000,-0.3239,-0.0418,0.5690
39,1.2667,hand_Left,6,1.000,-0.3482,-0.0439,0.5480
39,1.2667,hand_Left,7,1.000,-0.3668,-0.0389,0.5430
39,1.2667,hand_Left,8,1.000,-0.3764,-0.0308,0.5350
39,1.2667,hand_Left,9,1.000,-0.3193,-0.0322,0.5670
39,1.2667,hand_Left,10,1.000,-0.3358,-0.0279,0.5410
39,1.2667,hand_Left,11,1.000,-0.3507,-0.0208,0.5350
39,1.2667,hand_Left,12,1.000,-0.3602,-0.0118,0.5290
39,1.2667,hand_Left,13,1.000,-0.3096,-0.0206,0.5600
39,1.2667,hand_Left,14,1.000,-0.3207,-0.0129,0.5400
39,1.2667,hand_Left,15,1.000,-0.3300,-0.0079,0.5340
39,1.2667,hand_Left,16,1.000,-0.3410,-0.0036,0.5340
39,1.2667,hand_Left,17,1.000,-0.3010,-0.0109,0.5550
39,1.2667,hand_Left,18,1.000,-0.3129,-0.0045,0.5440
39,1.2667,hand_Left,19,1.000,-0.3209,0.0013,0.5410
39,1.2667,hand_Left,20,1.000,-0.3288,0.0059,0.5410
40,1.3000,pose,0,0.966,,,
40,1.3000,pose,1,0.909,,,
40,1.3000,pose,2,0.932,,,
40,1.3000,pose,3,0.927,,,
40,1.3000,pose,4,0.933,,,
40,1.3000,pose,5,0.963,,,
40,1.3000,pose,6,0.964,,,
40,1.3000,pose,7,0.981,,,
40,1.3000,pose,8,0.964,,,
40,1.3000,pose,9,0.985,0.0820,-0.2316,0.4250
40,1.3000,pose,10,0.977,0.0463,-0.2385,0.4480
40,1.3000,pose,11,0.999,0.2427,-0.0980,0.3340
40,1.3000,pose,12,0.999,,,
40,1.3000,pose,13,0.931,,,
40,1.3000,pose,14,0.189,,,
40,1.3000,pose,15,0.945,,,
40,1.3000,pose,16,0.906,-0.2354,0.0352,0.5825
40,1.3000,pose,17,0.956,,,
40,1.3000,pose,18,0.961,-0.3152,0.0095,0.5505
40,1.3000,pose,19,0.960,,,
40,1.3000,pose,20,0.966,-0.3171,-0.0121,0.5410
40,1.3000,pose,21,0.928,,,
40,1.3000,pose,22,0.962,-0.2835,0.0033,0.5710
40,1.3000,pose,23,0.701,,,
40,1.3000,pose,24,0.698,,,
40,1.3000,pose,25,0.074,,,
40,1.3000,pose,26,0.008,,,
40,1.3000,pose,27,0.030,,,
40,1.3000,pose,28,0.005,,,
40,1.3000,pose,29,0.037,,,
40,1.3000,pose,30,0.012,,,
40,1.3000,pose,31,0.039,,,
40,1.3000,pose,32,0.007,,,
40,1.3000,hand_Right,0,1.000,,,
40,1.3000,hand_Right,1,1.000,,,
40,1.3000,hand_Right,2,1.000,,,
40,1.3000,hand_Right,3,1.000,,,
40,1.3000,hand_Right,4,1.000,,,
40,1.3000,hand_Right,5,1.000,,,
40,1.3000,hand_Right,6,1.000,,,
40,1.3000,hand_Right,7,1.000,,,
40,1.3000,hand_Right,8,1.000,,,
40,1.3000,hand_Right,9,1.000,,,
40,1.3000,hand_Right,10,1.000,,,
40,1.3000,hand_Right,11,1.000,,,
40,1.3000,hand_Right,12,1.000,,,
40,1.3000,hand_Right,13,1.000,,,
40,1.3000,hand_Right,14,1.000,,,
40,1.3000,hand_Right,15,1.000,,,
40,1.3000,hand_Right,16,1.000,,,
40,1.3000,hand_Right,17,1.000,,,
40,1.3000,hand_Right,18,1.000,,,
40,1.3000,hand_Right,19,1.000,,,
40,1.3000,hand_Right,20,1.000,,,
40,1.3000,hand_Left,0,1.000,-0.2459,0.0037,0.5860
40,1.3000,hand_Left,1,1.000,-0.2754,-0.0003,0.5780
40,1.3000,hand_Left,2,1.000,-0.3007,-0.0088,0.5560
40,1.3000,hand_Left,3,1.000,-0.3195,-0.0078,0.5360
40,1.3000,hand_Left,4,1.000,-0.3433,-0.0030,0.5340
40,1.3000,hand_Left,5,1.000,-0.3240,-0.0411,0.5670
40,1.3000,hand_Left,6,1.000,-0.3507,-0.0450,0.5490
40,1.3000,hand_Left,7,1.000,-0.3688,-0.0398,0.5420
40,1.3000,hand_Left,8,1.000,-0.3794,-0.0313,0.5350
40,1.3000,hand_Left,9,1.000,-0.3225,-0.0324,0.5670
40,1.3000,hand_Left,10,1.000,-0.3405,-0.0323,0.5400
40,1.3000,hand_Left,11,1.000,-0.3574,-0.0273,0.5340
40,1.3000,hand_Left,12,1.000,-0.3689,-0.0191,0.5290
40,1.3000,hand_Left,13,1.000,-0.3144,-0.0212,0.5590
40,1.3000,hand_Left,14,1.000,-0.3308,-0.0190,0.5400
40,1.3000,hand_Left,15,1.000,-0.3468,-0.0150,0.5360
40,1.3000,hand_Left,16,1.000,-0.3583,-0.0097,0.5300
40,1.3000,hand_Left,17,1.000,-0.3049,-0.0109,0.5500
40,1.3000,hand_Left,18,1.000,-0.3199,-0.0090,0.5370
40,1.3000,hand_Left,19,1.000,-0.3324,-0.0057,0.5340
40,1.3000,hand_Left,20,1.000,-0.3447,-0.0021,0.5340
41,1.3333,pose,0,0.968,,,
41,1.3333,pose,1,0.915,,,
41,1.3333,pose,2,0.937,,,
41,1.3333,pose,3,0.932,,,
41,1.3333,pose,4,0.938,,,
41,1.3333,pose,5,0.966,,,
41,1.3333,pose,6,0.966,,,
41,1.3333,pose,7,0.982,,,
41,1.3333,pose,8,0.967,,,
41,1.3333,pose,9,0.986,0.0820,-0.2308,0.4260
41,1.3333,pose,10,0.978,0.0464,-0.2378,0.4490
41,1.3333,pose,11,0.999,0.2436,-0.0980,0.3340
41,1.3333,pose,12,0.999,,,
41,1.3333,pose,13,0.935,,,
41,1.3333,pose,14,0.182,,,
41,1.3333,pose,15,0.949,,,
41,1.3333,pose,16,0.911,-0.2410,0.0341,0.5830
41,1.3333,pose,17,0.959,,,
41,1.3333,pose,18,0.964,-0.3240,0.0063,0.5440
41,1.3333,pose,19,0.963,,,
41,1.3333,pose,20,0.968,-0.3259,-0.0140,0.5380
41,1.3333,pose,21,0.933,,,
41,1.3333,pose,22,0.965,-0.2857,0.0021,0.5700
41,1.3333,pose,23,0.700,,,
41,1.3333,pose,24,0.694,,,
41,1.3333,pose,25,0.068,,,
41,1.3333,pose,26,0.008,,,
41,1.3333,pose,27,0.028,,,
41,1.3333,pose,28,0.005,,,
41,1.3333,pose,29,0.035,,,
41,1.3333,pose,30,0.011,,,
41,1.3333,pose,31,0.037,,,
41,1.3333,pose,32,0.006,,,
41,1.3333,hand_Right,0,1.000,,,
41,1.3333,hand_Right,1,1.000,,,
41,1.3333,hand_Right,2,1.000,,,
41,1.3333,hand_Right,3,1.000,,,
41,1.3333,hand_Right,4,1.000,,,
41,1.3333,hand_Right,5,1.000,,,
41,1.3333,hand_Right,6,1.000,,,
41,1.3333,hand_Right,7,1.000,,,
41,1.3333,hand_Right,8,1.000,,,
41,1.3333,hand_Right,9,1.000,,,
41,1.3333,hand_Right,10,1.000,,,
41,1.3333,hand_Right,11,1.000,,,
41,1.3333,hand_Right,12,1.000,,,
41,1.3333,hand_Right,13,1.000,,,
41,1.3333,hand_Right,14,1.000,,,
41,1.3333,hand_Right,15,1.000,,,
41,1.3333,hand_Right,16,1.000,,,
41,1.3333,hand_Right,17,1.000,,,
41,1.3333,hand_Right,18,1.000,,,
41,1.3333,hand_Right,19,1.000,,,
41,1.3333,hand_Right,20,1.000,,,
41,1.3333,hand_Left,0,1.000,-0.2417,0.0041,0.5870
41,1.3333,hand_Left,1,1.000,-0.2745,-0.0006,0.5790
41,1.3333,hand_Left,2,1.000,-0.2999,-0.0091,0.5550
41,1.3333,hand_Left,3,1.000,-0.3209,-0.0083,0.5390
41,1.3333,hand_Left,4,1.000,-0.3424,-0.0029,0.5340
41,1.3333,hand_Left,5,1.000,-0.3226,-0.0406,0.5690
41,1.3333,hand_Left,6,1.000,-0.3474,-0.0432,0.5480
41,1.3333,hand_Left,7,1.000,-0.3661,-0.0391,0.5420
41,1.3333,hand_Left,8,1.000,-0.3766,-0.0317,0.5350
41,1.3333,hand_Left,9,1.000,-0.3176,-0.0313,0.5670
41,1.3333,hand_Left,10,1.000,-0.3351,-0.0299,0.5410
41,1.3333,hand_Left,11,1.000,-0.3495,-0.0242,0.5330
41,1.3333,hand_Left,12,1.000,-0.3610,-0.0160,0.5290
41,1.3333,hand_Left,13,1.000,-0.3067,-0.0195,0.5570
41,1.3333,hand_Left,14,1.000,-0.3214,-0.0144,0.5410
41,1.3333,hand_Left,15,1.000,-0.3339,-0.0100,0.5350
41,1.3333,hand_Left,16,1.000,-0.3464,-0.0056,0.5340
41,1.3333,hand_Left,17,1.000,-0.2997,-0.0096,0.5550
41,1.3333,hand_Left,18,1.000,-0.3126,-0.0049,0.5440
41,1.3333,hand_Left,19,1.000,-0.3213,-0.0001,0.5390
41,1.3333,hand_Left,20,1.000,-0.3310,0.0041,0.5390
42,1.3667,pose,0,0.970,,,
42,1.3667,pose,1,0.919,,,
42,1.3667,pose,2,0.940,,,
42,1.3667,pose,3,0.935,,,
42,1.3667,pose,4,0.940,,,
42,1.3667,pose,5,0.967,,,
42,1.3667,pose,6,0.968,,,
42,1.3667,pose,7,0.983,,,
42,1.3667,pose,8,0.969,,,
42,1.3667,pose,9,0.987,0.0821,-0.2311,0.4280
42,1.3667,pose,10,0.979,0.0466,-0.2384,0.4510
42,1.3667,pose,11,0.999,0.2450,-0.0978,0.3340
42,1.3667,pose,12,0.999,,,
42,1.3667,pose,13,0.938,,,
42,1.3667,pose,14,0.170,,,
42,1.3667,pose,15,0.951,,,
42,1.3667,pose,16,0.912,-0.2459,0.0337,0.5850
42,1.3667,pose,17,0.961,,,
42,1.3667,pose,18,0.965,-0.3276,0.0052,0.5400
42,1.3667,pose,19,0.965,,,
42,1.3667,pose,20,0.969,-0.3283,-0.0154,0.5400
42,1.3667,pose,21,0.936,,,
42,1.3667,pose,22,0.966,-0.2858,0.0013,0.5710
42,1.3667,pose,23,0.678,,,
42,1.3667,pose,24,0.668,,,
42,1.3667,pose,25,0.062,,,
42,1.3667,pose,26,0.007,,,
42,1.3667,pose,27,0.026,,,
42,1.3667,pose,28,0.004,,,
42,1.3667,pose,29,0.032,,,
42,1.3667,pose,30,0.011,,,
42,1.3667,pose,31,0.035,,,
42,1.3667,pose,32,0.006,,,
42,1.3667,hand_Right,0,1.000,,,
42,1.3667,hand_Right,1,1.000,,,
42,1.3667,hand_Right,2,1.000,,,
42,1.3667,hand_Right,3,1.000,,,
42,1.3667,hand_Right,4,1.000,,,
42,1.3667,hand_Right,5,1.000,,,
42,1.3667,hand_Right,6,1.000,,,
42,1.3667,hand_Right,7,1.000,,,
42,1.3667,hand_Right,8,1.000,,,
42,1.3667,hand_Right,9,1.000,,,
42,1.3667,hand_Right,10,1.000,,,
42,1.3667,hand_Right,11,1.000,,,
42,1.3667,hand_Right,12,1.000,,,
42,1.3667,hand_Right,13,1.000,,,
42,1.3667,hand_Right,14,1.000,,,
42,1.3667,hand_Right,15,1.000,,,
42,1.3667,hand_Right,16,1.000,,,
42,1.3667,hand_Right,17,1.000,,,
42,1.3667,hand_Right,18,1.000,,,
42,1.3667,hand_Right,19,1.000,,,
42,1.3667,hand_Right,20,1.000,,,
42,1.3667,hand_Left,0,1.000,-0.2426,0.0045,0.5870
42,1.3667,hand_Left,1,1.000,-0.2740,-0.0001,0.5800
42,1.3667,hand_Left,2,1.000,-0.2995,-0.0084,0.5560
42,1.3667,hand_Left,3,1.000,-0.3200,-0.0079,0.5380
42,1.3667,hand_Left,4,1.000,-0.3431,-0.0028,0.5340
42,1.3667,hand_Left,5,1.000,-0.3240,-0.0407,0.5700
42,1.3667,hand_Left,6,1.000,-0.3485,-0.0439,0.5480
42,1.3667,hand_Left,7,1.000,-0.3670,-0.0385,0.5420
42,1.3667,hand_Left,8,1.000,-0.3778,-0.0299,0.5350
42,1.3667,hand_Left,9,1.000,-0.3194,-0.0317,0.5670
42,1.3667,hand_Left,10,1.000,-0.3367,-0.0292,0.5400
42,1.3667,hand_Left,11,1.000,-0.3534,-0.0229,0.5340
42,1.3667,hand_Left,12,1.000,-0.3638,-0.0140,0.5280
42,1.3667,hand_Left,13,1.000,-0.3097,-0.0204,0.5590
42,1.3667,hand_Left,14,1.000,-0.3248,-0.0151,0.5410
42,1.3667,hand_Left,15,1.000,-0.3383,-0.0102,0.5350
42,1.3667,hand_Left,16,1.000,-0.3525,-0.0052,0.5340
42,1.3667,hand_Left,17,1.000,-0.3018,-0.0106,0.5550
42,1.3667,hand_Left,18,1.000,-0.3149,-0.0062,0.5420
42,1.3667,hand_Left,19,1.000,-0.3238,-0.0010,0.5360
42,1.3667,hand_Left,20,1.000,-0.3350,0.0038,0.5370
43,1.4000,pose,0,0.971,,,
43,1.4000,pose,1,0.922,,,
43,1.4000,pose,2,0.943,,,
43,1.4000,pose,3,0.938,,,
43,1.4000,pose,4,0.943,,,
43,1.4000,pose,5,0.969,,,
43,1.4000,pose,6,0.969,,,
43,1.4000,pose,7,0.984,,,
43,1.4000,pose,8,0.970,,,
43,1.4000,pose,9,0.987,0.0824,-0.2317,0.4290
43,1.4000,pose,10,0.981,0.0468,-0.2392,0.4520
43,1.4000,pose,11,0.999,0.2482,-0.0969,0.3340
43,1.4000,pose,12,0.999,0.0490,-0.1412,0.5950
43,1.4000,pose,13,0.941,,,
43,1.4000,pose,14,0.161,,,
43,1.4000,pose,15,0.953,,,
43,1.4000,pose,16,0.915,-0.2536,0.0330,0.5870
43,1.4000,pose,17,0.963,,,
43,1.4000,pose,18,0.967,-0.3335,-0.0004,0.5350
43,1.4000,pose,19,0.967,,,
43,1.4000,pose,20,0.971,-0.3379,-0.0162,0.5380
43,1.4000,pose,21,0.940,,,
43,1.4000,pose,22,0.968,-0.2918,0.0012,0.5650
43,1.4000,pose,23,0.665,,,
43,1.4000,pose,24,0.655,,,
43,1.4000,pose,25,0.057,,,
43,1.4000,pose,26,0.007,,,
43,1.4000,pose,27,0.024,,,
43,1.4000,pose,28,0.004,,,
43,1.4000,pose,29,0.031,,,
43,1.4000,pose,30,0.010,,,
43,1.4000,pose,31,0.033,,,
43,1.4000,pose,32,0.005,,,
43,1.4000,hand_Right,0,1.000,,,
43,1.4000,hand_Right,1,1.000,,,
43,1.4000,hand_Right,2,1.000,,,
43,1.4000,hand_Right,3,1.000,,,
43,1.4000,hand_Right,4,1.000,,,
43,1.4000,hand_Right,5,1.000,,,
43,1.4000,hand_Right,6,1.000,,,
43,1.4000,hand_Right,7,1.000,,,
43,1.4000,hand_Right,8,1.000,,,
43,1.4000,hand_Right,9,1.000,,,
43,1.4000,hand_Right,10,1.000,,,
43,1.4000,hand_Right,11,1.000,,,
43,1.4000,hand_Right,12,1.000,,,
43,1.4000,hand_Right,13,1.000,,,
43,1.4000,hand_Right,14,1.000,,,
43,1.4000,hand_Right,15,1.000,,,
43,1.4000,hand_Right,16,1.000,,,
43,1.4000,hand_Right,17,1.000,,,
43,1.4000,hand_Right,18,1.000,,,
43,1.4000,hand_Right,19,1.000,,,
43,1.4000,hand_Right,20,1.000,,,
43,1.4000,hand_Left,0,1.000,-0.2425,0.0038,0.5880
43,1.4000,hand_Left,1,1.000,-0.2746,-0.0000,0.5790
43,1.4000,hand_Left,2,1.000,-0.3001,-0.0086,0.5560
43,1.4000,hand_Left,3,1.000,-0.3203,-0.0085,0.5380
43,1.4000,hand_Left,4,1.000,-0.3444,-0.0029,0.5350
43,1.4000,hand_Left,5,1.000,-0.3236,-0.0407,0.5670
43,1.4000,hand_Left,6,1.000,-0.3487,-0.0435,0.5480
43,1.4000,hand_Left,7,1.000,-0.3670,-0.0391,0.5420
43,1.4000,hand_Left,8,1.000,-0.3775,-0.0317,0.5350
43,1.4000,hand_Left,9,1.000,-0.3196,-0.0322,0.5670
43,1.4000,hand_Left,10,1.000,-0.3363,-0.0297,0.5400
43,1.4000,hand_Left,11,1.000,-0.3519,-0.0242,0.5330
43,1.4000,hand_Left,12,1.000,-0.3621,-0.0162,0.5280
43,1.4000,hand_Left,13,1.000,-0.3107,-0.0207,0.5610
43,1.4000,hand_Left,14,1.000,-0.3246,-0.0155,0.5410
43,1.4000,hand_Left,15,1.000,-0.3387,-0.0109,0.5350
43,1.4000,hand_Left,16,1.000,-0.3529,-0.0059,0.5340
43,1.4000,hand_Left,17,1.000,-0.3015,-0.0101,0.5550
43,1.4000,hand_Left,18,1.000,-0.3141,-0.0058,0.5420
43,1.4000,hand_Left,19,1.000,-0.3229,-0.0011,0.5360
43,1.4000,hand_Left,20,1.000,-0.3337,0.0033,0.5370
44,1.4333,pose,0,0.972,,,
44,1.4333,pose,1,0.922,,,
44,1.4333,pose,2,0.943,,,
44,1.4333,pose,3,0.937,,,
44,1.4333,pose,4,0.943,,,
44,1.4333,pose,5,0.969,,,
44,1.4333,pose,6,0.969,,,
44,1.4333,pose,7,0.985,,,
44,1.4333,pose,8,0.971,,,
44,1.4333,pose,9,0.988,0.0825,-0.2325,0.4290
44,1.4333,pose,10,0.981,0.0466,-0.2393,0.4500
44,1.4333,pose,11,0.999,0.2497,-0.0960,0.3330
44,1.4333,pose,12,0.999,0.0494,-0.1429,0.5990
44,1.4333,pose,13,0.942,,,
44,1.4333,pose,14,0.151,,,
44,1.4333,pose,15,0.955,,,
44,1.4333,pose,16,0.916,-0.2621,0.0300,0.5880
44,1.4333,pose,17,0.965,,,
44,1.4333,pose,18,0.968,-0.3430,-0.0044,0.5340
44,1.4333,pose,19,0.969,,,
44,1.4333,pose,20,0.972,-0.3425,-0.0179,0.5380
44,1.4333,pose,21,0.943,,,
44,1.4333,pose,22,0.969,-0.2928,0.0001,0.5640
44,1.4333,pose,23,0.647,,,
44,1.4333,pose,24,0.635,,,
44,1.4333,pose,25,0.052,,,
44,1.4333,pose,26,0.006,,,
44,1.4333,pose,27,0.022,,,
44,1.4333,pose,28,0.004,,,
44,1.4333,pose,29,0.029,,,
44,1.4333,pose,30,0.009,,,
44,1.4333,pose,31,0.030,,,
44,1.4333,pose,32,0.005,,,
44,1.4333,hand_Right,0,1.000,,,
44,1.4333,hand_Right,1,1.000,,,
44,1.4333,hand_Right,2,1.000,,,
44,1.4333,hand_Right,3,1.000,,,
44,1.4333,hand_Right,4,1.000,,,
44,1.4333,hand_Right,5,1.000,,,
44,1.4333,hand_Right,6,1.000,,,
44,1.4333,hand_Right,7,1.000,,,
44,1.4333,hand_Right,8,1.000,,,
44,1.4333,hand_Right,9,1.000,,,
44,1.4333,hand_Right,10,1.000,,,
44,1.4333,hand_Right,11,1.000,,,
44,1.4333,hand_Right,12,1.000,,,
44,1.4333,hand_Right,13,1.000,,,
44,1.4333,hand_Right,14,1.000,,,
44,1.4333,hand_Right,15,1.000,,,
44,1.4333,hand_Right,16,1.000,,,
44,1.4333,hand_Right,17,1.000,,,
44,1.4333,hand_Right,18,1.000,,,
44,1.4333,hand_Right,19,1.000,,,
44,1.4333,hand_Right,20,1.000,,,
44,1.4333,hand_Left,0,1.000,-0.2432,0.0037,0.5830
44,1.4333,hand_Left,1,1.000,-0.2759,0.0011,0.5790
44,1.4333,hand_Left,2,1.000,-0.3004,-0.0076,0.5560
44,1.4333,hand_Left,3,1.000,-0.3205,-0.0080,0.5380
44,1.4333,hand_Left,4,1.000,-0.3432,-0.0028,0.5340
44,1.4333,hand_Left,5,1.000,-0.3242,-0.0410,0.5680
44,1.4333,hand_Left,6,1.000,-0.3494,-0.0448,0.5480
44,1.4333,hand_Left,7,1.000,-0.3678,-0.0395,0.5420
44,1.4333,hand_Left,8,1.000,-0.3779,-0.0308,0.5350
44,1.4333,hand_Left,9,1.000,-0.3207,-0.0331,0.5670
44,1.4333,hand_Left,10,1.000,-0.3385,-0.0319,0.5400
44,1.4333,hand_Left,11,1.000,-0.3544,-0.0255,0.5340
44,1.4333,hand_Left,12,1.000,-0.3644,-0.0165,0.5290
44,1.4333,hand_Left,13,1.000,-0.3138,-0.0225,0.5630
44,1.4333,hand_Left,14,1.000,-0.3284,-0.0187,0.5410
44,1.4333,hand_Left,15,1.000,-0.3429,-0.0134,0.5360
44,1.4333,hand_Left,16,1.000,-0.3560,-0.0073,0.5340
44,1.4333,hand_Left,17,1.000,-0.3040,-0.0120,0.5540
44,1.4333,hand_Left,18,1.000,-0.3180,-0.0084,0.5400
44,1.4333,hand_Left,19,1.000,-0.3277,-0.0037,0.5350
44,1.4333,hand_Left,20,1.000,-0.3381,0.0009,0.5350
45,1.4667,pose,0,0.974,,,
45,1.4667,pose,1,0.927,,,
45,1.4667,pose,2,0.947,,,
45,1.4667,pose,3,0.941,,,
45,1.4667,pose,4,0.947,,,
45,1.4667,pose,5,0.972,,,
45,1.4667,pose,6,0.971,,,
45,1.4667,pose,7,0.986,,,
45,1.4667,pose,8,0.973,,,
45,1.4667,pose,9,0.988,0.0829,-0.2325,0.4290
45,1.4667,pose,10,0.982,0.0470,-0.2409,0.4530
45,1.4667,pose,11,0.999,0.2498,-0.0960,0.3330
45,1.4667,pose,12,0.999,,,
45,1.4667,pose,13,0.944,,,
45,1.4667,pose,14,0.146,,,
45,1.4667,pose,15,0.957,,,
45,1.4667,pose,16,0.920,-0.2602,0.0307,0.5860
45,1.4667,pose,17,0.967,,,
45,1.4667,pose,18,0.970,-0.3403,-0.0036,0.5340
45,1.4667,pose,19,0.971,,,
45,1.4667,pose,20,0.974,-0.3370,-0.0174,0.5380
45,1.4667,pose,21,0.947,,,
45,1.4667,pose,22,0.971,-0.2897,0.0010,0.5640
45,1.4667,pose,23,0.642,,,
45,1.4667,pose,24,0.629,,,
45,1.4667,pose,25,0.049,,,
45,1.4667,pose,26,0.006,,,
45,1.4667,pose,27,0.021,,,
45,1.4667,pose,28,0.004,,,
45,1.4667,pose,29,0.028,,,
45,1.4667,pose,30,0.009,,,
45,1.4667,pose,31,0.030,,,
45,1.4667,pose,32,0.005,,,
45,1.4667,hand_Right,0,1.000,,,
45,1.4667,hand_Right,1,1.000,,,
45,1.4667,hand_Right,2,1.000,,,
45,1.4667,hand_Right,3,1.000,,,
45,1.4667,hand_Right,4,1.000,,,
45,1.4667,hand_Right,5,1.000,,,
45,1.4667,hand_Right,6,1.000,,,
45,1.4667,hand_Right,7,1.000,,,
45,1.4667,hand_Right,8,1.000,,,
45,1.4667,hand_Right,9,1.000,,,
45,1.4667,hand_Right,10,1.000,,,
45,1.4667,hand_Right,11,1.000,,,
45,1.4667,hand_Right,12,1.000,,,
45,1.4667,hand_Right,13,1.000,,,
45,1.4667,hand_Right,14,1.000,,,
45,1.4667,hand_Right,15,1.000,,,
45,1.4667,hand_Right,16,1.000,,,
45,1.4667,hand_Right,17,1.000,,,
45,1.4667,hand_Right,18,1.000,,,
45,1.4667,hand_Right,19,1.000,,,
45,1.4667,hand_Right,20,1.000,,,
45,1.4667,hand_Left,0,1.000,-0.2432,0.0037,0.5860
45,1.4667,hand_Left,1,1.000,-0.2757,0.0001,0.5770
45,1.4667,hand_Left,2,1.000,-0.3014,-0.0088,0.5560
45,1.4667,hand_Left,3,1.000,-0.3203,-0.0083,0.5370
45,1.4667,hand_Left,4,1.000,-0.3434,-0.0030,0.5340
45,1.4667,hand_Left,5,1.000,-0.3239,-0.0413,0.5670
45,1.4667,hand_Left,6,1.000,-0.3490,-0.0439,0.5480
45,1.4667,hand_Left,7,1.000,-0.3674,-0.0393,0.5420
45,1.4667,hand_Left,8,1.000,-0.3776,-0.0315,0.5350
45,1.4667,hand_Left,9,1.000,-0.3204,-0.0324,0.5680
45,1.4667,hand_Left,10,1.000,-0.3369,-0.0302,0.5400
45,1.4667,hand_Left,11,1.000,-0.3527,-0.0245,0.5340
45,1.4667,hand_Left,12,1.000,-0.3626,-0.0162,0.5290
45,1.4667,hand_Left,13,1.000,-0.3117,-0.0209,0.5620
45,1.4667,hand_Left,14,1.000,-0.3242,-0.0160,0.5390
45,1.4667,hand_Left,15,1.000,-0.3390,-0.0110,0.5350
45,1.4667,hand_Left,16,1.000,-0.3524,-0.0057,0.5340
45,1.4667,hand_Left,17,1.000,-0.3025,-0.0109,0.5560
45,1.4667,hand_Left,18,1.000,-0.3151,-0.0068,0.5420
45,1.4667,hand_Left,19,1.000,-0.3240,-0.0020,0.5360
45,1.4667,hand_Left,20,1.000,-0.3342,0.0023,0.5360
46,1.5000,pose,0,0.975,,,
46,1.5000,pose,1,0.931,,,
46,1.5000,pose,2,0.950,,,
46,1.5000,pose,3,0.944,,,
46,1.5000,pose,4,0.950,,,
46,1.5000,pose,5,0.973,,,
46,1.5000,pose,6,0.973,,,
46,1.5000,pose,7,0.987,,,
46,1.5000,pose,8,0.975,,,
46,1.5000,pose,9,0.989,0.0832,-0.2326,0.4290
46,1.5000,pose,10,0.983,0.0469,-0.2404,0.4520
46,1.5000,pose,11,0.999,0.2495,-0.0955,0.3330
46,1.5000,pose,12,0.999,,,
46,1.5000,pose,13,0.947,,,
46,1.5000,pose,14,0.143,,,
46,1.5000,pose,15,0.959,,,
46,1.5000,pose,16,0.922,-0.2602,0.0323,0.5870
46,1.5000,pose,17,0.969,,,
46,1.5000,pose,18,0.971,-0.3393,-0.0021,0.5350
46,1.5000,pose,19,0.972,,,
46,1.5000,pose,20,0.975,-0.3377,-0.0173,0.5390
46,1.5000,pose,21,0.949,,,
46,1.5000,pose,22,0.972,-0.2890,0.0014,0.5650
46,1.5000,pose,23,0.642,,,
46,1.5000,pose,24,0.630,,,
46,1.5000,pose,25,0.046,,,
46,1.5000,pose,26,0.006,,,
46,1.5000,pose,27,0.020,,,
46,1.5000,pose,28,0.003,,,
46,1.5000,pose,29,0.027,,,
46,1.5000,pose,30,0.009,,,
46,1.5000,pose,31,0.029,,,
46,1.5000,pose,32,0.005,,,
46,1.5000,hand_Right,0,1.000,,,
46,1.5000,hand_Right,1,1.000,,,
46,1.5000,hand_Right,2,1.000,,,
46,1.5000,hand_Right,3,1.000,,,
46,1.5000,hand_Right,4,1.000,,,
46,1.5000,hand_Right,5,1.000,,,
46,1.5000,hand_Right,6,1.000,,,
46,1.5000,hand_Right,7,1.000,,,
46,1.5000,hand_Right,8,1.000,,,
46,1.5000,hand_Right,9,1.000,,,
46,1.5000,hand_Right,10,1.000,,,
46,1.5000,hand_Right,11,1.000,,,
46,1.5000,hand_Right,12,1.000,,,
46,1.5000,hand_Right,13,1.000,,,
46,1.5000,hand_Right,14,1.000,,,
46,1.5000,hand_Right,15,1.000,,,
46,1.5000,hand_Right,16,1.000,,,
46,1.5000,hand_Right,17,1.000,,,
46,1.5000,hand_Right,18,1.000,,,
46,1.5000,hand_Right,19,1.000,,,
46,1.5000,hand_Right,20,1.000,,,
46,1.5000,hand_Left,0,1.000,-0.2428,0.0042,0.5860
46,1.5000,hand_Left,1,1.000,-0.2763,0.0011,0.5790
46,1.5000,hand_Left,2,1.000,-0.3006,-0.0079,0.5550
46,1.5000,hand_Left,3,1.000,-0.3202,-0.0079,0.5370
46,1.5000,hand_Left,4,1.000,-0.3435,-0.0027,0.5340
46,1.5000,hand_Left,5,1.000,-0.3233,-0.0407,0.5670
46,1.5000,hand_Left,6,1.000,-0.3481,-0.0438,0.5480
46,1.5000,hand_Left,7,1.000,-0.3672,-0.0396,0.5430
46,1.5000,hand_Left,8,1.000,-0.3779,-0.0321,0.5360
46,1.5000,hand_Left,9,1.000,-0.3188,-0.0325,0.5670
46,1.5000,hand_Left,10,1.000,-0.3364,-0.0304,0.5410
46,1.5000,hand_Left,11,1.000,-0.3529,-0.0248,0.5350
46,1.5000,hand_Left,12,1.000,-0.3626,-0.0166,0.5290
46,1.5000,hand_Left,13,1.000,-0.3097,-0.0211,0.5610
46,1.5000,hand_Left,14,1.000,-0.3234,-0.0157,0.5410
46,1.5000,hand_Left,15,1.000,-0.3377,-0.0111,0.5350
46,1.5000,hand_Left,16,1.000,-0.3514,-0.0061,0.5340
46,1.5000,hand_Left,17,1.000,-0.3007,-0.0108,0.5560
46,1.5000,hand_Left,18,1.000,-0.3137,-0.0064,0.5440
46,1.5000,hand_Left,19,1.000,-0.3218,-0.0017,0.5370
46,1.5000,hand_Left,20,1.000,-0.3301,0.0028,0.5350
47,1.5333,pose,0,0.976,,,
47,1.5333,pose,1,0.934,,,
47,1.5333,pose,2,0.952,,,
47,1.5333,pose,3,0.946,,,
47,1.5333,pose,4,0.952,,,
47,1.5333,pose,5,0.975,,,
47,1.5333,pose,6,0.974,,,
47,1.5333,pose,7,0.987,,,
47,1.5333,pose,8,0.976,,,
47,1.5333,pose,9,0.990,0.0834,-0.2326,0.4290
47,1.5333,pose,10,0.984,0.0474,-0.2410,0.4530
47,1.5333,pose,11,0.999,0.2492,-0.0954,0.3330
47,1.5333,pose,12,0.999,,,
47,1.5333,pose,13,0.949,,,
47,1.5333,pose,14,0.136,,,
47,1.5333,pose,15,0.961,,,
47,1.5333,pose,16,0.919,,,
47,1.5333,pose,17,0.970,,,
47,1.5333,pose,18,0.971,-0.3048,0.0120,0.5660
47,1.5333,pose,19,0.974,,,
47,1.5333,pose,20,0.975,-0.2977,0.0021,0.5610
47,1.5333,pose,21,0.951,,,
47,1.5333,pose,22,0.972,-0.2663,0.0129,0.5850
47,1.5333,pose,23,0.620,,,
47,1.5333,pose,24,0.603,,,
47,1.5333,pose,25,0.043,,,
47,1.5333,pose,26,0.006,,,
47,1.5333,pose,27,0.019,,,
47,1.5333,pose,28,0.003,,,
47,1.5333,pose,29,0.025,,,
47,1.5333,pose,30,0.008,,,
47,1.5333,pose,31,0.027,,,
47,1.5333,pose,32,0.004,,,
47,1.5333,hand_Right,0,1.000,,,
47,1.5333,hand_Right,1,1.000,,,
47,1.5333,hand_Right,2,1.000,,,
47,1.5333,hand_Right,3,1.000,,,
47,1.5333,hand_Right,4,1.000,,,
47,1.5333,hand_Right,5,1.000,,,
47,1.5333,hand_Right,6,1.000,,,
47,1.5333,hand_Right,7,1.000,,,
47,1.5333,hand_Right,8,1.000,,,
47,1.5333,hand_Right,9,1.000,,,
47,1.5333,hand_Right,10,1.000,,,
47,1.5333,hand_Right,11,1.000,,,
47,1.5333,hand_Right,12,1.000,,,
47,1.5333,hand_Right,13,1.000,,,
47,1.5333,hand_Right,14,1.000,,,
47,1.5333,hand_Right,15,1.000,,,
47,1.5333,hand_Right,16,1.000,,,
47,1.5333,hand_Right,17,1.000,,,
47,1.5333,hand_Right,18,1.000,,,
47,1.5333,hand_Right,19,1.000,,,
47,1.5333,hand_Right,20,1.000,,,
47,1.5333,hand_Left,0,1.000,-0.2432,0.0035,0.5860
47,1.5333,hand_Left,1,1.000,-0.2759,0.0007,0.5790
47,1.5333,hand_Left,2,1.000,-0.3010,-0.0079,0.5550
47,1.5333,hand_Left,3,1.000,-0.3203,-0.0079,0.5360
47,1.5333,hand_Left,4,1.000,-0.3437,-0.0031,0.5340
47,1.5333,hand_Left,5,1.000,-0.3235,-0.0411,0.5690
47,1.5333,hand_Left,6,1.000,-0.3482,-0.0437,0.5480
47,1.5333,hand_Left,7,1.000,-0.3671,-0.0387,0.5420
47,1.5333,hand_Left,8,1.000,-0.3778,-0.0311,0.5350
47,1.5333,hand_Left,9,1.000,-0.3191,-0.0339,0.5680
47,1.5333,hand_Left,10,1.000,-0.3365,-0.0317,0.5410
47,1.5333,hand_Left,11,1.000,-0.3531,-0.0254,0.5350
47,1.5333,hand_Left,12,1.000,-0.3629,-0.0167,0.5290
47,1.5333,hand_Left,13,1.000,-0.3114,-0.0238,0.5640
47,1.5333,hand_Left,14,1.000,-0.3241,-0.0181,0.5410
47,1.5333,hand_Left,15,1.000,-0.3382,-0.0128,0.5360
47,1.5333,hand_Left,16,1.000,-0.3510,-0.0075,0.5340
47,1.5333,hand_Left,17,1.000,-0.3010,-0.0146,0.5560
47,1.5333,hand_Left,18,1.000,-0.3135,-0.0097,0.5420
47,1.5333,hand_Left,19,1.000,-0.3214,-0.0040,0.5350
47,1.5333,hand_Left,20,1.000,-0.3313,0.0010,0.5350
48,1.5667,pose,0,0.977,,,
48,1.5667,pose,1,0.937,,,
48,1.5667,pose,2,0.955,,,
48,1.5667,pose,3,0.949,,,
48,1.5667,pose,4,0.954,,,
48,1.5667,pose,5,0.976,,,
48,1.5667,pose,6,0.975,,,
48,1.5667,pose,7,0.988,,,
48,1.5667,pose,8,0.977,,,
48,1.5667,pose,9,0.990,0.0835,-0.2332,0.4300
48,1.5667,pose,10,0.985,0.0474,-0.2408,0.4530
48,1.5667,pose,11,0.999,0.2492,-0.0955,0.3330
48,1.5667,pose,12,0.999,,,
48,1.5667,pose,13,0.951,,,
48,1.5667,pose,14,0.129,,,
48,1.5667,pose,15,0.962,,,
48,1.5667,pose,16,0.912,,,
48,1.5667,pose,17,0.971,,,
48,1.5667,pose,18,0.969,-0.3054,0.0245,0.5690
48,1.5667,pose,19,0.975,,,
48,1.5667,pose,20,0.973,-0.2826,0.0114,0.5765
48,1.5667,pose,21,0.953,,,
48,1.5667,pose,22,0.970,-0.2505,0.0182,0.5870
48,1.5667,pose,23,0.615,,,
48,1.5667,pose,24,0.593,,,
48,1.5667,pose,25,0.041,,,
48,1.5667,pose,26,0.006,,,
48,1.5667,pose,27,0.018,,,
48,1.5667,pose,28,0.003,,,
48,1.5667,pose,29,0.025,,,
48,1.5667,pose,30,0.008,,,
48,1.5667,pose,31,0.027,,,
48,1.5667,pose,32,0.004,,,
48,1.5667,hand_Right,0,1.000,,,
48,1.5667,hand_Right,1,1.000,,,
48,1.5667,hand_Right,2,1.000,,,
48,1.5667,hand_Right,3,1.000,,,
48,1.5667,hand_Right,4,1.000,,,
48,1.5667,hand_Right,5,1.000,,,
48,1.5667,hand_Right,6,1.000,,,
48,1.5667,hand_Right,7,1.000,,,
48,1.5667,hand_Right,8,1.000,,,
48,1.5667,hand_Right,9,1.000,,,
48,1.5667,hand_Right,10,1.000,,,
48,1.5667,hand_Right,11,1.000,,,
48,1.5667,hand_Right,12,1.000,,,
48,1.5667,hand_Right,13,1.000,,,
48,1.5667,hand_Right,14,1.000,,,
48,1.5667,hand_Right,15,1.000,,,
48,1.5667,hand_Right,16,1.000,,,
48,1.5667,hand_Right,17,1.000,,,
48,1.5667,hand_Right,18,1.000,,,
48,1.5667,hand_Right,19,1.000,,,
48,1.5667,hand_Right,20,1.000,,,
48,1.5667,hand_Left,0,1.000,-0.2453,0.0023,0.5860
48,1.5667,hand_Left,1,1.000,-0.2759,-0.0001,0.5770
48,1.5667,hand_Left,2,1.000,-0.3013,-0.0082,0.5560
48,1.5667,hand_Left,3,1.000,-0.3209,-0.0079,0.5380
48,1.5667,hand_Left,4,1.000,-0.3433,-0.0033,0.5340
48,1.5667,hand_Left,5,1.000,-0.3239,-0.0410,0.5670
48,1.5667,hand_Left,6,1.000,-0.3496,-0.0434,0.5480
48,1.5667,hand_Left,7,1.000,-0.3685,-0.0384,0.5420
48,1.5667,hand_Left,8,1.000,-0.3787,-0.0307,0.5350
48,1.5667,hand_Left,9,1.000,-0.3208,-0.0334,0.5670
48,1.5667,hand_Left,10,1.000,-0.3392,-0.0316,0.5410
48,1.5667,hand_Left,11,1.000,-0.3562,-0.0260,0.5350
48,1.5667,hand_Left,12,1.000,-0.3656,-0.0178,0.5280
48,1.5667,hand_Left,13,1.000,-0.3145,-0.0230,0.5640
48,1.5667,hand_Left,14,1.000,-0.3285,-0.0186,0.5420
48,1.5667,hand_Left,15,1.000,-0.3438,-0.0140,0.5370
48,1.5667,hand_Left,16,1.000,-0.3562,-0.0088,0.5330
48,1.5667,hand_Left,17,1.000,-0.3035,-0.0130,0.5540
48,1.5667,hand_Left,18,1.000,-0.3172,-0.0095,0.5410
48,1.5667,hand_Left,19,1.000,-0.3270,-0.0050,0.5350
48,1.5667,hand_Left,20,1.000,-0.3381,-0.0007,0.5350
49,1.6000,pose,0,0.978,,,
49,1.6000,pose,1,0.937,,,
49,1.6000,pose,2,0.955,,,
49,1.6000,pose,3,0.949,,,
49,1.6000,pose,4,0.955,,,
49,1.6000,pose,5,0.976,,,
49,1.6000,pose,6,0.975,,,
49,1.6000,pose,7,0.988,,,
49,1.6000,pose,8,0.978,,,
49,1.6000,pose,9,0.990,0.0835,-0.2323,0.4300
49,1.6000,pose,10,0.985,0.0476,-0.2403,0.4560
49,1.6000,pose,11,0.999,0.2494,-0.0940,0.3330
49,1.6000,pose,12,0.999,,,
49,1.6000,pose,13,0.951,,,
49,1.6000,pose,14,0.125,,,
49,1.6000,pose,15,0.963,,,
49,1.6000,pose,16,0.912,,,
49,1.6000,pose,17,0.972,,,
49,1.6000,pose,18,0.969,-0.3123,0.0234,0.5620
49,1.6000,pose,19,0.976,,,
49,1.6000,pose,20,0.974,-0.2865,0.0041,0.5690
49,1.6000,pose,21,0.955,,,
49,1.6000,pose,22,0.970,-0.2588,0.0160,0.5870
49,1.6000,pose,23,0.605,,,
49,1.6000,pose,24,0.583,,,
49,1.6000,pose,25,0.038,,,
49,1.6000,pose,26,0.005,,,
49,1.6000,pose,27,0.017,,,
49,1.6000,pose,28,0.003,,,
49,1.6000,pose,29,0.024,,,
49,1.6000,pose,30,0.007,,,
49,1.6000,pose,31,0.026,,,
49,1.6000,pose,32,0.004,,,
49,1.6000,hand_Right,0,1.000,,,
49,1.6000,hand_Right,1,1.000,,,
49,1.6000,hand_Right,2,1.000,,,
49,1.6000,hand_Right,3,1.000,,,
49,1.6000,hand_Right,4,1.000,,,
49,1.6000,hand_Right,5,1.000,,,
49,1.6000,hand_Right,6,1.000,,,
49,1.6000,hand_Right,7,1.000,,,
49,1.6000,hand_Right,8,1.000,,,
49,1.6000,hand_Right,9,1.000,,,
49,1.6000,hand_Right,10,1.000,,,
49,1.6000,hand_Right,11,1.000,,,
49,1.6000,hand_Right,12,1.000,,,
49,1.6000,hand_Right,13,1.000,,,
49,1.6000,hand_Right,14,1.000,,,
49,1.6000,hand_Right,15,1.000,,,
49,1.6000,hand_Right,16,1.000,,,
49,1.6000,hand_Right,17,1.000,,,
49,1.6000,hand_Right,18,1.000,,,
49,1.6000,hand_Right,19,1.000,,,
49,1.6000,hand_Right,20,1.000,,,
49,1.6000,hand_Left,0,1.000,-0.2435,0.0048,0.5870
49,1.6000,hand_Left,1,1.000,-0.2741,0.0004,0.5790
49,1.6000,hand_Left,2,1.000,-0.3000,-0.0082,0.5560
49,1.6000,hand_Left,3,1.000,-0.3209,-0.0079,0.5390
49,1.6000,hand_Left,4,1.000,-0.3434,-0.0030,0.5340
49,1.6000,hand_Left,5,1.000,-0.3243,-0.0410,0.5700
49,1.6000,hand_Left,6,1.000,-0.3478,-0.0434,0.5480
49,1.6000,hand_Left,7,1.000,-0.3662,-0.0393,0.5420
49,1.6000,hand_Left,8,1.000,-0.3776,-0.0319,0.5360
49,1.6000,hand_Left,9,1.000,-0.3187,-0.0320,0.5670
49,1.6000,hand_Left,10,1.000,-0.3363,-0.0303,0.5420
49,1.6000,hand_Left,11,1.000,-0.3527,-0.0247,0.5360
49,1.6000,hand_Left,12,1.000,-0.3624,-0.0167,0.5290
49,1.6000,hand_Left,13,1.000,-0.3083,-0.0203,0.5580
49,1.6000,hand_Left,14,1.000,-0.3226,-0.0150,0.5410
49,1.6000,hand_Left,15,1.000,-0.3359,-0.0107,0.5350
49,1.6000,hand_Left,16,1.000,-0.3500,-0.0065,0.5350
49,1.6000,hand_Left,17,1.000,-0.3009,-0.0107,0.5550
49,1.6000,hand_Left,18,1.000,-0.3133,-0.0057,0.5430
49,1.6000,hand_Left,19,1.000,-0.3224,-0.0007,0.5380
49,1.6000,hand_Left,20,1.000,-0.3328,0.0038,0.5390
50,1.6333,pose,0,0.978,,,
50,1.6333,pose,1,0.938,,,
50,1.6333,pose,2,0.956,,,
50,1.6333,pose,3,0.951,,,
50,1.6333,pose,4,0.956,,,
50,1.6333,pose,5,0.977,,,
50,1.6333,pose,6,0.976,,,
50,1.6333,pose,7,0.989,,,
50,1.6333,pose,8,0.979,,,
50,1.6333,pose,9,0.991,0.0837,-0.2323,0.4310
50,1.6333,pose,10,0.985,0.0475,-0.2394,0.4570
50,1.6333,pose,11,0.999,0.2493,-0.0941,0.3330
50,1.6333,pose,12,0.999,,,
50,1.6333,pose,13,0.949,,,
50,1.6333,pose,14,0.120,,,
50,1.6333,pose,15,0.961,,,
50,1.6333,pose,16,0.907,,,
50,1.6333,pose,17,0.971,,,
50,1.6333,pose,18,0.967,,,
50,1.6333,pose,19,0.975,,,
50,1.6333,pose,20,0.972,-0.2883,0.0041,0.5680
50,1.6333,pose,21,0.954,,,
50,1.6333,pose,22,0.969,-0.2494,0.0189,0.5880
50,1.6333,pose,23,0.578,,,
50,1.6333,pose,24,0.553,,,
50,1.6333,pose,25,0.035,,,
50,1.6333,pose,26,0.005,,,
50,1.6333,pose,27,0.017,,,
50,1.6333,pose,28,0.003,,,
50,1.6333,pose,29,0.023,,,
50,1.6333,pose,30,0.007,,,
50,1.6333,pose,31,0.025,,,
50,1.6333,pose,32,0.004,,,
50,1.6333,hand_Right,0,1.000,,,
50,1.6333,hand_Right,1,1.000,,,
50,1.6333,hand_Right,2,1.000,,,
50,1.6333,hand_Right,3,1.000,,,
50,1.6333,hand_Right,4,1.000,,,
50,1.6333,hand_Right,5,1.000,,,
50,1.6333,hand_Right,6,1.000,,,
50,1.6333,hand_Right,7,1.000,,,
50,1.6333,hand_Right,8,1.000,,,
50,1.6333,hand_Right,9,1.000,,,
50,1.6333,hand_Right,10,1.000,,,
50,1.6333,hand_Right,11,1.000,,,
50,1.6333,hand_Right,12,1.000,,,
50,1.6333,hand_Right,13,1.000,,,
50,1.6333,hand_Right,14,1.000,,,
50,1.6333,hand_Right,15,1.000,,,
50,1.6333,hand_Right,16,1.000,,,
50,1.6333,hand_Right,17,1.000,,,
50,1.6333,hand_Right,18,1.000,,,
50,1.6333,hand_Right,19,1.000,,,
50,1.6333,hand_Right,20,1.000,,,
50,1.6333,hand_Left,0,1.000,-0.2435,0.0035,0.5870
50,1.6333,hand_Left,1,1.000,-0.2744,0.0007,0.5790
50,1.6333,hand_Left,2,1.000,-0.2999,-0.0078,0.5560
50,1.6333,hand_Left,3,1.000,-0.3203,-0.0077,0.5380
50,1.6333,hand_Left,4,1.000,-0.3433,-0.0029,0.5340
50,1.6333,hand_Left,5,1.000,-0.3245,-0.0410,0.5700
50,1.6333,hand_Left,6,1.000,-0.3492,-0.0437,0.5480
50,1.6333,hand_Left,7,1.000,-0.3677,-0.0380,0.5420
50,1.6333,hand_Left,8,1.000,-0.3776,-0.0292,0.5340
50,1.6333,hand_Left,9,1.000,-0.3198,-0.0320,0.5680
50,1.6333,hand_Left,10,1.000,-0.3358,-0.0282,0.5390
50,1.6333,hand_Left,11,1.000,-0.3526,-0.0215,0.5330
50,1.6333,hand_Left,12,1.000,-0.3643,-0.0127,0.5290
50,1.6333,hand_Left,13,1.000,-0.3095,-0.0207,0.5600
50,1.6333,hand_Left,14,1.000,-0.3222,-0.0140,0.5390
50,1.6333,hand_Left,15,1.000,-0.3360,-0.0092,0.5350
50,1.6333,hand_Left,16,1.000,-0.3493,-0.0046,0.5340
50,1.6333,hand_Left,17,1.000,-0.3007,-0.0106,0.5550
50,1.6333,hand_Left,18,1.000,-0.3136,-0.0053,0.5430
50,1.6333,hand_Left,19,1.000,-0.3221,0.0001,0.5380
50,1.6333,hand_Left,20,1.000,-0.3326,0.0047,0.5400
51,1.6667,pose,0,0.979,,,
51,1.6667,pose,1,0.939,,,
51,1.6667,pose,2,0.957,,,
51,1.6667,pose,3,0.952,,,
51,1.6667,pose,4,0.957,,,
51,1.6667,pose,5,0.978,,,
51,1.6667,pose,6,0.977,,,
51,1.6667,pose,7,0.989,,,
51,1.6667,pose,8,0.979,,,
51,1.6667,pose,9,0.991,0.0837,-0.2330,0.4320
51,1.6667,pose,10,0.986,0.0466,-0.2399,0.4580
51,1.6667,pose,11,0.999,0.2492,-0.0942,0.3330
51,1.6667,pose,12,0.999,,,
51,1.6667,pose,13,0.946,,,
51,1.6667,pose,14,0.114,,,
51,1.6667,pose,15,0.961,,,
51,1.6667,pose,16,0.910,,,
51,1.6667,pose,17,0.972,,,
51,1.6667,pose,18,0.969,,,
51,1.6667,pose,19,0.976,,,
51,1.6667,pose,20,0.974,-0.2787,0.0055,0.5780
51,1.6667,pose,21,0.954,,,
51,1.6667,pose,22,0.971,-0.2408,0.0216,0.5880
51,1.6667,pose,23,0.538,,,
51,1.6667,pose,24,0.515,,,
51,1.6667,pose,25,0.032,,,
51,1.6667,pose,26,0.005,,,
51,1.6667,pose,27,0.016,,,
51,1.6667,pose,28,0.003,,,
51,1.6667,pose,29,0.022,,,
51,1.6667,pose,30,0.007,,,
51,1.6667,pose,31,0.024,,,
51,1.6667,pose,32,0.004,,,
51,1.6667,hand_Right,0,1.000,,,
51,1.6667,hand_Right,1,1.000,,,
51,1.6667,hand_Right,2,1.000,,,
51,1.6667,hand_Right,3,1.000,,,
51,1.6667,hand_Right,4,1.000,,,
51,1.6667,hand_Right,5,1.000,,,
51,1.6667,hand_Right,6,1.000,0.0114,-0.0398,0.3560
51,1.6667,hand_Right,7,1.000,,,
51,1.6667,hand_Right,8,1.000,,,
51,1.6667,hand_Right,9,1.000,,,
51,1.6667,hand_Right,10,1.000,,,
51,1.6667,hand_Right,11,1.000,,,
51,1.6667,hand_Right,12,1.000,,,
51,1.6667,hand_Right,13,1.000,,,
51,1.6667,hand_Right,14,1.000,,,
51,1.6667,hand_Right,15,1.000,,,
51,1.6667,hand_Right,16,1.000,,,
51,1.6667,hand_Right,17,1.000,,,
51,1.6667,hand_Right,18,1.000,,,
51,1.6667,hand_Right,19,1.000,,,
51,1.6667,hand_Right,20,1.000,,,
51,1.6667,hand_Left,0,1.000,-0.2423,0.0033,0.5850
51,1.6667,hand_Left,1,1.000,-0.2741,0.0007,0.5790
51,1.6667,hand_Left,2,1.000,-0.2998,-0.0078,0.5570
51,1.6667,hand_Left,3,1.000,-0.3197,-0.0081,0.5380
51,1.6667,hand_Left,4,1.000,-0.3431,-0.0029,0.5340
51,1.6667,hand_Left,5,1.000,-0.3244,-0.0409,0.5690
51,1.6667,hand_Left,6,1.000,-0.3503,-0.0442,0.5490
51,1.6667,hand_Left,7,1.000,-0.3686,-0.0384,0.5420
51,1.6667,hand_Left,8,1.000,-0.3768,-0.0293,0.5320
51,1.6667,hand_Left,9,1.000,-0.3202,-0.0324,0.5670
51,1.6667,hand_Left,10,1.000,-0.3391,-0.0309,0.5410
51,1.6667,hand_Left,11,1.000,-0.3551,-0.0244,0.5340
51,1.6667,hand_Left,12,1.000,-0.3642,-0.0155,0.5270
51,1.6667,hand_Left,13,1.000,-0.3121,-0.0214,0.5610
51,1.6667,hand_Left,14,1.000,-0.3279,-0.0175,0.5410
51,1.6667,hand_Left,15,1.000,-0.3421,-0.0120,0.5350
51,1.6667,hand_Left,16,1.000,-0.3558,-0.0063,0.5330
51,1.6667,hand_Left,17,1.000,-0.3037,-0.0111,0.5550
51,1.6667,hand_Left,18,1.000,-0.3178,-0.0073,0.5410
51,1.6667,hand_Left,19,1.000,-0.3272,-0.0025,0.5350
51,1.6667,hand_Left,20,1.000,-0.3378,0.0019,0.5350
52,1.7000,pose,0,0.978,,,
52,1.7000,pose,1,0.937,,,
52,1.7000,pose,2,0.956,,,
52,1.7000,pose,3,0.949,,,
52,1.7000,pose,4,0.956,,,
52,1.7000,pose,5,0.978,,,
52,1.7000,pose,6,0.976,,,
52,1.7000,pose,7,0.989,,,
52,1.7000,pose,8,0.980,,,
52,1.7000,pose,9,0.991,0.0843,-0.2360,0.4310
52,1.7000,pose,10,0.986,0.0438,-0.2415,0.4600
52,1.7000,pose,11,0.999,0.2480,-0.0944,0.3320
52,1.7000,pose,12,0.999,,,
52,1.7000,pose,13,0.936,,,
52,1.7000,pose,14,0.108,,,
52,1.7000,pose,15,0.959,,,
52,1.7000,pose,16,0.913,,,
52,1.7000,pose,17,0.972,,,
52,1.7000,pose,18,0.971,-0.3152,0.0232,0.5630
52,1.7000,pose,19,0.976,,,
52,1.7000,pose,20,0.975,-0.2884,-0.0009,0.5650
52,1.7000,pose,21,0.955,,,
52,1.7000,pose,22,0.972,-0.2478,0.0206,0.5880
52,1.7000,pose,23,0.495,,,
52,1.7000,pose,24,0.473,,,
52,1.7000,pose,25,0.029,,,
52,1.7000,pose,26,0.004,,,
52,1.7000,pose,27,0.015,,,
52,1.7000,pose,28,0.002,,,
52,1.7000,pose,29,0.021,,,
52,1.7000,pose,30,0.006,,,
52,1.7000,pose,31,0.023,,,
52,1.7000,pose,32,0.003,,,
52,1.7000,hand_Right,0,1.000,,,
52,1.7000,hand_Right,1,1.000,,,
52,1.7000,hand_Right,2,1.000,,,
52,1.7000,hand_Right,3,1.000,0.0302,-0.0582,0.5275
52,1.7000,hand_Right,4,1.000,,,
52,1.7000,hand_Right,5,1.000,,,
52,1.7000,hand_Right,6,1.000,0.0156,-0.0738,0.3610
52,1.7000,hand_Right,7,1.000,,,
52,1.7000,hand_Right,8,1.000,,,
52,1.7000,hand_Right,9,1.000,,,
52,1.7000,hand_Right,10,1.000,,,
52,1.7000,hand_Right,11,1.000,,,
52,1.7000,hand_Right,12,1.000,,,
52,1.7000,hand_Right,13,1.000,,,
52,1.7000,hand_Right,14,1.000,,,
52,1.7000,hand_Right,15,1.000,,,
52,1.7000,hand_Right,16,1.000,,,
52,1.7000,hand_Right,17,1.000,,,
52,1.7000,hand_Right,18,1.000,,,
52,1.7000,hand_Right,19,1.000,,,
52,1.7000,hand_Right,20,1.000,,,
52,1.7000,hand_Left,0,1.000,-0.2399,0.0044,0.5870
52,1.7000,hand_Left,1,1.000,-0.2724,-0.0007,0.5800
52,1.7000,hand_Left,2,1.000,-0.2989,-0.0090,0.5560
52,1.7000,hand_Left,3,1.000,-0.3192,-0.0081,0.5370
52,1.7000,hand_Left,4,1.000,-0.3428,-0.0026,0.5340
52,1.7000,hand_Left,5,1.000,-0.3220,-0.0409,0.5670
52,1.7000,hand_Left,6,1.000,-0.3480,-0.0435,0.5480
52,1.7000,hand_Left,7,1.000,-0.3664,-0.0384,0.5420
52,1.7000,hand_Left,8,1.000,-0.3777,-0.0301,0.5350
52,1.7000,hand_Left,9,1.000,-0.3184,-0.0307,0.5670
52,1.7000,hand_Left,10,1.000,-0.3355,-0.0275,0.5410
52,1.7000,hand_Left,11,1.000,-0.3505,-0.0211,0.5340
52,1.7000,hand_Left,12,1.000,-0.3609,-0.0125,0.5280
52,1.7000,hand_Left,13,1.000,-0.3064,-0.0184,0.5570
52,1.7000,hand_Left,14,1.000,-0.3192,-0.0115,0.5400
52,1.7000,hand_Left,15,1.000,-0.3300,-0.0073,0.5350
52,1.7000,hand_Left,16,1.000,-0.3418,-0.0032,0.5340
52,1.7000,hand_Left,17,1.000,-0.2991,-0.0079,0.5560
52,1.7000,hand_Left,18,1.000,-0.3117,-0.0022,0.5480
52,1.7000,hand_Left,19,1.000,-0.3183,0.0030,0.5440
52,1.7000,hand_Left,20,1.000,-0.3274,0.0072,0.5470
53,1.7333,pose,0,0.978,,,
53,1.7333,pose,1,0.934,,,
53,1.7333,pose,2,0.955,,,
53,1.7333,pose,3,0.947,,,
53,1.7333,pose,4,0.955,,,
53,1.7333,pose,5,0.978,,,
53,1.7333,pose,6,0.976,,,
53,1.7333,pose,7,0.988,,,
53,1.7333,pose,8,0.980,,,
53,1.7333,pose,9,0.991,0.0821,-0.2365,0.4320
53,1.7333,pose,10,0.986,,,
53,1.7333,pose,11,0.999,0.2458,-0.0947,0.3330
53,1.7333,pose,12,0.999,,,
53,1.7333,pose,13,0.913,,,
53,1.7333,pose,14,0.100,,,
53,1.7333,pose,15,0.950,,,
53,1.7333,pose,16,0.910,,,
53,1.7333,pose,17,0.970,,,
53,1.7333,pose,18,0.971,-0.3164,0.0137,0.5570
53,1.7333,pose,19,0.974,,,
53,1.7333,pose,20,0.975,-0.2959,-0.0059,0.5600
53,1.7333,pose,21,0.949,,,
53,1.7333,pose,22,0.972,-0.2472,0.0168,0.5860
53,1.7333,pose,23,0.457,,,
53,1.7333,pose,24,0.438,,,
53,1.7333,pose,25,0.027,,,
53,1.7333,pose,26,0.004,,,
53,1.7333,pose,27,0.014,,,
53,1.7333,pose,28,0.002,,,
53,1.7333,pose,29,0.020,,,
53,1.7333,pose,30,0.006,,,
53,1.7333,pose,31,0.022,,,
53,1.7333,pose,32,0.003,,,
53,1.7333,hand_Right,0,1.000,,,
53,1.7333,hand_Right,1,1.000,,,
53,1.7333,hand_Right,2,1.000,,,
53,1.7333,hand_Right,3,1.000,,,
53,1.7333,hand_Right,4,1.000,,,
53,1.7333,hand_Right,5,1.000,,,
53,1.7333,hand_Right,6,1.000,,,
53,1.7333,hand_Right,7,1.000,,,
53,1.7333,hand_Right,8,1.000,,,
53,1.7333,hand_Right,9,1.000,,,
53,1.7333,hand_Right,10,1.000,,,
53,1.7333,hand_Right,11,1.000,,,
53,1.7333,hand_Right,12,1.000,,,
53,1.7333,hand_Right,13,1.000,,,
53,1.7333,hand_Right,14,1.000,,,
53,1.7333,hand_Right,15,1.000,,,
53,1.7333,hand_Right,16,1.000,,,
53,1.7333,hand_Right,17,1.000,,,
53,1.7333,hand_Right,18,1.000,,,
53,1.7333,hand_Right,19,1.000,,,
53,1.7333,hand_Right,20,1.000,,,
53,1.7333,hand_Left,0,1.000,-0.2409,0.0044,0.5870
53,1.7333,hand_Left,1,1.000,-0.2732,0.0009,0.5810
53,1.7333,hand_Left,2,1.000,-0.2984,-0.0080,0.5560
53,1.7333,hand_Left,3,1.000,-0.3195,-0.0081,0.5380
53,1.7333,hand_Left,4,1.000,-0.3426,-0.0025,0.5340
53,1.7333,hand_Left,5,1.000,-0.3236,-0.0400,0.5690
53,1.7333,hand_Left,6,1.000,-0.3488,-0.0438,0.5480
53,1.7333,hand_Left,7,1.000,-0.3666,-0.0383,0.5410
53,1.7333,hand_Left,8,1.000,-0.3782,-0.0301,0.5350
53,1.7333,hand_Left,9,1.000,-0.3188,-0.0308,0.5670
53,1.7333,hand_Left,10,1.000,-0.3354,-0.0275,0.5390
53,1.7333,hand_Left,11,1.000,-0.3531,-0.0211,0.5350
53,1.7333,hand_Left,12,1.000,-0.3626,-0.0125,0.5280
53,1.7333,hand_Left,13,1.000,-0.3070,-0.0191,0.5570
53,1.7333,hand_Left,14,1.000,-0.3217,-0.0129,0.5390
53,1.7333,hand_Left,15,1.000,-0.3349,-0.0082,0.5340
53,1.7333,hand_Left,16,1.000,-0.3491,-0.0037,0.5340
53,1.7333,hand_Left,17,1.000,-0.2997,-0.0086,0.5560
53,1.7333,hand_Left,18,1.000,-0.3127,-0.0036,0.5440
53,1.7333,hand_Left,19,1.000,-0.3213,0.0015,0.5400
53,1.7333,hand_Left,20,1.000,-0.3311,0.0058,0.5410
54,1.7667,pose,0,0.978,,,
54,1.7667,pose,1,0.936,,,
54,1.7667,pose,2,0.956,,,
54,1.7667,pose,3,0.947,,,
54,1.7667,pose,4,0.956,,,
54,1.7667,pose,5,0.978,,,
54,1.7667,pose,6,0.977,,,
54,1.7667,pose,7,0.989,,,
54,1.7667,pose,8,0.981,,,
54,1.7667,pose,9,0.991,0.0750,-0.2257,0.4390
54,1.7667,pose,10,0.987,,,
54,1.7667,pose,11,0.999,0.2428,-0.0954,0.3320
54,1.7667,pose,12,0.999,,,
54,1.7667,pose,13,0.904,,,
54,1.7667,pose,14,0.096,,,
54,1.7667,pose,15,0.948,,,
54,1.7667,pose,16,0.913,,,
54,1.7667,pose,17,0.970,,,
54,1.7667,pose,18,0.972,-0.3175,0.0128,0.5570
54,1.7667,pose,19,0.974,,,
54,1.7667,pose,20,0.976,-0.3018,-0.0075,0.5540
54,1.7667,pose,21,0.949,,,
54,1.7667,pose,22,0.973,-0.2490,0.0124,0.5840
54,1.7667,pose,23,0.434,,,
54,1.7667,pose,24,0.420,,,
54,1.7667,pose,25,0.025,,,
54,1.7667,pose,26,0.004,,,
54,1.7667,pose,27,0.013,,,
54,1.7667,pose,28,0.002,,,
54,1.7667,pose,29,0.019,,,
54,1.7667,pose,30,0.006,,,
54,1.7667,pose,31,0.021,,,
54,1.7667,pose,32,0.003,,,
54,1.7667,hand_Right,0,1.000,,,
54,1.7667,hand_Right,1,1.000,,,
54,1.7667,hand_Right,2,1.000,,,
54,1.7667,hand_Right,3,1.000,,,
54,1.7667,hand_Right,4,1.000,,,
54,1.7667,hand_Right,5,1.000,,,
54,1.7667,hand_Right,6,1.000,0.2013,-1.2464,3.2110
54,1.7667,hand_Right,7,1.000,,,
54,1.7667,hand_Right,8,1.000,,,
54,1.7667,hand_Right,9,1.000,,,
54,1.7667,hand_Right,10,1.000,0.1708,-1.2297,3.2030
54,1.7667,hand_Right,11,1.000,,,
54,1.7667,hand_Right,12,1.000,,,
54,1.7667,hand_Right,13,1.000,,,
54,1.7667,hand_Right,14,1.000,,,
54,1.7667,hand_Right,15,1.000,,,
54,1.7667,hand_Right,16,1.000,,,
54,1.7667,hand_Right,17,1.000,,,
54,1.7667,hand_Right,18,1.000,,,
54,1.7667,hand_Right,19,1.000,,,
54,1.7667,hand_Right,20,1.000,,,
54,1.7667,hand_Left,0,1.000,-0.2424,0.0046,0.5880
54,1.7667,hand_Left,1,1.000,-0.2736,0.0010,0.5800
54,1.7667,hand_Left,2,1.000,-0.2990,-0.0078,0.5560
54,1.7667,hand_Left,3,1.000,-0.3201,-0.0079,0.5390
54,1.7667,hand_Left,4,1.000,-0.3422,-0.0027,0.5340
54,1.7667,hand_Left,5,1.000,-0.3239,-0.0405,0.5690
54,1.7667,hand_Left,6,1.000,-0.3486,-0.0445,0.5480
54,1.7667,hand_Left,7,1.000,-0.3667,-0.0389,0.5420
54,1.7667,hand_Left,8,1.000,-0.3758,-0.0302,0.5330
54,1.7667,hand_Left,9,1.000,-0.3197,-0.0317,0.5670
54,1.7667,hand_Left,10,1.000,-0.3366,-0.0290,0.5400
54,1.7667,hand_Left,11,1.000,-0.3529,-0.0225,0.5350
54,1.7667,hand_Left,12,1.000,-0.3617,-0.0138,0.5280
54,1.7667,hand_Left,13,1.000,-0.3092,-0.0202,0.5580
54,1.7667,hand_Left,14,1.000,-0.3242,-0.0144,0.5400
54,1.7667,hand_Left,15,1.000,-0.3371,-0.0094,0.5350
54,1.7667,hand_Left,16,1.000,-0.3502,-0.0045,0.5340
54,1.7667,hand_Left,17,1.000,-0.3015,-0.0101,0.5550
54,1.7667,hand_Left,18,1.000,-0.3143,-0.0052,0.5420
54,1.7667,hand_Left,19,1.000,-0.3225,0.0001,0.5370
54,1.7667,hand_Left,20,1.000,-0.3337,0.0048,0.5400
55,1.8000,pose,0,0.979,,,
55,1.8000,pose,1,0.939,,,
55,1.8000,pose,2,0.958,,,
55,1.8000,pose,3,0.949,,,
55,1.8000,pose,4,0.959,,,
55,1.8000,pose,5,0.980,,,
55,1.8000,pose,6,0.978,,,
55,1.8000,pose,7,0.989,,,
55,1.8000,pose,8,0.982,,,
55,1.8000,pose,9,0.991,,,
55,1.8000,pose,10,0.988,,,
55,1.8000,pose,11,0.999,0.2303,-0.1032,0.3350
55,1.8000,pose,12,0.999,,,
55,1.8000,pose,13,0.906,,,
55,1.8000,pose,14,0.099,-0.0299,0.1073,0.5130
55,1.8000,pose,15,0.951,,,
55,1.8000,pose,16,0.919,-0.2247,0.0327,0.5880
55,1.8000,pose,17,0.972,,,
55,1.8000,pose,18,0.974,-0.3144,0.0091,0.5510
55,1.8000,pose,19,0.976,,,
55,1.8000,pose,20,0.978,-0.3022,-0.0110,0.5540
55,1.8000,pose,21,0.952,,,
55,1.8000,pose,22,0.975,-0.2541,0.0054,0.5810
55,1.8000,pose,23,0.431,,,
55,1.8000,pose,24,0.421,,,
55,1.8000,pose,25,0.023,,,
55,1.8000,pose,26,0.003,,,
55,1.8000,pose,27,0.013,,,
55,1.8000,pose,28,0.002,,,
55,1.8000,pose,29,0.019,,,
55,1.8000,pose,30,0.006,,,
55,1.8000,pose,31,0.022,,,
55,1.8000,pose,32,0.003,,,
55,1.8000,hand_Right,0,1.000,,,
55,1.8000,hand_Right,1,1.000,,,
55,1.8000,hand_Right,2,1.000,,,
55,1.8000,hand_Right,3,1.000,,,
55,1.8000,hand_Right,4,1.000,,,
55,1.8000,hand_Right,5,1.000,,,
55,1.8000,hand_Right,6,1.000,,,
55,1.8000,hand_Right,7,1.000,,,
55,1.8000,hand_Right,8,1.000,,,
55,1.8000,hand_Right,9,1.000,,,
55,1.8000,hand_Right,10,1.000,,,
55,1.8000,hand_Right,11,1.000,,,
55,1.8000,hand_Right,12,1.000,,,
55,1.8000,hand_Right,13,1.000,,,
55,1.8000,hand_Right,14,1.000,,,
55,1.8000,hand_Right,15,1.000,,,
55,1.8000,hand_Right,16,1.000,,,
55,1.8000,hand_Right,17,1.000,,,
55,1.8000,hand_Right,18,1.000,,,
55,1.8000,hand_Right,19,1.000,,,
55,1.8000,hand_Right,20,1.000,,,
55,1.8000,hand_Left,0,1.000,-0.2440,0.0039,0.5860
55,1.8000,hand_Left,1,1.000,-0.2752,0.0011,0.5790
55,1.8000,hand_Left,2,1.000,-0.3002,-0.0076,0.5560
55,1.8000,hand_Left,3,1.000,-0.3200,-0.0077,0.5370
55,1.8000,hand_Left,4,1.000,-0.3435,-0.0027,0.5340
55,1.8000,hand_Left,5,1.000,-0.3243,-0.0411,0.5680
55,1.8000,hand_Left,6,1.000,-0.3498,-0.0448,0.5480
55,1.8000,hand_Left,7,1.000,-0.3681,-0.0395,0.5420
55,1.8000,hand_Left,8,1.000,-0.3786,-0.0313,0.5350
55,1.8000,hand_Left,9,1.000,-0.3211,-0.0331,0.5670
55,1.8000,hand_Left,10,1.000,-0.3389,-0.0315,0.5400
55,1.8000,hand_Left,11,1.000,-0.3550,-0.0252,0.5340
55,1.8000,hand_Left,12,1.000,-0.3645,-0.0165,0.5280
55,1.8000,hand_Left,13,1.000,-0.3141,-0.0224,0.5630
55,1.8000,hand_Left,14,1.000,-0.3274,-0.0182,0.5390
55,1.8000,hand_Left,15,1.000,-0.3430,-0.0128,0.5360
55,1.8000,hand_Left,16,1.000,-0.3562,-0.0070,0.5340
55,1.8000,hand_Left,17,1.000,-0.3039,-0.0122,0.5540
55,1.8000,hand_Left,18,1.000,-0.3176,-0.0083,0.5400
55,1.8000,hand_Left,19,1.000,-0.3270,-0.0033,0.5350
55,1.8000,hand_Left,20,1.000,-0.3374,0.0012,0.5350
56,1.8333,pose,0,0.980,,,
56,1.8333,pose,1,0.940,,,
56,1.8333,pose,2,0.959,,,
56,1.8333,pose,3,0.949,,,
56,1.8333,pose,4,0.959,,,
56,1.8333,pose,5,0.980,,,
56,1.8333,pose,6,0.978,,,
56,1.8333,pose,7,0.989,,,
56,1.8333,pose,8,0.982,,,
56,1.8333,pose,9,0.991,,,
56,1.8333,pose,10,0.988,,,
56,1.8333,pose,11,0.999,0.2034,-0.1034,0.3370
56,1.8333,pose,12,0.999,0.0055,-0.1215,0.6330
56,1.8333,pose,13,0.909,,,
56,1.8333,pose,14,0.104,-0.0543,0.1005,0.5420
56,1.8333,pose,15,0.955,,,
56,1.8333,pose,16,0.924,-0.2316,0.0262,0.5890
56,1.8333,pose,17,0.974,,,
56,1.8333,pose,18,0.975,-0.3179,0.0046,0.5480
56,1.8333,pose,19,0.977,,,
56,1.8333,pose,20,0.979,-0.3095,-0.0144,0.5500
56,1.8333,pose,21,0.955,0.0413,-0.1389,0.3570
56,1.8333,pose,22,0.976,-0.2740,-0.0009,0.5790
56,1.8333,pose,23,0.439,,,
56,1.8333,pose,24,0.433,,,
56,1.8333,pose,25,0.022,,,
56,1.8333,pose,26,0.003,,,
56,1.8333,pose,27,0.014,,,
56,1.8333,pose,28,0.002,,,
56,1.8333,pose,29,0.020,,,
56,1.8333,pose,30,0.006,,,
56,1.8333,pose,31,0.023,,,
56,1.8333,pose,32,0.003,,,
56,1.8333,hand_Right,0,1.000,,,
56,1.8333,hand_Right,1,1.000,,,
56,1.8333,hand_Right,2,1.000,,,
56,1.8333,hand_Right,3,1.000,,,
56,1.8333,hand_Right,4,1.000,,,
56,1.8333,hand_Right,5,1.000,,,
56,1.8333,hand_Right,6,1.000,,,
56,1.8333,hand_Right,7,1.000,,,
56,1.8333,hand_Right,8,1.000,,,
56,1.8333,hand_Right,9,1.000,,,
56,1.8333,hand_Right,10,1.000,,,
56,1.8333,hand_Right,11,1.000,,,
56,1.8333,hand_Right,12,1.000,,,
56,1.8333,hand_Right,13,1.000,,,
56,1.8333,hand_Right,14,1.000,,,
56,1.8333,hand_Right,15,1.000,,,
56,1.8333,hand_Right,16,1.000,,,
56,1.8333,hand_Right,17,1.000,,,
56,1.8333,hand_Right,18,1.000,,,
56,1.8333,hand_Right,19,1.000,,,
56,1.8333,hand_Right,20,1.000,,,
56,1.8333,hand_Left,0,1.000,-0.2421,0.0039,0.5860
56,1.8333,hand_Left,1,1.000,-0.2751,0.0002,0.5790
56,1.8333,hand_Left,2,1.000,-0.3007,-0.0084,0.5560
56,1.8333,hand_Left,3,1.000,-0.3195,-0.0076,0.5360
56,1.8333,hand_Left,4,1.000,-0.3437,-0.0024,0.5340
56,1.8333,hand_Left,5,1.000,-0.3244,-0.0409,0.5690
56,1.8333,hand_Left,6,1.000,-0.3491,-0.0442,0.5490
56,1.8333,hand_Left,7,1.000,-0.3666,-0.0396,0.5420
56,1.8333,hand_Left,8,1.000,-0.3778,-0.0316,0.5360
56,1.8333,hand_Left,9,1.000,-0.3193,-0.0319,0.5670
56,1.8333,hand_Left,10,1.000,-0.3366,-0.0303,0.5410
56,1.8333,hand_Left,11,1.000,-0.3523,-0.0247,0.5350
56,1.8333,hand_Left,12,1.000,-0.3629,-0.0164,0.5300
56,1.8333,hand_Left,13,1.000,-0.3087,-0.0202,0.5580
56,1.8333,hand_Left,14,1.000,-0.3231,-0.0154,0.5400
56,1.8333,hand_Left,15,1.000,-0.3367,-0.0111,0.5350
56,1.8333,hand_Left,16,1.000,-0.3510,-0.0062,0.5350
56,1.8333,hand_Left,17,1.000,-0.3009,-0.0103,0.5550
56,1.8333,hand_Left,18,1.000,-0.3130,-0.0061,0.5420
56,1.8333,hand_Left,19,1.000,-0.3215,-0.0015,0.5370
56,1.8333,hand_Left,20,1.000,-0.3305,0.0027,0.5360
57,1.8667,pose,0,0.973,,,
57,1.8667,pose,1,0.922,,,
57,1.8667,pose,2,0.940,,,
57,1.8667,pose,3,0.931,,,
57,1.8667,pose,4,0.953,,,
57,1.8667,pose,5,0.977,,,
57,1.8667,pose,6,0.977,,,
57,1.8667,pose,7,0.979,,,
57,1.8667,pose,8,0.980,,,
57,1.8667,pose,9,0.985,,,
57,1.8667,pose,10,0.984,,,
57,1.8667,pose,11,0.998,0.2082,-0.1019,0.3340
57,1.8667,pose,12,0.999,,,
57,1.8667,pose,13,0.853,,,
57,1.8667,pose,14,0.114,-0.0645,0.0705,0.6560
57,1.8667,pose,15,0.883,,,
57,1.8667,pose,16,0.920,-0.2384,0.0209,0.5880
57,1.8667,pose,17,0.912,,,
57,1.8667,pose,18,0.970,-0.3156,-0.0017,0.5440
57,1.8667,pose,19,0.918,,,
57,1.8667,pose,20,0.975,-0.3136,-0.0160,0.5465
57,1.8667,pose,21,0.890,,,
57,1.8667,pose,22,0.972,-0.2766,-0.0016,0.5760
57,1.8667,pose,23,0.443,,,
57,1.8667,pose,24,0.456,,,
57,1.8667,pose,25,0.021,,,
57,1.8667,pose,26,0.003,,,
57,1.8667,pose,27,0.013,,,
57,1.8667,pose,28,0.002,,,
57,1.8667,pose,29,0.018,,,
57,1.8667,pose,30,0.006,,,
57,1.8667,pose,31,0.022,,,
57,1.8667,pose,32,0.003,,,
57,1.8667,hand_Right,0,1.000,,,
57,1.8667,hand_Right,1,1.000,,,
57,1.8667,hand_Right,2,1.000,,,
57,1.8667,hand_Right,3,1.000,,,
57,1.8667,hand_Right,4,1.000,,,
57,1.8667,hand_Right,5,1.000,,,
57,1.8667,hand_Right,6,1.000,,,
57,1.8667,hand_Right,7,1.000,,,
57,1.8667,hand_Right,8,1.000,,,
57,1.8667,hand_Right,9,1.000,,,
57,1.8667,hand_Right,10,1.000,,,
57,1.8667,hand_Right,11,1.000,,,
57,1.8667,hand_Right,12,1.000,,,
57,1.8667,hand_Right,13,1.000,,,
57,1.8667,hand_Right,14,1.000,,,
57,1.8667,hand_Right,15,1.000,,,
57,1.8667,hand_Right,16,1.000,,,
57,1.8667,hand_Right,17,1.000,,,
57,1.8667,hand_Right,18,1.000,,,
57,1.8667,hand_Right,19,1.000,,,
57,1.8667,hand_Right,20,1.000,,,
57,1.8667,hand_Left,0,1.000,-0.2424,0.0036,0.5860
57,1.8667,hand_Left,1,1.000,-0.2745,0.0012,0.5790
57,1.8667,hand_Left,2,1.000,-0.3001,-0.0077,0.5560
57,1.8667,hand_Left,3,1.000,-0.3203,-0.0078,0.5380
57,1.8667,hand_Left,4,1.000,-0.3431,-0.0026,0.5340
57,1.8667,hand_Left,5,1.000,-0.3240,-0.0402,0.5680
57,1.8667,hand_Left,6,1.000,-0.3500,-0.0441,0.5490
57,1.8667,hand_Left,7,1.000,-0.3687,-0.0386,0.5430
57,1.8667,hand_Left,8,1.000,-0.3787,-0.0299,0.5350
57,1.8667,hand_Left,9,1.000,-0.3203,-0.0326,0.5680
57,1.8667,hand_Left,10,1.000,-0.3382,-0.0305,0.5410
57,1.8667,hand_Left,11,1.000,-0.3549,-0.0241,0.5350
57,1.8667,hand_Left,12,1.000,-0.3644,-0.0153,0.5280
57,1.8667,hand_Left,13,1.000,-0.3108,-0.0219,0.5610
57,1.8667,hand_Left,14,1.000,-0.3260,-0.0169,0.5410
57,1.8667,hand_Left,15,1.000,-0.3404,-0.0116,0.5350
57,1.8667,hand_Left,16,1.000,-0.3548,-0.0061,0.5340
57,1.8667,hand_Left,17,1.000,-0.3017,-0.0118,0.5550
57,1.8667,hand_Left,18,1.000,-0.3154,-0.0074,0.5420
57,1.8667,hand_Left,19,1.000,-0.3239,-0.0024,0.5350
57,1.8667,hand_Left,20,1.000,-0.3344,0.0021,0.5350
58,1.9000,pose,0,0.922,,,
58,1.9000,pose,1,0.850,,,
58,1.9000,pose,2,0.869,,,
58,1.9000,pose,3,0.859,,,
58,1.9000,pose,4,0.895,,,
58,1.9000,pose,5,0.932,,,
58,1.9000,pose,6,0.943,,,
58,1.9000,pose,7,0.926,,,
58,1.9000,pose,8,0.951,,,
58,1.9000,pose,9,0.951,,,
58,1.9000,pose,10,0.955,,,
58,1.9000,pose,11,0.995,0.2138,-0.1018,0.3340
58,1.9000,pose,12,0.999,,,
58,1.9000,pose,13,0.821,,,
58,1.9000,pose,14,0.113,-0.0627,0.0548,0.6520
58,1.9000,pose,15,0.851,,,
58,1.9000,pose,16,0.908,-0.2438,0.0049,0.5870
58,1.9000,pose,17,0.888,,,
58,1.9000,pose,18,0.961,-0.3153,-0.0094,0.5420
58,1.9000,pose,19,0.895,,,
58,1.9000,pose,20,0.966,-0.3227,-0.0193,0.5495
58,1.9000,pose,21,0.854,,,
58,1.9000,pose,22,0.963,-0.2892,-0.0065,0.5640
58,1.9000,pose,23,0.440,,,
58,1.9000,pose,24,0.469,,,
58,1.9000,pose,25,0.019,,,
58,1.9000,pose,26,0.003,,,
58,1.9000,pose,27,0.012,,,
58,1.9000,pose,28,0.002,,,
58,1.9000,pose,29,0.017,,,
58,1.9000,pose,30,0.006,,,
58,1.9000,pose,31,0.020,,,
58,1.9000,pose,32,0.003,,,
58,1.9000,hand_Left,0,1.000,-0.2446,0.0044,0.5870
58,1.9000,hand_Left,1,1.000,-0.2750,0.0004,0.5790
58,1.9000,hand_Left,2,1.000,-0.2998,-0.0082,0.5560
58,1.9000,hand_Left,3,1.000,-0.3201,-0.0081,0.5380
58,1.9000,hand_Left,4,1.000,-0.3427,-0.0027,0.5340
58,1.9000,hand_Left,5,1.000,-0.3253,-0.0404,0.5700
58,1.9000,hand_Left,6,1.000,-0.3500,-0.0443,0.5480
58,1.9000,hand_Left,7,1.000,-0.3681,-0.0385,0.5420
58,1.9000,hand_Left,8,1.000,-0.3774,-0.0294,0.5340
58,1.9000,hand_Left,9,1.000,-0.3209,-0.0311,0.5670
58,1.9000,hand_Left,10,1.000,-0.3375,-0.0287,0.5380
58,1.9000,hand_Left,11,1.000,-0.3536,-0.0221,0.5330
58,1.9000,hand_Left,12,1.000,-0.3629,-0.0132,0.5270
58,1.9000,hand_Left,13,1.000,-0.3109,-0.0197,0.5580
58,1.9000,hand_Left,14,1.000,-0.3251,-0.0146,0.5380
58,1.9000,hand_Left,15,1.000,-0.3391,-0.0095,0.5350
58,1.9000,hand_Left,16,1.000,-0.3514,-0.0042,0.5340
58,1.9000,hand_Left,17,1.000,-0.3032,-0.0099,0.5540
58,1.9000,hand_Left,18,1.000,-0.3167,-0.0054,0.5410
58,1.9000,hand_Left,19,1.000,-0.3250,-0.0004,0.5360
58,1.9000,hand_Left,20,1.000,-0.3341,0.0038,0.5360
59,1.9333,pose,0,0.898,,,
59,1.9333,pose,1,0.801,,,
59,1.9333,pose,2,0.816,,,
59,1.9333,pose,3,0.803,,,
59,1.9333,pose,4,0.871,,,
59,1.9333,pose,5,0.918,,,
59,1.9333,pose,6,0.936,,,
59,1.9333,pose,7,0.878,,,
59,1.9333,pose,8,0.946,,,
59,1.9333,pose,9,0.918,,,
59,1.9333,pose,10,0.940,,,
59,1.9333,pose,11,0.989,,,
59,1.9333,pose,12,0.999,,,
59,1.9333,pose,13,0.750,,,
59,1.9333,pose,14,0.152,-0.0522,0.0037,0.6710
59,1.9333,pose,15,0.774,,,
59,1.9333,pose,16,0.915,-0.2432,0.0079,0.5860
59,1.9333,pose,17,0.813,,,
59,1.9333,pose,18,0.963,-0.3131,-0.0110,0.5450
59,1.9333,pose,19,0.822,,,
59,1.9333,pose,20,0.968,-0.3192,-0.0171,0.5440
59,1.9333,pose,21,0.782,,,
59,1.9333,pose,22,0.965,-0.2889,0.0019,0.5670
59,1.9333,pose,23,0.467,,,
59,1.9333,pose,24,0.512,0.1110,0.1857,0.3610
59,1.9333,pose,25,0.018,,,
59,1.9333,pose,26,0.003,,,
59,1.9333,pose,27,0.012,,,
59,1.9333,pose,28,0.003,,,
59,1.9333,pose,29,0.016,,,
59,1.9333,pose,30,0.006,,,
59,1.9333,pose,31,0.019,,,
59,1.9333,pose,32,0.003,,,
59,1.9333,hand_Left,0,1.000,-0.2436,0.0040,0.5860
59,1.9333,hand_Left,1,1.000,-0.2749,-0.0005,0.5790
59,1.9333,hand_Left,2,1.000,-0.3005,-0.0088,0.5560
59,1.9333,hand_Left,3,1.000,-0.3201,-0.0080,0.5370
59,1.9333,hand_Left,4,1.000,-0.3425,-0.0022,0.5340
59,1.9333,hand_Left,5,1.000,-0.3241,-0.0408,0.5690
59,1.9333,hand_Left,6,1.000,-0.3493,-0.0439,0.5480
59,1.9333,hand_Left,7,1.000,-0.3673,-0.0388,0.5420
59,1.9333,hand_Left,8,1.000,-0.3775,-0.0302,0.5350
59,1.9333,hand_Left,9,1.000,-0.3204,-0.0306,0.5670
59,1.9333,hand_Left,10,1.000,-0.3369,-0.0284,0.5390
59,1.9333,hand_Left,11,1.000,-0.3525,-0.0223,0.5340
59,1.9333,hand_Left,12,1.000,-0.3623,-0.0138,0.5280
59,1.9333,hand_Left,13,1.000,-0.3092,-0.0187,0.5560
59,1.9333,hand_Left,14,1.000,-0.3234,-0.0132,0.5390
59,1.9333,hand_Left,15,1.000,-0.3348,-0.0087,0.5350
59,1.9333,hand_Left,16,1.000,-0.3464,-0.0042,0.5340
59,1.9333,hand_Left,17,1.000,-0.3021,-0.0087,0.5530
59,1.9333,hand_Left,18,1.000,-0.3152,-0.0039,0.5420
59,1.9333,hand_Left,19,1.000,-0.3235,0.0009,0.5390
59,1.9333,hand_Left,20,1.000,-0.3327,0.0048,0.5400
60,1.9667,pose,0,0.901,,,
60,1.9667,pose,1,0.800,,,
60,1.9667,pose,2,0.810,,,
60,1.9667,pose,3,0.800,,,
60,1.9667,pose,4,0.876,,,
60,1.9667,pose,5,0.921,,,
60,1.9667,pose,6,0.940,,,
60,1.9667,pose,7,0.869,,,
60,1.9667,pose,8,0.948,,,
60,1.9667,pose,9,0.911,,,
60,1.9667,pose,10,0.938,,,
60,1.9667,pose,11,0.982,,,
60,1.9667,pose,12,0.998,,,
60,1.9667,pose,13,0.689,,,
60,1.9667,pose,14,0.193,-0.0559,0.0100,0.6750
60,1.9667,pose,15,0.702,,,
60,1.9667,pose,16,0.911,-0.2584,0.0017,0.5830
60,1.9667,pose,17,0.739,,,
60,1.9667,pose,18,0.951,-0.3283,-0.0148,0.5360
60,1.9667,pose,19,0.748,,,
60,1.9667,pose,20,0.959,-0.3347,-0.0171,0.5360
60,1.9667,pose,21,0.712,,,
60,1.9667,pose,22,0.955,-0.3031,0.0016,0.5560
60,1.9667,pose,23,0.441,,,
60,1.9667,pose,24,0.507,,,
60,1.9667,pose,25,0.016,,,
60,1.9667,pose,26,0.003,,,
60,1.9667,pose,27,0.011,,,
60,1.9667,pose,28,0.002,,,
60,1.9667,pose,29,0.015,,,
60,1.9667,pose,30,0.005,,,
60,1.9667,pose,31,0.018,,,
60,1.9667,pose,32,0.003,,,
60,1.9667,hand_Left,0,1.000,-0.2461,0.0040,0.5870
60,1.9667,hand_Left,1,1.000,-0.2758,-0.0007,0.5790
60,1.9667,hand_Left,2,1.000,-0.3003,-0.0088,0.5560
60,1.9667,hand_Left,3,1.000,-0.3197,-0.0077,0.5370
60,1.9667,hand_Left,4,1.000,-0.3430,-0.0021,0.5340
60,1.9667,hand_Left,5,1.000,-0.3243,-0.0407,0.5670
60,1.9667,hand_Left,6,1.000,-0.3511,-0.0441,0.5490
60,1.9667,hand_Left,7,1.000,-0.3692,-0.0389,0.5430
60,1.9667,hand_Left,8,1.000,-0.3782,-0.0299,0.5340
60,1.9667,hand_Left,9,1.000,-0.3213,-0.0305,0.5650
60,1.9667,hand_Left,10,1.000,-0.3396,-0.0290,0.5390
60,1.9667,hand_Left,11,1.000,-0.3562,-0.0236,0.5340
60,1.9667,hand_Left,12,1.000,-0.3668,-0.0156,0.5280
60,1.9667,hand_Left,13,1.000,-0.3122,-0.0186,0.5560
60,1.9667,hand_Left,14,1.000,-0.3267,-0.0148,0.5360
60,1.9667,hand_Left,15,1.000,-0.3422,-0.0109,0.5350
60,1.9667,hand_Left,16,1.000,-0.3542,-0.0063,0.5320
60,1.9667,hand_Left,17,1.000,-0.3049,-0.0084,0.5510
60,1.9667,hand_Left,18,1.000,-0.3184,-0.0050,0.5370
60,1.9667,hand_Left,19,1.000,-0.3296,-0.0014,0.5350
60,1.9667,hand_Left,20,1.000,-0.3406,0.0015,0.5350
61,2.0000,pose,0,0.908,,,
61,2.0000,pose,1,0.812,,,
61,2.0000,pose,2,0.821,,,
61,2.0000,pose,3,0.811,,,
61,2.0000,pose,4,0.885,,,
61,2.0000,pose,5,0.927,,,
61,2.0000,pose,6,0.945,,,
61,2.0000,pose,7,0.878,,,
61,2.0000,pose,8,0.953,,,
61,2.0000,pose,9,0.915,,,
61,2.0000,pose,10,0.941,,,
61,2.0000,pose,11,0.981,,,
61,2.0000,pose,12,0.998,,,
61,2.0000,pose,13,0.628,,,
61,2.0000,pose,14,0.216,-0.0516,0.0165,0.6770
61,2.0000,pose,15,0.633,,,
61,2.0000,pose,16,0.917,-0.2597,-0.0003,0.5840
61,2.0000,pose,17,0.667,,,
61,2.0000,pose,18,0.953,-0.3300,-0.0139,0.5370
61,2.0000,pose,19,0.676,,,
61,2.0000,pose,20,0.961,-0.3397,-0.0170,0.5390
61,2.0000,pose,21,0.644,,,
61,2.0000,pose,22,0.957,-0.3071,0.0013,0.5560
61,2.0000,pose,23,0.441,,,
61,2.0000,pose,24,0.529,,,
61,2.0000,pose,25,0.016,,,
61,2.0000,pose,26,0.003,,,
61,2.0000,pose,27,0.011,,,
61,2.0000,pose,28,0.002,,,
61,2.0000,pose,29,0.015,,,
61,2.0000,pose,30,0.005,,,
61,2.0000,pose,31,0.017,,,
61,2.0000,pose,32,0.003,,,
61,2.0000,hand_Left,0,1.000,-0.2447,0.0042,0.5860
61,2.0000,hand_Left,1,1.000,-0.2745,-0.0012,0.5790
61,2.0000,hand_Left,2,1.000,-0.2999,-0.0089,0.5560
61,2.0000,hand_Left,3,1.000,-0.3202,-0.0080,0.5380
61,2.0000,hand_Left,4,1.000,-0.3422,-0.0029,0.5340
61,2.0000,hand_Left,5,1.000,-0.3240,-0.0413,0.5690
61,2.0000,hand_Left,6,1.000,-0.3499,-0.0445,0.5480
61,2.0000,hand_Left,7,1.000,-0.3679,-0.0388,0.5420
61,2.0000,hand_Left,8,1.000,-0.3780,-0.0296,0.5340
61,2.0000,hand_Left,9,1.000,-0.3208,-0.0309,0.5660
61,2.0000,hand_Left,10,1.000,-0.3382,-0.0287,0.5390
61,2.0000,hand_Left,11,1.000,-0.3542,-0.0218,0.5330
61,2.0000,hand_Left,12,1.000,-0.3661,-0.0127,0.5280
61,2.0000,hand_Left,13,1.000,-0.3107,-0.0190,0.5560
61,2.0000,hand_Left,14,1.000,-0.3243,-0.0137,0.5370
61,2.0000,hand_Left,15,1.000,-0.3365,-0.0080,0.5340
61,2.0000,hand_Left,16,1.000,-0.3487,-0.0025,0.5340
61,2.0000,hand_Left,17,1.000,-0.3039,-0.0093,0.5530
61,2.0000,hand_Left,18,1.000,-0.3170,-0.0044,0.5410
61,2.0000,hand_Left,19,1.000,-0.3250,0.0013,0.5370
61,2.0000,hand_Left,20,1.000,-0.3361,0.0063,0.5410
62,2.0333,pose,0,0.898,,,
62,2.0333,pose,1,0.774,,,
62,2.0333,pose,2,0.788,,,
62,2.0333,pose,3,0.769,,,
62,2.0333,pose,4,0.865,,,
62,2.0333,pose,5,0.920,,,
62,2.0333,pose,6,0.938,,,
62,2.0333,pose,7,0.862,,,
62,2.0333,pose,8,0.950,,,
62,2.0333,pose,9,0.896,,,
62,2.0333,pose,10,0.928,,,
62,2.0333,pose,11,0.979,,,
62,2.0333,pose,12,0.998,,,
62,2.0333,pose,13,0.570,,,
62,2.0333,pose,14,0.216,,,
62,2.0333,pose,15,0.571,,,
62,2.0333,pose,16,0.922,-0.2472,0.0104,0.5850
62,2.0333,pose,17,0.603,,,
62,2.0333,pose,18,0.956,-0.3261,-0.0097,0.5350
62,2.0333,pose,19,0.612,,,
62,2.0333,pose,20,0.963,-0.3325,-0.0161,0.5380
62,2.0333,pose,21,0.584,,,
62,2.0333,pose,22,0.960,-0.3013,0.0060,0.5630
62,2.0333,pose,23,0.409,,,
62,2.0333,pose,24,0.505,,,
62,2.0333,pose,25,0.014,,,
62,2.0333,pose,26,0.003,,,
62,2.0333,pose,27,0.010,,,
62,2.0333,pose,28,0.002,,,
62,2.0333,pose,29,0.013,,,
62,2.0333,pose,30,0.005,,,
62,2.0333,pose,31,0.015,,,
62,2.0333,pose,32,0.003,,,
62,2.0333,hand_Left,0,1.000,-0.2439,0.0044,0.5870
62,2.0333,hand_Left,1,1.000,-0.2745,0.0001,0.5790
62,2.0333,hand_Left,2,1.000,-0.2997,-0.0083,0.5560
62,2.0333,hand_Left,3,1.000,-0.3193,-0.0079,0.5370
62,2.0333,hand_Left,4,1.000,-0.3424,-0.0026,0.5340
62,2.0333,hand_Left,5,1.000,-0.3239,-0.0405,0.5680
62,2.0333,hand_Left,6,1.000,-0.3495,-0.0435,0.5480
62,2.0333,hand_Left,7,1.000,-0.3675,-0.0385,0.5420
62,2.0333,hand_Left,8,1.000,-0.3772,-0.0302,0.5340
62,2.0333,hand_Left,9,1.000,-0.3204,-0.0312,0.5670
62,2.0333,hand_Left,10,1.000,-0.3385,-0.0281,0.5410
62,2.0333,hand_Left,11,1.000,-0.3537,-0.0213,0.5350
62,2.0333,hand_Left,12,1.000,-0.3630,-0.0125,0.5280
62,2.0333,hand_Left,13,1.000,-0.3103,-0.0197,0.5580
62,2.0333,hand_Left,14,1.000,-0.3229,-0.0136,0.5370
62,2.0333,hand_Left,15,1.000,-0.3355,-0.0084,0.5340
62,2.0333,hand_Left,16,1.000,-0.3478,-0.0035,0.5340
62,2.0333,hand_Left,17,1.000,-0.3028,-0.0100,0.5540
62,2.0333,hand_Left,18,1.000,-0.3161,-0.0048,0.5420
62,2.0333,hand_Left,19,1.000,-0.3234,0.0006,0.5360
62,2.0333,hand_Left,20,1.000,-0.3348,0.0052,0.5400
63,2.0667,pose,0,0.890,,,
63,2.0667,pose,1,0.735,,,
63,2.0667,pose,2,0.757,,,
63,2.0667,pose,3,0.726,,,
63,2.0667,pose,4,0.845,,,
63,2.0667,pose,5,0.915,,,
63,2.0667,pose,6,0.932,,,
63,2.0667,pose,7,0.846,,,
63,2.0667,pose,8,0.949,,,
63,2.0667,pose,9,0.879,,,
63,2.0667,pose,10,0.918,,,
63,2.0667,pose,11,0.978,,,
63,2.0667,pose,12,0.998,,,
63,2.0667,pose,13,0.522,,,
63,2.0667,pose,14,0.240,,,
63,2.0667,pose,15,0.517,,,
63,2.0667,pose,16,0.929,-0.2420,0.0133,0.5870
63,2.0667,pose,17,0.554,,,
63,2.0667,pose,18,0.960,-0.3214,-0.0072,0.5370
63,2.0667,pose,19,0.567,,,
63,2.0667,pose,20,0.967,-0.3268,-0.0143,0.5370
63,2.0667,pose,21,0.544,,,
63,2.0667,pose,22,0.963,-0.2994,0.0084,0.5650
63,2.0667,pose,23,0.393,,,
63,2.0667,pose,24,0.507,,,
63,2.0667,pose,25,0.013,,,
63,2.0667,pose,26,0.003,,,
63,2.0667,pose,27,0.009,,,
63,2.0667,pose,28,0.003,,,
63,2.0667,pose,29,0.013,,,
63,2.0667,pose,30,0.005,,,
63,2.0667,pose,31,0.015,,,
63,2.0667,pose,32,0.003,,,
63,2.0667,hand_Left,0,1.000,-0.2431,0.0039,0.5870
63,2.0667,hand_Left,1,1.000,-0.2749,0.0009,0.5790
63,2.0667,hand_Left,2,1.000,-0.3001,-0.0075,0.5560
63,2.0667,hand_Left,3,1.000,-0.3201,-0.0078,0.5380
63,2.0667,hand_Left,4,1.000,-0.3431,-0.0027,0.5340
63,2.0667,hand_Left,5,1.000,-0.3236,-0.0404,0.5670
63,2.0667,hand_Left,6,1.000,-0.3496,-0.0434,0.5480
63,2.0667,hand_Left,7,1.000,-0.3674,-0.0379,0.5420
63,2.0667,hand_Left,8,1.000,-0.3762,-0.0289,0.5330
63,2.0667,hand_Left,9,1.000,-0.3193,-0.0318,0.5670
63,2.0667,hand_Left,10,1.000,-0.3354,-0.0275,0.5380
63,2.0667,hand_Left,11,1.000,-0.3515,-0.0203,0.5330
63,2.0667,hand_Left,12,1.000,-0.3616,-0.0111,0.5280
63,2.0667,hand_Left,13,1.000,-0.3092,-0.0204,0.5600
63,2.0667,hand_Left,14,1.000,-0.3212,-0.0130,0.5390
63,2.0667,hand_Left,15,1.000,-0.3331,-0.0076,0.5340
63,2.0667,hand_Left,16,1.000,-0.3451,-0.0022,0.5340
63,2.0667,hand_Left,17,1.000,-0.3005,-0.0104,0.5550
63,2.0667,hand_Left,18,1.000,-0.3131,-0.0043,0.5440
63,2.0667,hand_Left,19,1.000,-0.3215,0.0014,0.5400
63,2.0667,hand_Left,20,1.000,-0.3309,0.0066,0.5420
64,2.1000,pose,0,0.872,,,
64,2.1000,pose,1,0.688,,,
64,2.1000,pose,2,0.716,,,
64,2.1000,pose,3,0.676,,,
64,2.1000,pose,4,0.815,,,
64,2.1000,pose,5,0.903,,,
64,2.1000,pose,6,0.920,,,
64,2.1000,pose,7,0.823,,,
64,2.1000,pose,8,0.947,,,
64,2.1000,pose,9,0.853,,,
64,2.1000,pose,10,0.905,,,
64,2.1000,pose,11,0.975,,,
64,2.1000,pose,12,0.998,,,
64,2.1000,pose,13,0.475,,,
64,2.1000,pose,14,0.257,,,
64,2.1000,pose,15,0.467,,,
64,2.1000,pose,16,0.936,-0.2404,0.0134,0.5870
64,2.1000,pose,17,0.502,,,
64,2.1000,pose,18,0.964,-0.3216,-0.0084,0.5370
64,2.1000,pose,19,0.514,,,
64,2.1000,pose,20,0.970,-0.3283,-0.0148,0.5390
64,2.1000,pose,21,0.494,,,
64,2.1000,pose,22,0.967,-0.2978,0.0079,0.5640
64,2.1000,pose,23,0.370,,,
64,2.1000,pose,24,0.496,,,
64,2.1000,pose,25,0.012,,,
64,2.1000,pose,26,0.003,,,
64,2.1000,pose,27,0.009,,,
64,2.1000,pose,28,0.003,,,
64,2.1000,pose,29,0.013,,,
64,2.1000,pose,30,0.005,,,
64,2.1000,pose,31,0.014,,,
64,2.1000,pose,32,0.003,,,
64,2.1000,hand_Left,0,1.000,-0.2445,0.0037,0.5870
64,2.1000,hand_Left,1,1.000,-0.2751,0.0002,0.5790
64,2.1000,hand_Left,2,1.000,-0.2998,-0.0084,0.5560
64,2.1000,hand_Left,3,1.000,-0.3209,-0.0082,0.5390
64,2.1000,hand_Left,4,1.000,-0.3436,-0.0024,0.5340
64,2.1000,hand_Left,5,1.000,-0.3238,-0.0401,0.5670
64,2.1000,hand_Left,6,1.000,-0.3503,-0.0437,0.5480
64,2.1000,hand_Left,7,1.000,-0.3685,-0.0380,0.5420
64,2.1000,hand_Left,8,1.000,-0.3771,-0.0290,0.5330
64,2.1000,hand_Left,9,1.000,-0.3210,-0.0314,0.5670
64,2.1000,hand_Left,10,1.000,-0.3380,-0.0287,0.5380
64,2.1000,hand_Left,11,1.000,-0.3561,-0.0224,0.5350
64,2.1000,hand_Left,12,1.000,-0.3650,-0.0135,0.5280
64,2.1000,hand_Left,13,1.000,-0.3104,-0.0200,0.5570
64,2.1000,hand_Left,14,1.000,-0.3263,-0.0151,0.5390
64,2.1000,hand_Left,15,1.000,-0.3405,-0.0100,0.5350
64,2.1000,hand_Left,16,1.000,-0.3537,-0.0047,0.5340
64,2.1000,hand_Left,17,1.000,-0.3036,-0.0098,0.5540
64,2.1000,hand_Left,18,1.000,-0.3174,-0.0059,0.5410
64,2.1000,hand_Left,19,1.000,-0.3267,-0.0013,0.5360
64,2.1000,hand_Left,20,1.000,-0.3368,0.0028,0.5360
65,2.1333,pose,0,0.843,,,
65,2.1333,pose,1,0.640,,,
65,2.1333,pose,2,0.670,,,
65,2.1333,pose,3,0.625,,,
65,2.1333,pose,4,0.783,,,
65,2.1333,pose,5,0.889,,,
65,2.1333,pose,6,0.906,,,
65,2.1333,pose,7,0.788,,,
65,2.1333,pose,8,0.946,,,
65,2.1333,pose,9,0.808,,,
65,2.1333,pose,10,0.882,,,
65,2.1333,pose,11,0.954,,,
65,2.1333,pose,12,0.998,,,
65,2.1333,pose,13,0.430,,,
65,2.1333,pose,14,0.272,-0.1271,0.0429,0.6460
65,2.1333,pose,15,0.421,,,
65,2.1333,pose,16,0.941,-0.2454,0.0135,0.5850
65,2.1333,pose,17,0.454,,,
65,2.1333,pose,18,0.967,-0.3240,-0.0100,0.5360
65,2.1333,pose,19,0.466,,,
65,2.1333,pose,20,0.972,-0.3261,-0.0147,0.5380
65,2.1333,pose,21,0.449,,,
65,2.1333,pose,22,0.970,-0.2968,0.0073,0.5640
65,2.1333,pose,23,0.339,,,
65,2.1333,pose,24,0.469,,,
65,2.1333,pose,25,0.012,,,
65,2.1333,pose,26,0.003,,,
65,2.1333,pose,27,0.009,,,
65,2.1333,pose,28,0.003,,,
65,2.1333,pose,29,0.013,,,
65,2.1333,pose,30,0.005,,,
65,2.1333,pose,31,0.014,,,
65,2.1333,pose,32,0.003,,,
65,2.1333,hand_Left,0,1.000,-0.2438,0.0042,0.5840
65,2.1333,hand_Left,1,1.000,-0.2754,-0.0003,0.5790
65,2.1333,hand_Left,2,1.000,-0.3001,-0.0084,0.5560
65,2.1333,hand_Left,3,1.000,-0.3204,-0.0079,0.5380
65,2.1333,hand_Left,4,1.000,-0.3427,-0.0028,0.5340
65,2.1333,hand_Left,5,1.000,-0.3239,-0.0406,0.5690
65,2.1333,hand_Left,6,1.000,-0.3504,-0.0441,0.5490
65,2.1333,hand_Left,7,1.000,-0.3682,-0.0384,0.5420
65,2.1333,hand_Left,8,1.000,-0.3765,-0.0293,0.5320
65,2.1333,hand_Left,9,1.000,-0.3200,-0.0309,0.5660
65,2.1333,hand_Left,10,1.000,-0.3387,-0.0287,0.5400
65,2.1333,hand_Left,11,1.000,-0.3545,-0.0218,0.5340
65,2.1333,hand_Left,12,1.000,-0.3646,-0.0126,0.5280
65,2.1333,hand_Left,13,1.000,-0.3110,-0.0196,0.5580
65,2.1333,hand_Left,14,1.000,-0.3250,-0.0143,0.5380
65,2.1333,hand_Left,15,1.000,-0.3382,-0.0088,0.5350
65,2.1333,hand_Left,16,1.000,-0.3500,-0.0033,0.5340
65,2.1333,hand_Left,17,1.000,-0.3035,-0.0097,0.5530
65,2.1333,hand_Left,18,1.000,-0.3176,-0.0051,0.5410
65,2.1333,hand_Left,19,1.000,-0.3260,0.0001,0.5360
65,2.1333,hand_Left,20,1.000,-0.3378,0.0046,0.5400
66,2.1667,pose,0,0.832,,,
66,2.1667,pose,1,0.617,,,
66,2.1667,pose,2,0.650,,,
66,2.1667,pose,3,0.596,,,
66,2.1667,pose,4,0.776,,,
66,2.1667,pose,5,0.888,,,
66,2.1667,pose,6,0.906,,,
66,2.1667,pose,7,0.778,,,
66,2.1667,pose,8,0.948,,,
66,2.1667,pose,9,0.790,,,
66,2.1667,pose,10,0.876,,,
66,2.1667,pose,11,0.950,,,
66,2.1667,pose,12,0.998,,,
66,2.1667,pose,13,0.397,,,
66,2.1667,pose,14,0.313,-0.1003,0.0412,0.6520
66,2.1667,pose,15,0.380,,,
66,2.1667,pose,16,0.946,-0.2466,0.0260,0.5880
66,2.1667,pose,17,0.412,,,
66,2.1667,pose,18,0.970,-0.3149,-0.0061,0.5420
66,2.1667,pose,19,0.424,,,
66,2.1667,pose,20,0.975,-0.3200,-0.0114,0.5390
66,2.1667,pose,21,0.411,,,
66,2.1667,pose,22,0.972,-0.2905,0.0114,0.5685
66,2.1667,pose,23,0.360,,,
66,2.1667,pose,24,0.507,,,
66,2.1667,pose,25,0.013,,,
66,2.1667,pose,26,0.005,,,
66,2.1667,pose,27,0.010,,,
66,2.1667,pose,28,0.005,,,
66,2.1667,pose,29,0.014,,,
66,2.1667,pose,30,0.007,,,
66,2.1667,pose,31,0.015,,,
66,2.1667,pose,32,0.005,,,
66,2.1667,hand_Left,0,1.000,-0.2452,0.0038,0.5860
66,2.1667,hand_Left,1,1.000,-0.2762,0.0003,0.5790
66,2.1667,hand_Left,2,1.000,-0.3007,-0.0080,0.5560
66,2.1667,hand_Left,3,1.000,-0.3195,-0.0078,0.5360
66,2.1667,hand_Left,4,1.000,-0.3429,-0.0026,0.5340
66,2.1667,hand_Left,5,1.000,-0.3236,-0.0406,0.5680
66,2.1667,hand_Left,6,1.000,-0.3494,-0.0440,0.5470
66,2.1667,hand_Left,7,1.000,-0.3683,-0.0385,0.5420
66,2.1667,hand_Left,8,1.000,-0.3778,-0.0295,0.5340
66,2.1667,hand_Left,9,1.000,-0.3196,-0.0313,0.5660
66,2.1667,hand_Left,10,1.000,-0.3379,-0.0288,0.5400
66,2.1667,hand_Left,11,1.000,-0.3539,-0.0217,0.5350
66,2.1667,hand_Left,12,1.000,-0.3636,-0.0125,0.5290
66,2.1667,hand_Left,13,1.000,-0.3102,-0.0201,0.5580
66,2.1667,hand_Left,14,1.000,-0.3236,-0.0144,0.5390
66,2.1667,hand_Left,15,1.000,-0.3354,-0.0090,0.5350
66,2.1667,hand_Left,16,1.000,-0.3464,-0.0036,0.5340
66,2.1667,hand_Left,17,1.000,-0.3030,-0.0101,0.5540
66,2.1667,hand_Left,18,1.000,-0.3161,-0.0051,0.5420
66,2.1667,hand_Left,19,1.000,-0.3238,0.0004,0.5370
66,2.1667,hand_Left,20,1.000,-0.3336,0.0049,0.5390
67,2.2000,pose,0,0.809,,,
67,2.2000,pose,1,0.584,,,
67,2.2000,pose,2,0.618,,,
67,2.2000,pose,3,0.560,,,
67,2.2000,pose,4,0.756,,,
67,2.2000,pose,5,0.878,,,
67,2.2000,pose,6,0.901,,,
67,2.2000,pose,7,0.756,,,
67,2.2000,pose,8,0.947,,,
67,2.2000,pose,9,0.770,,,
67,2.2000,pose,10,0.868,,,
67,2.2000,pose,11,0.946,,,
67,2.2000,pose,12,0.998,,,
67,2.2000,pose,13,0.364,,,
67,2.2000,pose,14,0.339,-0.1241,0.0413,0.6510
67,2.2000,pose,15,0.343,,,
67,2.2000,pose,16,0.951,-0.2517,0.0288,0.5880
67,2.2000,pose,17,0.375,,,
67,2.2000,pose,18,0.972,-0.3195,0.0030,0.5420
67,2.2000,pose,19,0.388,,,
67,2.2000,pose,20,0.977,-0.3204,-0.0001,0.5400
67,2.2000,pose,21,0.376,,,
67,2.2000,pose,22,0.974,-0.3054,0.0173,0.5980
67,2.2000,pose,23,0.374,,,
67,2.2000,pose,24,0.541,,,
67,2.2000,pose,25,0.013,,,
67,2.2000,pose,26,0.006,,,
67,2.2000,pose,27,0.012,,,
67,2.2000,pose,28,0.007,,,
67,2.2000,pose,29,0.016,,,
67,2.2000,pose,30,0.009,,,
67,2.2000,pose,31,0.017,,,
67,2.2000,pose,32,0.007,,,
67,2.2000,hand_Left,0,1.000,-0.2443,0.0047,0.5860
67,2.2000,hand_Left,1,1.000,-0.2751,-0.0003,0.5800
67,2.2000,hand_Left,2,1.000,-0.2993,-0.0084,0.5560
67,2.2000,hand_Left,3,1.000,-0.3197,-0.0080,0.5380
67,2.2000,hand_Left,4,1.000,-0.3426,-0.0026,0.5340
67,2.2000,hand_Left,5,1.000,-0.3235,-0.0411,0.5690
67,2.2000,hand_Left,6,1.000,-0.3496,-0.0437,0.5480
67,2.2000,hand_Left,7,1.000,-0.3680,-0.0385,0.5420
67,2.2000,hand_Left,8,1.000,-0.3784,-0.0298,0.5350
67,2.2000,hand_Left,9,1.000,-0.3196,-0.0303,0.5670
67,2.2000,hand_Left,10,1.000,-0.3368,-0.0277,0.5390
67,2.2000,hand_Left,11,1.000,-0.3540,-0.0213,0.5350
67,2.2000,hand_Left,12,1.000,-0.3641,-0.0127,0.5280
67,2.2000,hand_Left,13,1.000,-0.3086,-0.0179,0.5560
67,2.2000,hand_Left,14,1.000,-0.3216,-0.0124,0.5380
67,2.2000,hand_Left,15,1.000,-0.3328,-0.0080,0.5340
67,2.2000,hand_Left,16,1.000,-0.3443,-0.0035,0.5340
67,2.2000,hand_Left,17,1.000,-0.3030,-0.0077,0.5550
67,2.2000,hand_Left,18,1.000,-0.3145,-0.0029,0.5420
67,2.2000,hand_Left,19,1.000,-0.3231,0.0019,0.5390
67,2.2000,hand_Left,20,1.000,-0.3328,0.0058,0.5410
68,2.2333,pose,0,0.805,,,
68,2.2333,pose,1,0.585,,,
68,2.2333,pose,2,0.616,,,
68,2.2333,pose,3,0.556,,,
68,2.2333,pose,4,0.762,,,
68,2.2333,pose,5,0.881,,,
68,2.2333,pose,6,0.905,,,
68,2.2333,pose,7,0.757,,,
68,2.2333,pose,8,0.949,,,
68,2.2333,pose,9,0.768,,,
68,2.2333,pose,10,0.869,,,
68,2.2333,pose,11,0.941,,,
68,2.2333,pose,12,0.998,,,
68,2.2333,pose,13,0.333,,,
68,2.2333,pose,14,0.368,-0.1140,0.0333,0.6520
68,2.2333,pose,15,0.310,0.1824,0.1731,0.3740
68,2.2333,pose,16,0.955,-0.2504,0.0290,0.5880
68,2.2333,pose,17,0.339,,,
68,2.2333,pose,18,0.974,-0.3162,0.0058,0.5490
68,2.2333,pose,19,0.351,0.1665,0.1714,0.3910
68,2.2333,pose,20,0.978,-0.3203,0.0004,0.5420
68,2.2333,pose,21,0.340,0.1731,0.1571,0.3860
68,2.2333,pose,22,0.975,-0.3050,0.0169,0.5980
68,2.2333,pose,23,0.402,,,
68,2.2333,pose,24,0.576,,,
68,2.2333,pose,25,0.016,,,
68,2.2333,pose,26,0.008,,,
68,2.2333,pose,27,0.016,,,
68,2.2333,pose,28,0.009,,,
68,2.2333,pose,29,0.018,,,
68,2.2333,pose,30,0.011,,,
68,2.2333,pose,31,0.020,,,
68,2.2333,pose,32,0.008,,,
68,2.2333,hand_Left,0,1.000,-0.2658,0.0027,0.5830
68,2.2333,hand_Left,1,1.000,-0.2820,-0.0017,0.5700
68,2.2333,hand_Left,2,1.000,-0.3046,-0.0070,0.5530
68,2.2333,hand_Left,3,1.000,-0.3228,-0.0054,0.5360
68,2.2333,hand_Left,4,1.000,-0.3457,-0.0012,0.5340
68,2.2333,hand_Left,5,1.000,-0.3231,-0.0425,0.5710
68,2.2333,hand_Left,6,1.000,-0.3436,-0.0481,0.5510
68,2.2333,hand_Left,7,1.000,-0.3648,-0.0437,0.5490
68,2.2333,hand_Left,8,1.000,-0.3740,-0.0350,0.5400
68,2.2333,hand_Left,9,1.000,-0.3189,-0.0281,0.5660
68,2.2333,hand_Left,10,1.000,-0.3292,-0.0220,0.5410
68,2.2333,hand_Left,11,1.000,-0.3348,-0.0070,0.5340
68,2.2333,hand_Left,12,1.000,-0.3411,0.0020,0.5350
68,2.2333,hand_Left,13,1.000,-0.3076,-0.0130,0.5510
68,2.2333,hand_Left,14,1.000,-0.3209,-0.0072,0.5370
68,2.2333,hand_Left,15,1.000,-0.3283,0.0026,0.5360
68,2.2333,hand_Left,16,1.000,-0.3384,0.0067,0.5400
68,2.2333,hand_Left,17,1.000,-0.3072,-0.0000,0.5550
68,2.2333,hand_Left,18,1.000,-0.3213,0.0062,0.5480
68,2.2333,hand_Left,19,1.000,-0.3276,0.0129,0.5490
68,2.2333,hand_Left,20,1.000,-0.3306,0.0140,0.5490
68,2.2333,hand_Left,0,1.000,-0.2448,0.0041,0.5850
68,2.2333,hand_Left,1,1.000,-0.2758,-0.0005,0.5790
68,2.2333,hand_Left,2,1.000,-0.3003,-0.0088,0.5560
68,2.2333,hand_Left,3,1.000,-0.3205,-0.0082,0.5380
68,2.2333,hand_Left,4,1.000,-0.3428,-0.0028,0.5340
68,2.2333,hand_Left,5,1.000,-0.3243,-0.0411,0.5690
68,2.2333,hand_Left,6,1.000,-0.3498,-0.0446,0.5480
68,2.2333,hand_Left,7,1.000,-0.3681,-0.0389,0.5420
68,2.2333,hand_Left,8,1.000,-0.3774,-0.0296,0.5340
68,2.2333,hand_Left,9,1.000,-0.3207,-0.0309,0.5660
68,2.2333,hand_Left,10,1.000,-0.3392,-0.0290,0.5400
68,2.2333,hand_Left,11,1.000,-0.3547,-0.0224,0.5340
68,2.2333,hand_Left,12,1.000,-0.3643,-0.0135,0.5280
68,2.2333,hand_Left,13,1.000,-0.3109,-0.0191,0.5560
68,2.2333,hand_Left,14,1.000,-0.3260,-0.0146,0.5380
68,2.2333,hand_Left,15,1.000,-0.3394,-0.0096,0.5350
68,2.2333,hand_Left,16,1.000,-0.3513,-0.0043,0.5340
68,2.2333,hand_Left,17,1.000,-0.3040,-0.0090,0.5520
68,2.2333,hand_Left,18,1.000,-0.3180,-0.0050,0.5400
68,2.2333,hand_Left,19,1.000,-0.3263,-0.0001,0.5350
68,2.2333,hand_Left,20,1.000,-0.3363,0.0039,0.5360
69,2.2667,pose,0,0.776,,,
69,2.2667,pose,1,0.546,,,
69,2.2667,pose,2,0.581,,,
69,2.2667,pose,3,0.516,,,
69,2.2667,pose,4,0.731,,,
69,2.2667,pose,5,0.867,,,
69,2.2667,pose,6,0.888,,,
69,2.2667,pose,7,0.730,,,
69,2.2667,pose,8,0.944,,,
69,2.2667,pose,9,0.728,,,
69,2.2667,pose,10,0.845,,,
69,2.2667,pose,11,0.933,,,
69,2.2667,pose,12,0.998,,,
69,2.2667,pose,13,0.318,,,
69,2.2667,pose,14,0.429,-0.0950,0.0349,0.6510
69,2.2667,pose,15,0.280,,,
69,2.2667,pose,16,0.959,-0.2509,0.0261,0.5890
69,2.2667,pose,17,0.306,,,
69,2.2667,pose,18,0.975,-0.3157,0.0056,0.5500
69,2.2667,pose,19,0.317,,,
69,2.2667,pose,20,0.980,-0.3196,-0.0004,0.5410
69,2.2667,pose,21,0.308,,,
69,2.2667,pose,22,0.977,-0.2908,0.0113,0.5685
69,2.2667,pose,23,0.423,,,
69,2.2667,pose,24,0.604,0.0786,0.1722,0.3630
69,2.2667,pose,25,0.034,,,
69,2.2667,pose,26,0.019,,,
69,2.2667,pose,27,0.025,,,
69,2.2667,pose,28,0.014,,,
69,2.2667,pose,29,0.028,,,
69,2.2667,pose,30,0.016,,,
69,2.2667,pose,31,0.030,,,
69,2.2667,pose,32,0.015,,,
69,2.2667,hand_Left,0,1.000,-0.2452,0.0038,0.5850
69,2.2667,hand_Left,1,1.000,-0.2754,-0.0003,0.5790
69,2.2667,hand_Left,2,1.000,-0.3002,-0.0086,0.5560
69,2.2667,hand_Left,3,1.000,-0.3206,-0.0082,0.5380
69,2.2667,hand_Left,4,1.000,-0.3427,-0.0028,0.5340
69,2.2667,hand_Left,5,1.000,-0.3239,-0.0408,0.5680
69,2.2667,hand_Left,6,1.000,-0.3502,-0.0441,0.5480
69,2.2667,hand_Left,7,1.000,-0.3685,-0.0384,0.5420
69,2.2667,hand_Left,8,1.000,-0.3789,-0.0296,0.5350
69,2.2667,hand_Left,9,1.000,-0.3211,-0.0310,0.5660
69,2.2667,hand_Left,10,1.000,-0.3391,-0.0287,0.5390
69,2.2667,hand_Left,11,1.000,-0.3558,-0.0220,0.5340
69,2.2667,hand_Left,12,1.000,-0.3660,-0.0130,0.5280
69,2.2667,hand_Left,13,1.000,-0.3112,-0.0195,0.5560
69,2.2667,hand_Left,14,1.000,-0.3260,-0.0143,0.5370
69,2.2667,hand_Left,15,1.000,-0.3399,-0.0091,0.5350
69,2.2667,hand_Left,16,1.000,-0.3518,-0.0037,0.5340
69,2.2667,hand_Left,17,1.000,-0.3038,-0.0094,0.5510
69,2.2667,hand_Left,18,1.000,-0.3182,-0.0047,0.5400
69,2.2667,hand_Left,19,1.000,-0.3270,0.0005,0.5360
69,2.2667,hand_Left,20,1.000,-0.3381,0.0047,0.5390
70,2.3000,pose,0,0.782,,,
70,2.3000,pose,1,0.565,,,
70,2.3000,pose,2,0.600,,,
70,2.3000,pose,3,0.537,,,
70,2.3000,pose,4,0.744,,,
70,2.3000,pose,5,0.873,,,
70,2.3000,pose,6,0.894,,,
70,2.3000,pose,7,0.750,,,
70,2.3000,pose,8,0.947,,,
70,2.3000,pose,9,0.741,,,
70,2.3000,pose,10,0.852,,,
70,2.3000,pose,11,0.935,,,
70,2.3000,pose,12,0.998,,,
70,2.3000,pose,13,0.312,,,
70,2.3000,pose,14,0.468,-0.1225,0.0354,0.6490
70,2.3000,pose,15,0.256,,,
70,2.3000,pose,16,0.961,-0.2646,0.0305,0.5890
70,2.3000,pose,17,0.279,,,
70,2.3000,pose,18,0.976,-0.3192,0.0168,0.5560
70,2.3000,pose,19,0.290,,,
70,2.3000,pose,20,0.980,-0.3201,0.0015,0.5410
70,2.3000,pose,21,0.283,,,
70,2.3000,pose,22,0.977,-0.2903,0.0113,0.5655
70,2.3000,pose,23,0.458,,,
70,2.3000,pose,24,0.635,,,
70,2.3000,pose,25,0.051,,,
70,2.3000,pose,26,0.026,,,
70,2.3000,pose,27,0.041,,,
70,2.3000,pose,28,0.019,,,
70,2.3000,pose,29,0.036,,,
70,2.3000,pose,30,0.020,,,
70,2.3000,pose,31,0.042,,,
70,2.3000,pose,32,0.019,,,
70,2.3000,hand_Left,0,1.000,-0.2443,0.0034,0.5870
70,2.3000,hand_Left,1,1.000,-0.2753,0.0001,0.5790
70,2.3000,hand_Left,2,1.000,-0.3005,-0.0080,0.5560
70,2.3000,hand_Left,3,1.000,-0.3208,-0.0082,0.5380
70,2.3000,hand_Left,4,1.000,-0.3429,-0.0027,0.5340
70,2.3000,hand_Left,5,1.000,-0.3252,-0.0407,0.5710
70,2.3000,hand_Left,6,1.000,-0.3496,-0.0441,0.5490
70,2.3000,hand_Left,7,1.000,-0.3673,-0.0386,0.5420
70,2.3000,hand_Left,8,1.000,-0.3771,-0.0299,0.5340
70,2.3000,hand_Left,9,1.000,-0.3201,-0.0320,0.5680
70,2.3000,hand_Left,10,1.000,-0.3364,-0.0286,0.5400
70,2.3000,hand_Left,11,1.000,-0.3523,-0.0214,0.5340
70,2.3000,hand_Left,12,1.000,-0.3628,-0.0123,0.5290
70,2.3000,hand_Left,13,1.000,-0.3106,-0.0210,0.5610
70,2.3000,hand_Left,14,1.000,-0.3222,-0.0139,0.5400
70,2.3000,hand_Left,15,1.000,-0.3337,-0.0084,0.5350
70,2.3000,hand_Left,16,1.000,-0.3448,-0.0030,0.5340
70,2.3000,hand_Left,17,1.000,-0.3019,-0.0109,0.5560
70,2.3000,hand_Left,18,1.000,-0.3131,-0.0048,0.5430
70,2.3000,hand_Left,19,1.000,-0.3213,0.0010,0.5390
70,2.3000,hand_Left,20,1.000,-0.3309,0.0062,0.5410
71,2.3333,pose,0,0.773,,,
71,2.3333,pose,1,0.563,,,
71,2.3333,pose,2,0.592,,,
71,2.3333,pose,3,0.532,,,
71,2.3333,pose,4,0.747,,,
71,2.3333,pose,5,0.872,,,
71,2.3333,pose,6,0.898,,,
71,2.3333,pose,7,0.754,,,
71,2.3333,pose,8,0.949,,,
71,2.3333,pose,9,0.744,,,
71,2.3333,pose,10,0.855,,,
71,2.3333,pose,11,0.933,,,
71,2.3333,pose,12,0.998,,,
71,2.3333,pose,13,0.293,,,
71,2.3333,pose,14,0.493,-0.0850,0.0309,0.6510
71,2.3333,pose,15,0.231,,,
71,2.3333,pose,16,0.963,-0.2648,0.0308,0.5880
71,2.3333,pose,17,0.253,,,
71,2.3333,pose,18,0.974,-0.3201,0.0186,0.5570
71,2.3333,pose,19,0.263,,,
71,2.3333,pose,20,0.979,-0.3226,0.0044,0.5430
71,2.3333,pose,21,0.256,,,
71,2.3333,pose,22,0.976,-0.2930,0.0128,0.5650
71,2.3333,pose,23,0.482,,,
71,2.3333,pose,24,0.661,,,
71,2.3333,pose,25,0.052,,,
71,2.3333,pose,26,0.025,,,
71,2.3333,pose,27,0.039,,,
71,2.3333,pose,28,0.019,,,
71,2.3333,pose,29,0.035,,,
71,2.3333,pose,30,0.020,,,
71,2.3333,pose,31,0.040,,,
71,2.3333,pose,32,0.018,,,
71,2.3333,hand_Left,0,1.000,-0.2658,0.0018,0.5850
71,2.3333,hand_Left,1,1.000,-0.2819,-0.0030,0.5710
71,2.3333,hand_Left,2,1.000,-0.3039,-0.0073,0.5540
71,2.3333,hand_Left,3,1.000,-0.3215,-0.0052,0.5360
71,2.3333,hand_Left,4,1.000,-0.3450,-0.0011,0.5340
71,2.3333,hand_Left,5,1.000,-0.3234,-0.0427,0.5700
71,2.3333,hand_Left,6,1.000,-0.3456,-0.0479,0.5510
71,2.3333,hand_Left,7,1.000,-0.3656,-0.0423,0.5470
71,2.3333,hand_Left,8,1.000,-0.3755,-0.0330,0.5400
71,2.3333,hand_Left,9,1.000,-0.3187,-0.0281,0.5660
71,2.3333,hand_Left,10,1.000,-0.3314,-0.0260,0.5420
71,2.3333,hand_Left,11,1.000,-0.3421,-0.0135,0.5360
71,2.3333,hand_Left,12,1.000,-0.3497,-0.0047,0.5340
71,2.3333,hand_Left,13,1.000,-0.3072,-0.0133,0.5510
71,2.3333,hand_Left,14,1.000,-0.3210,-0.0097,0.5390
71,2.3333,hand_Left,15,1.000,-0.3291,-0.0012,0.5350
71,2.3333,hand_Left,16,1.000,-0.3393,0.0037,0.5370
71,2.3333,hand_Left,17,1.000,-0.3062,-0.0009,0.5540
71,2.3333,hand_Left,18,1.000,-0.3201,0.0038,0.5460
71,2.3333,hand_Left,19,1.000,-0.3296,0.0100,0.5480
71,2.3333,hand_Left,20,1.000,-0.3340,0.0122,0.5470
71,2.3333,hand_Left,0,1.000,-0.2465,0.0033,0.5850
71,2.3333,hand_Left,1,1.000,-0.2766,0.0006,0.5780
71,2.3333,hand_Left,2,1.000,-0.3003,-0.0075,0.5560
71,2.3333,hand_Left,3,1.000,-0.3202,-0.0080,0.5380
71,2.3333,hand_Left,4,1.000,-0.3435,-0.0028,0.5340
71,2.3333,hand_Left,5,1.000,-0.3250,-0.0406,0.5670
71,2.3333,hand_Left,6,1.000,-0.3513,-0.0443,0.5490
71,2.3333,hand_Left,7,1.000,-0.3696,-0.0387,0.5430
71,2.3333,hand_Left,8,1.000,-0.3789,-0.0296,0.5350
71,2.3333,hand_Left,9,1.000,-0.3226,-0.0325,0.5670
71,2.3333,hand_Left,10,1.000,-0.3407,-0.0303,0.5400
71,2.3333,hand_Left,11,1.000,-0.3577,-0.0240,0.5350
71,2.3333,hand_Left,12,1.000,-0.3670,-0.0152,0.5280
71,2.3333,hand_Left,13,1.000,-0.3151,-0.0216,0.5610
71,2.3333,hand_Left,14,1.000,-0.3308,-0.0176,0.5410
71,2.3333,hand_Left,15,1.000,-0.3451,-0.0124,0.5360
71,2.3333,hand_Left,16,1.000,-0.3580,-0.0065,0.5340
71,2.3333,hand_Left,17,1.000,-0.3054,-0.0116,0.5520
71,2.3333,hand_Left,18,1.000,-0.3201,-0.0081,0.5390
71,2.3333,hand_Left,19,1.000,-0.3307,-0.0036,0.5350
71,2.3333,hand_Left,20,1.000,-0.3417,0.0005,0.5350
72,2.3667,pose,0,0.701,,,
72,2.3667,pose,1,0.510,,,
72,2.3667,pose,2,0.536,,,
72,2.3667,pose,3,0.482,,,
72,2.3667,pose,4,0.683,,,
72,2.3667,pose,5,0.802,,,
72,2.3667,pose,6,0.837,,,
72,2.3667,pose,7,0.688,,,
72,2.3667,pose,8,0.902,,,
72,2.3667,pose,9,0.676,,,
72,2.3667,pose,10,0.783,,,
72,2.3667,pose,11,0.893,,,
72,2.3667,pose,12,0.997,,,
72,2.3667,pose,13,0.265,,,
72,2.3667,pose,14,0.464,-0.0770,0.0336,0.6520
72,2.3667,pose,15,0.208,,,
72,2.3667,pose,16,0.947,-0.2616,0.0307,0.5880
72,2.3667,pose,17,0.228,,,
72,2.3667,pose,18,0.960,-0.3096,0.0168,0.5660
72,2.3667,pose,19,0.237,,,
72,2.3667,pose,20,0.968,-0.3138,0.0040,0.5500
72,2.3667,pose,21,0.231,,,
72,2.3667,pose,22,0.962,-0.2869,0.0117,0.5710
72,2.3667,pose,23,0.457,,,
72,2.3667,pose,24,0.655,,,
72,2.3667,pose,25,0.048,,,
72,2.3667,pose,26,0.024,,,
72,2.3667,pose,27,0.036,,,
72,2.3667,pose,28,0.018,,,
72,2.3667,pose,29,0.033,,,
72,2.3667,pose,30,0.019,,,
72,2.3667,pose,31,0.037,,,
72,2.3667,pose,32,0.017,,,
72,2.3667,hand_Left,0,1.000,-0.2476,0.0028,0.5860
72,2.3667,hand_Left,1,1.000,-0.2766,0.0003,0.5790
72,2.3667,hand_Left,2,1.000,-0.3008,-0.0077,0.5560
72,2.3667,hand_Left,3,1.000,-0.3202,-0.0079,0.5370
72,2.3667,hand_Left,4,1.000,-0.3434,-0.0026,0.5340
72,2.3667,hand_Left,5,1.000,-0.3257,-0.0414,0.5700
72,2.3667,hand_Left,6,1.000,-0.3513,-0.0446,0.5490
72,2.3667,hand_Left,7,1.000,-0.3697,-0.0390,0.5420
72,2.3667,hand_Left,8,1.000,-0.3804,-0.0303,0.5350
72,2.3667,hand_Left,9,1.000,-0.3227,-0.0335,0.5670
72,2.3667,hand_Left,10,1.000,-0.3415,-0.0332,0.5400
72,2.3667,hand_Left,11,1.000,-0.3588,-0.0271,0.5340
72,2.3667,hand_Left,12,1.000,-0.3697,-0.0184,0.5280
72,2.3667,hand_Left,13,1.000,-0.3168,-0.0230,0.5620
72,2.3667,hand_Left,14,1.000,-0.3326,-0.0208,0.5400
72,2.3667,hand_Left,15,1.000,-0.3485,-0.0159,0.5360
72,2.3667,hand_Left,16,1.000,-0.3607,-0.0101,0.5310
72,2.3667,hand_Left,17,1.000,-0.3066,-0.0129,0.5510
72,2.3667,hand_Left,18,1.000,-0.3218,-0.0108,0.5370
72,2.3667,hand_Left,19,1.000,-0.3343,-0.0067,0.5340
72,2.3667,hand_Left,20,1.000,-0.3470,-0.0025,0.5340
73,2.4000,pose,0,0.632,,,
73,2.4000,pose,1,0.460,,,
73,2.4000,pose,2,0.483,,,
73,2.4000,pose,3,0.435,,,
73,2.4000,pose,4,0.616,,,
73,2.4000,pose,5,0.725,,,
73,2.4000,pose,6,0.761,,,
73,2.4000,pose,7,0.621,,,
73,2.4000,pose,8,0.828,,,
73,2.4000,pose,9,0.610,,,
73,2.4000,pose,10,0.709,,,
73,2.4000,pose,11,0.846,,,
73,2.4000,pose,12,0.994,,,
73,2.4000,pose,13,0.239,,,
73,2.4000,pose,14,0.442,-0.1065,0.0511,0.6560
73,2.4000,pose,15,0.188,,,
73,2.4000,pose,16,0.928,-0.2851,0.0307,0.5880
73,2.4000,pose,17,0.205,,,
73,2.4000,pose,18,0.939,-0.3187,0.0159,0.5550
73,2.4000,pose,19,0.214,0.4382,-0.2149,0.5280
73,2.4000,pose,20,0.952,-0.3217,0.0036,0.5420
73,2.4000,pose,21,0.208,0.4374,-0.2047,0.5280
73,2.4000,pose,22,0.944,-0.2952,0.0109,0.5650
73,2.4000,pose,23,0.429,,,
73,2.4000,pose,24,0.637,,,
73,2.4000,pose,25,0.044,,,
73,2.4000,pose,26,0.022,,,
73,2.4000,pose,27,0.033,,,
73,2.4000,pose,28,0.016,,,
73,2.4000,pose,29,0.030,,,
73,2.4000,pose,30,0.018,,,
73,2.4000,pose,31,0.034,,,
73,2.4000,pose,32,0.016,,,
73,2.4000,hand_Left,0,1.000,-0.2478,0.0031,0.5840
73,2.4000,hand_Left,1,1.000,-0.2763,-0.0000,0.5790
73,2.4000,hand_Left,2,1.000,-0.2995,-0.0073,0.5560
73,2.4000,hand_Left,3,1.000,-0.3199,-0.0075,0.5380
73,2.4000,hand_Left,4,1.000,-0.3442,-0.0026,0.5350
73,2.4000,hand_Left,5,1.000,-0.3247,-0.0409,0.5670
73,2.4000,hand_Left,6,1.000,-0.3507,-0.0445,0.5480
73,2.4000,hand_Left,7,1.000,-0.3707,-0.0389,0.5430
73,2.4000,hand_Left,8,1.000,-0.3805,-0.0299,0.5350
73,2.4000,hand_Left,9,1.000,-0.3236,-0.0317,0.5660
73,2.4000,hand_Left,10,1.000,-0.3422,-0.0324,0.5390
73,2.4000,hand_Left,11,1.000,-0.3606,-0.0268,0.5340
73,2.4000,hand_Left,12,1.000,-0.3707,-0.0182,0.5270
73,2.4000,hand_Left,13,1.000,-0.3191,-0.0206,0.5620
73,2.4000,hand_Left,14,1.000,-0.3364,-0.0203,0.5410
73,2.4000,hand_Left,15,1.000,-0.3515,-0.0158,0.5350
73,2.4000,hand_Left,16,1.000,-0.3625,-0.0098,0.5280
73,2.4000,hand_Left,17,1.000,-0.3082,-0.0097,0.5490
73,2.4000,hand_Left,18,1.000,-0.3248,-0.0092,0.5360
73,2.4000,hand_Left,19,1.000,-0.3389,-0.0063,0.5350
73,2.4000,hand_Left,20,1.000,-0.3512,-0.0030,0.5340
74,2.4333,pose,0,0.580,,,
74,2.4333,pose,1,0.420,,,
74,2.4333,pose,2,0.440,,,
74,2.4333,pose,3,0.397,,,
74,2.4333,pose,4,0.573,,,
74,2.4333,pose,5,0.678,,,
74,2.4333,pose,6,0.727,,,
74,2.4333,pose,7,0.568,,,
74,2.4333,pose,8,0.788,,,
74,2.4333,pose,9,0.555,,,
74,2.4333,pose,10,0.649,,,
74,2.4333,pose,11,0.807,,,
74,2.4333,pose,12,0.990,,,
74,2.4333,pose,13,0.215,,,
74,2.4333,pose,14,0.434,,,
74,2.4333,pose,15,0.169,,,
74,2.4333,pose,16,0.916,-0.1907,0.0363,0.6220
74,2.4333,pose,17,0.186,,,
74,2.4333,pose,18,0.929,-0.2238,0.0251,0.5950
74,2.4333,pose,19,0.193,,,
74,2.4333,pose,20,0.945,-0.2266,0.0036,0.6075
74,2.4333,pose,21,0.189,,,
74,2.4333,pose,22,0.933,-0.1880,0.0099,0.6380
74,2.4333,pose,23,0.392,,,
74,2.4333,pose,24,0.595,,,
74,2.4333,pose,25,0.040,,,
74,2.4333,pose,26,0.021,,,
74,2.4333,pose,27,0.030,,,
74,2.4333,pose,28,0.015,,,
74,2.4333,pose,29,0.029,,,
74,2.4333,pose,30,0.019,,,
74,2.4333,pose,31,0.032,,,
74,2.4333,pose,32,0.016,,,
74,2.4333,hand_Left,0,1.000,-0.2471,0.0027,0.5870
74,2.4333,hand_Left,1,1.000,-0.2754,-0.0003,0.5790
74,2.4333,hand_Left,2,1.000,-0.2989,-0.0077,0.5560
74,2.4333,hand_Left,3,1.000,-0.3185,-0.0079,0.5370
74,2.4333,hand_Left,4,1.000,-0.3428,-0.0024,0.5340
74,2.4333,hand_Left,5,1.000,-0.3248,-0.0407,0.5680
74,2.4333,hand_Left,6,1.000,-0.3507,-0.0451,0.5490
74,2.4333,hand_Left,7,1.000,-0.3695,-0.0398,0.5430
74,2.4333,hand_Left,8,1.000,-0.3802,-0.0306,0.5360
74,2.4333,hand_Left,9,1.000,-0.3221,-0.0316,0.5660
74,2.4333,hand_Left,10,1.000,-0.3413,-0.0318,0.5410
74,2.4333,hand_Left,11,1.000,-0.3579,-0.0258,0.5340
74,2.4333,hand_Left,12,1.000,-0.3686,-0.0172,0.5280
74,2.4333,hand_Left,13,1.000,-0.3137,-0.0203,0.5570
74,2.4333,hand_Left,14,1.000,-0.3316,-0.0188,0.5400
74,2.4333,hand_Left,15,1.000,-0.3471,-0.0140,0.5360
74,2.4333,hand_Left,16,1.000,-0.3577,-0.0079,0.5290
74,2.4333,hand_Left,17,1.000,-0.3054,-0.0096,0.5500
74,2.4333,hand_Left,18,1.000,-0.3204,-0.0077,0.5370
74,2.4333,hand_Left,19,1.000,-0.3319,-0.0038,0.5340
74,2.4333,hand_Left,20,1.000,-0.3441,0.0003,0.5350
75,2.4667,pose,0,0.529,,,
75,2.4667,pose,1,0.383,,,
75,2.4667,pose,2,0.399,,,
75,2.4667,pose,3,0.361,,,
75,2.4667,pose,4,0.529,,,
75,2.4667,pose,5,0.630,,,
75,2.4667,pose,6,0.689,,,
75,2.4667,pose,7,0.515,,,
75,2.4667,pose,8,0.739,,,
75,2.4667,pose,9,0.503,,,
75,2.4667,pose,10,0.590,,,
75,2.4667,pose,11,0.739,,,
75,2.4667,pose,12,0.973,0.2192,0.0400,0.3540
75,2.4667,pose,13,0.194,,,
75,2.4667,pose,14,0.405,,,
75,2.4667,pose,15,0.153,,,
75,2.4667,pose,16,0.887,-0.1489,0.0186,0.6500
75,2.4667,pose,17,0.168,,,
75,2.4667,pose,18,0.904,-0.2002,-0.0146,0.6410
75,2.4667,pose,19,0.175,,,
75,2.4667,pose,20,0.923,-0.9276,-0.1526,3.0140
75,2.4667,pose,21,0.171,,,
75,2.4667,pose,22,0.906,-0.0949,-0.0008,0.6760
75,2.4667,pose,23,0.354,,,
75,2.4667,pose,24,0.541,,,
75,2.4667,pose,25,0.036,,,
75,2.4667,pose,26,0.019,0.1114,0.1556,0.3670
75,2.4667,pose,27,0.028,,,
75,2.4667,pose,28,0.014,0.0519,0.1108,0.3860
75,2.4667,pose,29,0.027,,,
75,2.4667,pose,30,0.018,0.0486,0.1323,0.3850
75,2.4667,pose,31,0.029,-0.1770,0.0362,0.6350
75,2.4667,pose,32,0.015,,,
75,2.4667,hand_Left,0,1.000,-0.2464,0.0035,0.5850
75,2.4667,hand_Left,1,1.000,-0.2754,-0.0011,0.5780
75,2.4667,hand_Left,2,1.000,-0.3007,-0.0088,0.5570
75,2.4667,hand_Left,3,1.000,-0.3203,-0.0081,0.5380
75,2.4667,hand_Left,4,1.000,-0.3428,-0.0027,0.5340
75,2.4667,hand_Left,5,1.000,-0.3233,-0.0402,0.5670
75,2.4667,hand_Left,6,1.000,-0.3491,-0.0445,0.5470
75,2.4667,hand_Left,7,1.000,-0.3680,-0.0393,0.5420
75,2.4667,hand_Left,8,1.000,-0.3778,-0.0303,0.5340
75,2.4667,hand_Left,9,1.000,-0.3212,-0.0303,0.5660
75,2.4667,hand_Left,10,1.000,-0.3397,-0.0299,0.5400
75,2.4667,hand_Left,11,1.000,-0.3556,-0.0239,0.5330
75,2.4667,hand_Left,12,1.000,-0.3669,-0.0153,0.5280
75,2.4667,hand_Left,13,1.000,-0.3117,-0.0185,0.5560
75,2.4667,hand_Left,14,1.000,-0.3280,-0.0153,0.5390
75,2.4667,hand_Left,15,1.000,-0.3421,-0.0108,0.5350
75,2.4667,hand_Left,16,1.000,-0.3556,-0.0059,0.5340
75,2.4667,hand_Left,17,1.000,-0.3054,-0.0084,0.5530
75,2.4667,hand_Left,18,1.000,-0.3191,-0.0053,0.5400
75,2.4667,hand_Left,19,1.000,-0.3282,-0.0009,0.5350
75,2.4667,hand_Left,20,1.000,-0.3392,0.0030,0.5360
76,2.5000,pose,0,0.477,,,
76,2.5000,pose,1,0.345,,,
76,2.5000,pose,2,0.359,,,
76,2.5000,pose,3,0.325,,,
76,2.5000,pose,4,0.477,,,
76,2.5000,pose,5,0.569,,,
76,2.5000,pose,6,0.623,,,
76,2.5000,pose,7,0.464,,,
76,2.5000,pose,8,0.667,,,
76,2.5000,pose,9,0.453,,,
76,2.5000,pose,10,0.531,,,
76,2.5000,pose,11,0.680,,,
76,2.5000,pose,12,0.933,,,
76,2.5000,pose,13,0.175,,,
76,2.5000,pose,14,0.371,0.1695,0.1251,0.3910
76,2.5000,pose,15,0.138,,,
76,2.5000,pose,16,0.820,,,
76,2.5000,pose,17,0.152,,,
76,2.5000,pose,18,0.842,,,
76,2.5000,pose,19,0.159,,,
76,2.5000,pose,20,0.865,,,
76,2.5000,pose,21,0.155,,,
76,2.5000,pose,22,0.844,,,
76,2.5000,pose,23,0.320,,,
76,2.5000,pose,24,0.491,,,
76,2.5000,pose,25,0.033,,,
76,2.5000,pose,26,0.017,0.1931,0.1680,0.3660
76,2.5000,pose,27,0.025,,,
76,2.5000,pose,28,0.013,0.1795,0.1897,0.3850
76,2.5000,pose,29,0.025,,,
76,2.5000,pose,30,0.016,,,
76,2.5000,pose,31,0.027,0.1494,0.1656,0.3990
76,2.5000,pose,32,0.013,0.1407,0.1200,0.3890
76,2.5000,hand_Left,0,1.000,-0.2469,0.0025,0.5850
76,2.5000,hand_Left,1,1.000,-0.2760,-0.0009,0.5790
76,2.5000,hand_Left,2,1.000,-0.3006,-0.0085,0.5560
76,2.5000,hand_Left,3,1.000,-0.3209,-0.0078,0.5380
76,2.5000,hand_Left,4,1.000,-0.3430,-0.0027,0.5340
76,2.5000,hand_Left,5,1.000,-0.3238,-0.0412,0.5680
76,2.5000,hand_Left,6,1.000,-0.3503,-0.0453,0.5490
76,2.5000,hand_Left,7,1.000,-0.3678,-0.0394,0.5420
76,2.5000,hand_Left,8,1.000,-0.3784,-0.0301,0.5350
76,2.5000,hand_Left,9,1.000,-0.3216,-0.0319,0.5660
76,2.5000,hand_Left,10,1.000,-0.3402,-0.0317,0.5410
76,2.5000,hand_Left,11,1.000,-0.3562,-0.0252,0.5340
76,2.5000,hand_Left,12,1.000,-0.3665,-0.0163,0.5270
76,2.5000,hand_Left,13,1.000,-0.3147,-0.0208,0.5600
76,2.5000,hand_Left,14,1.000,-0.3302,-0.0176,0.5410
76,2.5000,hand_Left,15,1.000,-0.3436,-0.0127,0.5360
76,2.5000,hand_Left,16,1.000,-0.3554,-0.0074,0.5320
76,2.5000,hand_Left,17,1.000,-0.3047,-0.0107,0.5500
76,2.5000,hand_Left,18,1.000,-0.3193,-0.0078,0.5380
76,2.5000,hand_Left,19,1.000,-0.3294,-0.0034,0.5340
76,2.5000,hand_Left,20,1.000,-0.3404,0.0006,0.5340
77,2.5333,pose,0,0.444,,,
77,2.5333,pose,1,0.316,,,
77,2.5333,pose,2,0.327,,,
77,2.5333,pose,3,0.296,,,
77,2.5333,pose,4,0.444,,,
77,2.5333,pose,5,0.534,,,
77,2.5333,pose,6,0.601,,,
77,2.5333,pose,7,0.421,,,
77,2.5333,pose,8,0.637,,,
77,2.5333,pose,9,0.415,,,
77,2.5333,pose,10,0.494,,,
77,2.5333,pose,11,0.636,,,
77,2.5333,pose,12,0.935,,,
77,2.5333,pose,13,0.159,,,
77,2.5333,pose,14,0.354,0.1516,0.1083,0.3960
77,2.5333,pose,15,0.125,,,
77,2.5333,pose,16,0.806,-0.0552,0.0342,0.6570
77,2.5333,pose,17,0.139,,,
77,2.5333,pose,18,0.832,-0.1128,-0.0100,0.6940
77,2.5333,pose,19,0.145,,,
77,2.5333,pose,20,0.858,-0.1125,-0.0302,0.6970
77,2.5333,pose,21,0.142,,,
77,2.5333,pose,22,0.835,-0.0558,-0.0001,0.6800
77,2.5333,pose,23,0.290,,,
77,2.5333,pose,24,0.455,,,
77,2.5333,pose,25,0.029,,,
77,2.5333,pose,26,0.015,,,
77,2.5333,pose,27,0.023,,,
77,2.5333,pose,28,0.012,,,
77,2.5333,pose,29,0.023,,,
77,2.5333,pose,30,0.015,,,
77,2.5333,pose,31,0.024,,,
77,2.5333,pose,32,0.012,,,
77,2.5333,hand_Left,0,1.000,-0.2484,0.0028,0.5850
77,2.5333,hand_Left,1,1.000,-0.2762,-0.0000,0.5780
77,2.5333,hand_Left,2,1.000,-0.3001,-0.0075,0.5560
77,2.5333,hand_Left,3,1.000,-0.3200,-0.0072,0.5380
77,2.5333,hand_Left,4,1.000,-0.3430,-0.0023,0.5340
77,2.5333,hand_Left,5,1.000,-0.3249,-0.0408,0.5670
77,2.5333,hand_Left,6,1.000,-0.3512,-0.0446,0.5480
77,2.5333,hand_Left,7,1.000,-0.3696,-0.0386,0.5420
77,2.5333,hand_Left,8,1.000,-0.3784,-0.0292,0.5330
77,2.5333,hand_Left,9,1.000,-0.3229,-0.0316,0.5650
77,2.5333,hand_Left,10,1.000,-0.3415,-0.0308,0.5390
77,2.5333,hand_Left,11,1.000,-0.3595,-0.0247,0.5340
77,2.5333,hand_Left,12,1.000,-0.3697,-0.0157,0.5270
77,2.5333,hand_Left,13,1.000,-0.3151,-0.0202,0.5570
77,2.5333,hand_Left,14,1.000,-0.3331,-0.0178,0.5400
77,2.5333,hand_Left,15,1.000,-0.3480,-0.0128,0.5350
77,2.5333,hand_Left,16,1.000,-0.3600,-0.0069,0.5300
77,2.5333,hand_Left,17,1.000,-0.3069,-0.0099,0.5500
77,2.5333,hand_Left,18,1.000,-0.3214,-0.0076,0.5360
77,2.5333,hand_Left,19,1.000,-0.3346,-0.0034,0.5350
77,2.5333,hand_Left,20,1.000,-0.3468,0.0006,0.5350
78,2.5667,pose,0,0.471,,,
78,2.5667,pose,1,0.328,,,
78,2.5667,pose,2,0.341,,,
78,2.5667,pose,3,0.315,,,
78,2.5667,pose,4,0.456,,,
78,2.5667,pose,5,0.547,,,
78,2.5667,pose,6,0.615,,,
78,2.5667,pose,7,0.457,,,
78,2.5667,pose,8,0.653,,,
78,2.5667,pose,9,0.443,,,
78,2.5667,pose,10,0.515,,,
78,2.5667,pose,11,0.671,,,
78,2.5667,pose,12,0.941,,,
78,2.5667,pose,13,0.156,,,
78,2.5667,pose,14,0.341,-0.0159,0.0902,0.5210
78,2.5667,pose,15,0.114,,,
78,2.5667,pose,16,0.796,-0.2051,0.0318,0.6130
78,2.5667,pose,17,0.126,,,
78,2.5667,pose,18,0.816,-0.2767,-0.0087,0.5770
78,2.5667,pose,19,0.133,,,
78,2.5667,pose,20,0.847,-0.2891,-0.0230,0.5730
78,2.5667,pose,21,0.130,,,
78,2.5667,pose,22,0.822,-0.2582,0.0024,0.5830
78,2.5667,pose,23,0.267,,,
78,2.5667,pose,24,0.419,,,
78,2.5667,pose,25,0.027,,,
78,2.5667,pose,26,0.014,,,
78,2.5667,pose,27,0.021,,,
78,2.5667,pose,28,0.010,,,
78,2.5667,pose,29,0.020,,,
78,2.5667,pose,30,0.013,,,
78,2.5667,pose,31,0.022,,,
78,2.5667,pose,32,0.011,,,
78,2.5667,hand_Left,0,1.000,-0.2488,0.0022,0.5850
78,2.5667,hand_Left,1,1.000,-0.2771,-0.0007,0.5780
78,2.5667,hand_Left,2,1.000,-0.3010,-0.0083,0.5560
78,2.5667,hand_Left,3,1.000,-0.3200,-0.0081,0.5370
78,2.5667,hand_Left,4,1.000,-0.3431,-0.0025,0.5340
78,2.5667,hand_Left,5,1.000,-0.3258,-0.0408,0.5690
78,2.5667,hand_Left,6,1.000,-0.3512,-0.0454,0.5490
78,2.5667,hand_Left,7,1.000,-0.3688,-0.0399,0.5420
78,2.5667,hand_Left,8,1.000,-0.3782,-0.0306,0.5340
78,2.5667,hand_Left,9,1.000,-0.3233,-0.0318,0.5660
78,2.5667,hand_Left,10,1.000,-0.3424,-0.0326,0.5410
78,2.5667,hand_Left,11,1.000,-0.3571,-0.0269,0.5320
78,2.5667,hand_Left,12,1.000,-0.3685,-0.0188,0.5270
78,2.5667,hand_Left,13,1.000,-0.3183,-0.0209,0.5620
78,2.5667,hand_Left,14,1.000,-0.3343,-0.0197,0.5410
78,2.5667,hand_Left,15,1.000,-0.3480,-0.0155,0.5350
78,2.5667,hand_Left,16,1.000,-0.3596,-0.0100,0.5300
78,2.5667,hand_Left,17,1.000,-0.3075,-0.0104,0.5490
78,2.5667,hand_Left,18,1.000,-0.3233,-0.0089,0.5360
78,2.5667,hand_Left,19,1.000,-0.3359,-0.0057,0.5340
78,2.5667,hand_Left,20,1.000,-0.3481,-0.0023,0.5340
79,2.6000,pose,0,0.521,,,
79,2.6000,pose,1,0.387,,,
79,2.6000,pose,2,0.397,,,
79,2.6000,pose,3,0.374,,,
79,2.6000,pose,4,0.507,,,
79,2.6000,pose,5,0.591,,,
79,2.6000,pose,6,0.653,,,
79,2.6000,pose,7,0.506,,,
79,2.6000,pose,8,0.687,,,
79,2.6000,pose,9,0.492,,,
79,2.6000,pose,10,0.560,,,
79,2.6000,pose,11,0.699,,,
79,2.6000,pose,12,0.947,,,
79,2.6000,pose,13,0.157,,,
79,2.6000,pose,14,0.370,-0.0427,0.0506,0.5410
79,2.6000,pose,15,0.103,,,
79,2.6000,pose,16,0.813,-0.2150,0.0238,0.6010
79,2.6000,pose,17,0.115,,,
79,2.6000,pose,18,0.830,-0.3028,-0.0081,0.5550
79,2.6000,pose,19,0.121,,,
79,2.6000,pose,20,0.859,-0.3266,-0.0219,0.5630
79,2.6000,pose,21,0.118,0.2032,0.1990,0.3730
79,2.6000,pose,22,0.835,-0.2832,0.0023,0.5720
79,2.6000,pose,23,0.260,,,
79,2.6000,pose,24,0.433,,,
79,2.6000,pose,25,0.024,,,
79,2.6000,pose,26,0.013,,,
79,2.6000,pose,27,0.019,,,
79,2.6000,pose,28,0.010,,,
79,2.6000,pose,29,0.019,,,
79,2.6000,pose,30,0.012,,,
79,2.6000,pose,31,0.020,,,
79,2.6000,pose,32,0.010,,,
79,2.6000,hand_Left,0,1.000,-0.2466,0.0030,0.5850
79,2.6000,hand_Left,1,1.000,-0.2754,-0.0009,0.5790
79,2.6000,hand_Left,2,1.000,-0.2989,-0.0083,0.5560
79,2.6000,hand_Left,3,1.000,-0.3195,-0.0082,0.5390
79,2.6000,hand_Left,4,1.000,-0.3426,-0.0025,0.5340
79,2.6000,hand_Left,5,1.000,-0.3240,-0.0404,0.5670
79,2.6000,hand_Left,6,1.000,-0.3507,-0.0443,0.5490
79,2.6000,hand_Left,7,1.000,-0.3682,-0.0388,0.5420
79,2.6000,hand_Left,8,1.000,-0.3775,-0.0294,0.5330
79,2.6000,hand_Left,9,1.000,-0.3220,-0.0308,0.5660
79,2.6000,hand_Left,10,1.000,-0.3392,-0.0293,0.5390
79,2.6000,hand_Left,11,1.000,-0.3570,-0.0236,0.5340
79,2.6000,hand_Left,12,1.000,-0.3683,-0.0156,0.5280
79,2.6000,hand_Left,13,1.000,-0.3129,-0.0191,0.5560
79,2.6000,hand_Left,14,1.000,-0.3287,-0.0162,0.5380
79,2.6000,hand_Left,15,1.000,-0.3450,-0.0120,0.5360
79,2.6000,hand_Left,16,1.000,-0.3582,-0.0068,0.5330
79,2.6000,hand_Left,17,1.000,-0.3059,-0.0083,0.5510
79,2.6000,hand_Left,18,1.000,-0.3194,-0.0055,0.5380
79,2.6000,hand_Left,19,1.000,-0.3305,-0.0018,0.5350
79,2.6000,hand_Left,20,1.000,-0.3416,0.0018,0.5350
80,2.6333,pose,0,0.519,,,
80,2.6333,pose,1,0.373,,,
80,2.6333,pose,2,0.377,,,
80,2.6333,pose,3,0.362,,,
80,2.6333,pose,4,0.505,,,
80,2.6333,pose,5,0.590,,,
80,2.6333,pose,6,0.663,,,
80,2.6333,pose,7,0.483,,,
80,2.6333,pose,8,0.685,,,
80,2.6333,pose,9,0.482,,,
80,2.6333,pose,10,0.555,,,
80,2.6333,pose,11,0.717,,,
80,2.6333,pose,12,0.951,,,
80,2.6333,pose,13,0.143,,,
80,2.6333,pose,14,0.375,-0.0735,0.0761,0.6650
80,2.6333,pose,15,0.093,0.2015,0.1606,0.3680
80,2.6333,pose,16,0.794,-0.2268,0.0233,0.5950
80,2.6333,pose,17,0.104,0.1818,0.1973,0.3920
80,2.6333,pose,18,0.807,-0.3121,-0.0053,0.5470
80,2.6333,pose,19,0.109,0.1813,0.1950,0.3910
80,2.6333,pose,20,0.841,-0.3163,-0.0142,0.5430
80,2.6333,pose,21,0.107,0.1839,0.1732,0.3780
80,2.6333,pose,22,0.814,-0.2826,0.0045,0.5740
80,2.6333,pose,23,0.249,,,
80,2.6333,pose,24,0.428,,,
80,2.6333,pose,25,0.022,,,
80,2.6333,pose,26,0.012,,,
80,2.6333,pose,27,0.017,,,
80,2.6333,pose,28,0.009,,,
80,2.6333,pose,29,0.017,,,
80,2.6333,pose,30,0.011,,,
80,2.6333,pose,31,0.018,,,
80,2.6333,pose,32,0.009,,,
80,2.6333,hand_Left,0,1.000,-0.2449,0.0028,0.5870
80,2.6333,hand_Left,1,1.000,-0.2746,-0.0021,0.5800
80,2.6333,hand_Left,2,1.000,-0.3001,-0.0092,0.5570
80,2.6333,hand_Left,3,1.000,-0.3200,-0.0083,0.5380
80,2.6333,hand_Left,4,1.000,-0.3418,-0.0030,0.5340
80,2.6333,hand_Left,5,1.000,-0.3227,-0.0410,0.5690
80,2.6333,hand_Left,6,1.000,-0.3482,-0.0446,0.5490
80,2.6333,hand_Left,7,1.000,-0.3656,-0.0395,0.5420
80,2.6333,hand_Left,8,1.000,-0.3765,-0.0309,0.5350
80,2.6333,hand_Left,9,1.000,-0.3193,-0.0304,0.5670
80,2.6333,hand_Left,10,1.000,-0.3356,-0.0277,0.5420
80,2.6333,hand_Left,11,1.000,-0.3496,-0.0197,0.5350
80,2.6333,hand_Left,12,1.000,-0.3597,-0.0105,0.5290
80,2.6333,hand_Left,13,1.000,-0.3087,-0.0187,0.5570
80,2.6333,hand_Left,14,1.000,-0.3195,-0.0117,0.5400
80,2.6333,hand_Left,15,1.000,-0.3254,-0.0066,0.5350
80,2.6333,hand_Left,16,1.000,-0.3335,-0.0024,0.5350
80,2.6333,hand_Left,17,1.000,-0.3027,-0.0091,0.5560
80,2.6333,hand_Left,18,1.000,-0.3136,-0.0032,0.5450
80,2.6333,hand_Left,19,1.000,-0.3197,0.0024,0.5420
80,2.6333,hand_Left,20,1.000,-0.3271,0.0067,0.5440
81,2.6667,pose,0,0.553,,,
81,2.6667,pose,1,0.421,,,
81,2.6667,pose,2,0.423,,,
81,2.6667,pose,3,0.413,,,
81,2.6667,pose,4,0.546,,,
81,2.6667,pose,5,0.624,,,
81,2.6667,pose,6,0.692,,,
81,2.6667,pose,7,0.527,0.1982,-0.0251,0.3530
81,2.6667,pose,8,0.710,,,
81,2.6667,pose,9,0.508,,,
81,2.6667,pose,10,0.575,,,
81,2.6667,pose,11,0.740,,,
81,2.6667,pose,12,0.953,,,
81,2.6667,pose,13,0.142,,,
81,2.6667,pose,14,0.391,-0.0902,0.0652,0.6630
81,2.6667,pose,15,0.090,,,
81,2.6667,pose,16,0.766,-0.1889,0.0154,0.6330
81,2.6667,pose,17,0.101,,,
81,2.6667,pose,18,0.775,-0.2243,-0.0061,0.6170
81,2.6667,pose,19,0.107,0.1138,-0.0771,0.4640
81,2.6667,pose,20,0.813,,,
81,2.6667,pose,21,0.104,,,
81,2.6667,pose,22,0.784,-0.1773,-0.0115,0.6450
81,2.6667,pose,23,0.262,,,
81,2.6667,pose,24,0.442,,,
81,2.6667,pose,25,0.021,,,
81,2.6667,pose,26,0.012,0.0728,0.0810,0.3680
81,2.6667,pose,27,0.016,,,
81,2.6667,pose,28,0.008,0.0343,0.1208,0.3980
81,2.6667,pose,29,0.017,,,
81,2.6667,pose,30,0.012,,,
81,2.6667,pose,31,0.018,,,
81,2.6667,pose,32,0.009,,,
81,2.6667,hand_Left,0,1.000,-0.2520,0.0020,0.5830
81,2.6667,hand_Left,1,1.000,-0.2792,0.0003,0.5770
81,2.6667,hand_Left,2,1.000,-0.3014,-0.0075,0.5560
81,2.6667,hand_Left,3,1.000,-0.3205,-0.0078,0.5370
81,2.6667,hand_Left,4,1.000,-0.3438,-0.0026,0.5340
81,2.6667,hand_Left,5,1.000,-0.3264,-0.0414,0.5670
81,2.6667,hand_Left,6,1.000,-0.3527,-0.0456,0.5490
81,2.6667,hand_Left,7,1.000,-0.3705,-0.0392,0.5430
81,2.6667,hand_Left,8,1.000,-0.3771,-0.0291,0.5320
81,2.6667,hand_Left,9,1.000,-0.3254,-0.0341,0.5650
81,2.6667,hand_Left,10,1.000,-0.3455,-0.0343,0.5410
81,2.6667,hand_Left,11,1.000,-0.3620,-0.0284,0.5350
81,2.6667,hand_Left,12,1.000,-0.3711,-0.0193,0.5270
81,2.6667,hand_Left,13,1.000,-0.3224,-0.0246,0.5630
81,2.6667,hand_Left,14,1.000,-0.3395,-0.0238,0.5410
81,2.6667,hand_Left,15,1.000,-0.3534,-0.0196,0.5350
81,2.6667,hand_Left,16,1.000,-0.3633,-0.0136,0.5280
81,2.6667,hand_Left,17,1.000,-0.3119,-0.0146,0.5490
81,2.6667,hand_Left,18,1.000,-0.3307,-0.0144,0.5380
81,2.6667,hand_Left,19,1.000,-0.3445,-0.0121,0.5360
81,2.6667,hand_Left,20,1.000,-0.3560,-0.0094,0.5340
82,2.7000,pose,0,0.546,,,
82,2.7000,pose,1,0.406,,,
82,2.7000,pose,2,0.402,,,
82,2.7000,pose,3,0.401,,,
82,2.7000,pose,4,0.539,,,
82,2.7000,pose,5,0.614,,,
82,2.7000,pose,6,0.695,,,
82,2.7000,pose,7,0.505,,,
82,2.7000,pose,8,0.700,,,
82,2.7000,pose,9,0.501,,,
82,2.7000,pose,10,0.571,,,
82,2.7000,pose,11,0.761,,,
82,2.7000,pose,12,0.956,,,
82,2.7000,pose,13,0.130,,,
82,2.7000,pose,14,0.360,-0.0717,0.0610,0.6560
82,2.7000,pose,15,0.081,,,
82,2.7000,pose,16,0.701,-0.1980,0.0450,0.4420
82,2.7000,pose,17,0.091,,,
82,2.7000,pose,18,0.708,-0.3284,0.0119,0.5490
82,2.7000,pose,19,0.097,,,
82,2.7000,pose,20,0.746,,,
82,2.7000,pose,21,0.094,,,
82,2.7000,pose,22,0.719,,,
82,2.7000,pose,23,0.293,,,
82,2.7000,pose,24,0.476,,,
82,2.7000,pose,25,0.019,,,
82,2.7000,pose,26,0.011,,,
82,2.7000,pose,27,0.014,,,
82,2.7000,pose,28,0.008,,,
82,2.7000,pose,29,0.015,,,
82,2.7000,pose,30,0.011,,,
82,2.7000,pose,31,0.016,,,
82,2.7000,pose,32,0.008,,,
82,2.7000,hand_Left,0,1.000,-0.2522,0.0018,0.5850
82,2.7000,hand_Left,1,1.000,-0.2779,-0.0008,0.5770
82,2.7000,hand_Left,2,1.000,-0.3006,-0.0072,0.5560
82,2.7000,hand_Left,3,1.000,-0.3195,-0.0071,0.5370
82,2.7000,hand_Left,4,1.000,-0.3437,-0.0026,0.5340
82,2.7000,hand_Left,5,1.000,-0.3253,-0.0416,0.5670
82,2.7000,hand_Left,6,1.000,-0.3517,-0.0457,0.5490
82,2.7000,hand_Left,7,1.000,-0.3707,-0.0401,0.5430
82,2.7000,hand_Left,8,1.000,-0.3796,-0.0303,0.5340
82,2.7000,hand_Left,9,1.000,-0.3239,-0.0325,0.5650
82,2.7000,hand_Left,10,1.000,-0.3441,-0.0341,0.5410
82,2.7000,hand_Left,11,1.000,-0.3606,-0.0282,0.5330
82,2.7000,hand_Left,12,1.000,-0.3720,-0.0191,0.5270
82,2.7000,hand_Left,13,1.000,-0.3194,-0.0217,0.5600
82,2.7000,hand_Left,14,1.000,-0.3371,-0.0216,0.5410
82,2.7000,hand_Left,15,1.000,-0.3517,-0.0175,0.5350
82,2.7000,hand_Left,16,1.000,-0.3633,-0.0112,0.5290
82,2.7000,hand_Left,17,1.000,-0.3096,-0.0109,0.5480
82,2.7000,hand_Left,18,1.000,-0.3256,-0.0104,0.5350
82,2.7000,hand_Left,19,1.000,-0.3402,-0.0078,0.5350
82,2.7000,hand_Left,20,1.000,-0.3521,-0.0044,0.5340
83,2.7333,pose,0,0.549,,,
83,2.7333,pose,1,0.392,,,
83,2.7333,pose,2,0.396,,,
83,2.7333,pose,3,0.391,,,
83,2.7333,pose,4,0.519,,,
83,2.7333,pose,5,0.603,,,
83,2.7333,pose,6,0.673,,,
83,2.7333,pose,7,0.518,,,
83,2.7333,pose,8,0.680,,,
83,2.7333,pose,9,0.522,,,
83,2.7333,pose,10,0.578,,,
83,2.7333,pose,11,0.784,,,
83,2.7333,pose,12,0.960,,,
83,2.7333,pose,13,0.195,,,
83,2.7333,pose,14,0.328,-0.0968,0.0698,0.6680
83,2.7333,pose,15,0.158,,,
83,2.7333,pose,16,0.710,-0.2187,0.0449,0.4460
83,2.7333,pose,17,0.174,,,
83,2.7333,pose,18,0.729,-0.3484,0.0111,0.5390
83,2.7333,pose,19,0.180,,,
83,2.7333,pose,20,0.764,-0.3409,0.0183,0.5420
83,2.7333,pose,21,0.170,,,
83,2.7333,pose,22,0.739,,,
83,2.7333,pose,23,0.325,,,
83,2.7333,pose,24,0.493,,,
83,2.7333,pose,25,0.017,,,
83,2.7333,pose,26,0.010,,,
83,2.7333,pose,27,0.013,,,
83,2.7333,pose,28,0.007,,,
83,2.7333,pose,29,0.014,,,
83,2.7333,pose,30,0.010,,,
83,2.7333,pose,31,0.015,,,
83,2.7333,pose,32,0.008,,,
83,2.7333,hand_Left,0,1.000,-0.2532,0.0022,0.5830
83,2.7333,hand_Left,1,1.000,-0.2782,-0.0001,0.5770
83,2.7333,hand_Left,2,1.000,-0.2998,-0.0066,0.5550
83,2.7333,hand_Left,3,1.000,-0.3195,-0.0069,0.5370
83,2.7333,hand_Left,4,1.000,-0.3442,-0.0022,0.5350
83,2.7333,hand_Left,5,1.000,-0.3256,-0.0417,0.5670
83,2.7333,hand_Left,6,1.000,-0.3511,-0.0458,0.5490
83,2.7333,hand_Left,7,1.000,-0.3709,-0.0404,0.5440
83,2.7333,hand_Left,8,1.000,-0.3803,-0.0311,0.5350
83,2.7333,hand_Left,9,1.000,-0.3251,-0.0335,0.5650
83,2.7333,hand_Left,10,1.000,-0.3454,-0.0360,0.5420
83,2.7333,hand_Left,11,1.000,-0.3628,-0.0308,0.5350
83,2.7333,hand_Left,12,1.000,-0.3741,-0.0223,0.5290
83,2.7333,hand_Left,13,1.000,-0.3236,-0.0238,0.5640
83,2.7333,hand_Left,14,1.000,-0.3393,-0.0249,0.5400
83,2.7333,hand_Left,15,1.000,-0.3545,-0.0212,0.5350
83,2.7333,hand_Left,16,1.000,-0.3652,-0.0155,0.5280
83,2.7333,hand_Left,17,1.000,-0.3115,-0.0137,0.5470
83,2.7333,hand_Left,18,1.000,-0.3308,-0.0150,0.5370
83,2.7333,hand_Left,19,1.000,-0.3455,-0.0133,0.5360
83,2.7333,hand_Left,20,1.000,-0.3561,-0.0108,0.5320
84,2.7667,pose,0,0.586,,,
84,2.7667,pose,1,0.420,,,
84,2.7667,pose,2,0.435,,,
84,2.7667,pose,3,0.421,,,
84,2.7667,pose,4,0.547,,,
84,2.7667,pose,5,0.635,,,
84,2.7667,pose,6,0.695,,,
84,2.7667,pose,7,0.560,,,
84,2.7667,pose,8,0.705,-0.1110,-1.5840,3.0840
84,2.7667,pose,9,0.565,0.0551,-0.2245,0.4740
84,2.7667,pose,10,0.615,,,
84,2.7667,pose,11,0.805,,,
84,2.7667,pose,12,0.964,,,
84,2.7667,pose,13,0.248,,,
84,2.7667,pose,14,0.301,,,
84,2.7667,pose,15,0.231,,,
84,2.7667,pose,16,0.734,-0.2243,0.0437,0.4440
84,2.7667,pose,17,0.253,,,
84,2.7667,pose,18,0.755,-0.3478,0.0079,0.5360
84,2.7667,pose,19,0.259,,,
84,2.7667,pose,20,0.787,-0.3189,-0.0061,0.5380
84,2.7667,pose,21,0.247,,,
84,2.7667,pose,22,0.764,-0.3027,0.0270,0.5970
84,2.7667,pose,23,0.322,,,
84,2.7667,pose,24,0.481,,,
84,2.7667,pose,25,0.015,,,
84,2.7667,pose,26,0.009,,,
84,2.7667,pose,27,0.012,,,
84,2.7667,pose,28,0.006,,,
84,2.7667,pose,29,0.013,,,
84,2.7667,pose,30,0.009,,,
84,2.7667,pose,31,0.014,,,
84,2.7667,pose,32,0.007,,,
84,2.7667,hand_Right,0,1.000,,,
84,2.7667,hand_Right,1,1.000,,,
84,2.7667,hand_Right,2,1.000,,,
84,2.7667,hand_Right,3,1.000,,,
84,2.7667,hand_Right,4,1.000,,,
84,2.7667,hand_Right,5,1.000,,,
84,2.7667,hand_Right,6,1.000,,,
84,2.7667,hand_Right,7,1.000,,,
84,2.7667,hand_Right,8,1.000,,,
84,2.7667,hand_Right,9,1.000,,,
84,2.7667,hand_Right,10,1.000,,,
84,2.7667,hand_Right,11,1.000,,,
84,2.7667,hand_Right,12,1.000,,,
84,2.7667,hand_Right,13,1.000,,,
84,2.7667,hand_Right,14,1.000,,,
84,2.7667,hand_Right,15,1.000,,,
84,2.7667,hand_Right,16,1.000,,,
84,2.7667,hand_Right,17,1.000,,,
84,2.7667,hand_Right,18,1.000,,,
84,2.7667,hand_Right,19,1.000,,,
84,2.7667,hand_Right,20,1.000,,,
84,2.7667,hand_Left,0,1.000,-0.2533,0.0016,0.5830
84,2.7667,hand_Left,1,1.000,-0.2783,-0.0006,0.5760
84,2.7667,hand_Left,2,1.000,-0.3014,-0.0068,0.5560
84,2.7667,hand_Left,3,1.000,-0.3203,-0.0065,0.5370
84,2.7667,hand_Left,4,1.000,-0.3446,-0.0020,0.5340
84,2.7667,hand_Left,5,1.000,-0.3257,-0.0418,0.5670
84,2.7667,hand_Left,6,1.000,-0.3511,-0.0452,0.5490
84,2.7667,hand_Left,7,1.000,-0.3700,-0.0400,0.5430
84,2.7667,hand_Left,8,1.000,-0.3800,-0.0306,0.5350
84,2.7667,hand_Left,9,1.000,-0.3246,-0.0328,0.5650
84,2.7667,hand_Left,10,1.000,-0.3446,-0.0350,0.5420
84,2.7667,hand_Left,11,1.000,-0.3627,-0.0303,0.5360
84,2.7667,hand_Left,12,1.000,-0.3737,-0.0220,0.5290
84,2.7667,hand_Left,13,1.000,-0.3223,-0.0224,0.5630
84,2.7667,hand_Left,14,1.000,-0.3378,-0.0233,0.5400
84,2.7667,hand_Left,15,1.000,-0.3528,-0.0202,0.5350
84,2.7667,hand_Left,16,1.000,-0.3644,-0.0150,0.5290
84,2.7667,hand_Left,17,1.000,-0.3113,-0.0119,0.5480
84,2.7667,hand_Left,18,1.000,-0.3288,-0.0128,0.5360
84,2.7667,hand_Left,19,1.000,-0.3437,-0.0113,0.5360
84,2.7667,hand_Left,20,1.000,-0.3548,-0.0093,0.5330
85,2.8000,pose,0,0.620,,,
85,2.8000,pose,1,0.449,,,
85,2.8000,pose,2,0.472,,,
85,2.8000,pose,3,0.452,,,
85,2.8000,pose,4,0.575,,,
85,2.8000,pose,5,0.664,,,
85,2.8000,pose,6,0.716,-0.0491,-1.7058,3.0910
85,2.8000,pose,7,0.599,,,
85,2.8000,pose,8,0.730,,,
85,2.8000,pose,9,0.604,0.0748,-0.2136,0.4870
85,2.8000,pose,10,0.649,0.1866,-1.2886,3.1960
85,2.8000,pose,11,0.825,,,
85,2.8000,pose,12,0.968,,,
85,2.8000,pose,13,0.295,,,
85,2.8000,pose,14,0.276,,,
85,2.8000,pose,15,0.296,,,
85,2.8000,pose,16,0.752,,,
85,2.8000,pose,17,0.323,,,
85,2.8000,pose,18,0.778,,,
85,2.8000,pose,19,0.330,,,
85,2.8000,pose,20,0.806,-0.3088,-0.0132,0.5490
85,2.8000,pose,21,0.317,,,
85,2.8000,pose,22,0.786,-0.2964,0.0251,0.5980
85,2.8000,pose,23,0.309,,,
85,2.8000,pose,24,0.453,,,
85,2.8000,pose,25,0.014,,,
85,2.8000,pose,26,0.008,,,
85,2.8000,pose,27,0.011,,,
85,2.8000,pose,28,0.006,,,
85,2.8000,pose,29,0.012,,,
85,2.8000,pose,30,0.008,,,
85,2.8000,pose,31,0.013,,,
85,2.8000,pose,32,0.006,,,
85,2.8000,hand_Right,0,1.000,,,
85,2.8000,hand_Right,1,1.000,,,
85,2.8000,hand_Right,2,1.000,,,
85,2.8000,hand_Right,3,1.000,,,
85,2.8000,hand_Right,4,1.000,,,
85,2.8000,hand_Right,5,1.000,,,
85,2.8000,hand_Right,6,1.000,-0.6411,-0.9138,3.0630
85,2.8000,hand_Right,7,1.000,,,
85,2.8000,hand_Right,8,1.000,,,
85,2.8000,hand_Right,9,1.000,,,
85,2.8000,hand_Right,10,1.000,,,
85,2.8000,hand_Right,11,1.000,,,
85,2.8000,hand_Right,12,1.000,,,
85,2.8000,hand_Right,13,1.000,,,
85,2.8000,hand_Right,14,1.000,,,
85,2.8000,hand_Right,15,1.000,,,
85,2.8000,hand_Right,16,1.000,,,
85,2.8000,hand_Right,17,1.000,,,
85,2.8000,hand_Right,18,1.000,,,
85,2.8000,hand_Right,19,1.000,,,
85,2.8000,hand_Right,20,1.000,,,
85,2.8000,hand_Left,0,1.000,-0.2550,0.0009,0.5830
85,2.8000,hand_Left,1,1.000,-0.2790,-0.0013,0.5740
85,2.8000,hand_Left,2,1.000,-0.3015,-0.0072,0.5550
85,2.8000,hand_Left,3,1.000,-0.3208,-0.0067,0.5380
85,2.8000,hand_Left,4,1.000,-0.3439,-0.0018,0.5340
85,2.8000,hand_Left,5,1.000,-0.3276,-0.0423,0.5690
85,2.8000,hand_Left,6,1.000,-0.3513,-0.0462,0.5490
85,2.8000,hand_Left,7,1.000,-0.3696,-0.0408,0.5430
85,2.8000,hand_Left,8,1.000,-0.3795,-0.0316,0.5360
85,2.8000,hand_Left,9,1.000,-0.3255,-0.0337,0.5650
85,2.8000,hand_Left,10,1.000,-0.3442,-0.0355,0.5410
85,2.8000,hand_Left,11,1.000,-0.3610,-0.0304,0.5350
85,2.8000,hand_Left,12,1.000,-0.3711,-0.0222,0.5290
85,2.8000,hand_Left,13,1.000,-0.3231,-0.0236,0.5630
85,2.8000,hand_Left,14,1.000,-0.3380,-0.0238,0.5400
85,2.8000,hand_Left,15,1.000,-0.3515,-0.0201,0.5340
85,2.8000,hand_Left,16,1.000,-0.3627,-0.0145,0.5290
85,2.8000,hand_Left,17,1.000,-0.3117,-0.0133,0.5470
85,2.8000,hand_Left,18,1.000,-0.3291,-0.0133,0.5360
85,2.8000,hand_Left,19,1.000,-0.3424,-0.0110,0.5350
85,2.8000,hand_Left,20,1.000,-0.3536,-0.0081,0.5340
86,2.8333,pose,0,0.642,,,
86,2.8333,pose,1,0.461,,,
86,2.8333,pose,2,0.493,,,
86,2.8333,pose,3,0.472,,,
86,2.8333,pose,4,0.586,,,
86,2.8333,pose,5,0.680,,,
86,2.8333,pose,6,0.724,,,
86,2.8333,pose,7,0.630,,,
86,2.8333,pose,8,0.743,,,
86,2.8333,pose,9,0.638,,,
86,2.8333,pose,10,0.677,0.0430,-0.2508,0.4680
86,2.8333,pose,11,0.842,,,
86,2.8333,pose,12,0.970,,,
86,2.8333,pose,13,0.358,,,
86,2.8333,pose,14,0.257,,,
86,2.8333,pose,15,0.360,,,
86,2.8333,pose,16,0.737,,,
86,2.8333,pose,17,0.387,,,
86,2.8333,pose,18,0.782,,,
86,2.8333,pose,19,0.393,,,
86,2.8333,pose,20,0.811,,,
86,2.8333,pose,21,0.379,,,
86,2.8333,pose,22,0.792,,,
86,2.8333,pose,23,0.319,,,
86,2.8333,pose,24,0.444,,,
86,2.8333,pose,25,0.014,,,
86,2.8333,pose,26,0.007,,,
86,2.8333,pose,27,0.012,,,
86,2.8333,pose,28,0.006,,,
86,2.8333,pose,29,0.012,,,
86,2.8333,pose,30,0.008,,,
86,2.8333,pose,31,0.014,,,
86,2.8333,pose,32,0.006,,,
86,2.8333,hand_Right,0,1.000,,,
86,2.8333,hand_Right,1,1.000,,,
86,2.8333,hand_Right,2,1.000,,,
86,2.8333,hand_Right,3,1.000,,,
86,2.8333,hand_Right,4,1.000,,,
86,2.8333,hand_Right,5,1.000,,,
86,2.8333,hand_Right,6,1.000,,,
86,2.8333,hand_Right,7,1.000,,,
86,2.8333,hand_Right,8,1.000,,,
86,2.8333,hand_Right,9,1.000,,,
86,2.8333,hand_Right,10,1.000,,,
86,2.8333,hand_Right,11,1.000,,,
86,2.8333,hand_Right,12,1.000,,,
86,2.8333,hand_Right,13,1.000,,,
86,2.8333,hand_Right,14,1.000,,,
86,2.8333,hand_Right,15,1.000,,,
86,2.8333,hand_Right,16,1.000,,,
86,2.8333,hand_Right,17,1.000,,,
86,2.8333,hand_Right,18,1.000,,,
86,2.8333,hand_Right,19,1.000,,,
86,2.8333,hand_Right,20,1.000,,,
86,2.8333,hand_Left,0,1.000,,,
86,2.8333,hand_Left,1,1.000,-0.2788,-0.0011,0.5740
86,2.8333,hand_Left,2,1.000,-0.3005,-0.0070,0.5540
86,2.8333,hand_Left,3,1.000,-0.3202,-0.0066,0.5370
86,2.8333,hand_Left,4,1.000,-0.3438,-0.0019,0.5340
86,2.8333,hand_Left,5,1.000,-0.3263,-0.0424,0.5680
86,2.8333,hand_Left,6,1.000,-0.3512,-0.0460,0.5500
86,2.8333,hand_Left,7,1.000,-0.3695,-0.0406,0.5430
86,2.8333,hand_Left,8,1.000,-0.3799,-0.0316,0.5360
86,2.8333,hand_Left,9,1.000,-0.3255,-0.0336,0.5660
86,2.8333,hand_Left,10,1.000,-0.3427,-0.0350,0.5400
86,2.8333,hand_Left,11,1.000,-0.3603,-0.0296,0.5350
86,2.8333,hand_Left,12,1.000,-0.3709,-0.0214,0.5290
86,2.8333,hand_Left,13,1.000,-0.3231,-0.0233,0.5640
86,2.8333,hand_Left,14,1.000,-0.3376,-0.0232,0.5410
86,2.8333,hand_Left,15,1.000,-0.3513,-0.0191,0.5350
86,2.8333,hand_Left,16,1.000,-0.3619,-0.0136,0.5290
86,2.8333,hand_Left,17,1.000,-0.3110,-0.0128,0.5470
86,2.8333,hand_Left,18,1.000,-0.3277,-0.0124,0.5360
86,2.8333,hand_Left,19,1.000,-0.3407,-0.0098,0.5350
86,2.8333,hand_Left,20,1.000,-0.3517,-0.0069,0.5340
87,2.8667,pose,0,0.674,,,
87,2.8667,pose,1,0.505,,,
87,2.8667,pose,2,0.537,,,
87,2.8667,pose,3,0.518,,,
87,2.8667,pose,4,0.619,,,
87,2.8667,pose,5,0.707,,,
87,2.8667,pose,6,0.746,,,
87,2.8667,pose,7,0.666,,,
87,2.8667,pose,8,0.765,,,
87,2.8667,pose,9,0.673,,,
87,2.8667,pose,10,0.707,,,
87,2.8667,pose,11,0.858,,,
87,2.8667,pose,12,0.973,0.0028,-0.1159,0.6430
87,2.8667,pose,13,0.419,,,
87,2.8667,pose,14,0.240,,,
87,2.8667,pose,15,0.420,,,
87,2.8667,pose,16,0.697,,,
87,2.8667,pose,17,0.445,,,
87,2.8667,pose,18,0.762,,,
87,2.8667,pose,19,0.451,,,
87,2.8667,pose,20,0.792,,,
87,2.8667,pose,21,0.436,,,
87,2.8667,pose,22,0.776,,,
87,2.8667,pose,23,0.322,,,
87,2.8667,pose,24,0.426,,,
87,2.8667,pose,25,0.014,,,
87,2.8667,pose,26,0.007,,,
87,2.8667,pose,27,0.011,,,
87,2.8667,pose,28,0.005,,,
87,2.8667,pose,29,0.012,,,
87,2.8667,pose,30,0.008,,,
87,2.8667,pose,31,0.014,,,
87,2.8667,pose,32,0.006,,,
87,2.8667,hand_Right,0,1.000,,,
87,2.8667,hand_Right,1,1.000,,,
87,2.8667,hand_Right,2,1.000,,,
87,2.8667,hand_Right,3,1.000,,,
87,2.8667,hand_Right,4,1.000,,,
87,2.8667,hand_Right,5,1.000,,,
87,2.8667,hand_Right,6,1.000,,,
87,2.8667,hand_Right,7,1.000,,,
87,2.8667,hand_Right,8,1.000,,,
87,2.8667,hand_Right,9,1.000,,,
87,2.8667,hand_Right,10,1.000,,,
87,2.8667,hand_Right,11,1.000,,,
87,2.8667,hand_Right,12,1.000,,,
87,2.8667,hand_Right,13,1.000,,,
87,2.8667,hand_Right,14,1.000,,,
87,2.8667,hand_Right,15,1.000,,,
87,2.8667,hand_Right,16,1.000,,,
87,2.8667,hand_Right,17,1.000,,,
87,2.8667,hand_Right,18,1.000,,,
87,2.8667,hand_Right,19,1.000,,,
87,2.8667,hand_Right,20,1.000,,,
87,2.8667,hand_Left,0,1.000,-0.2555,0.0007,0.5810
87,2.8667,hand_Left,1,1.000,-0.2790,-0.0009,0.5740
87,2.8667,hand_Left,2,1.000,-0.3022,-0.0068,0.5560
87,2.8667,hand_Left,3,1.000,-0.3211,-0.0062,0.5370
87,2.8667,hand_Left,4,1.000,-0.3445,-0.0016,0.5340
87,2.8667,hand_Left,5,1.000,-0.3258,-0.0414,0.5670
87,2.8667,hand_Left,6,1.000,-0.3516,-0.0450,0.5490
87,2.8667,hand_Left,7,1.000,-0.3702,-0.0398,0.5430
87,2.8667,hand_Left,8,1.000,-0.3804,-0.0307,0.5350
87,2.8667,hand_Left,9,1.000,-0.3252,-0.0324,0.5650
87,2.8667,hand_Left,10,1.000,-0.3440,-0.0337,0.5410
87,2.8667,hand_Left,11,1.000,-0.3615,-0.0288,0.5350
87,2.8667,hand_Left,12,1.000,-0.3718,-0.0208,0.5270
87,2.8667,hand_Left,13,1.000,-0.3206,-0.0221,0.5590
87,2.8667,hand_Left,14,1.000,-0.3380,-0.0223,0.5410
87,2.8667,hand_Left,15,1.000,-0.3521,-0.0189,0.5350
87,2.8667,hand_Left,16,1.000,-0.3626,-0.0138,0.5280
87,2.8667,hand_Left,17,1.000,-0.3115,-0.0120,0.5470
87,2.8667,hand_Left,18,1.000,-0.3276,-0.0121,0.5350
87,2.8667,hand_Left,19,1.000,-0.3421,-0.0101,0.5350
87,2.8667,hand_Left,20,1.000,-0.3538,-0.0077,0.5340
88,2.9000,pose,0,0.705,,,
88,2.9000,pose,1,0.551,,,
88,2.9000,pose,2,0.580,,,
88,2.9000,pose,3,0.564,,,
88,2.9000,pose,4,0.654,,,
88,2.9000,pose,5,0.735,,,
88,2.9000,pose,6,0.770,,,
88,2.9000,pose,7,0.699,,,
88,2.9000,pose,8,0.787,,,
88,2.9000,pose,9,0.706,,,
88,2.9000,pose,10,0.736,,,
88,2.9000,pose,11,0.872,,,
88,2.9000,pose,12,0.975,,,
88,2.9000,pose,13,0.472,,,
88,2.9000,pose,14,0.224,,,
88,2.9000,pose,15,0.475,,,
88,2.9000,pose,16,0.698,,,
88,2.9000,pose,17,0.498,,,
88,2.9000,pose,18,0.772,,,
88,2.9000,pose,19,0.504,,,
88,2.9000,pose,20,0.802,,,
88,2.9000,pose,21,0.489,,,
88,2.9000,pose,22,0.787,,,
88,2.9000,pose,23,0.326,,,
88,2.9000,pose,24,0.413,,,
88,2.9000,pose,25,0.013,,,
88,2.9000,pose,26,0.007,,,
88,2.9000,pose,27,0.011,,,
88,2.9000,pose,28,0.005,,,
88,2.9000,pose,29,0.012,,,
88,2.9000,pose,30,0.007,,,
88,2.9000,pose,31,0.014,,,
88,2.9000,pose,32,0.005,,,
88,2.9000,hand_Right,0,1.000,,,
88,2.9000,hand_Right,1,1.000,,,
88,2.9000,hand_Right,2,1.000,,,
88,2.9000,hand_Right,3,1.000,,,
88,2.9000,hand_Right,4,1.000,,,
88,2.9000,hand_Right,5,1.000,,,
88,2.9000,hand_Right,6,1.000,,,
88,2.9000,hand_Right,7,1.000,,,
88,2.9000,hand_Right,8,1.000,,,
88,2.9000,hand_Right,9,1.000,,,
88,2.9000,hand_Right,10,1.000,,,
88,2.9000,hand_Right,11,1.000,,,
88,2.9000,hand_Right,12,1.000,,,
88,2.9000,hand_Right,13,1.000,0.0152,0.0723,0.4280
88,2.9000,hand_Right,14,1.000,,,
88,2.9000,hand_Right,15,1.000,,,
88,2.9000,hand_Right,16,1.000,,,
88,2.9000,hand_Right,17,1.000,,,
88,2.9000,hand_Right,18,1.000,,,
88,2.9000,hand_Right,19,1.000,,,
88,2.9000,hand_Right,20,1.000,,,
88,2.9000,hand_Left,0,1.000,-0.2572,0.0015,0.5840
88,2.9000,hand_Left,1,1.000,-0.2800,-0.0015,0.5730
88,2.9000,hand_Left,2,1.000,-0.3019,-0.0075,0.5540
88,2.9000,hand_Left,3,1.000,-0.3209,-0.0069,0.5370
88,2.9000,hand_Left,4,1.000,-0.3440,-0.0021,0.5340
88,2.9000,hand_Left,5,1.000,-0.3261,-0.0411,0.5670
88,2.9000,hand_Left,6,1.000,-0.3510,-0.0445,0.5480
88,2.9000,hand_Left,7,1.000,-0.3693,-0.0393,0.5420
88,2.9000,hand_Left,8,1.000,-0.3787,-0.0302,0.5340
88,2.9000,hand_Left,9,1.000,-0.3245,-0.0311,0.5650
88,2.9000,hand_Left,10,1.000,-0.3418,-0.0320,0.5390
88,2.9000,hand_Left,11,1.000,-0.3600,-0.0269,0.5350
88,2.9000,hand_Left,12,1.000,-0.3704,-0.0192,0.5280
88,2.9000,hand_Left,13,1.000,-0.3210,-0.0200,0.5620
88,2.9000,hand_Left,14,1.000,-0.3354,-0.0195,0.5400
88,2.9000,hand_Left,15,1.000,-0.3493,-0.0156,0.5350
88,2.9000,hand_Left,16,1.000,-0.3610,-0.0106,0.5310
88,2.9000,hand_Left,17,1.000,-0.3094,-0.0094,0.5460
88,2.9000,hand_Left,18,1.000,-0.3251,-0.0084,0.5350
88,2.9000,hand_Left,19,1.000,-0.3376,-0.0058,0.5340
88,2.9000,hand_Left,20,1.000,-0.3488,-0.0031,0.5340
89,2.9333,pose,0,0.734,,,
89,2.9333,pose,1,0.594,,,
89,2.9333,pose,2,0.621,,,
89,2.9333,pose,3,0.606,,,
89,2.9333,pose,4,0.688,,,
89,2.9333,pose,5,0.761,,,
89,2.9333,pose,6,0.792,,,
89,2.9333,pose,7,0.729,,,
89,2.9333,pose,8,0.807,,,
89,2.9333,pose,9,0.735,,,
89,2.9333,pose,10,0.762,,,
89,2.9333,pose,11,0.885,,,
89,2.9333,pose,12,0.978,,,
89,2.9333,pose,13,0.522,,,
89,2.9333,pose,14,0.211,,,
89,2.9333,pose,15,0.526,,,
89,2.9333,pose,16,0.718,,,
89,2.9333,pose,17,0.547,,,
89,2.9333,pose,18,0.792,,,
89,2.9333,pose,19,0.553,,,
89,2.9333,pose,20,0.819,,,
89,2.9333,pose,21,0.539,,,
89,2.9333,pose,22,0.805,,,
89,2.9333,pose,23,0.312,,,
89,2.9333,pose,24,0.385,,,
89,2.9333,pose,25,0.012,,,
89,2.9333,pose,26,0.006,,,
89,2.9333,pose,27,0.010,,,
89,2.9333,pose,28,0.005,,,
89,2.9333,pose,29,0.011,,,
89,2.9333,pose,30,0.007,,,
89,2.9333,pose,31,0.013,,,
89,2.9333,pose,32,0.005,,,
89,2.9333,hand_Right,0,1.000,,,
89,2.9333,hand_Right,1,1.000,,,
89,2.9333,hand_Right,2,1.000,,,
89,2.9333,hand_Right,3,1.000,,,
89,2.9333,hand_Right,4,1.000,,,
89,2.9333,hand_Right,5,1.000,,,
89,2.9333,hand_Right,6,1.000,,,
89,2.9333,hand_Right,7,1.000,,,
89,2.9333,hand_Right,8,1.000,,,
89,2.9333,hand_Right,9,1.000,,,
89,2.9333,hand_Right,10,1.000,,,
89,2.9333,hand_Right,11,1.000,,,
89,2.9333,hand_Right,12,1.000,,,
89,2.9333,hand_Right,13,1.000,,,
89,2.9333,hand_Right,14,1.000,,,
89,2.9333,hand_Right,15,1.000,,,
89,2.9333,hand_Right,16,1.000,,,
89,2.9333,hand_Right,17,1.000,,,
89,2.9333,hand_Right,18,1.000,,,
89,2.9333,hand_Right,19,1.000,,,
89,2.9333,hand_Right,20,1.000,,,
89,2.9333,hand_Left,0,1.000,-0.2562,0.0017,0.5830
89,2.9333,hand_Left,1,1.000,-0.2795,-0.0018,0.5730
89,2.9333,hand_Left,2,1.000,-0.3021,-0.0076,0.5540
89,2.9333,hand_Left,3,1.000,-0.3214,-0.0067,0.5370
89,2.9333,hand_Left,4,1.000,-0.3438,-0.0018,0.5340
89,2.9333,hand_Left,5,1.000,-0.3260,-0.0421,0.5680
89,2.9333,hand_Left,6,1.000,-0.3516,-0.0450,0.5490
89,2.9333,hand_Left,7,1.000,-0.3691,-0.0392,0.5420
89,2.9333,hand_Left,8,1.000,-0.3787,-0.0299,0.5340
89,2.9333,hand_Left,9,1.000,-0.3242,-0.0313,0.5650
89,2.9333,hand_Left,10,1.000,-0.3417,-0.0314,0.5400
89,2.9333,hand_Left,11,1.000,-0.3584,-0.0256,0.5340
89,2.9333,hand_Left,12,1.000,-0.3688,-0.0178,0.5270
89,2.9333,hand_Left,13,1.000,-0.3178,-0.0196,0.5570
89,2.9333,hand_Left,14,1.000,-0.3349,-0.0185,0.5410
89,2.9333,hand_Left,15,1.000,-0.3478,-0.0139,0.5350
89,2.9333,hand_Left,16,1.000,-0.3587,-0.0086,0.5300
89,2.9333,hand_Left,17,1.000,-0.3097,-0.0091,0.5480
89,2.9333,hand_Left,18,1.000,-0.3233,-0.0072,0.5350
89,2.9333,hand_Left,19,1.000,-0.3350,-0.0037,0.5340
89,2.9333,hand_Left,20,1.000,-0.3452,-0.0005,0.5340
90,2.9667,pose,0,0.759,,,
90,2.9667,pose,1,0.631,,,
90,2.9667,pose,2,0.657,,,
90,2.9667,pose,3,0.644,,,
90,2.9667,pose,4,0.716,,,
90,2.9667,pose,5,0.783,,,
90,2.9667,pose,6,0.811,,,
90,2.9667,pose,7,0.755,,,
90,2.9667,pose,8,0.824,,,
90,2.9667,pose,9,0.761,,,
90,2.9667,pose,10,0.784,,,
90,2.9667,pose,11,0.896,,,
90,2.9667,pose,12,0.980,0.0168,-0.1061,0.5970
90,2.9667,pose,13,0.567,,,
90,2.9667,pose,14,0.197,,,
90,2.9667,pose,15,0.571,,,
90,2.9667,pose,16,0.708,,,
90,2.9667,pose,17,0.590,,,
90,2.9667,pose,18,0.793,,,
90,2.9667,pose,19,0.596,,,
90,2.9667,pose,20,0.821,,,
90,2.9667,pose,21,0.581,,,
90,2.9667,pose,22,0.808,,,
90,2.9667,pose,23,0.330,,,
90,2.9667,pose,24,0.383,,,
90,2.9667,pose,25,0.012,,,
90,2.9667,pose,26,0.006,,,
90,2.9667,pose,27,0.010,,,
90,2.9667,pose,28,0.004,,,
90,2.9667,pose,29,0.011,,,
90,2.9667,pose,30,0.006,,,
90,2.9667,pose,31,0.013,,,
90,2.9667,pose,32,0.005,,,
90,2.9667,hand_Right,0,1.000,,,
90,2.9667,hand_Right,1,1.000,,,
90,2.9667,hand_Right,2,1.000,,,
90,2.9667,hand_Right,3,1.000,,,
90,2.9667,hand_Right,4,1.000,,,
90,2.9667,hand_Right,5,1.000,,,
90,2.9667,hand_Right,6,1.000,,,
90,2.9667,hand_Right,7,1.000,,,
90,2.9667,hand_Right,8,1.000,,,
90,2.9667,hand_Right,9,1.000,,,
90,2.9667,hand_Right,10,1.000,,,
90,2.9667,hand_Right,11,1.000,,,
90,2.9667,hand_Right,12,1.000,,,
90,2.9667,hand_Right,13,1.000,,,
90,2.9667,hand_Right,14,1.000,,,
90,2.9667,hand_Right,15,1.000,,,
90,2.9667,hand_Right,16,1.000,,,
90,2.9667,hand_Right,17,1.000,,,
90,2.9667,hand_Right,18,1.000,,,
90,2.9667,hand_Right,19,1.000,,,
90,2.9667,hand_Right,20,1.000,,,
90,2.9667,hand_Left,0,1.000,-0.2559,0.0020,0.5830
90,2.9667,hand_Left,1,1.000,-0.2789,-0.0024,0.5730
90,2.9667,hand_Left,2,1.000,-0.3013,-0.0082,0.5540
90,2.9667,hand_Left,3,1.000,-0.3209,-0.0070,0.5370
90,2.9667,hand_Left,4,1.000,-0.3441,-0.0021,0.5340
90,2.9667,hand_Left,5,1.000,-0.3254,-0.0418,0.5670
90,2.9667,hand_Left,6,1.000,-0.3498,-0.0456,0.5490
90,2.9667,hand_Left,7,1.000,-0.3686,-0.0413,0.5440
90,2.9667,hand_Left,8,1.000,-0.3790,-0.0329,0.5370
90,2.9667,hand_Left,9,1.000,-0.3241,-0.0307,0.5650
90,2.9667,hand_Left,10,1.000,-0.3403,-0.0324,0.5390
90,2.9667,hand_Left,11,1.000,-0.3580,-0.0281,0.5350
90,2.9667,hand_Left,12,1.000,-0.3682,-0.0209,0.5280
90,2.9667,hand_Left,13,1.000,-0.3178,-0.0188,0.5570
90,2.9667,hand_Left,14,1.000,-0.3340,-0.0189,0.5400
90,2.9667,hand_Left,15,1.000,-0.3486,-0.0161,0.5360
90,2.9667,hand_Left,16,1.000,-0.3595,-0.0118,0.5300
90,2.9667,hand_Left,17,1.000,-0.3096,-0.0079,0.5480
90,2.9667,hand_Left,18,1.000,-0.3237,-0.0070,0.5350
90,2.9667,hand_Left,19,1.000,-0.3360,-0.0050,0.5340
90,2.9667,hand_Left,20,1.000,-0.3471,-0.0030,0.5340
91,3.0000,pose,0,0.782,,,
91,3.0000,pose,1,0.665,,,
91,3.0000,pose,2,0.689,,,
91,3.0000,pose,3,0.677,,,
91,3.0000,pose,4,0.741,,,
91,3.0000,pose,5,0.803,,,
91,3.0000,pose,6,0.828,,,
91,3.0000,pose,7,0.779,,,
91,3.0000,pose,8,0.839,,,
91,3.0000,pose,9,0.784,,,
91,3.0000,pose,10,0.805,,,
91,3.0000,pose,11,0.907,,,
91,3.0000,pose,12,0.981,0.0172,-0.1015,0.5970
91,3.0000,pose,13,0.609,,,
91,3.0000,pose,14,0.186,,,
91,3.0000,pose,15,0.612,,,
91,3.0000,pose,16,0.680,,,
91,3.0000,pose,17,0.630,,,
91,3.0000,pose,18,0.778,,,
91,3.0000,pose,19,0.635,,,
91,3.0000,pose,20,0.809,,,
91,3.0000,pose,21,0.620,,,
91,3.0000,pose,22,0.796,,,
91,3.0000,pose,23,0.344,,,
91,3.0000,pose,24,0.378,,,
91,3.0000,pose,25,0.012,,,
91,3.0000,pose,26,0.006,,,
91,3.0000,pose,27,0.010,,,
91,3.0000,pose,28,0.004,,,
91,3.0000,pose,29,0.011,,,
91,3.0000,pose,30,0.006,,,
91,3.0000,pose,31,0.013,,,
91,3.0000,pose,32,0.005,,,
91,3.0000,hand_Right,0,1.000,,,
91,3.0000,hand_Right,1,1.000,,,
91,3.0000,hand_Right,2,1.000,,,
91,3.0000,hand_Right,3,1.000,,,
91,3.0000,hand_Right,4,1.000,,,
91,3.0000,hand_Right,5,1.000,,,
91,3.0000,hand_Right,6,1.000,,,
91,3.0000,hand_Right,7,1.000,,,
91,3.0000,hand_Right,8,1.000,,,
91,3.0000,hand_Right,9,1.000,,,
91,3.0000,hand_Right,10,1.000,,,
91,3.0000,hand_Right,11,1.000,,,
91,3.0000,hand_Right,12,1.000,,,
91,3.0000,hand_Right,13,1.000,,,
91,3.0000,hand_Right,14,1.000,,,
91,3.0000,hand_Right,15,1.000,,,
91,3.0000,hand_Right,16,1.000,,,
91,3.0000,hand_Right,17,1.000,,,
91,3.0000,hand_Right,18,1.000,,,
91,3.0000,hand_Right,19,1.000,,,
91,3.0000,hand_Right,20,1.000,,,
91,3.0000,hand_Left,0,1.000,-0.2571,0.0013,0.5850
91,3.0000,hand_Left,1,1.000,-0.2786,-0.0027,0.5740
91,3.0000,hand_Left,2,1.000,-0.3008,-0.0083,0.5550
91,3.0000,hand_Left,3,1.000,-0.3199,-0.0074,0.5370
91,3.0000,hand_Left,4,1.000,-0.3432,-0.0021,0.5340
91,3.0000,hand_Left,5,1.000,-0.3256,-0.0419,0.5670
91,3.0000,hand_Left,6,1.000,-0.3516,-0.0445,0.5490
91,3.0000,hand_Left,7,1.000,-0.3696,-0.0387,0.5430
91,3.0000,hand_Left,8,1.000,-0.3785,-0.0297,0.5340
91,3.0000,hand_Left,9,1.000,-0.3246,-0.0304,0.5650
91,3.0000,hand_Left,10,1.000,-0.3398,-0.0294,0.5380
91,3.0000,hand_Left,11,1.000,-0.3562,-0.0233,0.5320
91,3.0000,hand_Left,12,1.000,-0.3684,-0.0156,0.5280
91,3.0000,hand_Left,13,1.000,-0.3168,-0.0185,0.5550
91,3.0000,hand_Left,14,1.000,-0.3326,-0.0168,0.5380
91,3.0000,hand_Left,15,1.000,-0.3467,-0.0121,0.5350
91,3.0000,hand_Left,16,1.000,-0.3588,-0.0071,0.5320
91,3.0000,hand_Left,17,1.000,-0.3090,-0.0081,0.5470
91,3.0000,hand_Left,18,1.000,-0.3231,-0.0060,0.5350
91,3.0000,hand_Left,19,1.000,-0.3346,-0.0024,0.5340
91,3.0000,hand_Left,20,1.000,-0.3447,0.0007,0.5340
92,3.0333,pose,0,0.801,,,
92,3.0333,pose,1,0.691,,,
92,3.0333,pose,2,0.715,,,
92,3.0333,pose,3,0.704,,,
92,3.0333,pose,4,0.761,,,
92,3.0333,pose,5,0.819,,,
92,3.0333,pose,6,0.841,,,
92,3.0333,pose,7,0.800,,,
92,3.0333,pose,8,0.851,,,
92,3.0333,pose,9,0.804,,,
92,3.0333,pose,10,0.822,,,
92,3.0333,pose,11,0.916,,,
92,3.0333,pose,12,0.983,,,
92,3.0333,pose,13,0.646,,,
92,3.0333,pose,14,0.175,,,
92,3.0333,pose,15,0.648,,,
92,3.0333,pose,16,0.671,,,
92,3.0333,pose,17,0.664,,,
92,3.0333,pose,18,0.779,,,
92,3.0333,pose,19,0.669,,,
92,3.0333,pose,20,0.809,,,
92,3.0333,pose,21,0.655,,,
92,3.0333,pose,22,0.798,,,
92,3.0333,pose,23,0.371,,,
92,3.0333,pose,24,0.389,,,
92,3.0333,pose,25,0.013,,,
92,3.0333,pose,26,0.007,,,
92,3.0333,pose,27,0.010,,,
92,3.0333,pose,28,0.004,,,
92,3.0333,pose,29,0.011,,,
92,3.0333,pose,30,0.006,,,
92,3.0333,pose,31,0.013,,,
92,3.0333,pose,32,0.005,,,
92,3.0333,hand_Right,0,1.000,,,
92,3.0333,hand_Right,1,1.000,,,
92,3.0333,hand_Right,2,1.000,,,
92,3.0333,hand_Right,3,1.000,,,
92,3.0333,hand_Right,4,1.000,,,
92,3.0333,hand_Right,5,1.000,,,
92,3.0333,hand_Right,6,1.000,,,
92,3.0333,hand_Right,7,1.000,,,
92,3.0333,hand_Right,8,1.000,,,
92,3.0333,hand_Right,9,1.000,,,
92,3.0333,hand_Right,10,1.000,,,
92,3.0333,hand_Right,11,1.000,,,
92,3.0333,hand_Right,12,1.000,,,
92,3.0333,hand_Right,13,1.000,,,
92,3.0333,hand_Right,14,1.000,,,
92,3.0333,hand_Right,15,1.000,,,
92,3.0333,hand_Right,16,1.000,,,
92,3.0333,hand_Right,17,1.000,,,
92,3.0333,hand_Right,18,1.000,,,
92,3.0333,hand_Right,19,1.000,,,
92,3.0333,hand_Right,20,1.000,,,
92,3.0333,hand_Left,0,1.000,-0.2538,0.0022,0.5830
92,3.0333,hand_Left,1,1.000,-0.2783,-0.0024,0.5750
92,3.0333,hand_Left,2,1.000,-0.3005,-0.0083,0.5550
92,3.0333,hand_Left,3,1.000,-0.3202,-0.0075,0.5380
92,3.0333,hand_Left,4,1.000,-0.3429,-0.0025,0.5340
92,3.0333,hand_Left,5,1.000,-0.3246,-0.0424,0.5670
92,3.0333,hand_Left,6,1.000,-0.3505,-0.0449,0.5490
92,3.0333,hand_Left,7,1.000,-0.3680,-0.0393,0.5420
92,3.0333,hand_Left,8,1.000,-0.3786,-0.0304,0.5350
92,3.0333,hand_Left,9,1.000,-0.3229,-0.0307,0.5650
92,3.0333,hand_Left,10,1.000,-0.3394,-0.0298,0.5400
92,3.0333,hand_Left,11,1.000,-0.3550,-0.0234,0.5330
92,3.0333,hand_Left,12,1.000,-0.3666,-0.0157,0.5280
92,3.0333,hand_Left,13,1.000,-0.3146,-0.0184,0.5550
92,3.0333,hand_Left,14,1.000,-0.3304,-0.0160,0.5390
92,3.0333,hand_Left,15,1.000,-0.3439,-0.0110,0.5360
92,3.0333,hand_Left,16,1.000,-0.3561,-0.0060,0.5340
92,3.0333,hand_Left,17,1.000,-0.3077,-0.0077,0.5490
92,3.0333,hand_Left,18,1.000,-0.3208,-0.0047,0.5370
92,3.0333,hand_Left,19,1.000,-0.3308,-0.0005,0.5350
92,3.0333,hand_Left,20,1.000,-0.3402,0.0027,0.5350
93,3.0667,pose,0,0.819,,,
93,3.0667,pose,1,0.718,,,
93,3.0667,pose,2,0.740,,,
93,3.0667,pose,3,0.731,,,
93,3.0667,pose,4,0.781,,,
93,3.0667,pose,5,0.835,,,
93,3.0667,pose,6,0.854,,,
93,3.0667,pose,7,0.819,,,
93,3.0667,pose,8,0.863,,,
93,3.0667,pose,9,0.823,0.0810,-0.2483,0.4430
93,3.0667,pose,10,0.838,,,
93,3.0667,pose,11,0.924,0.2416,-0.0966,0.3320
93,3.0667,pose,12,0.984,,,
93,3.0667,pose,13,0.680,,,
93,3.0667,pose,14,0.165,,,
93,3.0667,pose,15,0.682,,,
93,3.0667,pose,16,0.668,,,
93,3.0667,pose,17,0.696,,,
93,3.0667,pose,18,0.785,,,
93,3.0667,pose,19,0.701,,,
93,3.0667,pose,20,0.815,,,
93,3.0667,pose,21,0.687,,,
93,3.0667,pose,22,0.804,,,
93,3.0667,pose,23,0.380,,,
93,3.0667,pose,24,0.385,,,
93,3.0667,pose,25,0.013,,,
93,3.0667,pose,26,0.007,,,
93,3.0667,pose,27,0.010,,,
93,3.0667,pose,28,0.004,,,
93,3.0667,pose,29,0.011,,,
93,3.0667,pose,30,0.006,,,
93,3.0667,pose,31,0.013,,,
93,3.0667,pose,32,0.005,,,
93,3.0667,hand_Right,0,1.000,,,
93,3.0667,hand_Right,1,1.000,,,
93,3.0667,hand_Right,2,1.000,,,
93,3.0667,hand_Right,3,1.000,,,
93,3.0667,hand_Right,4,1.000,,,
93,3.0667,hand_Right,5,1.000,,,
93,3.0667,hand_Right,6,1.000,,,
93,3.0667,hand_Right,7,1.000,,,
93,3.0667,hand_Right,8,1.000,,,
93,3.0667,hand_Right,9,1.000,,,
93,3.0667,hand_Right,10,1.000,,,
93,3.0667,hand_Right,11,1.000,,,
93,3.0667,hand_Right,12,1.000,,,
93,3.0667,hand_Right,13,1.000,,,
93,3.0667,hand_Right,14,1.000,,,
93,3.0667,hand_Right,15,1.000,,,
93,3.0667,hand_Right,16,1.000,,,
93,3.0667,hand_Right,17,1.000,,,
93,3.0667,hand_Right,18,1.000,,,
93,3.0667,hand_Right,19,1.000,,,
93,3.0667,hand_Right,20,1.000,,,
93,3.0667,hand_Left,0,1.000,-0.2558,0.0015,0.5830
93,3.0667,hand_Left,1,1.000,-0.2789,-0.0025,0.5750
93,3.0667,hand_Left,2,1.000,-0.3013,-0.0084,0.5550
93,3.0667,hand_Left,3,1.000,-0.3202,-0.0073,0.5370
93,3.0667,hand_Left,4,1.000,-0.3432,-0.0020,0.5340
93,3.0667,hand_Left,5,1.000,-0.3266,-0.0412,0.5670
93,3.0667,hand_Left,6,1.000,-0.3519,-0.0445,0.5480
93,3.0667,hand_Left,7,1.000,-0.3696,-0.0386,0.5420
93,3.0667,hand_Left,8,1.000,-0.3786,-0.0292,0.5330
93,3.0667,hand_Left,9,1.000,-0.3262,-0.0304,0.5650
93,3.0667,hand_Left,10,1.000,-0.3421,-0.0295,0.5380
93,3.0667,hand_Left,11,1.000,-0.3595,-0.0238,0.5330
93,3.0667,hand_Left,12,1.000,-0.3701,-0.0159,0.5260
93,3.0667,hand_Left,13,1.000,-0.3198,-0.0189,0.5570
93,3.0667,hand_Left,14,1.000,-0.3353,-0.0172,0.5380
93,3.0667,hand_Left,15,1.000,-0.3503,-0.0129,0.5360
93,3.0667,hand_Left,16,1.000,-0.3606,-0.0077,0.5300
93,3.0667,hand_Left,17,1.000,-0.3109,-0.0087,0.5470
93,3.0667,hand_Left,18,1.000,-0.3259,-0.0071,0.5350
93,3.0667,hand_Left,19,1.000,-0.3379,-0.0038,0.5340
93,3.0667,hand_Left,20,1.000,-0.3489,-0.0008,0.5340
94,3.1000,pose,0,0.836,,,
94,3.1000,pose,1,0.741,,,
94,3.1000,pose,2,0.763,,,
94,3.1000,pose,3,0.754,,,
94,3.1000,pose,4,0.799,,,
94,3.1000,pose,5,0.849,,,
94,3.1000,pose,6,0.867,,,
94,3.1000,pose,7,0.837,,,
94,3.1000,pose,8,0.874,,,
94,3.1000,pose,9,0.840,,,
94,3.1000,pose,10,0.853,,,
94,3.1000,pose,11,0.932,0.2422,-0.0976,0.3320
94,3.1000,pose,12,0.985,,,
94,3.1000,pose,13,0.709,,,
94,3.1000,pose,14,0.157,,,
94,3.1000,pose,15,0.712,,,
94,3.1000,pose,16,0.675,,,
94,3.1000,pose,17,0.725,,,
94,3.1000,pose,18,0.795,,,
94,3.1000,pose,19,0.730,,,
94,3.1000,pose,20,0.824,,,
94,3.1000,pose,21,0.716,,,
94,3.1000,pose,22,0.814,,,
94,3.1000,pose,23,0.398,,,
94,3.1000,pose,24,0.391,,,
94,3.1000,pose,25,0.013,,,
94,3.1000,pose,26,0.007,,,
94,3.1000,pose,27,0.010,,,
94,3.1000,pose,28,0.004,,,
94,3.1000,pose,29,0.011,,,
94,3.1000,pose,30,0.006,,,
94,3.1000,pose,31,0.013,,,
94,3.1000,pose,32,0.004,,,
94,3.1000,hand_Right,0,1.000,,,
94,3.1000,hand_Right,1,1.000,,,
94,3.1000,hand_Right,2,1.000,,,
94,3.1000,hand_Right,3,1.000,,,
94,3.1000,hand_Right,4,1.000,,,
94,3.1000,hand_Right,5,1.000,,,
94,3.1000,hand_Right,6,1.000,,,
94,3.1000,hand_Right,7,1.000,,,
94,3.1000,hand_Right,8,1.000,,,
94,3.1000,hand_Right,9,1.000,,,
94,3.1000,hand_Right,10,1.000,,,
94,3.1000,hand_Right,11,1.000,,,
94,3.1000,hand_Right,12,1.000,,,
94,3.1000,hand_Right,13,1.000,,,
94,3.1000,hand_Right,14,1.000,,,
94,3.1000,hand_Right,15,1.000,,,
94,3.1000,hand_Right,16,1.000,,,
94,3.1000,hand_Right,17,1.000,,,
94,3.1000,hand_Right,18,1.000,,,
94,3.1000,hand_Right,19,1.000,,,
94,3.1000,hand_Right,20,1.000,,,
94,3.1000,hand_Left,0,1.000,-0.2532,0.0019,0.5830
94,3.1000,hand_Left,1,1.000,-0.2777,-0.0023,0.5750
94,3.1000,hand_Left,2,1.000,-0.3000,-0.0080,0.5550
94,3.1000,hand_Left,3,1.000,-0.3202,-0.0074,0.5390
94,3.1000,hand_Left,4,1.000,-0.3428,-0.0028,0.5340
94,3.1000,hand_Left,5,1.000,-0.3265,-0.0423,0.5700
94,3.1000,hand_Left,6,1.000,-0.3508,-0.0450,0.5490
94,3.1000,hand_Left,7,1.000,-0.3685,-0.0392,0.5420
94,3.1000,hand_Left,8,1.000,-0.3783,-0.0300,0.5340
94,3.1000,hand_Left,9,1.000,-0.3230,-0.0309,0.5650
94,3.1000,hand_Left,10,1.000,-0.3401,-0.0302,0.5400
94,3.1000,hand_Left,11,1.000,-0.3559,-0.0233,0.5320
94,3.1000,hand_Left,12,1.000,-0.3681,-0.0148,0.5270
94,3.1000,hand_Left,13,1.000,-0.3146,-0.0188,0.5550
94,3.1000,hand_Left,14,1.000,-0.3308,-0.0168,0.5390
94,3.1000,hand_Left,15,1.000,-0.3443,-0.0112,0.5350
94,3.1000,hand_Left,16,1.000,-0.3575,-0.0052,0.5340
94,3.1000,hand_Left,17,1.000,-0.3077,-0.0086,0.5490
94,3.1000,hand_Left,18,1.000,-0.3212,-0.0054,0.5370
94,3.1000,hand_Left,19,1.000,-0.3316,-0.0007,0.5350
94,3.1000,hand_Left,20,1.000,-0.3413,0.0035,0.5350
95,3.1333,pose,0,0.850,,,
95,3.1333,pose,1,0.759,,,
95,3.1333,pose,2,0.782,,,
95,3.1333,pose,3,0.774,,,
95,3.1333,pose,4,0.813,,,
95,3.1333,pose,5,0.861,,,
95,3.1333,pose,6,0.875,,,
95,3.1333,pose,7,0.852,,,
95,3.1333,pose,8,0.883,,,
95,3.1333,pose,9,0.855,,,
95,3.1333,pose,10,0.865,,,
95,3.1333,pose,11,0.939,,,
95,3.1333,pose,12,0.986,,,
95,3.1333,pose,13,0.736,,,
95,3.1333,pose,14,0.147,,,
95,3.1333,pose,15,0.739,,,
95,3.1333,pose,16,0.674,,,
95,3.1333,pose,17,0.752,,,
95,3.1333,pose,18,0.802,,,
95,3.1333,pose,19,0.756,,,
95,3.1333,pose,20,0.830,,,
95,3.1333,pose,21,0.743,,,
95,3.1333,pose,22,0.821,,,
95,3.1333,pose,23,0.396,,,
95,3.1333,pose,24,0.378,,,
95,3.1333,pose,25,0.012,,,
95,3.1333,pose,26,0.006,,,
95,3.1333,pose,27,0.009,,,
95,3.1333,pose,28,0.004,,,
95,3.1333,pose,29,0.011,,,
95,3.1333,pose,30,0.006,,,
95,3.1333,pose,31,0.013,,,
95,3.1333,pose,32,0.004,,,
95,3.1333,hand_Right,0,1.000,,,
95,3.1333,hand_Right,1,1.000,,,
95,3.1333,hand_Right,2,1.000,,,
95,3.1333,hand_Right,3,1.000,,,
95,3.1333,hand_Right,4,1.000,,,
95,3.1333,hand_Right,5,1.000,,,
95,3.1333,hand_Right,6,1.000,,,
95,3.1333,hand_Right,7,1.000,,,
95,3.1333,hand_Right,8,1.000,,,
95,3.1333,hand_Right,9,1.000,,,
95,3.1333,hand_Right,10,1.000,,,
95,3.1333,hand_Right,11,1.000,,,
95,3.1333,hand_Right,12,1.000,,,
95,3.1333,hand_Right,13,1.000,,,
95,3.1333,hand_Right,14,1.000,,,
95,3.1333,hand_Right,15,1.000,,,
95,3.1333,hand_Right,16,1.000,,,
95,3.1333,hand_Right,17,1.000,,,
95,3.1333,hand_Right,18,1.000,,,
95,3.1333,hand_Right,19,1.000,,,
95,3.1333,hand_Right,20,1.000,,,
95,3.1333,hand_Left,0,1.000,-0.2551,0.0020,0.5830
95,3.1333,hand_Left,1,1.000,-0.2780,-0.0026,0.5750
95,3.1333,hand_Left,2,1.000,-0.3005,-0.0085,0.5550
95,3.1333,hand_Left,3,1.000,-0.3199,-0.0075,0.5370
95,3.1333,hand_Left,4,1.000,-0.3433,-0.0024,0.5340
95,3.1333,hand_Left,5,1.000,-0.3260,-0.0413,0.5670
95,3.1333,hand_Left,6,1.000,-0.3511,-0.0451,0.5480
95,3.1333,hand_Left,7,1.000,-0.3690,-0.0394,0.5420
95,3.1333,hand_Left,8,1.000,-0.3794,-0.0303,0.5350
95,3.1333,hand_Left,9,1.000,-0.3259,-0.0297,0.5650
95,3.1333,hand_Left,10,1.000,-0.3423,-0.0299,0.5380
95,3.1333,hand_Left,11,1.000,-0.3598,-0.0246,0.5330
95,3.1333,hand_Left,12,1.000,-0.3717,-0.0170,0.5280
95,3.1333,hand_Left,13,1.000,-0.3138,-0.0173,0.5465
95,3.1333,hand_Left,14,1.000,-0.3359,-0.0169,0.5380
95,3.1333,hand_Left,15,1.000,-0.3506,-0.0132,0.5350
95,3.1333,hand_Left,16,1.000,-0.3619,-0.0083,0.5300
95,3.1333,hand_Left,17,1.000,-0.3110,-0.0071,0.5470
95,3.1333,hand_Left,18,1.000,-0.3266,-0.0061,0.5350
95,3.1333,hand_Left,19,1.000,-0.3393,-0.0033,0.5340
95,3.1333,hand_Left,20,1.000,-0.3511,-0.0007,0.5340
96,3.1667,pose,0,0.863,,,
96,3.1667,pose,1,0.779,,,
96,3.1667,pose,2,0.800,,,
96,3.1667,pose,3,0.793,,,
96,3.1667,pose,4,0.828,,,
96,3.1667,pose,5,0.873,,,
96,3.1667,pose,6,0.886,,,
96,3.1667,pose,7,0.866,,,
96,3.1667,pose,8,0.893,,,
96,3.1667,pose,9,0.869,,,
96,3.1667,pose,10,0.878,,,
96,3.1667,pose,11,0.945,,,
96,3.1667,pose,12,0.988,0.0192,-0.0930,0.5905
96,3.1667,pose,13,0.759,,,
96,3.1667,pose,14,0.143,,,
96,3.1667,pose,15,0.763,,,
96,3.1667,pose,16,0.692,,,
96,3.1667,pose,17,0.775,,,
96,3.1667,pose,18,0.816,,,
96,3.1667,pose,19,0.779,,,
96,3.1667,pose,20,0.843,,,
96,3.1667,pose,21,0.766,,,
96,3.1667,pose,22,0.834,,,
96,3.1667,pose,23,0.392,,,
96,3.1667,pose,24,0.370,,,
96,3.1667,pose,25,0.011,,,
96,3.1667,pose,26,0.006,,,
96,3.1667,pose,27,0.009,,,
96,3.1667,pose,28,0.004,,,
96,3.1667,pose,29,0.011,,,
96,3.1667,pose,30,0.006,,,
96,3.1667,pose,31,0.013,,,
96,3.1667,pose,32,0.004,,,
96,3.1667,hand_Right,0,1.000,,,
96,3.1667,hand_Right,1,1.000,,,
96,3.1667,hand_Right,2,1.000,,,
96,3.1667,hand_Right,3,1.000,,,
96,3.1667,hand_Right,4,1.000,,,
96,3.1667,hand_Right,5,1.000,,,
96,3.1667,hand_Right,6,1.000,,,
96,3.1667,hand_Right,7,1.000,,,
96,3.1667,hand_Right,8,1.000,,,
96,3.1667,hand_Right,9,1.000,,,
96,3.1667,hand_Right,10,1.000,,,
96,3.1667,hand_Right,11,1.000,,,
96,3.1667,hand_Right,12,1.000,,,
96,3.1667,hand_Right,13,1.000,,,
96,3.1667,hand_Right,14,1.000,,,
96,3.1667,hand_Right,15,1.000,,,
96,3.1667,hand_Right,16,1.000,,,
96,3.1667,hand_Right,17,1.000,,,
96,3.1667,hand_Right,18,1.000,,,
96,3.1667,hand_Right,19,1.000,,,
96,3.1667,hand_Right,20,1.000,,,
96,3.1667,hand_Left,0,1.000,-0.2544,0.0023,0.5820
96,3.1667,hand_Left,1,1.000,-0.2778,-0.0024,0.5740
96,3.1667,hand_Left,2,1.000,-0.3005,-0.0084,0.5550
96,3.1667,hand_Left,3,1.000,-0.3201,-0.0074,0.5380
96,3.1667,hand_Left,4,1.000,-0.3430,-0.0022,0.5340
96,3.1667,hand_Left,5,1.000,-0.3258,-0.0418,0.5670
96,3.1667,hand_Left,6,1.000,-0.3511,-0.0453,0.5490
96,3.1667,hand_Left,7,1.000,-0.3685,-0.0395,0.5420
96,3.1667,hand_Left,8,1.000,-0.3780,-0.0302,0.5340
96,3.1667,hand_Left,9,1.000,-0.3248,-0.0305,0.5650
96,3.1667,hand_Left,10,1.000,-0.3407,-0.0303,0.5380
96,3.1667,hand_Left,11,1.000,-0.3583,-0.0246,0.5330
96,3.1667,hand_Left,12,1.000,-0.3699,-0.0165,0.5280
96,3.1667,hand_Left,13,1.000,-0.3132,-0.0182,0.5480
96,3.1667,hand_Left,14,1.000,-0.3356,-0.0176,0.5400
96,3.1667,hand_Left,15,1.000,-0.3501,-0.0133,0.5360
96,3.1667,hand_Left,16,1.000,-0.3608,-0.0078,0.5300
96,3.1667,hand_Left,17,1.000,-0.3101,-0.0080,0.5480
96,3.1667,hand_Left,18,1.000,-0.3248,-0.0065,0.5350
96,3.1667,hand_Left,19,1.000,-0.3375,-0.0034,0.5340
96,3.1667,hand_Left,20,1.000,-0.3491,-0.0004,0.5340
97,3.2000,pose,0,0.875,,,
97,3.2000,pose,1,0.797,,,
97,3.2000,pose,2,0.817,,,
97,3.2000,pose,3,0.811,,,
97,3.2000,pose,4,0.842,,,
97,3.2000,pose,5,0.883,,,
97,3.2000,pose,6,0.895,,,
97,3.2000,pose,7,0.879,,,
97,3.2000,pose,8,0.901,,,
97,3.2000,pose,9,0.881,,,
97,3.2000,pose,10,0.889,,,
97,3.2000,pose,11,0.950,,,
97,3.2000,pose,12,0.988,0.0318,-0.0927,0.5870
97,3.2000,pose,13,0.782,,,
97,3.2000,pose,14,0.138,,,
97,3.2000,pose,15,0.786,,,
97,3.2000,pose,16,0.666,,,
97,3.2000,pose,17,0.796,0.0129,0.1108,0.3960
97,3.2000,pose,18,0.798,,,
97,3.2000,pose,19,0.800,,,
97,3.2000,pose,20,0.828,,,
97,3.2000,pose,21,0.787,,,
97,3.2000,pose,22,0.818,,,
97,3.2000,pose,23,0.398,,,
97,3.2000,pose,24,0.366,,,
97,3.2000,pose,25,0.013,,,
97,3.2000,pose,26,0.006,,,
97,3.2000,pose,27,0.010,,,
97,3.2000,pose,28,0.004,,,
97,3.2000,pose,29,0.012,,,
97,3.2000,pose,30,0.006,,,
97,3.2000,pose,31,0.014,,,
97,3.2000,pose,32,0.004,,,
97,3.2000,hand_Right,0,1.000,,,
97,3.2000,hand_Right,1,1.000,,,
97,3.2000,hand_Right,2,1.000,,,
97,3.2000,hand_Right,3,1.000,,,
97,3.2000,hand_Right,4,1.000,,,
97,3.2000,hand_Right,5,1.000,,,
97,3.2000,hand_Right,6,1.000,,,
97,3.2000,hand_Right,7,1.000,,,
97,3.2000,hand_Right,8,1.000,,,
97,3.2000,hand_Right,9,1.000,,,
97,3.2000,hand_Right,10,1.000,,,
97,3.2000,hand_Right,11,1.000,,,
97,3.2000,hand_Right,12,1.000,,,
97,3.2000,hand_Right,13,1.000,,,
97,3.2000,hand_Right,14,1.000,,,
97,3.2000,hand_Right,15,1.000,,,
97,3.2000,hand_Right,16,1.000,,,
97,3.2000,hand_Right,17,1.000,,,
97,3.2000,hand_Right,18,1.000,,,
97,3.2000,hand_Right,19,1.000,,,
97,3.2000,hand_Right,20,1.000,,,
97,3.2000,hand_Left,0,1.000,-0.2542,0.0018,0.5830
97,3.2000,hand_Left,1,1.000,-0.2785,-0.0017,0.5730
97,3.2000,hand_Left,2,1.000,-0.3018,-0.0079,0.5550
97,3.2000,hand_Left,3,1.000,-0.3205,-0.0073,0.5370
97,3.2000,hand_Left,4,1.000,-0.3433,-0.0021,0.5340
97,3.2000,hand_Left,5,1.000,-0.3260,-0.0417,0.5670
97,3.2000,hand_Left,6,1.000,-0.3512,-0.0448,0.5480
97,3.2000,hand_Left,7,1.000,-0.3700,-0.0387,0.5430
97,3.2000,hand_Left,8,1.000,-0.3774,-0.0287,0.5320
97,3.2000,hand_Left,9,1.000,-0.3244,-0.0307,0.5650
97,3.2000,hand_Left,10,1.000,-0.3415,-0.0300,0.5400
97,3.2000,hand_Left,11,1.000,-0.3574,-0.0236,0.5330
97,3.2000,hand_Left,12,1.000,-0.3690,-0.0154,0.5280
97,3.2000,hand_Left,13,1.000,-0.3169,-0.0190,0.5560
97,3.2000,hand_Left,14,1.000,-0.3338,-0.0172,0.5400
97,3.2000,hand_Left,15,1.000,-0.3474,-0.0122,0.5360
97,3.2000,hand_Left,16,1.000,-0.3581,-0.0066,0.5310
97,3.2000,hand_Left,17,1.000,-0.3091,-0.0084,0.5480
97,3.2000,hand_Left,18,1.000,-0.3228,-0.0059,0.5350
97,3.2000,hand_Left,19,1.000,-0.3342,-0.0019,0.5340
97,3.2000,hand_Left,20,1.000,-0.3444,0.0017,0.5340
98,3.2333,pose,0,0.883,,,
98,3.2333,pose,1,0.803,,,
98,3.2333,pose,2,0.826,,,
98,3.2333,pose,3,0.820,,,
98,3.2333,pose,4,0.848,,,
98,3.2333,pose,5,0.890,,,
98,3.2333,pose,6,0.900,,,
98,3.2333,pose,7,0.888,,,
98,3.2333,pose,8,0.906,,,
98,3.2333,pose,9,0.891,,,
98,3.2333,pose,10,0.896,,,
98,3.2333,pose,11,0.955,,,
98,3.2333,pose,12,0.989,0.0286,-0.0936,0.5890
98,3.2333,pose,13,0.795,,,
98,3.2333,pose,14,0.134,,,
98,3.2333,pose,15,0.796,,,
98,3.2333,pose,16,0.660,,,
98,3.2333,pose,17,0.808,,,
98,3.2333,pose,18,0.798,,,
98,3.2333,pose,19,0.813,,,
98,3.2333,pose,20,0.827,,,
98,3.2333,pose,21,0.797,,,
98,3.2333,pose,22,0.818,,,
98,3.2333,pose,23,0.397,,,
98,3.2333,pose,24,0.366,,,
98,3.2333,pose,25,0.012,,,
98,3.2333,pose,26,0.006,,,
98,3.2333,pose,27,0.010,,,
98,3.2333,pose,28,0.004,,,
98,3.2333,pose,29,0.011,,,
98,3.2333,pose,30,0.005,,,
98,3.2333,pose,31,0.014,,,
98,3.2333,pose,32,0.004,,,
98,3.2333,hand_Right,0,1.000,,,
98,3.2333,hand_Right,1,1.000,,,
98,3.2333,hand_Right,2,1.000,,,
98,3.2333,hand_Right,3,1.000,,,
98,3.2333,hand_Right,4,1.000,,,
98,3.2333,hand_Right,5,1.000,,,
98,3.2333,hand_Right,6,1.000,,,
98,3.2333,hand_Right,7,1.000,,,
98,3.2333,hand_Right,8,1.000,,,
98,3.2333,hand_Right,9,1.000,,,
98,3.2333,hand_Right,10,1.000,,,
98,3.2333,hand_Right,11,1.000,,,
98,3.2333,hand_Right,12,1.000,,,
98,3.2333,hand_Right,13,1.000,,,
98,3.2333,hand_Right,14,1.000,,,
98,3.2333,hand_Right,15,1.000,,,
98,3.2333,hand_Right,16,1.000,,,
98,3.2333,hand_Right,17,1.000,,,
98,3.2333,hand_Right,18,1.000,,,
98,3.2333,hand_Right,19,1.000,,,
98,3.2333,hand_Right,20,1.000,,,
98,3.2333,hand_Left,0,1.000,-0.2530,0.0022,0.5830
98,3.2333,hand_Left,1,1.000,-0.2779,-0.0016,0.5750
98,3.2333,hand_Left,2,1.000,-0.3012,-0.0079,0.5560
98,3.2333,hand_Left,3,1.000,-0.3204,-0.0076,0.5380
98,3.2333,hand_Left,4,1.000,-0.3431,-0.0024,0.5340
98,3.2333,hand_Left,5,1.000,-0.3252,-0.0418,0.5670
98,3.2333,hand_Left,6,1.000,-0.3502,-0.0455,0.5480
98,3.2333,hand_Left,7,1.000,-0.3686,-0.0396,0.5420
98,3.2333,hand_Left,8,1.000,-0.3777,-0.0300,0.5340
98,3.2333,hand_Left,9,1.000,-0.3238,-0.0310,0.5650
98,3.2333,hand_Left,10,1.000,-0.3405,-0.0310,0.5390
98,3.2333,hand_Left,11,1.000,-0.3583,-0.0244,0.5350
98,3.2333,hand_Left,12,1.000,-0.3677,-0.0155,0.5280
98,3.2333,hand_Left,13,1.000,-0.3159,-0.0194,0.5550
98,3.2333,hand_Left,14,1.000,-0.3339,-0.0181,0.5400
98,3.2333,hand_Left,15,1.000,-0.3478,-0.0127,0.5360
98,3.2333,hand_Left,16,1.000,-0.3603,-0.0067,0.5340
98,3.2333,hand_Left,17,1.000,-0.3092,-0.0091,0.5490
98,3.2333,hand_Left,18,1.000,-0.3229,-0.0070,0.5350
98,3.2333,hand_Left,19,1.000,-0.3356,-0.0030,0.5350
98,3.2333,hand_Left,20,1.000,-0.3456,0.0008,0.5340
99,3.2667,pose,0,0.892,,,
99,3.2667,pose,1,0.818,,,
99,3.2667,pose,2,0.840,,,
99,3.2667,pose,3,0.834,,,
99,3.2667,pose,4,0.859,,,
99,3.2667,pose,5,0.898,,,
99,3.2667,pose,6,0.907,,,
99,3.2667,pose,7,0.898,,,
99,3.2667,pose,8,0.912,,,
99,3.2667,pose,9,0.901,,,
99,3.2667,pose,10,0.905,,,
99,3.2667,pose,11,0.959,,,
99,3.2667,pose,12,0.990,,,
99,3.2667,pose,13,0.812,,,
99,3.2667,pose,14,0.130,,,
99,3.2667,pose,15,0.813,,,
99,3.2667,pose,16,0.631,,,
99,3.2667,pose,17,0.825,,,
99,3.2667,pose,18,0.778,,,
99,3.2667,pose,19,0.829,,,
99,3.2667,pose,20,0.809,,,
99,3.2667,pose,21,0.813,,,
99,3.2667,pose,22,0.802,,,
99,3.2667,pose,23,0.386,,,
99,3.2667,pose,24,0.351,,,
99,3.2667,pose,25,0.013,,,
99,3.2667,pose,26,0.006,,,
99,3.2667,pose,27,0.010,,,
99,3.2667,pose,28,0.004,,,
99,3.2667,pose,29,0.012,,,
99,3.2667,pose,30,0.006,,,
99,3.2667,pose,31,0.015,,,
99,3.2667,pose,32,0.004,,,
99,3.2667,hand_Right,0,1.000,,,
99,3.2667,hand_Right,1,1.000,,,
99,3.2667,hand_Right,2,1.000,,,
99,3.2667,hand_Right,3,1.000,,,
99,3.2667,hand_Right,4,1.000,,,
99,3.2667,hand_Right,5,1.000,,,
99,3.2667,hand_Right,6,1.000,,,
99,3.2667,hand_Right,7,1.000,,,
99,3.2667,hand_Right,8,1.000,,,
99,3.2667,hand_Right,9,1.000,,,
99,3.2667,hand_Right,10,1.000,,,
99,3.2667,hand_Right,11,1.000,,,
99,3.2667,hand_Right,12,1.000,,,
99,3.2667,hand_Right,13,1.000,,,
99,3.2667,hand_Right,14,1.000,,,
99,3.2667,hand_Right,15,1.000,,,
99,3.2667,hand_Right,16,1.000,,,
99,3.2667,hand_Right,17,1.000,,,
99,3.2667,hand_Right,18,1.000,,,
99,3.2667,hand_Right,19,1.000,,,
99,3.2667,hand_Right,20,1.000,,,
99,3.2667,hand_Left,0,1.000,-0.2519,0.0023,0.5830
99,3.2667,hand_Left,1,1.000,-0.2783,-0.0018,0.5770
99,3.2667,hand_Left,2,1.000,-0.3011,-0.0081,0.5550
99,3.2667,hand_Left,3,1.000,-0.3203,-0.0075,0.5370
99,3.2667,hand_Left,4,1.000,-0.3429,-0.0025,0.5340
99,3.2667,hand_Left,5,1.000,-0.3244,-0.0417,0.5670
99,3.2667,hand_Left,6,1.000,-0.3501,-0.0455,0.5490
99,3.2667,hand_Left,7,1.000,-0.3683,-0.0399,0.5430
99,3.2667,hand_Left,8,1.000,-0.3796,-0.0310,0.5370
99,3.2667,hand_Left,9,1.000,-0.3236,-0.0311,0.5660
99,3.2667,hand_Left,10,1.000,-0.3404,-0.0310,0.5410
99,3.2667,hand_Left,11,1.000,-0.3561,-0.0244,0.5340
99,3.2667,hand_Left,12,1.000,-0.3673,-0.0158,0.5290
99,3.2667,hand_Left,13,1.000,-0.3153,-0.0192,0.5560
99,3.2667,hand_Left,14,1.000,-0.3310,-0.0169,0.5390
99,3.2667,hand_Left,15,1.000,-0.3447,-0.0115,0.5360
99,3.2667,hand_Left,16,1.000,-0.3568,-0.0059,0.5340
99,3.2667,hand_Left,17,1.000,-0.3078,-0.0087,0.5490
99,3.2667,hand_Left,18,1.000,-0.3216,-0.0059,0.5370
99,3.2667,hand_Left,19,1.000,-0.3323,-0.0013,0.5350
99,3.2667,hand_Left,20,1.000,-0.3422,0.0028,0.5350
100,3.3000,pose,0,0.900,,,
100,3.3000,pose,1,0.826,,,
100,3.3000,pose,2,0.849,,,
100,3.3000,pose,3,0.842,,,
100,3.3000,pose,4,0.866,,,
100,3.3000,pose,5,0.905,,,
100,3.3000,pose,6,0.912,,,
100,3.3000,pose,7,0.907,,,
100,3.3000,pose,8,0.918,,,
100,3.3000,pose,9,0.909,,,
100,3.3000,pose,10,0.912,,,
100,3.3000,pose,11,0.963,,,
100,3.3000,pose,12,0.990,,,
100,3.3000,pose,13,0.823,1.0595,0.4419,1.1740
100,3.3000,pose,14,0.122,,,
100,3.3000,pose,15,0.827,,,
100,3.3000,pose,16,0.631,,,
100,3.3000,pose,17,0.840,,,
100,3.3000,pose,18,0.785,,,
100,3.3000,pose,19,0.844,,,
100,3.3000,pose,20,0.816,,,
100,3.3000,pose,21,0.828,,,
100,3.3000,pose,22,0.810,,,
100,3.3000,pose,23,0.372,,,
100,3.3000,pose,24,0.337,,,
100,3.3000,pose,25,0.012,,,
100,3.3000,pose,26,0.006,,,
100,3.3000,pose,27,0.010,,,
100,3.3000,pose,28,0.004,,,
100,3.3000,pose,29,0.012,,,
100,3.3000,pose,30,0.006,,,
100,3.3000,pose,31,0.015,,,
100,3.3000,pose,32,0.004,,,
100,3.3000,hand_Right,0,1.000,,,
100,3.3000,hand_Right,1,1.000,,,
100,3.3000,hand_Right,2,1.000,,,
100,3.3000,hand_Right,3,1.000,,,
100,3.3000,hand_Right,4,1.000,,,
100,3.3000,hand_Right,5,1.000,,,
100,3.3000,hand_Right,6,1.000,,,
100,3.3000,hand_Right,7,1.000,,,
100,3.3000,hand_Right,8,1.000,,,
100,3.3000,hand_Right,9,1.000,,,
100,3.3000,hand_Right,10,1.000,,,
100,3.3000,hand_Right,11,1.000,,,
100,3.3000,hand_Right,12,1.000,,,
100,3.3000,hand_Right,13,1.000,,,
100,3.3000,hand_Right,14,1.000,,,
100,3.3000,hand_Right,15,1.000,,,
100,3.3000,hand_Right,16,1.000,,,
100,3.3000,hand_Right,17,1.000,,,
100,3.3000,hand_Right,18,1.000,,,
100,3.3000,hand_Right,19,1.000,,,
100,3.3000,hand_Right,20,1.000,,,
100,3.3000,hand_Left,0,1.000,-0.2522,0.0016,0.5820
100,3.3000,hand_Left,1,1.000,-0.2780,-0.0018,0.5760
100,3.3000,hand_Left,2,1.000,-0.3017,-0.0083,0.5560
100,3.3000,hand_Left,3,1.000,-0.3203,-0.0076,0.5370
100,3.3000,hand_Left,4,1.000,-0.3426,-0.0020,0.5340
100,3.3000,hand_Left,5,1.000,-0.3260,-0.0415,0.5680
100,3.3000,hand_Left,6,1.000,-0.3519,-0.0448,0.5490
100,3.3000,hand_Left,7,1.000,-0.3698,-0.0390,0.5430
100,3.3000,hand_Left,8,1.000,-0.3789,-0.0298,0.5340
100,3.3000,hand_Left,9,1.000,-0.3243,-0.0307,0.5650
100,3.3000,hand_Left,10,1.000,-0.3406,-0.0297,0.5380
100,3.3000,hand_Left,11,1.000,-0.3566,-0.0234,0.5310
100,3.3000,hand_Left,12,1.000,-0.3681,-0.0153,0.5260
100,3.3000,hand_Left,13,1.000,-0.3159,-0.0190,0.5550
100,3.3000,hand_Left,14,1.000,-0.3329,-0.0166,0.5390
100,3.3000,hand_Left,15,1.000,-0.3463,-0.0116,0.5350
100,3.3000,hand_Left,16,1.000,-0.3585,-0.0064,0.5330
100,3.3000,hand_Left,17,1.000,-0.3083,-0.0090,0.5480
100,3.3000,hand_Left,18,1.000,-0.3227,-0.0062,0.5360
100,3.3000,hand_Left,19,1.000,-0.3337,-0.0021,0.5340
100,3.3000,hand_Left,20,1.000,-0.3440,0.0014,0.5340
101,3.3333,pose,0,0.879,,,
101,3.3333,pose,1,0.775,,,
101,3.3333,pose,2,0.809,,,
101,3.3333,pose,3,0.795,,,
101,3.3333,pose,4,0.826,,,
101,3.3333,pose,5,0.884,,,
101,3.3333,pose,6,0.885,,,
101,3.3333,pose,7,0.890,,,
101,3.3333,pose,8,0.901,,,
101,3.3333,pose,9,0.898,,,
101,3.3333,pose,10,0.898,,,
101,3.3333,pose,11,0.967,,,
101,3.3333,pose,12,0.991,0.0081,-0.0864,0.6300
101,3.3333,pose,13,0.802,,,
101,3.3333,pose,14,0.112,,,
101,3.3333,pose,15,0.825,,,
101,3.3333,pose,16,0.644,-0.1994,0.0432,0.6150
101,3.3333,pose,17,0.847,,,
101,3.3333,pose,18,0.800,-0.3052,0.0191,0.5990
101,3.3333,pose,19,0.853,,,
101,3.3333,pose,20,0.828,-0.2904,-0.0326,0.5800
101,3.3333,pose,21,0.833,,,
101,3.3333,pose,22,0.823,-0.2453,-0.0079,0.5950
101,3.3333,pose,23,0.352,,,
101,3.3333,pose,24,0.322,,,
101,3.3333,pose,25,0.011,,,
101,3.3333,pose,26,0.005,,,
101,3.3333,pose,27,0.010,,,
101,3.3333,pose,28,0.003,,,
101,3.3333,pose,29,0.011,,,
101,3.3333,pose,30,0.005,,,
101,3.3333,pose,31,0.014,,,
101,3.3333,pose,32,0.004,,,
101,3.3333,hand_Right,0,1.000,,,
101,3.3333,hand_Right,1,1.000,,,
101,3.3333,hand_Right,2,1.000,,,
101,3.3333,hand_Right,3,1.000,,,
101,3.3333,hand_Right,4,1.000,,,
101,3.3333,hand_Right,5,1.000,,,
101,3.3333,hand_Right,6,1.000,,,
101,3.3333,hand_Right,7,1.000,,,
101,3.3333,hand_Right,8,1.000,,,
101,3.3333,hand_Right,9,1.000,,,
101,3.3333,hand_Right,10,1.000,,,
101,3.3333,hand_Right,11,1.000,,,
101,3.3333,hand_Right,12,1.000,,,
101,3.3333,hand_Right,13,1.000,,,
101,3.3333,hand_Right,14,1.000,,,
101,3.3333,hand_Right,15,1.000,,,
101,3.3333,hand_Right,16,1.000,,,
101,3.3333,hand_Right,17,1.000,,,
101,3.3333,hand_Right,18,1.000,,,
101,3.3333,hand_Right,19,1.000,,,
101,3.3333,hand_Right,20,1.000,,,
101,3.3333,hand_Left,0,1.000,-0.2542,0.0019,0.5830
101,3.3333,hand_Left,1,1.000,-0.2787,-0.0012,0.5750
101,3.3333,hand_Left,2,1.000,-0.3013,-0.0075,0.5550
101,3.3333,hand_Left,3,1.000,-0.3208,-0.0073,0.5380
101,3.3333,hand_Left,4,1.000,-0.3432,-0.0021,0.5340
101,3.3333,hand_Left,5,1.000,-0.3257,-0.0417,0.5670
101,3.3333,hand_Left,6,1.000,-0.3512,-0.0452,0.5480
101,3.3333,hand_Left,7,1.000,-0.3709,-0.0393,0.5440
101,3.3333,hand_Left,8,1.000,-0.3799,-0.0296,0.5350
101,3.3333,hand_Left,9,1.000,-0.3247,-0.0316,0.5650
101,3.3333,hand_Left,10,1.000,-0.3434,-0.0325,0.5410
101,3.3333,hand_Left,11,1.000,-0.3592,-0.0265,0.5330
101,3.3333,hand_Left,12,1.000,-0.3710,-0.0186,0.5280
101,3.3333,hand_Left,13,1.000,-0.3183,-0.0203,0.5570
101,3.3333,hand_Left,14,1.000,-0.3365,-0.0200,0.5410
101,3.3333,hand_Left,15,1.000,-0.3498,-0.0154,0.5350
101,3.3333,hand_Left,16,1.000,-0.3610,-0.0100,0.5300
101,3.3333,hand_Left,17,1.000,-0.3098,-0.0100,0.5470
101,3.3333,hand_Left,18,1.000,-0.3256,-0.0091,0.5350
101,3.3333,hand_Left,19,1.000,-0.3386,-0.0059,0.5340
101,3.3333,hand_Left,20,1.000,-0.3504,-0.0028,0.5340
102,3.3667,pose,0,0.874,,,
102,3.3667,pose,1,0.747,,,
102,3.3667,pose,2,0.784,,,
102,3.3667,pose,3,0.764,,,
102,3.3667,pose,4,0.814,,,
102,3.3667,pose,5,0.881,,,
102,3.3667,pose,6,0.883,,,
102,3.3667,pose,7,0.876,,,
102,3.3667,pose,8,0.899,,,
102,3.3667,pose,9,0.895,,,
102,3.3667,pose,10,0.898,,,
102,3.3667,pose,11,0.968,,,
102,3.3667,pose,12,0.991,0.0125,-0.0865,0.6290
102,3.3667,pose,13,0.748,,,
102,3.3667,pose,14,0.109,-0.0355,0.1032,0.5190
102,3.3667,pose,15,0.764,,,
102,3.3667,pose,16,0.668,-0.2380,0.0094,0.5880
102,3.3667,pose,17,0.801,,,
102,3.3667,pose,18,0.815,-0.3279,-0.0097,0.5350
102,3.3667,pose,19,0.812,,,
102,3.3667,pose,20,0.842,,,
102,3.3667,pose,21,0.787,,,
102,3.3667,pose,22,0.836,-0.2835,-0.0154,0.5710
102,3.3667,pose,23,0.330,,,
102,3.3667,pose,24,0.311,,,
102,3.3667,pose,25,0.010,,,
102,3.3667,pose,26,0.005,,,
102,3.3667,pose,27,0.009,,,
102,3.3667,pose,28,0.003,,,
102,3.3667,pose,29,0.011,,,
102,3.3667,pose,30,0.005,,,
102,3.3667,pose,31,0.013,,,
102,3.3667,pose,32,0.004,,,
102,3.3667,hand_Right,0,1.000,,,
102,3.3667,hand_Right,1,1.000,,,
102,3.3667,hand_Right,2,1.000,,,
102,3.3667,hand_Right,3,1.000,,,
102,3.3667,hand_Right,4,1.000,,,
102,3.3667,hand_Right,5,1.000,,,
102,3.3667,hand_Right,6,1.000,,,
102,3.3667,hand_Right,7,1.000,,,
102,3.3667,hand_Right,8,1.000,,,
102,3.3667,hand_Right,9,1.000,,,
102,3.3667,hand_Right,10,1.000,,,
102,3.3667,hand_Right,11,1.000,,,
102,3.3667,hand_Right,12,1.000,,,
102,3.3667,hand_Right,13,1.000,,,
102,3.3667,hand_Right,14,1.000,,,
102,3.3667,hand_Right,15,1.000,,,
102,3.3667,hand_Right,16,1.000,,,
102,3.3667,hand_Right,17,1.000,,,
102,3.3667,hand_Right,18,1.000,,,
102,3.3667,hand_Right,19,1.000,,,
102,3.3667,hand_Right,20,1.000,,,
102,3.3667,hand_Left,0,1.000,-0.2527,0.0023,0.5820
102,3.3667,hand_Left,1,1.000,-0.2779,-0.0017,0.5750
102,3.3667,hand_Left,2,1.000,-0.3015,-0.0079,0.5560
102,3.3667,hand_Left,3,1.000,-0.3201,-0.0068,0.5370
102,3.3667,hand_Left,4,1.000,-0.3435,-0.0018,0.5340
102,3.3667,hand_Left,5,1.000,-0.3250,-0.0413,0.5670
102,3.3667,hand_Left,6,1.000,-0.3507,-0.0454,0.5490
102,3.3667,hand_Left,7,1.000,-0.3694,-0.0404,0.5430
102,3.3667,hand_Left,8,1.000,-0.3795,-0.0312,0.5350
102,3.3667,hand_Left,9,1.000,-0.3238,-0.0313,0.5650
102,3.3667,hand_Left,10,1.000,-0.3419,-0.0332,0.5400
102,3.3667,hand_Left,11,1.000,-0.3598,-0.0286,0.5350
102,3.3667,hand_Left,12,1.000,-0.3708,-0.0209,0.5280
102,3.3667,hand_Left,13,1.000,-0.3191,-0.0199,0.5600
102,3.3667,hand_Left,14,1.000,-0.3360,-0.0203,0.5420
102,3.3667,hand_Left,15,1.000,-0.3492,-0.0172,0.5350
102,3.3667,hand_Left,16,1.000,-0.3605,-0.0127,0.5290
102,3.3667,hand_Left,17,1.000,-0.3093,-0.0090,0.5480
102,3.3667,hand_Left,18,1.000,-0.3244,-0.0087,0.5350
102,3.3667,hand_Left,19,1.000,-0.3376,-0.0067,0.5340
102,3.3667,hand_Left,20,1.000,-0.3496,-0.0044,0.5340
103,3.4000,pose,0,0.873,,,
103,3.4000,pose,1,0.736,,,
103,3.4000,pose,2,0.773,,,
103,3.4000,pose,3,0.753,,,
103,3.4000,pose,4,0.813,,,
103,3.4000,pose,5,0.883,,,
103,3.4000,pose,6,0.886,,,
103,3.4000,pose,7,0.871,,,
103,3.4000,pose,8,0.902,,,
103,3.4000,pose,9,0.893,,,
103,3.4000,pose,10,0.899,,,
103,3.4000,pose,11,0.969,,,
103,3.4000,pose,12,0.992,,,
103,3.4000,pose,13,0.693,,,
103,3.4000,pose,14,0.109,,,
103,3.4000,pose,15,0.703,,,
103,3.4000,pose,16,0.682,-0.2330,0.0194,0.5890
103,3.4000,pose,17,0.749,,,
103,3.4000,pose,18,0.824,-0.3153,-0.0084,0.5420
103,3.4000,pose,19,0.764,,,
103,3.4000,pose,20,0.850,-0.3143,-0.0206,0.5600
103,3.4000,pose,21,0.738,,,
103,3.4000,pose,22,0.843,-0.2721,-0.0062,0.5810
103,3.4000,pose,23,0.311,,,
103,3.4000,pose,24,0.302,,,
103,3.4000,pose,25,0.009,,,
103,3.4000,pose,26,0.004,,,
103,3.4000,pose,27,0.008,,,
103,3.4000,pose,28,0.003,,,
103,3.4000,pose,29,0.010,,,
103,3.4000,pose,30,0.004,,,
103,3.4000,pose,31,0.012,,,
103,3.4000,pose,32,0.003,,,
103,3.4000,hand_Left,0,1.000,-0.2548,0.0015,0.5830
103,3.4000,hand_Left,1,1.000,-0.2791,-0.0022,0.5770
103,3.4000,hand_Left,2,1.000,-0.3005,-0.0083,0.5550
103,3.4000,hand_Left,3,1.000,-0.3200,-0.0073,0.5370
103,3.4000,hand_Left,4,1.000,-0.3431,-0.0018,0.5340
103,3.4000,hand_Left,5,1.000,-0.3261,-0.0417,0.5670
103,3.4000,hand_Left,6,1.000,-0.3526,-0.0452,0.5490
103,3.4000,hand_Left,7,1.000,-0.3699,-0.0391,0.5420
103,3.4000,hand_Left,8,1.000,-0.3802,-0.0296,0.5350
103,3.4000,hand_Left,9,1.000,-0.3255,-0.0308,0.5650
103,3.4000,hand_Left,10,1.000,-0.3433,-0.0310,0.5400
103,3.4000,hand_Left,11,1.000,-0.3595,-0.0252,0.5330
103,3.4000,hand_Left,12,1.000,-0.3707,-0.0172,0.5270
103,3.4000,hand_Left,13,1.000,-0.3179,-0.0191,0.5550
103,3.4000,hand_Left,14,1.000,-0.3357,-0.0181,0.5390
103,3.4000,hand_Left,15,1.000,-0.3496,-0.0138,0.5350
103,3.4000,hand_Left,16,1.000,-0.3613,-0.0085,0.5310
103,3.4000,hand_Left,17,1.000,-0.3097,-0.0085,0.5460
103,3.4000,hand_Left,18,1.000,-0.3256,-0.0072,0.5350
103,3.4000,hand_Left,19,1.000,-0.3380,-0.0041,0.5340
103,3.4000,hand_Left,20,1.000,-0.3490,-0.0011,0.5340
104,3.4333,pose,0,0.824,,,
104,3.4333,pose,1,0.675,,,
104,3.4333,pose,2,0.708,,,
104,3.4333,pose,3,0.690,,,
104,3.4333,pose,4,0.761,0.0819,-0.0748,0.4900
104,3.4333,pose,5,0.838,0.0754,-0.0771,0.5090
104,3.4333,pose,6,0.854,0.0663,-0.0780,0.5150
104,3.4333,pose,7,0.804,,,
104,3.4333,pose,8,0.866,0.0861,-0.1057,0.5140
104,3.4333,pose,9,0.828,,,
104,3.4333,pose,10,0.846,0.1036,-0.0144,0.4680
104,3.4333,pose,11,0.965,,,
104,3.4333,pose,12,0.992,0.0488,-0.0406,0.5160
104,3.4333,pose,13,0.627,,,
104,3.4333,pose,14,0.113,-0.0639,0.1042,0.5500
104,3.4333,pose,15,0.633,,,
104,3.4333,pose,16,0.683,-0.2492,0.0169,0.5870
104,3.4333,pose,17,0.676,,,
104,3.4333,pose,18,0.820,-0.3141,0.0109,0.5580
104,3.4333,pose,19,0.690,,,
104,3.4333,pose,20,0.848,-0.3100,-0.0116,0.5480
104,3.4333,pose,21,0.667,,,
104,3.4333,pose,22,0.841,-0.2549,0.0089,0.5830
104,3.4333,pose,23,0.289,,,
104,3.4333,pose,24,0.292,,,
104,3.4333,pose,25,0.008,,,
104,3.4333,pose,26,0.004,,,
104,3.4333,pose,27,0.007,,,
104,3.4333,pose,28,0.003,,,
104,3.4333,pose,29,0.009,,,
104,3.4333,pose,30,0.004,,,
104,3.4333,pose,31,0.011,,,
104,3.4333,pose,32,0.003,,,
104,3.4333,hand_Left,0,1.000,-0.2526,0.0022,0.5840
104,3.4333,hand_Left,1,1.000,-0.2769,-0.0022,0.5750
104,3.4333,hand_Left,2,1.000,-0.3004,-0.0080,0.5560
104,3.4333,hand_Left,3,1.000,-0.3197,-0.0071,0.5380
104,3.4333,hand_Left,4,1.000,-0.3429,-0.0021,0.5340
104,3.4333,hand_Left,5,1.000,-0.3252,-0.0413,0.5680
104,3.4333,hand_Left,6,1.000,-0.3504,-0.0445,0.5490
104,3.4333,hand_Left,7,1.000,-0.3685,-0.0392,0.5420
104,3.4333,hand_Left,8,1.000,-0.3796,-0.0307,0.5360
104,3.4333,hand_Left,9,1.000,-0.3229,-0.0304,0.5650
104,3.4333,hand_Left,10,1.000,-0.3400,-0.0299,0.5390
104,3.4333,hand_Left,11,1.000,-0.3574,-0.0238,0.5340
104,3.4333,hand_Left,12,1.000,-0.3670,-0.0155,0.5270
104,3.4333,hand_Left,13,1.000,-0.3147,-0.0185,0.5550
104,3.4333,hand_Left,14,1.000,-0.3317,-0.0166,0.5390
104,3.4333,hand_Left,15,1.000,-0.3459,-0.0114,0.5350
104,3.4333,hand_Left,16,1.000,-0.3575,-0.0056,0.5310
104,3.4333,hand_Left,17,1.000,-0.3077,-0.0081,0.5490
104,3.4333,hand_Left,18,1.000,-0.3214,-0.0053,0.5360
104,3.4333,hand_Left,19,1.000,-0.3333,-0.0010,0.5350
104,3.4333,hand_Left,20,1.000,-0.3438,0.0028,0.5350
105,3.4667,pose,0,0.834,0.2011,0.1432,0.3860
105,3.4667,pose,1,0.692,,,
105,3.4667,pose,2,0.718,,,
105,3.4667,pose,3,0.707,,,
105,3.4667,pose,4,0.779,,,
105,3.4667,pose,5,0.851,,,
105,3.4667,pose,6,0.866,,,
105,3.4667,pose,7,0.816,,,
105,3.4667,pose,8,0.877,,,
105,3.4667,pose,9,0.837,,,
105,3.4667,pose,10,0.857,,,
105,3.4667,pose,11,0.968,,,
105,3.4667,pose,12,0.993,0.0548,-0.0018,0.5340
105,3.4667,pose,13,0.572,,,
105,3.4667,pose,14,0.157,-0.0729,0.0265,0.6600
105,3.4667,pose,15,0.571,,,
105,3.4667,pose,16,0.700,-0.2453,0.0213,0.5880
105,3.4667,pose,17,0.611,,,
105,3.4667,pose,18,0.819,-0.3152,-0.0070,0.5420
105,3.4667,pose,19,0.624,,,
105,3.4667,pose,20,0.850,-0.3195,-0.0084,0.5380
105,3.4667,pose,21,0.604,,,
105,3.4667,pose,22,0.840,-0.2876,0.0091,0.5710
105,3.4667,pose,23,0.341,,,
105,3.4667,pose,24,0.354,,,
105,3.4667,pose,25,0.008,,,
105,3.4667,pose,26,0.004,,,
105,3.4667,pose,27,0.007,,,
105,3.4667,pose,28,0.003,,,
105,3.4667,pose,29,0.008,,,
105,3.4667,pose,30,0.004,,,
105,3.4667,pose,31,0.010,,,
105,3.4667,pose,32,0.003,,,
105,3.4667,hand_Left,0,1.000,-0.2509,0.0017,0.5840
105,3.4667,hand_Left,1,1.000,-0.2776,-0.0023,0.5770
105,3.4667,hand_Left,2,1.000,-0.3003,-0.0087,0.5540
105,3.4667,hand_Left,3,1.000,-0.3202,-0.0077,0.5370
105,3.4667,hand_Left,4,1.000,-0.3425,-0.0023,0.5340
105,3.4667,hand_Left,5,1.000,-0.3251,-0.0415,0.5680
105,3.4667,hand_Left,6,1.000,-0.3506,-0.0441,0.5490
105,3.4667,hand_Left,7,1.000,-0.3674,-0.0383,0.5420
105,3.4667,hand_Left,8,1.000,-0.3755,-0.0293,0.5320
105,3.4667,hand_Left,9,1.000,-0.3222,-0.0303,0.5660
105,3.4667,hand_Left,10,1.000,-0.3366,-0.0271,0.5380
105,3.4667,hand_Left,11,1.000,-0.3534,-0.0194,0.5340
105,3.4667,hand_Left,12,1.000,-0.3638,-0.0100,0.5290
105,3.4667,hand_Left,13,1.000,-0.3118,-0.0183,0.5550
105,3.4667,hand_Left,14,1.000,-0.3238,-0.0125,0.5370
105,3.4667,hand_Left,15,1.000,-0.3345,-0.0062,0.5350
105,3.4667,hand_Left,16,1.000,-0.3443,-0.0006,0.5340
105,3.4667,hand_Left,17,1.000,-0.3045,-0.0082,0.5500
105,3.4667,hand_Left,18,1.000,-0.3174,-0.0025,0.5410
105,3.4667,hand_Left,19,1.000,-0.3258,0.0033,0.5400
105,3.4667,hand_Left,20,1.000,-0.3337,0.0076,0.5410
106,3.5000,pose,0,0.797,,,
106,3.5000,pose,1,0.647,,,
106,3.5000,pose,2,0.669,,,
106,3.5000,pose,3,0.659,,,
106,3.5000,pose,4,0.750,,,
106,3.5000,pose,5,0.829,,,
106,3.5000,pose,6,0.857,,,
106,3.5000,pose,7,0.774,,,
106,3.5000,pose,8,0.870,,,
106,3.5000,pose,9,0.800,,,
106,3.5000,pose,10,0.836,,,
106,3.5000,pose,11,0.952,,,
106,3.5000,pose,12,0.992,0.0635,-0.0644,0.5120
106,3.5000,pose,13,0.517,,,
106,3.5000,pose,14,0.158,,,
106,3.5000,pose,15,0.514,,,
106,3.5000,pose,16,0.678,-0.2415,0.0323,0.5870
106,3.5000,pose,17,0.550,,,
106,3.5000,pose,18,0.787,-0.3002,0.0087,0.5640
106,3.5000,pose,19,0.562,,,
106,3.5000,pose,20,0.823,-0.3098,-0.0060,0.5470
106,3.5000,pose,21,0.544,,,
106,3.5000,pose,22,0.807,-0.2852,0.0114,0.5730
106,3.5000,pose,23,0.320,,,
106,3.5000,pose,24,0.350,,,
106,3.5000,pose,25,0.007,,,
106,3.5000,pose,26,0.003,,,
106,3.5000,pose,27,0.006,,,
106,3.5000,pose,28,0.002,,,
106,3.5000,pose,29,0.007,,,
106,3.5000,pose,30,0.004,,,
106,3.5000,pose,31,0.009,,,
106,3.5000,pose,32,0.003,,,
106,3.5000,hand_Left,0,1.000,-0.2492,0.0018,0.5840
106,3.5000,hand_Left,1,1.000,-0.2769,-0.0023,0.5780
106,3.5000,hand_Left,2,1.000,-0.3008,-0.0087,0.5550
106,3.5000,hand_Left,3,1.000,-0.3208,-0.0079,0.5380
106,3.5000,hand_Left,4,1.000,-0.3418,-0.0029,0.5340
106,3.5000,hand_Left,5,1.000,-0.3234,-0.0413,0.5670
106,3.5000,hand_Left,6,1.000,-0.3497,-0.0441,0.5490
106,3.5000,hand_Left,7,1.000,-0.3669,-0.0385,0.5420
106,3.5000,hand_Left,8,1.000,-0.3767,-0.0298,0.5340
106,3.5000,hand_Left,9,1.000,-0.3218,-0.0308,0.5670
106,3.5000,hand_Left,10,1.000,-0.3373,-0.0277,0.5400
106,3.5000,hand_Left,11,1.000,-0.3536,-0.0200,0.5350
106,3.5000,hand_Left,12,1.000,-0.3630,-0.0105,0.5280
106,3.5000,hand_Left,13,1.000,-0.3115,-0.0192,0.5560
106,3.5000,hand_Left,14,1.000,-0.3230,-0.0129,0.5370
106,3.5000,hand_Left,15,1.000,-0.3324,-0.0063,0.5340
106,3.5000,hand_Left,16,1.000,-0.3419,-0.0009,0.5340
106,3.5000,hand_Left,17,1.000,-0.3047,-0.0097,0.5520
106,3.5000,hand_Left,18,1.000,-0.3174,-0.0036,0.5420
106,3.5000,hand_Left,19,1.000,-0.3256,0.0027,0.5400
106,3.5000,hand_Left,20,1.000,-0.3337,0.0077,0.5410
107,3.5333,pose,0,0.746,,,
107,3.5333,pose,1,0.591,,,
107,3.5333,pose,2,0.610,,,
107,3.5333,pose,3,0.601,,,
107,3.5333,pose,4,0.700,,,
107,3.5333,pose,5,0.787,,,
107,3.5333,pose,6,0.825,,,
107,3.5333,pose,7,0.711,,,
107,3.5333,pose,8,0.845,,,
107,3.5333,pose,9,0.741,,,
107,3.5333,pose,10,0.793,,,
107,3.5333,pose,11,0.914,,,
107,3.5333,pose,12,0.990,0.0651,-0.0907,0.5210
107,3.5333,pose,13,0.466,,,
107,3.5333,pose,14,0.166,-0.0995,0.0779,0.6730
107,3.5333,pose,15,0.463,,,
107,3.5333,pose,16,0.686,,,
107,3.5333,pose,17,0.495,,,
107,3.5333,pose,18,0.789,-0.3306,-0.0038,0.5350
107,3.5333,pose,19,0.506,,,
107,3.5333,pose,20,0.827,-0.3378,-0.0070,0.5340
107,3.5333,pose,21,0.490,,,
107,3.5333,pose,22,0.809,-0.3151,0.0106,0.5570
107,3.5333,pose,23,0.292,,,
107,3.5333,pose,24,0.329,,,
107,3.5333,pose,25,0.006,,,
107,3.5333,pose,26,0.003,,,
107,3.5333,pose,27,0.006,,,
107,3.5333,pose,28,0.002,,,
107,3.5333,pose,29,0.007,,,
107,3.5333,pose,30,0.003,,,
107,3.5333,pose,31,0.008,,,
107,3.5333,pose,32,0.003,,,
107,3.5333,hand_Left,0,1.000,-0.2493,0.0016,0.5840
107,3.5333,hand_Left,1,1.000,-0.2768,-0.0020,0.5770
107,3.5333,hand_Left,2,1.000,-0.3007,-0.0087,0.5560
107,3.5333,hand_Left,3,1.000,-0.3199,-0.0082,0.5380
107,3.5333,hand_Left,4,1.000,-0.3421,-0.0028,0.5340
107,3.5333,hand_Left,5,1.000,-0.3257,-0.0414,0.5690
107,3.5333,hand_Left,6,1.000,-0.3495,-0.0449,0.5480
107,3.5333,hand_Left,7,1.000,-0.3675,-0.0395,0.5420
107,3.5333,hand_Left,8,1.000,-0.3777,-0.0306,0.5350
107,3.5333,hand_Left,9,1.000,-0.3229,-0.0311,0.5660
107,3.5333,hand_Left,10,1.000,-0.3405,-0.0305,0.5400
107,3.5333,hand_Left,11,1.000,-0.3566,-0.0248,0.5330
107,3.5333,hand_Left,12,1.000,-0.3679,-0.0167,0.5280
107,3.5333,hand_Left,13,1.000,-0.3134,-0.0194,0.5550
107,3.5333,hand_Left,14,1.000,-0.3309,-0.0170,0.5390
107,3.5333,hand_Left,15,1.000,-0.3458,-0.0123,0.5360
107,3.5333,hand_Left,16,1.000,-0.3581,-0.0071,0.5330
107,3.5333,hand_Left,17,1.000,-0.3060,-0.0093,0.5490
107,3.5333,hand_Left,18,1.000,-0.3207,-0.0064,0.5370
107,3.5333,hand_Left,19,1.000,-0.3321,-0.0021,0.5350
107,3.5333,hand_Left,20,1.000,-0.3423,0.0017,0.5340
108,3.5667,pose,0,0.768,,,
108,3.5667,pose,1,0.627,,,
108,3.5667,pose,2,0.642,,,
108,3.5667,pose,3,0.634,,,
108,3.5667,pose,4,0.728,,,
108,3.5667,pose,5,0.807,,,
108,3.5667,pose,6,0.842,,,
108,3.5667,pose,7,0.736,,,
108,3.5667,pose,8,0.860,,,
108,3.5667,pose,9,0.756,,,
108,3.5667,pose,10,0.808,,,
108,3.5667,pose,11,0.914,,,
108,3.5667,pose,12,0.991,0.1144,-0.1039,0.6130
108,3.5667,pose,13,0.422,,,
108,3.5667,pose,14,0.218,-0.0939,0.0595,0.6610
108,3.5667,pose,15,0.417,,,
108,3.5667,pose,16,0.706,-0.2872,0.0378,0.5880
108,3.5667,pose,17,0.446,,,
108,3.5667,pose,18,0.795,-0.3327,-0.0034,0.5350
108,3.5667,pose,19,0.457,,,
108,3.5667,pose,20,0.833,-0.3416,-0.0045,0.5340
108,3.5667,pose,21,0.442,,,
108,3.5667,pose,22,0.814,-0.3157,0.0132,0.5560
108,3.5667,pose,23,0.281,,,
108,3.5667,pose,24,0.348,,,
108,3.5667,pose,25,0.009,,,
108,3.5667,pose,26,0.006,0.0552,0.0701,0.3855
108,3.5667,pose,27,0.006,,,
108,3.5667,pose,28,0.003,,,
108,3.5667,pose,29,0.008,,,
108,3.5667,pose,30,0.005,,,
108,3.5667,pose,31,0.009,,,
108,3.5667,pose,32,0.004,,,
108,3.5667,hand_Left,0,1.000,-0.2475,0.0033,0.5840
108,3.5667,hand_Left,1,1.000,-0.2757,-0.0025,0.5790
108,3.5667,hand_Left,2,1.000,-0.2996,-0.0094,0.5570
108,3.5667,hand_Left,3,1.000,-0.3196,-0.0082,0.5390
108,3.5667,hand_Left,4,1.000,-0.3418,-0.0025,0.5340
108,3.5667,hand_Left,5,1.000,-0.3251,-0.0410,0.5700
108,3.5667,hand_Left,6,1.000,-0.3486,-0.0445,0.5480
108,3.5667,hand_Left,7,1.000,-0.3666,-0.0392,0.5420
108,3.5667,hand_Left,8,1.000,-0.3772,-0.0302,0.5350
108,3.5667,hand_Left,9,1.000,-0.3215,-0.0287,0.5650
108,3.5667,hand_Left,10,1.000,-0.3380,-0.0278,0.5380
108,3.5667,hand_Left,11,1.000,-0.3567,-0.0224,0.5350
108,3.5667,hand_Left,12,1.000,-0.3665,-0.0144,0.5270
108,3.5667,hand_Left,13,1.000,-0.3101,-0.0159,0.5510
108,3.5667,hand_Left,14,1.000,-0.3271,-0.0133,0.5370
108,3.5667,hand_Left,15,1.000,-0.3417,-0.0095,0.5350
108,3.5667,hand_Left,16,1.000,-0.3547,-0.0049,0.5340
108,3.5667,hand_Left,17,1.000,-0.3049,-0.0053,0.5500
108,3.5667,hand_Left,18,1.000,-0.3196,-0.0026,0.5400
108,3.5667,hand_Left,19,1.000,-0.3283,0.0011,0.5350
108,3.5667,hand_Left,20,1.000,-0.3382,0.0044,0.5350
109,3.6000,pose,0,0.747,,,
109,3.6000,pose,1,0.617,,,
109,3.6000,pose,2,0.625,,,
109,3.6000,pose,3,0.624,,,
109,3.6000,pose,4,0.726,,,
109,3.6000,pose,5,0.802,,,
109,3.6000,pose,6,0.844,,,
109,3.6000,pose,7,0.726,,,
109,3.6000,pose,8,0.856,,,
109,3.6000,pose,9,0.713,,,
109,3.6000,pose,10,0.767,,,
109,3.6000,pose,11,0.895,,,
109,3.6000,pose,12,0.984,0.1936,0.0751,0.3670
109,3.6000,pose,13,0.381,,,
109,3.6000,pose,14,0.228,0.0715,0.1099,0.3850
109,3.6000,pose,15,0.376,,,
109,3.6000,pose,16,0.659,-0.0619,0.0457,0.6540
109,3.6000,pose,17,0.402,,,
109,3.6000,pose,18,0.739,,,
109,3.6000,pose,19,0.412,,,
109,3.6000,pose,20,0.781,,,
109,3.6000,pose,21,0.399,,,
109,3.6000,pose,22,0.761,-0.0842,0.0090,0.6760
109,3.6000,pose,23,0.270,,,
109,3.6000,pose,24,0.353,,,
109,3.6000,pose,25,0.010,,,
109,3.6000,pose,26,0.009,0.1825,0.2032,0.3890
109,3.6000,pose,27,0.006,0.2012,0.2016,0.3790
109,3.6000,pose,28,0.004,0.0885,0.1505,0.3750
109,3.6000,pose,29,0.009,,,
109,3.6000,pose,30,0.008,0.0867,0.1773,0.3690
109,3.6000,pose,31,0.009,0.0965,0.1190,0.3780
109,3.6000,pose,32,0.005,,,
109,3.6000,hand_Left,0,1.000,-0.2465,0.0030,0.5840
109,3.6000,hand_Left,1,1.000,-0.2754,-0.0023,0.5780
109,3.6000,hand_Left,2,1.000,-0.3000,-0.0098,0.5560
109,3.6000,hand_Left,3,1.000,-0.3201,-0.0090,0.5380
109,3.6000,hand_Left,4,1.000,-0.3420,-0.0033,0.5340
109,3.6000,hand_Left,5,1.000,-0.3240,-0.0400,0.5700
109,3.6000,hand_Left,6,1.000,-0.3471,-0.0438,0.5480
109,3.6000,hand_Left,7,1.000,-0.3661,-0.0391,0.5430
109,3.6000,hand_Left,8,1.000,-0.3759,-0.0312,0.5350
109,3.6000,hand_Left,9,1.000,-0.3207,-0.0300,0.5670
109,3.6000,hand_Left,10,1.000,-0.3366,-0.0295,0.5400
109,3.6000,hand_Left,11,1.000,-0.3523,-0.0238,0.5340
109,3.6000,hand_Left,12,1.000,-0.3628,-0.0159,0.5290
109,3.6000,hand_Left,13,1.000,-0.3107,-0.0183,0.5560
109,3.6000,hand_Left,14,1.000,-0.3276,-0.0158,0.5410
109,3.6000,hand_Left,15,1.000,-0.3401,-0.0110,0.5350
109,3.6000,hand_Left,16,1.000,-0.3537,-0.0056,0.5350
109,3.6000,hand_Left,17,1.000,-0.3036,-0.0080,0.5520
109,3.6000,hand_Left,18,1.000,-0.3179,-0.0047,0.5410
109,3.6000,hand_Left,19,1.000,-0.3266,-0.0004,0.5360
109,3.6000,hand_Left,20,1.000,-0.3360,0.0035,0.5350
110,3.6333,pose,0,0.672,,,
110,3.6333,pose,1,0.555,,,
110,3.6333,pose,2,0.563,,,
110,3.6333,pose,3,0.562,,,
110,3.6333,pose,4,0.654,,,
110,3.6333,pose,5,0.722,,,
110,3.6333,pose,6,0.760,,,
110,3.6333,pose,7,0.654,,,
110,3.6333,pose,8,0.771,,,
110,3.6333,pose,9,0.642,,,
110,3.6333,pose,10,0.690,,,
110,3.6333,pose,11,0.818,,,
110,3.6333,pose,12,0.918,,,
110,3.6333,pose,13,0.343,,,
110,3.6333,pose,14,0.209,0.3667,0.1601,0.4440
110,3.6333,pose,15,0.338,,,
110,3.6333,pose,16,0.595,,,
110,3.6333,pose,17,0.363,,,
110,3.6333,pose,18,0.668,,,
110,3.6333,pose,19,0.371,,,
110,3.6333,pose,20,0.705,,,
110,3.6333,pose,21,0.360,,,
110,3.6333,pose,22,0.687,,,
110,3.6333,pose,23,0.245,,,
110,3.6333,pose,24,0.322,,,
110,3.6333,pose,25,0.009,,,
110,3.6333,pose,26,0.009,,,
110,3.6333,pose,27,0.005,,,
110,3.6333,pose,28,0.004,,,
110,3.6333,pose,29,0.008,,,
110,3.6333,pose,30,0.007,,,
110,3.6333,pose,31,0.008,,,
110,3.6333,pose,32,0.005,,,
110,3.6333,hand_Left,0,1.000,-0.2464,0.0028,0.5870
110,3.6333,hand_Left,1,1.000,-0.2747,-0.0018,0.5790
110,3.6333,hand_Left,2,1.000,-0.2996,-0.0090,0.5560
110,3.6333,hand_Left,3,1.000,-0.3197,-0.0082,0.5380
110,3.6333,hand_Left,4,1.000,-0.3421,-0.0028,0.5340
110,3.6333,hand_Left,5,1.000,-0.3230,-0.0399,0.5690
110,3.6333,hand_Left,6,1.000,-0.3482,-0.0443,0.5500
110,3.6333,hand_Left,7,1.000,-0.3649,-0.0397,0.5420
110,3.6333,hand_Left,8,1.000,-0.3752,-0.0316,0.5350
110,3.6333,hand_Left,9,1.000,-0.3196,-0.0303,0.5670
110,3.6333,hand_Left,10,1.000,-0.3362,-0.0293,0.5410
110,3.6333,hand_Left,11,1.000,-0.3524,-0.0237,0.5350
110,3.6333,hand_Left,12,1.000,-0.3626,-0.0155,0.5290
110,3.6333,hand_Left,13,1.000,-0.3095,-0.0187,0.5570
110,3.6333,hand_Left,14,1.000,-0.3242,-0.0148,0.5410
110,3.6333,hand_Left,15,1.000,-0.3371,-0.0105,0.5350
110,3.6333,hand_Left,16,1.000,-0.3514,-0.0059,0.5350
110,3.6333,hand_Left,17,1.000,-0.3026,-0.0087,0.5540
110,3.6333,hand_Left,18,1.000,-0.3150,-0.0049,0.5420
110,3.6333,hand_Left,19,1.000,-0.3236,-0.0005,0.5370
110,3.6333,hand_Left,20,1.000,-0.3343,0.0035,0.5380
111,3.6667,pose,0,0.628,,,
111,3.6667,pose,1,0.505,,,
111,3.6667,pose,2,0.513,,,
111,3.6667,pose,3,0.511,,,
111,3.6667,pose,4,0.601,,,
111,3.6667,pose,5,0.676,,,
111,3.6667,pose,6,0.715,,,
111,3.6667,pose,7,0.601,,,
111,3.6667,pose,8,0.734,,,
111,3.6667,pose,9,0.589,,,
111,3.6667,pose,10,0.641,,,
111,3.6667,pose,11,0.800,,,
111,3.6667,pose,12,0.922,,,
111,3.6667,pose,13,0.310,,,
111,3.6667,pose,14,0.197,0.1255,0.1386,0.4000
111,3.6667,pose,15,0.305,,,
111,3.6667,pose,16,0.605,0.0678,0.0273,0.3760
111,3.6667,pose,17,0.328,,,
111,3.6667,pose,18,0.681,0.0004,-0.0006,0.5970
111,3.6667,pose,19,0.336,,,
111,3.6667,pose,20,0.720,0.0847,-0.0159,0.4970
111,3.6667,pose,21,0.326,,,
111,3.6667,pose,22,0.704,,,
111,3.6667,pose,23,0.222,,,
111,3.6667,pose,24,0.294,,,
111,3.6667,pose,25,0.008,,,
111,3.6667,pose,26,0.008,,,
111,3.6667,pose,27,0.005,,,
111,3.6667,pose,28,0.004,,,
111,3.6667,pose,29,0.007,,,
111,3.6667,pose,30,0.007,,,
111,3.6667,pose,31,0.007,,,
111,3.6667,pose,32,0.004,,,
111,3.6667,hand_Left,0,1.000,-0.2517,0.0017,0.5830
111,3.6667,hand_Left,1,1.000,-0.2783,-0.0010,0.5740
111,3.6667,hand_Left,2,1.000,-0.3021,-0.0085,0.5550
111,3.6667,hand_Left,3,1.000,-0.3210,-0.0076,0.5370
111,3.6667,hand_Left,4,1.000,-0.3434,-0.0023,0.5340
111,3.6667,hand_Left,5,1.000,-0.3262,-0.0407,0.5670
111,3.6667,hand_Left,6,1.000,-0.3512,-0.0451,0.5490
111,3.6667,hand_Left,7,1.000,-0.3689,-0.0398,0.5430
111,3.6667,hand_Left,8,1.000,-0.3804,-0.0314,0.5390
111,3.6667,hand_Left,9,1.000,-0.3244,-0.0322,0.5660
111,3.6667,hand_Left,10,1.000,-0.3415,-0.0319,0.5400
111,3.6667,hand_Left,11,1.000,-0.3580,-0.0266,0.5350
111,3.6667,hand_Left,12,1.000,-0.3668,-0.0185,0.5280
111,3.6667,hand_Left,13,1.000,-0.3183,-0.0214,0.5610
111,3.6667,hand_Left,14,1.000,-0.3331,-0.0192,0.5400
111,3.6667,hand_Left,15,1.000,-0.3479,-0.0148,0.5360
111,3.6667,hand_Left,16,1.000,-0.3596,-0.0094,0.5320
111,3.6667,hand_Left,17,1.000,-0.3077,-0.0109,0.5490
111,3.6667,hand_Left,18,1.000,-0.3224,-0.0091,0.5360
111,3.6667,hand_Left,19,1.000,-0.3344,-0.0056,0.5340
111,3.6667,hand_Left,20,1.000,-0.3458,-0.0024,0.5340
112,3.7000,pose,0,0.631,,,
112,3.7000,pose,1,0.483,,,
112,3.7000,pose,2,0.495,,,
112,3.7000,pose,3,0.491,,,
112,3.7000,pose,4,0.589,,,
112,3.7000,pose,5,0.676,,,
112,3.7000,pose,6,0.719,,,
112,3.7000,pose,7,0.592,,,
112,3.7000,pose,8,0.737,,,
112,3.7000,pose,9,0.593,,,
112,3.7000,pose,10,0.650,,,
112,3.7000,pose,11,0.819,,,
112,3.7000,pose,12,0.930,,,
112,3.7000,pose,13,0.281,,,
112,3.7000,pose,14,0.184,,,
112,3.7000,pose,15,0.275,,,
112,3.7000,pose,16,0.630,,,
112,3.7000,pose,17,0.297,,,
112,3.7000,pose,18,0.706,-0.2796,0.0044,0.5750
112,3.7000,pose,19,0.306,,,
112,3.7000,pose,20,0.743,-0.1866,-0.0077,0.6410
112,3.7000,pose,21,0.297,,,
112,3.7000,pose,22,0.728,-0.0992,0.0333,0.6510
112,3.7000,pose,23,0.200,,,
112,3.7000,pose,24,0.267,,,
112,3.7000,pose,25,0.007,,,
112,3.7000,pose,26,0.007,,,
112,3.7000,pose,27,0.004,,,
112,3.7000,pose,28,0.003,,,
112,3.7000,pose,29,0.006,,,
112,3.7000,pose,30,0.006,,,
112,3.7000,pose,31,0.007,,,
112,3.7000,pose,32,0.004,,,
112,3.7000,hand_Left,0,1.000,-0.2508,0.0023,0.5830
112,3.7000,hand_Left,1,1.000,-0.2777,-0.0015,0.5760
112,3.7000,hand_Left,2,1.000,-0.3017,-0.0079,0.5560
112,3.7000,hand_Left,3,1.000,-0.3199,-0.0072,0.5360
112,3.7000,hand_Left,4,1.000,-0.3432,-0.0016,0.5340
112,3.7000,hand_Left,5,1.000,-0.3257,-0.0405,0.5690
112,3.7000,hand_Left,6,1.000,-0.3503,-0.0453,0.5500
112,3.7000,hand_Left,7,1.000,-0.3699,-0.0408,0.5460
112,3.7000,hand_Left,8,1.000,-0.3787,-0.0322,0.5370
112,3.7000,hand_Left,9,1.000,-0.3230,-0.0304,0.5660
112,3.7000,hand_Left,10,1.000,-0.3404,-0.0313,0.5410
112,3.7000,hand_Left,11,1.000,-0.3554,-0.0258,0.5330
112,3.7000,hand_Left,12,1.000,-0.3661,-0.0178,0.5280
112,3.7000,hand_Left,13,1.000,-0.3152,-0.0188,0.5570
112,3.7000,hand_Left,14,1.000,-0.3316,-0.0173,0.5400
112,3.7000,hand_Left,15,1.000,-0.3457,-0.0128,0.5360
112,3.7000,hand_Left,16,1.000,-0.3576,-0.0074,0.5330
112,3.7000,hand_Left,17,1.000,-0.3070,-0.0080,0.5490
112,3.7000,hand_Left,18,1.000,-0.3207,-0.0057,0.5360
112,3.7000,hand_Left,19,1.000,-0.3323,-0.0020,0.5350
112,3.7000,hand_Left,20,1.000,-0.3419,0.0015,0.5340
113,3.7333,pose,0,0.660,,,
113,3.7333,pose,1,0.514,,,
113,3.7333,pose,2,0.528,,,
113,3.7333,pose,3,0.520,,,
113,3.7333,pose,4,0.618,,,
113,3.7333,pose,5,0.702,,,
113,3.7333,pose,6,0.741,,,
113,3.7333,pose,7,0.625,,,
113,3.7333,pose,8,0.760,,,
113,3.7333,pose,9,0.617,,,
113,3.7333,pose,10,0.674,,,
113,3.7333,pose,11,0.834,,,
113,3.7333,pose,12,0.936,,,
113,3.7333,pose,13,0.268,,,
113,3.7333,pose,14,0.181,,,
113,3.7333,pose,15,0.251,,,
113,3.7333,pose,16,0.653,-0.2195,0.0490,0.4440
113,3.7333,pose,17,0.272,,,
113,3.7333,pose,18,0.722,-0.3223,0.0058,0.5480
113,3.7333,pose,19,0.283,,,
113,3.7333,pose,20,0.759,-0.3007,0.0019,0.5590
113,3.7333,pose,21,0.275,,,
113,3.7333,pose,22,0.744,-0.2599,0.0356,0.5890
113,3.7333,pose,23,0.185,,,
113,3.7333,pose,24,0.250,,,
113,3.7333,pose,25,0.006,,,
113,3.7333,pose,26,0.006,,,
113,3.7333,pose,27,0.004,,,
113,3.7333,pose,28,0.003,,,
113,3.7333,pose,29,0.006,,,
113,3.7333,pose,30,0.006,,,
113,3.7333,pose,31,0.006,,,
113,3.7333,pose,32,0.004,,,
113,3.7333,hand_Left,0,1.000,-0.2510,0.0017,0.5830
113,3.7333,hand_Left,1,1.000,-0.2786,-0.0012,0.5770
113,3.7333,hand_Left,2,1.000,-0.3010,-0.0078,0.5550
113,3.7333,hand_Left,3,1.000,-0.3207,-0.0072,0.5380
113,3.7333,hand_Left,4,1.000,-0.3429,-0.0023,0.5340
113,3.7333,hand_Left,5,1.000,-0.3248,-0.0407,0.5670
113,3.7333,hand_Left,6,1.000,-0.3500,-0.0445,0.5480
113,3.7333,hand_Left,7,1.000,-0.3681,-0.0388,0.5420
113,3.7333,hand_Left,8,1.000,-0.3766,-0.0293,0.5330
113,3.7333,hand_Left,9,1.000,-0.3227,-0.0308,0.5660
113,3.7333,hand_Left,10,1.000,-0.3401,-0.0307,0.5400
113,3.7333,hand_Left,11,1.000,-0.3567,-0.0247,0.5340
113,3.7333,hand_Left,12,1.000,-0.3669,-0.0161,0.5280
113,3.7333,hand_Left,13,1.000,-0.3139,-0.0194,0.5560
113,3.7333,hand_Left,14,1.000,-0.3304,-0.0174,0.5390
113,3.7333,hand_Left,15,1.000,-0.3450,-0.0125,0.5360
113,3.7333,hand_Left,16,1.000,-0.3568,-0.0067,0.5330
113,3.7333,hand_Left,17,1.000,-0.3066,-0.0092,0.5500
113,3.7333,hand_Left,18,1.000,-0.3206,-0.0064,0.5370
113,3.7333,hand_Left,19,1.000,-0.3311,-0.0023,0.5340
113,3.7333,hand_Left,20,1.000,-0.3419,0.0014,0.5350
114,3.7667,pose,0,0.689,,,
114,3.7667,pose,1,0.548,,,
114,3.7667,pose,2,0.563,,,
114,3.7667,pose,3,0.553,,,
114,3.7667,pose,4,0.648,,,
114,3.7667,pose,5,0.728,,,
114,3.7667,pose,6,0.763,,,
114,3.7667,pose,7,0.657,,,
114,3.7667,pose,8,0.781,,,
114,3.7667,pose,9,0.643,,,
114,3.7667,pose,10,0.698,,,
114,3.7667,pose,11,0.848,,,
114,3.7667,pose,12,0.942,,,
114,3.7667,pose,13,0.276,,,
114,3.7667,pose,14,0.179,-0.0889,0.1147,0.6810
114,3.7667,pose,15,0.236,,,
114,3.7667,pose,16,0.676,,,
114,3.7667,pose,17,0.260,,,
114,3.7667,pose,18,0.740,,,
114,3.7667,pose,19,0.274,,,
114,3.7667,pose,20,0.776,-0.2821,0.0396,0.5880
114,3.7667,pose,21,0.267,,,
114,3.7667,pose,22,0.762,,,
114,3.7667,pose,23,0.174,,,
114,3.7667,pose,24,0.238,,,
114,3.7667,pose,25,0.006,,,
114,3.7667,pose,26,0.006,,,
114,3.7667,pose,27,0.004,,,
114,3.7667,pose,28,0.003,,,
114,3.7667,pose,29,0.006,,,
114,3.7667,pose,30,0.005,,,
114,3.7667,pose,31,0.006,,,
114,3.7667,pose,32,0.003,,,
114,3.7667,hand_Left,0,1.000,-0.2509,0.0026,0.5830
114,3.7667,hand_Left,1,1.000,-0.2775,-0.0010,0.5770
114,3.7667,hand_Left,2,1.000,-0.3010,-0.0075,0.5560
114,3.7667,hand_Left,3,1.000,-0.3210,-0.0072,0.5390
114,3.7667,hand_Left,4,1.000,-0.3418,-0.0022,0.5340
114,3.7667,hand_Left,5,1.000,-0.3244,-0.0404,0.5680
114,3.7667,hand_Left,6,1.000,-0.3488,-0.0438,0.5470
114,3.7667,hand_Left,7,1.000,-0.3672,-0.0383,0.5420
114,3.7667,hand_Left,8,1.000,-0.3782,-0.0295,0.5350
114,3.7667,hand_Left,9,1.000,-0.3231,-0.0298,0.5660
114,3.7667,hand_Left,10,1.000,-0.3385,-0.0275,0.5380
114,3.7667,hand_Left,11,1.000,-0.3575,-0.0204,0.5350
114,3.7667,hand_Left,12,1.000,-0.3675,-0.0114,0.5270
114,3.7667,hand_Left,13,1.000,-0.3138,-0.0180,0.5550
114,3.7667,hand_Left,14,1.000,-0.3287,-0.0139,0.5380
114,3.7667,hand_Left,15,1.000,-0.3408,-0.0080,0.5350
114,3.7667,hand_Left,16,1.000,-0.3517,-0.0024,0.5340
114,3.7667,hand_Left,17,1.000,-0.3064,-0.0082,0.5490
114,3.7667,hand_Left,18,1.000,-0.3199,-0.0037,0.5390
114,3.7667,hand_Left,19,1.000,-0.3278,0.0018,0.5350
114,3.7667,hand_Left,20,1.000,-0.3393,0.0064,0.5400
115,3.8000,pose,0,0.705,,,
115,3.8000,pose,1,0.558,,,
115,3.8000,pose,2,0.577,,,
115,3.8000,pose,3,0.563,,,
115,3.8000,pose,4,0.663,,,
115,3.8000,pose,5,0.745,,,
115,3.8000,pose,6,0.778,,,
115,3.8000,pose,7,0.677,,,
115,3.8000,pose,8,0.797,,,
115,3.8000,pose,9,0.654,,,
115,3.8000,pose,10,0.711,,,
115,3.8000,pose,11,0.857,,,
115,3.8000,pose,12,0.946,,,
115,3.8000,pose,13,0.256,,,
115,3.8000,pose,14,0.170,,,
115,3.8000,pose,15,0.214,,,
115,3.8000,pose,16,0.664,,,
115,3.8000,pose,17,0.239,,,
115,3.8000,pose,18,0.738,,,
115,3.8000,pose,19,0.254,,,
115,3.8000,pose,20,0.777,,,
115,3.8000,pose,21,0.248,,,
115,3.8000,pose,22,0.765,,,
115,3.8000,pose,23,0.160,,,
115,3.8000,pose,24,0.223,,,
115,3.8000,pose,25,0.006,,,
115,3.8000,pose,26,0.006,,,
115,3.8000,pose,27,0.004,,,
115,3.8000,pose,28,0.003,,,
115,3.8000,pose,29,0.006,,,
115,3.8000,pose,30,0.005,,,
115,3.8000,pose,31,0.006,,,
115,3.8000,pose,32,0.004,,,
115,3.8000,hand_Left,0,1.000,-0.2530,0.0017,0.5840
115,3.8000,hand_Left,1,1.000,-0.2785,-0.0015,0.5760
115,3.8000,hand_Left,2,1.000,-0.3016,-0.0080,0.5550
115,3.8000,hand_Left,3,1.000,-0.3209,-0.0073,0.5370
115,3.8000,hand_Left,4,1.000,-0.3432,-0.0024,0.5340
115,3.8000,hand_Left,5,1.000,-0.3258,-0.0406,0.5680
115,3.8000,hand_Left,6,1.000,-0.3504,-0.0441,0.5480
115,3.8000,hand_Left,7,1.000,-0.3683,-0.0380,0.5420
115,3.8000,hand_Left,8,1.000,-0.3777,-0.0288,0.5340
115,3.8000,hand_Left,9,1.000,-0.3237,-0.0306,0.5650
115,3.8000,hand_Left,10,1.000,-0.3408,-0.0294,0.5390
115,3.8000,hand_Left,11,1.000,-0.3582,-0.0230,0.5340
115,3.8000,hand_Left,12,1.000,-0.3671,-0.0142,0.5260
115,3.8000,hand_Left,13,1.000,-0.3152,-0.0195,0.5550
115,3.8000,hand_Left,14,1.000,-0.3330,-0.0167,0.5390
115,3.8000,hand_Left,15,1.000,-0.3475,-0.0111,0.5360
115,3.8000,hand_Left,16,1.000,-0.3593,-0.0050,0.5330
115,3.8000,hand_Left,17,1.000,-0.3080,-0.0097,0.5490
115,3.8000,hand_Left,18,1.000,-0.3228,-0.0066,0.5360
115,3.8000,hand_Left,19,1.000,-0.3351,-0.0020,0.5350
115,3.8000,hand_Left,20,1.000,-0.3459,0.0021,0.5350
116,3.8333,pose,0,0.722,-0.0105,-0.1995,0.3900
116,3.8333,pose,1,0.562,,,
116,3.8333,pose,2,0.589,,,
116,3.8333,pose,3,0.566,,,
116,3.8333,pose,4,0.672,,,
116,3.8333,pose,5,0.760,,,
116,3.8333,pose,6,0.789,,,
116,3.8333,pose,7,0.696,,,
116,3.8333,pose,8,0.811,,,
116,3.8333,pose,9,0.665,,,
116,3.8333,pose,10,0.723,,,
116,3.8333,pose,11,0.868,,,
116,3.8333,pose,12,0.951,,,
116,3.8333,pose,13,0.249,,,
116,3.8333,pose,14,0.173,,,
116,3.8333,pose,15,0.201,,,
116,3.8333,pose,16,0.691,,,
116,3.8333,pose,17,0.235,,,
116,3.8333,pose,18,0.761,,,
116,3.8333,pose,19,0.256,,,
116,3.8333,pose,20,0.797,,,
116,3.8333,pose,21,0.252,,,
116,3.8333,pose,22,0.786,,,
116,3.8333,pose,23,0.148,,,
116,3.8333,pose,24,0.208,,,
116,3.8333,pose,25,0.005,,,
116,3.8333,pose,26,0.005,,,
116,3.8333,pose,27,0.004,,,
116,3.8333,pose,28,0.003,,,
116,3.8333,pose,29,0.006,,,
116,3.8333,pose,30,0.005,,,
116,3.8333,pose,31,0.006,,,
116,3.8333,pose,32,0.003,,,
116,3.8333,hand_Left,0,1.000,-0.2522,0.0018,0.5830
116,3.8333,hand_Left,1,1.000,-0.2785,-0.0011,0.5760
116,3.8333,hand_Left,2,1.000,-0.3014,-0.0074,0.5550
116,3.8333,hand_Left,3,1.000,-0.3210,-0.0072,0.5380
116,3.8333,hand_Left,4,1.000,-0.3421,-0.0024,0.5340
116,3.8333,hand_Left,5,1.000,-0.3247,-0.0411,0.5680
116,3.8333,hand_Left,6,1.000,-0.3503,-0.0446,0.5490
116,3.8333,hand_Left,7,1.000,-0.3674,-0.0388,0.5420
116,3.8333,hand_Left,8,1.000,-0.3773,-0.0299,0.5340
116,3.8333,hand_Left,9,1.000,-0.3224,-0.0313,0.5660
116,3.8333,hand_Left,10,1.000,-0.3388,-0.0293,0.5400
116,3.8333,hand_Left,11,1.000,-0.3556,-0.0216,0.5350
116,3.8333,hand_Left,12,1.000,-0.3643,-0.0122,0.5270
116,3.8333,hand_Left,13,1.000,-0.3145,-0.0201,0.5580
116,3.8333,hand_Left,14,1.000,-0.3281,-0.0153,0.5400
116,3.8333,hand_Left,15,1.000,-0.3380,-0.0083,0.5350
116,3.8333,hand_Left,16,1.000,-0.3479,-0.0022,0.5340
116,3.8333,hand_Left,17,1.000,-0.3060,-0.0106,0.5500
116,3.8333,hand_Left,18,1.000,-0.3191,-0.0052,0.5400
116,3.8333,hand_Left,19,1.000,-0.3270,0.0013,0.5370
116,3.8333,hand_Left,20,1.000,-0.3363,0.0065,0.5400
117,3.8667,pose,0,0.676,,,
117,3.8667,pose,1,0.520,,,
117,3.8667,pose,2,0.545,,,
117,3.8667,pose,3,0.527,,,
117,3.8667,pose,4,0.629,,,
117,3.8667,pose,5,0.717,,,
117,3.8667,pose,6,0.751,,,
117,3.8667,pose,7,0.665,,,
117,3.8667,pose,8,0.773,,,
117,3.8667,pose,9,0.626,,,
117,3.8667,pose,10,0.676,,,
117,3.8667,pose,11,0.866,,,
117,3.8667,pose,12,0.941,,,
117,3.8667,pose,13,0.229,,,
117,3.8667,pose,14,0.158,,,
117,3.8667,pose,15,0.183,0.3281,0.1947,0.4460
117,3.8667,pose,16,0.633,,,
117,3.8667,pose,17,0.215,,,
117,3.8667,pose,18,0.707,,,
117,3.8667,pose,19,0.235,,,
117,3.8667,pose,20,0.746,,,
117,3.8667,pose,21,0.230,0.2885,0.1599,0.4300
117,3.8667,pose,22,0.732,,,
117,3.8667,pose,23,0.135,,,
117,3.8667,pose,24,0.192,,,
117,3.8667,pose,25,0.005,,,
117,3.8667,pose,26,0.005,,,
117,3.8667,pose,27,0.004,,,
117,3.8667,pose,28,0.003,,,
117,3.8667,pose,29,0.006,,,
117,3.8667,pose,30,0.005,,,
117,3.8667,pose,31,0.005,,,
117,3.8667,pose,32,0.003,,,
117,3.8667,hand_Left,0,1.000,-0.2512,0.0024,0.5820
117,3.8667,hand_Left,1,1.000,-0.2769,-0.0016,0.5750
117,3.8667,hand_Left,2,1.000,-0.3007,-0.0080,0.5550
117,3.8667,hand_Left,3,1.000,-0.3208,-0.0073,0.5380
117,3.8667,hand_Left,4,1.000,-0.3430,-0.0021,0.5340
117,3.8667,hand_Left,5,1.000,-0.3244,-0.0410,0.5670
117,3.8667,hand_Left,6,1.000,-0.3499,-0.0452,0.5490
117,3.8667,hand_Left,7,1.000,-0.3679,-0.0401,0.5430
117,3.8667,hand_Left,8,1.000,-0.3777,-0.0316,0.5350
117,3.8667,hand_Left,9,1.000,-0.3228,-0.0303,0.5650
117,3.8667,hand_Left,10,1.000,-0.3398,-0.0300,0.5400
117,3.8667,hand_Left,11,1.000,-0.3549,-0.0240,0.5320
117,3.8667,hand_Left,12,1.000,-0.3664,-0.0159,0.5280
117,3.8667,hand_Left,13,1.000,-0.3150,-0.0184,0.5560
117,3.8667,hand_Left,14,1.000,-0.3308,-0.0159,0.5390
117,3.8667,hand_Left,15,1.000,-0.3443,-0.0108,0.5350
117,3.8667,hand_Left,16,1.000,-0.3572,-0.0053,0.5340
117,3.8667,hand_Left,17,1.000,-0.3071,-0.0081,0.5490
117,3.8667,hand_Left,18,1.000,-0.3209,-0.0050,0.5370
117,3.8667,hand_Left,19,1.000,-0.3316,-0.0003,0.5350
117,3.8667,hand_Left,20,1.000,-0.3423,0.0039,0.5360
118,3.9000,pose,0,0.614,,,
118,3.9000,pose,1,0.473,,,
118,3.9000,pose,2,0.494,,,
118,3.9000,pose,3,0.480,,,
118,3.9000,pose,4,0.572,,,
118,3.9000,pose,5,0.653,,,
118,3.9000,pose,6,0.688,,,
118,3.9000,pose,7,0.608,,,
118,3.9000,pose,8,0.705,,,
118,3.9000,pose,9,0.566,,,
118,3.9000,pose,10,0.610,,,
118,3.9000,pose,11,0.821,,,
118,3.9000,pose,12,0.895,,,
118,3.9000,pose,13,0.208,,,
118,3.9000,pose,14,0.145,0.0583,0.1169,0.3890
118,3.9000,pose,15,0.165,0.3661,0.1351,0.4530
118,3.9000,pose,16,0.573,,,
118,3.9000,pose,17,0.195,,,
118,3.9000,pose,18,0.641,,,
118,3.9000,pose,19,0.213,,,
118,3.9000,pose,20,0.678,-0.0069,0.0785,0.5320
118,3.9000,pose,21,0.209,,,
118,3.9000,pose,22,0.665,,,
118,3.9000,pose,23,0.123,,,
118,3.9000,pose,24,0.175,,,
118,3.9000,pose,25,0.005,,,
118,3.9000,pose,26,0.005,0.0631,0.1233,0.3850
118,3.9000,pose,27,0.004,,,
118,3.9000,pose,28,0.003,0.0694,0.1287,0.3820
118,3.9000,pose,29,0.006,,,
118,3.9000,pose,30,0.006,0.0958,0.1603,0.3730
118,3.9000,pose,31,0.005,0.1307,0.1354,0.3990
118,3.9000,pose,32,0.004,0.0497,0.0693,0.3860
118,3.9000,hand_Left,0,1.000,-0.2521,0.0011,0.5830
118,3.9000,hand_Left,1,1.000,-0.2784,-0.0016,0.5760
118,3.9000,hand_Left,2,1.000,-0.3012,-0.0079,0.5550
118,3.9000,hand_Left,3,1.000,-0.3204,-0.0073,0.5370
118,3.9000,hand_Left,4,1.000,-0.3429,-0.0020,0.5340
118,3.9000,hand_Left,5,1.000,-0.3252,-0.0407,0.5670
118,3.9000,hand_Left,6,1.000,-0.3504,-0.0446,0.5480
118,3.9000,hand_Left,7,1.000,-0.3680,-0.0384,0.5420
118,3.9000,hand_Left,8,1.000,-0.3765,-0.0288,0.5330
118,3.9000,hand_Left,9,1.000,-0.3232,-0.0309,0.5650
118,3.9000,hand_Left,10,1.000,-0.3415,-0.0301,0.5410
118,3.9000,hand_Left,11,1.000,-0.3566,-0.0234,0.5330
118,3.9000,hand_Left,12,1.000,-0.3669,-0.0145,0.5280
118,3.9000,hand_Left,13,1.000,-0.3158,-0.0198,0.5570
118,3.9000,hand_Left,14,1.000,-0.3324,-0.0174,0.5400
118,3.9000,hand_Left,15,1.000,-0.3453,-0.0118,0.5350
118,3.9000,hand_Left,16,1.000,-0.3573,-0.0055,0.5330
118,3.9000,hand_Left,17,1.000,-0.3075,-0.0099,0.5490
118,3.9000,hand_Left,18,1.000,-0.3216,-0.0069,0.5360
118,3.9000,hand_Left,19,1.000,-0.3331,-0.0024,0.5350
118,3.9000,hand_Left,20,1.000,-0.3432,0.0018,0.5350
119,3.9333,pose,0,0.556,,,
119,3.9333,pose,1,0.428,,,
119,3.9333,pose,2,0.447,,,
119,3.9333,pose,3,0.434,,,
119,3.9333,pose,4,0.518,,,
119,3.9333,pose,5,0.592,,,
119,3.9333,pose,6,0.627,,,
119,3.9333,pose,7,0.550,,,
119,3.9333,pose,8,0.639,,,
119,3.9333,pose,9,0.510,,,
119,3.9333,pose,10,0.551,,,
119,3.9333,pose,11,0.764,,,
119,3.9333,pose,12,0.842,,,
119,3.9333,pose,13,0.188,,,
119,3.9333,pose,14,0.132,,,
119,3.9333,pose,15,0.149,,,
119,3.9333,pose,16,0.517,,,
119,3.9333,pose,17,0.176,,,
119,3.9333,pose,18,0.578,,,
119,3.9333,pose,19,0.193,,,
119,3.9333,pose,20,0.612,,,
119,3.9333,pose,21,0.189,,,
119,3.9333,pose,22,0.601,,,
119,3.9333,pose,23,0.113,,,
119,3.9333,pose,24,0.161,,,
119,3.9333,pose,25,0.005,,,
119,3.9333,pose,26,0.004,,,
119,3.9333,pose,27,0.003,,,
119,3.9333,pose,28,0.003,,,
119,3.9333,pose,29,0.006,,,
119,3.9333,pose,30,0.005,,,
119,3.9333,pose,31,0.005,,,
119,3.9333,pose,32,0.003,,,
119,3.9333,hand_Left,0,1.000,-0.2515,0.0031,0.5850
119,3.9333,hand_Left,1,1.000,-0.2771,-0.0016,0.5780
119,3.9333,hand_Left,2,1.000,-0.2998,-0.0079,0.5560
119,3.9333,hand_Left,3,1.000,-0.3196,-0.0077,0.5380
119,3.9333,hand_Left,4,1.000,-0.3424,-0.0025,0.5340
119,3.9333,hand_Left,5,1.000,-0.3247,-0.0412,0.5690
119,3.9333,hand_Left,6,1.000,-0.3502,-0.0444,0.5490
119,3.9333,hand_Left,7,1.000,-0.3685,-0.0385,0.5430
119,3.9333,hand_Left,8,1.000,-0.3778,-0.0292,0.5340
119,3.9333,hand_Left,9,1.000,-0.3227,-0.0296,0.5660
119,3.9333,hand_Left,10,1.000,-0.3386,-0.0280,0.5380
119,3.9333,hand_Left,11,1.000,-0.3572,-0.0212,0.5340
119,3.9333,hand_Left,12,1.000,-0.3678,-0.0126,0.5270
119,3.9333,hand_Left,13,1.000,-0.3131,-0.0174,0.5540
119,3.9333,hand_Left,14,1.000,-0.3287,-0.0146,0.5370
119,3.9333,hand_Left,15,1.000,-0.3427,-0.0090,0.5350
119,3.9333,hand_Left,16,1.000,-0.3549,-0.0035,0.5340
119,3.9333,hand_Left,17,1.000,-0.3068,-0.0071,0.5490
119,3.9333,hand_Left,18,1.000,-0.3201,-0.0039,0.5370
119,3.9333,hand_Left,19,1.000,-0.3302,0.0010,0.5350
119,3.9333,hand_Left,20,1.000,-0.3399,0.0051,0.5360
120,3.9667,pose,0,0.544,,,
120,3.9667,pose,1,0.399,,,
120,3.9667,pose,2,0.420,,,
120,3.9667,pose,3,0.409,,,
120,3.9667,pose,4,0.489,,,
120,3.9667,pose,5,0.567,,,
120,3.9667,pose,6,0.604,,,
120,3.9667,pose,7,0.533,,,
120,3.9667,pose,8,0.617,,,
120,3.9667,pose,9,0.486,,,
120,3.9667,pose,10,0.523,,,
120,3.9667,pose,11,0.781,,,
120,3.9667,pose,12,0.852,,,
120,3.9667,pose,13,0.176,,,
120,3.9667,pose,14,0.123,,,
120,3.9667,pose,15,0.135,,,
120,3.9667,pose,16,0.492,-0.2173,0.0058,0.6160
120,3.9667,pose,17,0.161,,,
120,3.9667,pose,18,0.558,,,
120,3.9667,pose,19,0.176,,,
120,3.9667,pose,20,0.596,,,
120,3.9667,pose,21,0.173,,,
120,3.9667,pose,22,0.586,-0.9489,-0.1343,3.0420
120,3.9667,pose,23,0.108,,,
120,3.9667,pose,24,0.156,,,
120,3.9667,pose,25,0.004,,,
120,3.9667,pose,26,0.004,,,
120,3.9667,pose,27,0.003,,,
120,3.9667,pose,28,0.002,,,
120,3.9667,pose,29,0.005,,,
120,3.9667,pose,30,0.005,,,
120,3.9667,pose,31,0.005,,,
120,3.9667,pose,32,0.003,,,
120,3.9667,hand_Left,0,1.000,-0.2527,0.0015,0.5840
120,3.9667,hand_Left,1,1.000,-0.2787,-0.0007,0.5760
120,3.9667,hand_Left,2,1.000,-0.3021,-0.0075,0.5550
120,3.9667,hand_Left,3,1.000,-0.3212,-0.0074,0.5370
120,3.9667,hand_Left,4,1.000,-0.3433,-0.0026,0.5340
120,3.9667,hand_Left,5,1.000,-0.3249,-0.0410,0.5670
120,3.9667,hand_Left,6,1.000,-0.3509,-0.0452,0.5490
120,3.9667,hand_Left,7,1.000,-0.3682,-0.0389,0.5420
120,3.9667,hand_Left,8,1.000,-0.3766,-0.0293,0.5330
120,3.9667,hand_Left,9,1.000,-0.3236,-0.0325,0.5660
120,3.9667,hand_Left,10,1.000,-0.3410,-0.0328,0.5400
120,3.9667,hand_Left,11,1.000,-0.3561,-0.0261,0.5320
120,3.9667,hand_Left,12,1.000,-0.3664,-0.0171,0.5270
120,3.9667,hand_Left,13,1.000,-0.3169,-0.0220,0.5590
120,3.9667,hand_Left,14,1.000,-0.3337,-0.0203,0.5410
120,3.9667,hand_Left,15,1.000,-0.3470,-0.0147,0.5350
120,3.9667,hand_Left,16,1.000,-0.3575,-0.0083,0.5300
120,3.9667,hand_Left,17,1.000,-0.3079,-0.0120,0.5490
120,3.9667,hand_Left,18,1.000,-0.3226,-0.0098,0.5360
120,3.9667,hand_Left,19,1.000,-0.3345,-0.0053,0.5340
120,3.9667,hand_Left,20,1.000,-0.3454,-0.0011,0.5340
121,4.0000,pose,0,0.576,,,
121,4.0000,pose,1,0.422,,,
121,4.0000,pose,2,0.444,,,
121,4.0000,pose,3,0.434,,,
121,4.0000,pose,4,0.518,,,
121,4.0000,pose,5,0.598,,,
121,4.0000,pose,6,0.633,,,
121,4.0000,pose,7,0.556,,,
121,4.0000,pose,8,0.644,,,
121,4.0000,pose,9,0.510,,,
121,4.0000,pose,10,0.548,,,
121,4.0000,pose,11,0.796,,,
121,4.0000,pose,12,0.864,0.0450,0.1008,0.3970
121,4.0000,pose,13,0.162,,,
121,4.0000,pose,14,0.118,,,
121,4.0000,pose,15,0.123,,,
121,4.0000,pose,16,0.466,,,
121,4.0000,pose,17,0.148,,,
121,4.0000,pose,18,0.539,,,
121,4.0000,pose,19,0.163,,,
121,4.0000,pose,20,0.583,,,
121,4.0000,pose,21,0.160,,,
121,4.0000,pose,22,0.572,,,
121,4.0000,pose,23,0.100,,,
121,4.0000,pose,24,0.145,,,
121,4.0000,pose,25,0.004,,,
121,4.0000,pose,26,0.004,,,
121,4.0000,pose,27,0.003,,,
121,4.0000,pose,28,0.002,,,
121,4.0000,pose,29,0.005,,,
121,4.0000,pose,30,0.004,,,
121,4.0000,pose,31,0.004,,,
121,4.0000,pose,32,0.003,,,
121,4.0000,hand_Left,0,1.000,-0.2514,0.0028,0.5830
121,4.0000,hand_Left,1,1.000,-0.2772,-0.0015,0.5750
121,4.0000,hand_Left,2,1.000,-0.3005,-0.0073,0.5550
121,4.0000,hand_Left,3,1.000,-0.3206,-0.0068,0.5380
121,4.0000,hand_Left,4,1.000,-0.3438,-0.0018,0.5340
121,4.0000,hand_Left,5,1.000,-0.3248,-0.0415,0.5680
121,4.0000,hand_Left,6,1.000,-0.3489,-0.0456,0.5480
121,4.0000,hand_Left,7,1.000,-0.3705,-0.0418,0.5470
121,4.0000,hand_Left,8,1.000,-0.3803,-0.0333,0.5390
121,4.0000,hand_Left,9,1.000,-0.3231,-0.0311,0.5660
121,4.0000,hand_Left,10,1.000,-0.3406,-0.0324,0.5410
121,4.0000,hand_Left,11,1.000,-0.3573,-0.0274,0.5350
121,4.0000,hand_Left,12,1.000,-0.3672,-0.0196,0.5280
121,4.0000,hand_Left,13,1.000,-0.3153,-0.0191,0.5560
121,4.0000,hand_Left,14,1.000,-0.3334,-0.0186,0.5420
121,4.0000,hand_Left,15,1.000,-0.3470,-0.0146,0.5370
121,4.0000,hand_Left,16,1.000,-0.3580,-0.0093,0.5320
121,4.0000,hand_Left,17,1.000,-0.3078,-0.0083,0.5490
121,4.0000,hand_Left,18,1.000,-0.3222,-0.0069,0.5370
121,4.0000,hand_Left,19,1.000,-0.3330,-0.0036,0.5340
121,4.0000,hand_Left,20,1.000,-0.3436,0.0001,0.5340
122,4.0333,pose,0,0.607,,,
122,4.0333,pose,1,0.446,,,
122,4.0333,pose,2,0.471,,,
122,4.0333,pose,3,0.459,,,
122,4.0333,pose,4,0.547,,,
122,4.0333,pose,5,0.627,,,
122,4.0333,pose,6,0.660,,,
122,4.0333,pose,7,0.586,,,
122,4.0333,pose,8,0.670,,,
122,4.0333,pose,9,0.542,,,
122,4.0333,pose,10,0.579,,,
122,4.0333,pose,11,0.813,,,
122,4.0333,pose,12,0.876,,,
122,4.0333,pose,13,0.215,,,
122,4.0333,pose,14,0.119,,,
122,4.0333,pose,15,0.152,,,
122,4.0333,pose,16,0.470,,,
122,4.0333,pose,17,0.184,,,
122,4.0333,pose,18,0.550,,,
122,4.0333,pose,19,0.204,,,
122,4.0333,pose,20,0.596,,,
122,4.0333,pose,21,0.191,,,
122,4.0333,pose,22,0.585,,,
122,4.0333,pose,23,0.098,,,
122,4.0333,pose,24,0.144,,,
122,4.0333,pose,25,0.003,,,
122,4.0333,pose,26,0.003,,,
122,4.0333,pose,27,0.003,,,
122,4.0333,pose,28,0.002,,,
122,4.0333,pose,29,0.005,,,
122,4.0333,pose,30,0.004,,,
122,4.0333,pose,31,0.004,,,
122,4.0333,pose,32,0.003,,,
122,4.0333,hand_Left,0,1.000,-0.2507,0.0020,0.5840
122,4.0333,hand_Left,1,1.000,-0.2771,-0.0012,0.5770
122,4.0333,hand_Left,2,1.000,-0.3002,-0.0077,0.5560
122,4.0333,hand_Left,3,1.000,-0.3197,-0.0074,0.5380
122,4.0333,hand_Left,4,1.000,-0.3429,-0.0019,0.5340
122,4.0333,hand_Left,5,1.000,-0.3241,-0.0406,0.5660
122,4.0333,hand_Left,6,1.000,-0.3505,-0.0445,0.5490
122,4.0333,hand_Left,7,1.000,-0.3681,-0.0394,0.5420
122,4.0333,hand_Left,8,1.000,-0.3800,-0.0309,0.5370
122,4.0333,hand_Left,9,1.000,-0.3226,-0.0306,0.5650
122,4.0333,hand_Left,10,1.000,-0.3406,-0.0299,0.5400
122,4.0333,hand_Left,11,1.000,-0.3576,-0.0241,0.5340
122,4.0333,hand_Left,12,1.000,-0.3675,-0.0159,0.5270
122,4.0333,hand_Left,13,1.000,-0.3154,-0.0193,0.5570
122,4.0333,hand_Left,14,1.000,-0.3321,-0.0168,0.5400
122,4.0333,hand_Left,15,1.000,-0.3464,-0.0123,0.5360
122,4.0333,hand_Left,16,1.000,-0.3582,-0.0070,0.5320
122,4.0333,hand_Left,17,1.000,-0.3073,-0.0088,0.5490
122,4.0333,hand_Left,18,1.000,-0.3214,-0.0061,0.5360
122,4.0333,hand_Left,19,1.000,-0.3336,-0.0023,0.5350
122,4.0333,hand_Left,20,1.000,-0.3443,0.0013,0.5350
123,4.0667,hand_Left,0,1.000,-0.2503,0.0023,0.5840
123,4.0667,hand_Left,1,1.000,-0.2777,-0.0014,0.5770
123,4.0667,hand_Left,2,1.000,-0.3005,-0.0082,0.5550
123,4.0667,hand_Left,3,1.000,-0.3209,-0.0078,0.5390
123,4.0667,hand_Left,4,1.000,-0.3427,-0.0024,0.5340
123,4.0667,hand_Left,5,1.000,-0.3244,-0.0402,0.5670
123,4.0667,hand_Left,6,1.000,-0.3501,-0.0442,0.5480
123,4.0667,hand_Left,7,1.000,-0.3677,-0.0384,0.5420
123,4.0667,hand_Left,8,1.000,-0.3764,-0.0290,0.5330
123,4.0667,hand_Left,9,1.000,-0.3226,-0.0300,0.5660
123,4.0667,hand_Left,10,1.000,-0.3390,-0.0281,0.5380
123,4.0667,hand_Left,11,1.000,-0.3561,-0.0214,0.5330
123,4.0667,hand_Left,12,1.000,-0.3663,-0.0125,0.5270
123,4.0667,hand_Left,13,1.000,-0.3138,-0.0184,0.5560
123,4.0667,hand_Left,14,1.000,-0.3294,-0.0152,0.5380
123,4.0667,hand_Left,15,1.000,-0.3431,-0.0101,0.5350
123,4.0667,hand_Left,16,1.000,-0.3547,-0.0043,0.5330
123,4.0667,hand_Left,17,1.000,-0.3061,-0.0085,0.5490
123,4.0667,hand_Left,18,1.000,-0.3210,-0.0055,0.5380
123,4.0667,hand_Left,19,1.000,-0.3307,-0.0012,0.5340
123,4.0667,hand_Left,20,1.000,-0.3414,0.0028,0.5350
124,4.1000,hand_Right,0,1.000,,,
124,4.1000,hand_Right,1,1.000,,,
124,4.1000,hand_Right,2,1.000,,,
124,4.1000,hand_Right,3,1.000,,,
124,4.1000,hand_Right,4,1.000,,,
124,4.1000,hand_Right,5,1.000,,,
124,4.1000,hand_Right,6,1.000,,,
124,4.1000,hand_Right,7,1.000,,,
124,4.1000,hand_Right,8,1.000,,,
124,4.1000,hand_Right,9,1.000,,,
124,4.1000,hand_Right,10,1.000,,,
124,4.1000,hand_Right,11,1.000,,,
124,4.1000,hand_Right,12,1.000,,,
124,4.1000,hand_Right,13,1.000,,,
124,4.1000,hand_Right,14,1.000,,,
124,4.1000,hand_Right,15,1.000,,,
124,4.1000,hand_Right,16,1.000,,,
124,4.1000,hand_Right,17,1.000,,,
124,4.1000,hand_Right,18,1.000,,,
124,4.1000,hand_Right,19,1.000,,,
124,4.1000,hand_Right,20,1.000,,,
124,4.1000,hand_Left,0,1.000,-0.2501,0.0027,0.5850
124,4.1000,hand_Left,1,1.000,-0.2771,-0.0019,0.5770
124,4.1000,hand_Left,2,1.000,-0.3007,-0.0086,0.5550
124,4.1000,hand_Left,3,1.000,-0.3208,-0.0076,0.5380
124,4.1000,hand_Left,4,1.000,-0.3424,-0.0022,0.5340
124,4.1000,hand_Left,5,1.000,-0.3242,-0.0404,0.5670
124,4.1000,hand_Left,6,1.000,-0.3499,-0.0444,0.5490
124,4.1000,hand_Left,7,1.000,-0.3669,-0.0391,0.5420
124,4.1000,hand_Left,8,1.000,-0.3764,-0.0302,0.5340
124,4.1000,hand_Left,9,1.000,-0.3221,-0.0297,0.5650
124,4.1000,hand_Left,10,1.000,-0.3396,-0.0294,0.5400
124,4.1000,hand_Left,11,1.000,-0.3549,-0.0235,0.5330
124,4.1000,hand_Left,12,1.000,-0.3649,-0.0152,0.5270
124,4.1000,hand_Left,13,1.000,-0.3139,-0.0178,0.5560
124,4.1000,hand_Left,14,1.000,-0.3298,-0.0151,0.5390
124,4.1000,hand_Left,15,1.000,-0.3433,-0.0103,0.5350
124,4.1000,hand_Left,16,1.000,-0.3555,-0.0051,0.5330
124,4.1000,hand_Left,17,1.000,-0.3064,-0.0076,0.5500
124,4.1000,hand_Left,18,1.000,-0.3206,-0.0044,0.5380
124,4.1000,hand_Left,19,1.000,-0.3309,-0.0000,0.5350
124,4.1000,hand_Left,20,1.000,-0.3419,0.0037,0.5360
125,4.1333,pose,0,0.646,,,
125,4.1333,pose,1,0.501,,,
125,4.1333,pose,2,0.523,,,
125,4.1333,pose,3,0.513,,,
125,4.1333,pose,4,0.592,-0.7467,-0.3637,2.8770
125,4.1333,pose,5,0.664,-0.7723,-0.2803,3.0280
125,4.1333,pose,6,0.694,-0.7840,-0.2472,3.0140
125,4.1333,pose,7,0.627,,,
125,4.1333,pose,8,0.702,-0.7671,-0.2120,2.9940
125,4.1333,pose,9,0.587,,,
125,4.1333,pose,10,0.620,,,
125,4.1333,pose,11,0.832,,,
125,4.1333,pose,12,0.888,-0.0920,0.0872,0.6780
125,4.1333,pose,13,0.193,,,
125,4.1333,pose,14,0.111,-0.0063,0.1332,0.5160
125,4.1333,pose,15,0.137,,,
125,4.1333,pose,16,0.443,,,
125,4.1333,pose,17,0.166,,,
125,4.1333,pose,18,0.533,-0.2360,0.0285,0.5880
125,4.1333,pose,19,0.184,,,
125,4.1333,pose,20,0.578,-0.3105,-0.0126,0.5480
125,4.1333,pose,21,0.172,,,
125,4.1333,pose,22,0.561,-0.2992,-0.0154,0.5580
125,4.1333,pose,23,0.175,,,
125,4.1333,pose,24,0.224,,,
125,4.1333,pose,25,0.004,,,
125,4.1333,pose,26,0.004,,,
125,4.1333,pose,27,0.004,,,
125,4.1333,pose,28,0.004,,,
125,4.1333,pose,29,0.008,,,
125,4.1333,pose,30,0.006,,,
125,4.1333,pose,31,0.007,,,
125,4.1333,pose,32,0.005,,,
125,4.1333,hand_Right,0,1.000,,,
125,4.1333,hand_Right,1,1.000,,,
125,4.1333,hand_Right,2,1.000,,,
125,4.1333,hand_Right,3,1.000,,,
125,4.1333,hand_Right,4,1.000,,,
125,4.1333,hand_Right,5,1.000,,,
125,4.1333,hand_Right,6,1.000,,,
125,4.1333,hand_Right,7,1.000,,,
125,4.1333,hand_Right,8,1.000,,,
125,4.1333,hand_Right,9,1.000,,,
125,4.1333,hand_Right,10,1.000,,,
125,4.1333,hand_Right,11,1.000,,,
125,4.1333,hand_Right,12,1.000,,,
125,4.1333,hand_Right,13,1.000,,,
125,4.1333,hand_Right,14,1.000,,,
125,4.1333,hand_Right,15,1.000,,,
125,4.1333,hand_Right,16,1.000,,,
125,4.1333,hand_Right,17,1.000,,,
125,4.1333,hand_Right,18,1.000,,,
125,4.1333,hand_Right,19,1.000,,,
125,4.1333,hand_Right,20,1.000,,,
125,4.1333,hand_Left,0,1.000,-0.2507,0.0023,0.5840
125,4.1333,hand_Left,1,1.000,-0.2771,-0.0013,0.5760
125,4.1333,hand_Left,2,1.000,-0.3013,-0.0085,0.5550
125,4.1333,hand_Left,3,1.000,-0.3208,-0.0079,0.5370
125,4.1333,hand_Left,4,1.000,-0.3434,-0.0025,0.5340
125,4.1333,hand_Left,5,1.000,-0.3243,-0.0410,0.5670
125,4.1333,hand_Left,6,1.000,-0.3504,-0.0444,0.5490
125,4.1333,hand_Left,7,1.000,-0.3682,-0.0385,0.5420
125,4.1333,hand_Left,8,1.000,-0.3771,-0.0292,0.5330
125,4.1333,hand_Left,9,1.000,-0.3227,-0.0314,0.5650
125,4.1333,hand_Left,10,1.000,-0.3415,-0.0317,0.5410
125,4.1333,hand_Left,11,1.000,-0.3570,-0.0256,0.5330
125,4.1333,hand_Left,12,1.000,-0.3679,-0.0171,0.5280
125,4.1333,hand_Left,13,1.000,-0.3157,-0.0203,0.5570
125,4.1333,hand_Left,14,1.000,-0.3333,-0.0190,0.5400
125,4.1333,hand_Left,15,1.000,-0.3484,-0.0142,0.5360
125,4.1333,hand_Left,16,1.000,-0.3592,-0.0084,0.5300
125,4.1333,hand_Left,17,1.000,-0.3078,-0.0103,0.5490
125,4.1333,hand_Left,18,1.000,-0.3231,-0.0084,0.5360
125,4.1333,hand_Left,19,1.000,-0.3355,-0.0046,0.5340
125,4.1333,hand_Left,20,1.000,-0.3474,-0.0011,0.5340
126,4.1667,pose,0,0.680,,,
126,4.1667,pose,1,0.549,,,
126,4.1667,pose,2,0.569,,,
126,4.1667,pose,3,0.561,,,
126,4.1667,pose,4,0.632,,,
126,4.1667,pose,5,0.697,,,
126,4.1667,pose,6,0.724,,,
126,4.1667,pose,7,0.663,,,
126,4.1667,pose,8,0.730,,,
126,4.1667,pose,9,0.625,,,
126,4.1667,pose,10,0.654,-0.1292,-0.0019,0.6540
126,4.1667,pose,11,0.848,,,
126,4.1667,pose,12,0.899,,,
126,4.1667,pose,13,0.177,,,
126,4.1667,pose,14,0.101,,,
126,4.1667,pose,15,0.128,,,
126,4.1667,pose,16,0.400,,,
126,4.1667,pose,17,0.158,,,
126,4.1667,pose,18,0.483,,,
126,4.1667,pose,19,0.175,,,
126,4.1667,pose,20,0.524,,,
126,4.1667,pose,21,0.162,,,
126,4.1667,pose,22,0.508,,,
126,4.1667,pose,23,0.247,,,
126,4.1667,pose,24,0.291,,,
126,4.1667,pose,25,0.009,,,
126,4.1667,pose,26,0.005,,,
126,4.1667,pose,27,0.005,,,
126,4.1667,pose,28,0.006,,,
126,4.1667,pose,29,0.012,,,
126,4.1667,pose,30,0.012,0.0735,0.1208,0.3890
126,4.1667,pose,31,0.010,,,
126,4.1667,pose,32,0.007,,,
126,4.1667,hand_Right,0,1.000,,,
126,4.1667,hand_Right,1,1.000,,,
126,4.1667,hand_Right,2,1.000,,,
126,4.1667,hand_Right,3,1.000,,,
126,4.1667,hand_Right,4,1.000,,,
126,4.1667,hand_Right,5,1.000,,,
126,4.1667,hand_Right,6,1.000,-0.7370,-1.0332,2.8710
126,4.1667,hand_Right,7,1.000,,,
126,4.1667,hand_Right,8,1.000,,,
126,4.1667,hand_Right,9,1.000,,,
126,4.1667,hand_Right,10,1.000,,,
126,4.1667,hand_Right,11,1.000,,,
126,4.1667,hand_Right,12,1.000,,,
126,4.1667,hand_Right,13,1.000,,,
126,4.1667,hand_Right,14,1.000,,,
126,4.1667,hand_Right,15,1.000,,,
126,4.1667,hand_Right,16,1.000,,,
126,4.1667,hand_Right,17,1.000,,,
126,4.1667,hand_Right,18,1.000,,,
126,4.1667,hand_Right,19,1.000,,,
126,4.1667,hand_Right,20,1.000,,,
126,4.1667,hand_Left,0,1.000,-0.2514,0.0018,0.5830
126,4.1667,hand_Left,1,1.000,-0.2777,-0.0008,0.5770
126,4.1667,hand_Left,2,1.000,-0.3005,-0.0075,0.5550
126,4.1667,hand_Left,3,1.000,-0.3208,-0.0072,0.5380
126,4.1667,hand_Left,4,1.000,-0.3430,-0.0018,0.5340
126,4.1667,hand_Left,5,1.000,-0.3247,-0.0409,0.5670
126,4.1667,hand_Left,6,1.000,-0.3500,-0.0454,0.5480
126,4.1667,hand_Left,7,1.000,-0.3691,-0.0399,0.5430
126,4.1667,hand_Left,8,1.000,-0.3788,-0.0307,0.5350
126,4.1667,hand_Left,9,1.000,-0.3236,-0.0318,0.5650
126,4.1667,hand_Left,10,1.000,-0.3426,-0.0327,0.5410
126,4.1667,hand_Left,11,1.000,-0.3598,-0.0268,0.5350
126,4.1667,hand_Left,12,1.000,-0.3693,-0.0182,0.5270
126,4.1667,hand_Left,13,1.000,-0.3193,-0.0210,0.5610
126,4.1667,hand_Left,14,1.000,-0.3357,-0.0200,0.5410
126,4.1667,hand_Left,15,1.000,-0.3493,-0.0152,0.5350
126,4.1667,hand_Left,16,1.000,-0.3599,-0.0091,0.5290
126,4.1667,hand_Left,17,1.000,-0.3088,-0.0104,0.5480
126,4.1667,hand_Left,18,1.000,-0.3249,-0.0089,0.5360
126,4.1667,hand_Left,19,1.000,-0.3373,-0.0053,0.5340
126,4.1667,hand_Left,20,1.000,-0.3490,-0.0016,0.5340
127,4.2000,pose,0,0.704,,,
127,4.2000,pose,1,0.584,,,
127,4.2000,pose,2,0.602,,,
127,4.2000,pose,3,0.596,,,
127,4.2000,pose,4,0.660,,,
127,4.2000,pose,5,0.719,,,
127,4.2000,pose,6,0.744,,,
127,4.2000,pose,7,0.692,,,
127,4.2000,pose,8,0.742,,,
127,4.2000,pose,9,0.650,,,
127,4.2000,pose,10,0.670,,,
127,4.2000,pose,11,0.863,0.0985,-0.0906,0.4850
127,4.2000,pose,12,0.908,-0.0242,0.1121,0.5200
127,4.2000,pose,13,0.203,,,
127,4.2000,pose,14,0.094,0.0982,0.1630,0.3750
127,4.2000,pose,15,0.159,,,
127,4.2000,pose,16,0.365,0.1133,0.1719,0.3690
127,4.2000,pose,17,0.190,,,
127,4.2000,pose,18,0.442,0.1199,0.1784,0.3650
127,4.2000,pose,19,0.207,,,
127,4.2000,pose,20,0.480,0.1039,0.1721,0.3720
127,4.2000,pose,21,0.185,,,
127,4.2000,pose,22,0.465,0.1072,0.1627,0.3750
127,4.2000,pose,23,0.315,,,
127,4.2000,pose,24,0.353,,,
127,4.2000,pose,25,0.011,,,
127,4.2000,pose,26,0.007,0.1171,0.1662,0.3710
127,4.2000,pose,27,0.006,,,
127,4.2000,pose,28,0.006,,,
127,4.2000,pose,29,0.014,,,
127,4.2000,pose,30,0.012,,,
127,4.2000,pose,31,0.011,,,
127,4.2000,pose,32,0.007,,,
127,4.2000,hand_Right,0,1.000,,,
127,4.2000,hand_Right,1,1.000,,,
127,4.2000,hand_Right,2,1.000,,,
127,4.2000,hand_Right,3,1.000,,,
127,4.2000,hand_Right,4,1.000,,,
127,4.2000,hand_Right,5,1.000,,,
127,4.2000,hand_Right,6,1.000,,,
127,4.2000,hand_Right,7,1.000,,,
127,4.2000,hand_Right,8,1.000,,,
127,4.2000,hand_Right,9,1.000,,,
127,4.2000,hand_Right,10,1.000,,,
127,4.2000,hand_Right,11,1.000,,,
127,4.2000,hand_Right,12,1.000,,,
127,4.2000,hand_Right,13,1.000,,,
127,4.2000,hand_Right,14,1.000,,,
127,4.2000,hand_Right,15,1.000,,,
127,4.2000,hand_Right,16,1.000,,,
127,4.2000,hand_Right,17,1.000,,,
127,4.2000,hand_Right,18,1.000,,,
127,4.2000,hand_Right,19,1.000,,,
127,4.2000,hand_Right,20,1.000,,,
127,4.2000,hand_Left,0,1.000,,,
127,4.2000,hand_Left,1,1.000,-0.2757,-0.0022,0.5760
127,4.2000,hand_Left,2,1.000,-0.2999,-0.0082,0.5550
127,4.2000,hand_Left,3,1.000,-0.3200,-0.0073,0.5370
127,4.2000,hand_Left,4,1.000,-0.3428,-0.0019,0.5340
127,4.2000,hand_Left,5,1.000,-0.3231,-0.0410,0.5670
127,4.2000,hand_Left,6,1.000,-0.3494,-0.0452,0.5490
127,4.2000,hand_Left,7,1.000,-0.3683,-0.0399,0.5440
127,4.2000,hand_Left,8,1.000,-0.3775,-0.0313,0.5350
127,4.2000,hand_Left,9,1.000,-0.3228,-0.0310,0.5660
127,4.2000,hand_Left,10,1.000,-0.3399,-0.0304,0.5400
127,4.2000,hand_Left,11,1.000,-0.3562,-0.0243,0.5330
127,4.2000,hand_Left,12,1.000,-0.3674,-0.0159,0.5280
127,4.2000,hand_Left,13,1.000,-0.3148,-0.0193,0.5560
127,4.2000,hand_Left,14,1.000,-0.3318,-0.0169,0.5400
127,4.2000,hand_Left,15,1.000,-0.3461,-0.0118,0.5360
127,4.2000,hand_Left,16,1.000,-0.3588,-0.0062,0.5340
127,4.2000,hand_Left,17,1.000,-0.3071,-0.0090,0.5490
127,4.2000,hand_Left,18,1.000,-0.3211,-0.0065,0.5360
127,4.2000,hand_Left,19,1.000,-0.3326,-0.0021,0.5340
127,4.2000,hand_Left,20,1.000,-0.3433,0.0019,0.5340
128,4.2333,pose,0,0.732,,,
128,4.2333,pose,1,0.624,,,
128,4.2333,pose,2,0.640,,,
128,4.2333,pose,3,0.635,,,
128,4.2333,pose,4,0.692,,,
128,4.2333,pose,5,0.745,,,
128,4.2333,pose,6,0.769,,,
128,4.2333,pose,7,0.722,,,
128,4.2333,pose,8,0.766,,,
128,4.2333,pose,9,0.684,,,
128,4.2333,pose,10,0.701,,,
128,4.2333,pose,11,0.877,0.1154,-0.0640,0.4580
128,4.2333,pose,12,0.917,,,
128,4.2333,pose,13,0.277,,,
128,4.2333,pose,14,0.091,,,
128,4.2333,pose,15,0.229,,,
128,4.2333,pose,16,0.334,,,
128,4.2333,pose,17,0.251,,,
128,4.2333,pose,18,0.404,,,
128,4.2333,pose,19,0.267,,,
128,4.2333,pose,20,0.439,,,
128,4.2333,pose,21,0.234,,,
128,4.2333,pose,22,0.426,,,
128,4.2333,pose,23,0.377,,,
128,4.2333,pose,24,0.413,,,
128,4.2333,pose,25,0.017,,,
128,4.2333,pose,26,0.011,,,
128,4.2333,pose,27,0.010,,,
128,4.2333,pose,28,0.010,,,
128,4.2333,pose,29,0.017,,,
128,4.2333,pose,30,0.015,,,
128,4.2333,pose,31,0.013,,,
128,4.2333,pose,32,0.009,,,
128,4.2333,hand_Right,0,1.000,,,
128,4.2333,hand_Right,1,1.000,,,
128,4.2333,hand_Right,2,1.000,,,
128,4.2333,hand_Right,3,1.000,,,
128,4.2333,hand_Right,4,1.000,,,
128,4.2333,hand_Right,5,1.000,,,
128,4.2333,hand_Right,6,1.000,,,
128,4.2333,hand_Right,7,1.000,,,
128,4.2333,hand_Right,8,1.000,,,
128,4.2333,hand_Right,9,1.000,,,
128,4.2333,hand_Right,10,1.000,,,
128,4.2333,hand_Right,11,1.000,,,
128,4.2333,hand_Right,12,1.000,,,
128,4.2333,hand_Right,13,1.000,,,
128,4.2333,hand_Right,14,1.000,,,
128,4.2333,hand_Right,15,1.000,,,
128,4.2333,hand_Right,16,1.000,,,
128,4.2333,hand_Right,17,1.000,,,
128,4.2333,hand_Right,18,1.000,,,
128,4.2333,hand_Right,19,1.000,,,
128,4.2333,hand_Right,20,1.000,,,
128,4.2333,hand_Left,0,1.000,-0.2500,0.0025,0.5800
128,4.2333,hand_Left,1,1.000,-0.2780,-0.0020,0.5770
128,4.2333,hand_Left,2,1.000,-0.3005,-0.0087,0.5550
128,4.2333,hand_Left,3,1.000,-0.3203,-0.0076,0.5380
128,4.2333,hand_Left,4,1.000,-0.3425,-0.0022,0.5340
128,4.2333,hand_Left,5,1.000,-0.3245,-0.0404,0.5670
128,4.2333,hand_Left,6,1.000,-0.3501,-0.0444,0.5480
128,4.2333,hand_Left,7,1.000,-0.3686,-0.0390,0.5430
128,4.2333,hand_Left,8,1.000,-0.3779,-0.0300,0.5350
128,4.2333,hand_Left,9,1.000,-0.3233,-0.0292,0.5650
128,4.2333,hand_Left,10,1.000,-0.3413,-0.0289,0.5390
128,4.2333,hand_Left,11,1.000,-0.3588,-0.0235,0.5340
128,4.2333,hand_Left,12,1.000,-0.3697,-0.0155,0.5280
128,4.2333,hand_Left,13,1.000,-0.3130,-0.0172,0.5510
128,4.2333,hand_Left,14,1.000,-0.3335,-0.0159,0.5390
128,4.2333,hand_Left,15,1.000,-0.3479,-0.0119,0.5350
128,4.2333,hand_Left,16,1.000,-0.3600,-0.0067,0.5320
128,4.2333,hand_Left,17,1.000,-0.3080,-0.0071,0.5480
128,4.2333,hand_Left,18,1.000,-0.3231,-0.0052,0.5350
128,4.2333,hand_Left,19,1.000,-0.3355,-0.0020,0.5340
128,4.2333,hand_Left,20,1.000,-0.3467,0.0008,0.5340
129,4.2667,pose,0,0.757,,,
129,4.2667,pose,1,0.658,,,
129,4.2667,pose,2,0.673,,,
129,4.2667,pose,3,0.669,,,
129,4.2667,pose,4,0.721,,,
129,4.2667,pose,5,0.769,,,
129,4.2667,pose,6,0.790,,,
129,4.2667,pose,7,0.749,,,
129,4.2667,pose,8,0.787,,,
129,4.2667,pose,9,0.714,,,
129,4.2667,pose,10,0.729,,,
129,4.2667,pose,11,0.889,0.0954,-0.0026,0.3840
129,4.2667,pose,12,0.925,,,
129,4.2667,pose,13,0.346,,,
129,4.2667,pose,14,0.093,,,
129,4.2667,pose,15,0.293,,,
129,4.2667,pose,16,0.306,,,
129,4.2667,pose,17,0.311,,,
129,4.2667,pose,18,0.370,,,
129,4.2667,pose,19,0.325,,,
129,4.2667,pose,20,0.402,,,
129,4.2667,pose,21,0.286,,,
129,4.2667,pose,22,0.390,,,
129,4.2667,pose,23,0.435,,,
129,4.2667,pose,24,0.467,,,
129,4.2667,pose,25,0.037,,,
129,4.2667,pose,26,0.014,,,
129,4.2667,pose,27,0.020,,,
129,4.2667,pose,28,0.015,,,
129,4.2667,pose,29,0.024,,,
129,4.2667,pose,30,0.019,,,
129,4.2667,pose,31,0.023,,,
129,4.2667,pose,32,0.014,,,
129,4.2667,hand_Right,0,1.000,,,
129,4.2667,hand_Right,1,1.000,,,
129,4.2667,hand_Right,2,1.000,,,
129,4.2667,hand_Right,3,1.000,,,
129,4.2667,hand_Right,4,1.000,,,
129,4.2667,hand_Right,5,1.000,,,
129,4.2667,hand_Right,6,1.000,,,
129,4.2667,hand_Right,7,1.000,,,
129,4.2667,hand_Right,8,1.000,,,
129,4.2667,hand_Right,9,1.000,,,
129,4.2667,hand_Right,10,1.000,,,
129,4.2667,hand_Right,11,1.000,,,
129,4.2667,hand_Right,12,1.000,,,
129,4.2667,hand_Right,13,1.000,,,
129,4.2667,hand_Right,14,1.000,,,
129,4.2667,hand_Right,15,1.000,,,
129,4.2667,hand_Right,16,1.000,,,
129,4.2667,hand_Right,17,1.000,,,
129,4.2667,hand_Right,18,1.000,,,
129,4.2667,hand_Right,19,1.000,,,
129,4.2667,hand_Right,20,1.000,,,
129,4.2667,hand_Left,0,1.000,-0.2555,0.0015,0.5830
129,4.2667,hand_Left,1,1.000,-0.2785,-0.0017,0.5720
129,4.2667,hand_Left,2,1.000,-0.3021,-0.0085,0.5540
129,4.2667,hand_Left,3,1.000,-0.3215,-0.0076,0.5370
129,4.2667,hand_Left,4,1.000,-0.3433,-0.0023,0.5340
129,4.2667,hand_Left,5,1.000,-0.3259,-0.0411,0.5660
129,4.2667,hand_Left,6,1.000,-0.3517,-0.0450,0.5490
129,4.2667,hand_Left,7,1.000,-0.3695,-0.0392,0.5430
129,4.2667,hand_Left,8,1.000,-0.3783,-0.0302,0.5340
129,4.2667,hand_Left,9,1.000,-0.3259,-0.0316,0.5650
129,4.2667,hand_Left,10,1.000,-0.3439,-0.0318,0.5410
129,4.2667,hand_Left,11,1.000,-0.3596,-0.0260,0.5340
129,4.2667,hand_Left,12,1.000,-0.3697,-0.0178,0.5280
129,4.2667,hand_Left,13,1.000,-0.3208,-0.0207,0.5590
129,4.2667,hand_Left,14,1.000,-0.3383,-0.0198,0.5410
129,4.2667,hand_Left,15,1.000,-0.3513,-0.0155,0.5350
129,4.2667,hand_Left,16,1.000,-0.3614,-0.0098,0.5290
129,4.2667,hand_Left,17,1.000,-0.3107,-0.0106,0.5460
129,4.2667,hand_Left,18,1.000,-0.3279,-0.0099,0.5350
129,4.2667,hand_Left,19,1.000,-0.3421,-0.0073,0.5350
129,4.2667,hand_Left,20,1.000,-0.3538,-0.0047,0.5340
130,4.3000,pose,0,0.778,,,
130,4.3000,pose,1,0.689,,,
130,4.3000,pose,2,0.701,,,
130,4.3000,pose,3,0.698,,,
130,4.3000,pose,4,0.746,,,
130,4.3000,pose,5,0.790,,,
130,4.3000,pose,6,0.809,,,
130,4.3000,pose,7,0.772,,,
130,4.3000,pose,8,0.806,,,
130,4.3000,pose,9,0.740,,,
130,4.3000,pose,10,0.753,,,
130,4.3000,pose,11,0.900,0.0996,-0.0045,0.3810
130,4.3000,pose,12,0.931,,,
130,4.3000,pose,13,0.390,,,
130,4.3000,pose,14,0.088,,,
130,4.3000,pose,15,0.313,,,
130,4.3000,pose,16,0.285,,,
130,4.3000,pose,17,0.327,,,
130,4.3000,pose,18,0.345,,,
130,4.3000,pose,19,0.342,,,
130,4.3000,pose,20,0.377,,,
130,4.3000,pose,21,0.294,,,
130,4.3000,pose,22,0.364,,,
130,4.3000,pose,23,0.480,,,
130,4.3000,pose,24,0.512,,,
130,4.3000,pose,25,0.035,,,
130,4.3000,pose,26,0.014,,,
130,4.3000,pose,27,0.020,,,
130,4.3000,pose,28,0.015,,,
130,4.3000,pose,29,0.024,,,
130,4.3000,pose,30,0.018,,,
130,4.3000,pose,31,0.023,,,
130,4.3000,pose,32,0.014,,,
130,4.3000,hand_Right,0,1.000,,,
130,4.3000,hand_Right,1,1.000,,,
130,4.3000,hand_Right,2,1.000,,,
130,4.3000,hand_Right,3,1.000,,,
130,4.3000,hand_Right,4,1.000,,,
130,4.3000,hand_Right,5,1.000,,,
130,4.3000,hand_Right,6,1.000,,,
130,4.3000,hand_Right,7,1.000,,,
130,4.3000,hand_Right,8,1.000,,,
130,4.3000,hand_Right,9,1.000,,,
130,4.3000,hand_Right,10,1.000,,,
130,4.3000,hand_Right,11,1.000,,,
130,4.3000,hand_Right,12,1.000,,,
130,4.3000,hand_Right,13,1.000,,,
130,4.3000,hand_Right,14,1.000,,,
130,4.3000,hand_Right,15,1.000,,,
130,4.3000,hand_Right,16,1.000,,,
130,4.3000,hand_Right,17,1.000,,,
130,4.3000,hand_Right,18,1.000,,,
130,4.3000,hand_Right,19,1.000,,,
130,4.3000,hand_Right,20,1.000,,,
130,4.3000,hand_Left,0,1.000,-0.2544,0.0017,0.5830
130,4.3000,hand_Left,1,1.000,-0.2790,-0.0017,0.5750
130,4.3000,hand_Left,2,1.000,-0.3012,-0.0080,0.5550
130,4.3000,hand_Left,3,1.000,-0.3201,-0.0070,0.5370
130,4.3000,hand_Left,4,1.000,-0.3430,-0.0017,0.5340
130,4.3000,hand_Left,5,1.000,-0.3264,-0.0416,0.5690
130,4.3000,hand_Left,6,1.000,-0.3500,-0.0457,0.5490
130,4.3000,hand_Left,7,1.000,-0.3693,-0.0407,0.5450
130,4.3000,hand_Left,8,1.000,-0.3767,-0.0315,0.5350
130,4.3000,hand_Left,9,1.000,-0.3239,-0.0314,0.5660
130,4.3000,hand_Left,10,1.000,-0.3401,-0.0324,0.5400
130,4.3000,hand_Left,11,1.000,-0.3563,-0.0267,0.5350
130,4.3000,hand_Left,12,1.000,-0.3664,-0.0186,0.5300
130,4.3000,hand_Left,13,1.000,-0.3197,-0.0202,0.5630
130,4.3000,hand_Left,14,1.000,-0.3321,-0.0189,0.5400
130,4.3000,hand_Left,15,1.000,-0.3462,-0.0145,0.5370
130,4.3000,hand_Left,16,1.000,-0.3569,-0.0092,0.5330
130,4.3000,hand_Left,17,1.000,-0.3081,-0.0096,0.5490
130,4.3000,hand_Left,18,1.000,-0.3220,-0.0077,0.5360
130,4.3000,hand_Left,19,1.000,-0.3333,-0.0043,0.5350
130,4.3000,hand_Left,20,1.000,-0.3425,-0.0009,0.5340
131,4.3333,pose,0,0.701,0.1594,0.0696,0.4330
131,4.3333,pose,1,0.620,0.1354,0.0430,0.3930
131,4.3333,pose,2,0.632,0.1375,0.0489,0.3940
131,4.3333,pose,3,0.629,0.1400,0.0480,0.3940
131,4.3333,pose,4,0.673,0.1258,0.0362,0.3920
131,4.3333,pose,5,0.713,0.1224,0.0329,0.3930
131,4.3333,pose,6,0.731,0.1194,0.0354,0.3960
131,4.3333,pose,7,0.699,0.1215,-0.0112,0.3640
131,4.3333,pose,8,0.733,0.0963,0.0244,0.3970
131,4.3333,pose,9,0.673,0.1465,0.0400,0.3890
131,4.3333,pose,10,0.687,0.1381,0.0397,0.3900
131,4.3333,pose,11,0.909,,,
131,4.3333,pose,12,0.938,,,
131,4.3333,pose,13,0.360,,,
131,4.3333,pose,14,0.080,,,
131,4.3333,pose,15,0.290,,,
131,4.3333,pose,16,0.287,,,
131,4.3333,pose,17,0.309,,,
131,4.3333,pose,18,0.368,,,
131,4.3333,pose,19,0.325,0.0837,0.0771,0.3820
131,4.3333,pose,20,0.400,,,
131,4.3333,pose,21,0.279,0.0919,0.0705,0.3870
131,4.3333,pose,22,0.385,,,
131,4.3333,pose,23,0.531,,,
131,4.3333,pose,24,0.560,,,
131,4.3333,pose,25,0.032,,,
131,4.3333,pose,26,0.012,,,
131,4.3333,pose,27,0.018,,,
131,4.3333,pose,28,0.014,,,
131,4.3333,pose,29,0.023,,,
131,4.3333,pose,30,0.017,,,
131,4.3333,pose,31,0.021,,,
131,4.3333,pose,32,0.013,,,
131,4.3333,hand_Right,0,1.000,,,
131,4.3333,hand_Right,1,1.000,,,
131,4.3333,hand_Right,2,1.000,,,
131,4.3333,hand_Right,3,1.000,,,
131,4.3333,hand_Right,4,1.000,,,
131,4.3333,hand_Right,5,1.000,,,
131,4.3333,hand_Right,6,1.000,,,
131,4.3333,hand_Right,7,1.000,,,
131,4.3333,hand_Right,8,1.000,,,
131,4.3333,hand_Right,9,1.000,,,
131,4.3333,hand_Right,10,1.000,,,
131,4.3333,hand_Right,11,1.000,,,
131,4.3333,hand_Right,12,1.000,,,
131,4.3333,hand_Right,13,1.000,,,
131,4.3333,hand_Right,14,1.000,,,
131,4.3333,hand_Right,15,1.000,,,
131,4.3333,hand_Right,16,1.000,,,
131,4.3333,hand_Right,17,1.000,,,
131,4.3333,hand_Right,18,1.000,,,
131,4.3333,hand_Right,19,1.000,,,
131,4.3333,hand_Right,20,1.000,,,
131,4.3333,hand_Left,0,1.000,-0.2547,0.0019,0.5830
131,4.3333,hand_Left,1,1.000,-0.2788,-0.0022,0.5750
131,4.3333,hand_Left,2,1.000,-0.3017,-0.0082,0.5550
131,4.3333,hand_Left,3,1.000,-0.3205,-0.0069,0.5370
131,4.3333,hand_Left,4,1.000,-0.3430,-0.0016,0.5340
131,4.3333,hand_Left,5,1.000,-0.3249,-0.0415,0.5660
131,4.3333,hand_Left,6,1.000,-0.3503,-0.0454,0.5490
131,4.3333,hand_Left,7,1.000,-0.3692,-0.0406,0.5450
131,4.3333,hand_Left,8,1.000,-0.3782,-0.0318,0.5360
131,4.3333,hand_Left,9,1.000,-0.3245,-0.0308,0.5650
131,4.3333,hand_Left,10,1.000,-0.3410,-0.0315,0.5400
131,4.3333,hand_Left,11,1.000,-0.3578,-0.0263,0.5350
131,4.3333,hand_Left,12,1.000,-0.3680,-0.0187,0.5280
131,4.3333,hand_Left,13,1.000,-0.3161,-0.0190,0.5540
131,4.3333,hand_Left,14,1.000,-0.3337,-0.0182,0.5400
131,4.3333,hand_Left,15,1.000,-0.3473,-0.0143,0.5360
131,4.3333,hand_Left,16,1.000,-0.3575,-0.0095,0.5300
131,4.3333,hand_Left,17,1.000,-0.3093,-0.0086,0.5480
131,4.3333,hand_Left,18,1.000,-0.3232,-0.0069,0.5360
131,4.3333,hand_Left,19,1.000,-0.3347,-0.0036,0.5350
131,4.3333,hand_Left,20,1.000,-0.3443,-0.0006,0.5340
132,4.3667,pose,0,0.727,,,
132,4.3667,pose,1,0.655,,,
132,4.3667,pose,2,0.665,,,
132,4.3667,pose,3,0.664,,,
132,4.3667,pose,4,0.702,,,
132,4.3667,pose,5,0.739,,,
132,4.3667,pose,6,0.757,,,
132,4.3667,pose,7,0.728,-0.9758,-0.1389,3.0420
132,4.3667,pose,8,0.758,,,
132,4.3667,pose,9,0.704,,,
132,4.3667,pose,10,0.715,,,
132,4.3667,pose,11,0.918,0.1317,-0.0998,0.4610
132,4.3667,pose,12,0.944,,,
132,4.3667,pose,13,0.363,,,
132,4.3667,pose,14,0.075,,,
132,4.3667,pose,15,0.271,,,
132,4.3667,pose,16,0.265,,,
132,4.3667,pose,17,0.291,,,
132,4.3667,pose,18,0.340,,,
132,4.3667,pose,19,0.306,,,
132,4.3667,pose,20,0.369,,,
132,4.3667,pose,21,0.260,,,
132,4.3667,pose,22,0.356,,,
132,4.3667,pose,23,0.560,,,
132,4.3667,pose,24,0.597,,,
132,4.3667,pose,25,0.029,,,
132,4.3667,pose,26,0.011,,,
132,4.3667,pose,27,0.017,,,
132,4.3667,pose,28,0.012,,,
132,4.3667,pose,29,0.021,,,
132,4.3667,pose,30,0.016,,,
132,4.3667,pose,31,0.019,,,
132,4.3667,pose,32,0.012,,,
132,4.3667,hand_Right,0,1.000,,,
132,4.3667,hand_Right,1,1.000,,,
132,4.3667,hand_Right,2,1.000,,,
132,4.3667,hand_Right,3,1.000,,,
132,4.3667,hand_Right,4,1.000,,,
132,4.3667,hand_Right,5,1.000,,,
132,4.3667,hand_Right,6,1.000,,,
132,4.3667,hand_Right,7,1.000,,,
132,4.3667,hand_Right,8,1.000,,,
132,4.3667,hand_Right,9,1.000,,,
132,4.3667,hand_Right,10,1.000,,,
132,4.3667,hand_Right,11,1.000,,,
132,4.3667,hand_Right,12,1.000,,,
132,4.3667,hand_Right,13,1.000,,,
132,4.3667,hand_Right,14,1.000,,,
132,4.3667,hand_Right,15,1.000,,,
132,4.3667,hand_Right,16,1.000,,,
132,4.3667,hand_Right,17,1.000,,,
132,4.3667,hand_Right,18,1.000,,,
132,4.3667,hand_Right,19,1.000,,,
132,4.3667,hand_Right,20,1.000,,,
132,4.3667,hand_Left,0,1.000,-0.2551,0.0017,0.5830
132,4.3667,hand_Left,1,1.000,-0.2789,-0.0020,0.5730
132,4.3667,hand_Left,2,1.000,-0.3022,-0.0078,0.5550
132,4.3667,hand_Left,3,1.000,-0.3208,-0.0066,0.5370
132,4.3667,hand_Left,4,1.000,-0.3432,-0.0015,0.5340
132,4.3667,hand_Left,5,1.000,-0.3253,-0.0416,0.5670
132,4.3667,hand_Left,6,1.000,-0.3509,-0.0454,0.5490
132,4.3667,hand_Left,7,1.000,-0.3695,-0.0398,0.5440
132,4.3667,hand_Left,8,1.000,-0.3780,-0.0304,0.5350
132,4.3667,hand_Left,9,1.000,-0.3241,-0.0311,0.5650
132,4.3667,hand_Left,10,1.000,-0.3410,-0.0313,0.5400
132,4.3667,hand_Left,11,1.000,-0.3578,-0.0252,0.5350
132,4.3667,hand_Left,12,1.000,-0.3667,-0.0167,0.5270
132,4.3667,hand_Left,13,1.000,-0.3175,-0.0197,0.5570
132,4.3667,hand_Left,14,1.000,-0.3344,-0.0186,0.5410
132,4.3667,hand_Left,15,1.000,-0.3474,-0.0141,0.5360
132,4.3667,hand_Left,16,1.000,-0.3593,-0.0087,0.5330
132,4.3667,hand_Left,17,1.000,-0.3093,-0.0092,0.5480
132,4.3667,hand_Left,18,1.000,-0.3230,-0.0074,0.5350
132,4.3667,hand_Left,19,1.000,-0.3345,-0.0040,0.5340
132,4.3667,hand_Left,20,1.000,-0.3446,-0.0007,0.5340
133,4.4000,pose,0,0.656,,,
133,4.4000,pose,1,0.590,0.0631,0.0484,0.5110
133,4.4000,pose,2,0.599,0.0662,0.0368,0.5130
133,4.4000,pose,3,0.598,0.0706,0.0274,0.5150
133,4.4000,pose,4,0.633,0.0514,0.0493,0.5150
133,4.4000,pose,5,0.667,0.0473,0.0481,0.5200
133,4.4000,pose,6,0.683,0.0430,0.0525,0.5210
133,4.4000,pose,7,0.660,0.0680,-0.0372,0.5020
133,4.4000,pose,8,0.685,,,
133,4.4000,pose,9,0.647,0.0705,0.0458,0.3900
133,4.4000,pose,10,0.657,0.0629,0.0533,0.3930
133,4.4000,pose,11,0.926,0.1912,-0.0858,0.4020
133,4.4000,pose,12,0.949,,,
133,4.4000,pose,13,0.372,,,
133,4.4000,pose,14,0.068,,,
133,4.4000,pose,15,0.299,,,
133,4.4000,pose,16,0.244,,,
133,4.4000,pose,17,0.333,,,
133,4.4000,pose,18,0.322,,,
133,4.4000,pose,19,0.349,,,
133,4.4000,pose,20,0.350,,,
133,4.4000,pose,21,0.290,,,
133,4.4000,pose,22,0.340,,,
133,4.4000,pose,23,0.576,1.0034,0.2459,1.1330
133,4.4000,pose,24,0.611,,,
133,4.4000,pose,25,0.026,,,
133,4.4000,pose,26,0.010,,,
133,4.4000,pose,27,0.015,,,
133,4.4000,pose,28,0.011,,,
133,4.4000,pose,29,0.019,,,
133,4.4000,pose,30,0.014,,,
133,4.4000,pose,31,0.017,,,
133,4.4000,pose,32,0.011,,,
133,4.4000,hand_Right,0,1.000,,,
133,4.4000,hand_Right,1,1.000,,,
133,4.4000,hand_Right,2,1.000,,,
133,4.4000,hand_Right,3,1.000,,,
133,4.4000,hand_Right,4,1.000,,,
133,4.4000,hand_Right,5,1.000,,,
133,4.4000,hand_Right,6,1.000,,,
133,4.4000,hand_Right,7,1.000,,,
133,4.4000,hand_Right,8,1.000,,,
133,4.4000,hand_Right,9,1.000,,,
133,4.4000,hand_Right,10,1.000,,,
133,4.4000,hand_Right,11,1.000,,,
133,4.4000,hand_Right,12,1.000,,,
133,4.4000,hand_Right,13,1.000,,,
133,4.4000,hand_Right,14,1.000,,,
133,4.4000,hand_Right,15,1.000,,,
133,4.4000,hand_Right,16,1.000,,,
133,4.4000,hand_Right,17,1.000,,,
133,4.4000,hand_Right,18,1.000,,,
133,4.4000,hand_Right,19,1.000,,,
133,4.4000,hand_Right,20,1.000,,,
133,4.4000,hand_Left,0,1.000,-0.2558,0.0015,0.5830
133,4.4000,hand_Left,1,1.000,-0.2801,-0.0004,0.5740
133,4.4000,hand_Left,2,1.000,-0.3026,-0.0067,0.5550
133,4.4000,hand_Left,3,1.000,-0.3210,-0.0061,0.5370
133,4.4000,hand_Left,4,1.000,-0.3444,-0.0013,0.5340
133,4.4000,hand_Left,5,1.000,-0.3254,-0.0417,0.5660
133,4.4000,hand_Left,6,1.000,-0.3512,-0.0468,0.5505
133,4.4000,hand_Left,7,1.000,-0.3703,-0.0420,0.5460
133,4.4000,hand_Left,8,1.000,-0.3799,-0.0326,0.5390
133,4.4000,hand_Left,9,1.000,-0.3241,-0.0328,0.5650
133,4.4000,hand_Left,10,1.000,-0.3425,-0.0357,0.5420
133,4.4000,hand_Left,11,1.000,-0.3586,-0.0309,0.5360
133,4.4000,hand_Left,12,1.000,-0.3699,-0.0231,0.5320
133,4.4000,hand_Left,13,1.000,-0.3214,-0.0225,0.5630
133,4.4000,hand_Left,14,1.000,-0.3350,-0.0233,0.5400
133,4.4000,hand_Left,15,1.000,-0.3496,-0.0202,0.5360
133,4.4000,hand_Left,16,1.000,-0.3604,-0.0152,0.5300
133,4.4000,hand_Left,17,1.000,-0.3104,-0.0117,0.5480
133,4.4000,hand_Left,18,1.000,-0.3262,-0.0118,0.5360
133,4.4000,hand_Left,19,1.000,-0.3391,-0.0100,0.5350
133,4.4000,hand_Left,20,1.000,-0.3507,-0.0075,0.5350
134,4.4333,pose,0,0.594,0.0696,-0.1190,0.5100
134,4.4333,pose,1,0.533,0.0716,-0.1879,0.6330
134,4.4333,pose,2,0.541,0.0786,-0.1939,0.6330
134,4.4333,pose,3,0.541,,,
134,4.4333,pose,4,0.572,0.0492,-0.1770,0.6320
134,4.4333,pose,5,0.603,0.0412,-0.1733,0.6320
134,4.4333,pose,6,0.620,0.0329,-0.1687,0.6320
134,4.4333,pose,7,0.599,,,
134,4.4333,pose,8,0.622,0.0204,-0.1701,0.6590
134,4.4333,pose,9,0.594,0.0912,-0.1104,0.5060
134,4.4333,pose,10,0.606,0.0710,-0.0996,0.5160
134,4.4333,pose,11,0.931,0.1983,-0.1068,0.4010
134,4.4333,pose,12,0.953,0.0364,0.0140,0.5480
134,4.4333,pose,13,0.358,,,
134,4.4333,pose,14,0.067,,,
134,4.4333,pose,15,0.287,,,
134,4.4333,pose,16,0.259,-0.2697,0.0270,0.5920
134,4.4333,pose,17,0.321,,,
134,4.4333,pose,18,0.343,-0.3274,0.0120,0.5490
134,4.4333,pose,19,0.335,,,
134,4.4333,pose,20,0.369,-0.3287,0.0183,0.5490
134,4.4333,pose,21,0.275,,,
134,4.4333,pose,22,0.358,,,
134,4.4333,pose,23,0.598,,,
134,4.4333,pose,24,0.637,,,
134,4.4333,pose,25,0.023,,,
134,4.4333,pose,26,0.009,,,
134,4.4333,pose,27,0.014,,,
134,4.4333,pose,28,0.010,,,
134,4.4333,pose,29,0.017,,,
134,4.4333,pose,30,0.013,,,
134,4.4333,pose,31,0.016,,,
134,4.4333,pose,32,0.010,,,
134,4.4333,hand_Right,0,1.000,,,
134,4.4333,hand_Right,1,1.000,,,
134,4.4333,hand_Right,2,1.000,,,
134,4.4333,hand_Right,3,1.000,,,
134,4.4333,hand_Right,4,1.000,,,
134,4.4333,hand_Right,5,1.000,,,
134,4.4333,hand_Right,6,1.000,,,
134,4.4333,hand_Right,7,1.000,,,
134,4.4333,hand_Right,8,1.000,,,
134,4.4333,hand_Right,9,1.000,,,
134,4.4333,hand_Right,10,1.000,,,
134,4.4333,hand_Right,11,1.000,,,
134,4.4333,hand_Right,12,1.000,,,
134,4.4333,hand_Right,13,1.000,,,
134,4.4333,hand_Right,14,1.000,,,
134,4.4333,hand_Right,15,1.000,,,
134,4.4333,hand_Right,16,1.000,,,
134,4.4333,hand_Right,17,1.000,,,
134,4.4333,hand_Right,18,1.000,,,
134,4.4333,hand_Right,19,1.000,,,
134,4.4333,hand_Right,20,1.000,,,
134,4.4333,hand_Left,0,1.000,-0.2562,0.0016,0.5820
134,4.4333,hand_Left,1,1.000,-0.2799,-0.0016,0.5730
134,4.4333,hand_Left,2,1.000,-0.3019,-0.0071,0.5540
134,4.4333,hand_Left,3,1.000,-0.3209,-0.0058,0.5370
134,4.4333,hand_Left,4,1.000,-0.3444,-0.0013,0.5340
134,4.4333,hand_Left,5,1.000,-0.3256,-0.0412,0.5660
134,4.4333,hand_Left,6,1.000,-0.3496,-0.0454,0.5480
134,4.4333,hand_Left,7,1.000,-0.3701,-0.0417,0.5460
134,4.4333,hand_Left,8,1.000,-0.3801,-0.0333,0.5390
134,4.4333,hand_Left,9,1.000,-0.3246,-0.0312,0.5650
134,4.4333,hand_Left,10,1.000,-0.3422,-0.0337,0.5410
134,4.4333,hand_Left,11,1.000,-0.3584,-0.0296,0.5350
134,4.4333,hand_Left,12,1.000,-0.3690,-0.0228,0.5290
134,4.4333,hand_Left,13,1.000,-0.3215,-0.0201,0.5625
134,4.4333,hand_Left,14,1.000,-0.3365,-0.0209,0.5420
134,4.4333,hand_Left,15,1.000,-0.3492,-0.0183,0.5350
134,4.4333,hand_Left,16,1.000,-0.3601,-0.0140,0.5290
134,4.4333,hand_Left,17,1.000,-0.3099,-0.0091,0.5470
134,4.4333,hand_Left,18,1.000,-0.3253,-0.0091,0.5350
134,4.4333,hand_Left,19,1.000,-0.3380,-0.0077,0.5340
134,4.4333,hand_Left,20,1.000,-0.3496,-0.0060,0.5340
135,4.4667,pose,0,0.612,0.1640,0.0699,0.3680
135,4.4667,pose,1,0.550,,,
135,4.4667,pose,2,0.560,,,
135,4.4667,pose,3,0.562,,,
135,4.4667,pose,4,0.595,,,
135,4.4667,pose,5,0.629,,,
135,4.4667,pose,6,0.646,0.1506,0.0820,0.4170
135,4.4667,pose,7,0.631,,,
135,4.4667,pose,8,0.649,0.1026,0.0594,0.3810
135,4.4667,pose,9,0.615,0.1597,0.0519,0.3600
135,4.4667,pose,10,0.627,0.1549,0.0687,0.3720
135,4.4667,pose,11,0.937,0.1932,-0.1045,0.4030
135,4.4667,pose,12,0.957,0.0509,0.0526,0.5130
135,4.4667,pose,13,0.338,,,
135,4.4667,pose,14,0.069,,,
135,4.4667,pose,15,0.269,,,
135,4.4667,pose,16,0.246,,,
135,4.4667,pose,17,0.305,,,
135,4.4667,pose,18,0.330,,,
135,4.4667,pose,19,0.320,,,
135,4.4667,pose,20,0.359,,,
135,4.4667,pose,21,0.261,,,
135,4.4667,pose,22,0.345,0.0005,0.0593,0.5490
135,4.4667,pose,23,0.623,,,
135,4.4667,pose,24,0.662,,,
135,4.4667,pose,25,0.022,,,
135,4.4667,pose,26,0.009,,,
135,4.4667,pose,27,0.013,,,
135,4.4667,pose,28,0.010,,,
135,4.4667,pose,29,0.016,,,
135,4.4667,pose,30,0.013,,,
135,4.4667,pose,31,0.015,,,
135,4.4667,pose,32,0.010,,,
135,4.4667,hand_Right,0,1.000,,,
135,4.4667,hand_Right,1,1.000,,,
135,4.4667,hand_Right,2,1.000,,,
135,4.4667,hand_Right,3,1.000,,,
135,4.4667,hand_Right,4,1.000,,,
135,4.4667,hand_Right,5,1.000,,,
135,4.4667,hand_Right,6,1.000,,,
135,4.4667,hand_Right,7,1.000,,,
135,4.4667,hand_Right,8,1.000,,,
135,4.4667,hand_Right,9,1.000,,,
135,4.4667,hand_Right,10,1.000,,,
135,4.4667,hand_Right,11,1.000,,,
135,4.4667,hand_Right,12,1.000,,,
135,4.4667,hand_Right,13,1.000,,,
135,4.4667,hand_Right,14,1.000,,,
135,4.4667,hand_Right,15,1.000,,,
135,4.4667,hand_Right,16,1.000,,,
135,4.4667,hand_Right,17,1.000,,,
135,4.4667,hand_Right,18,1.000,,,
135,4.4667,hand_Right,19,1.000,,,
135,4.4667,hand_Right,20,1.000,,,
135,4.4667,hand_Left,0,1.000,-0.2576,0.0018,0.5830
135,4.4667,hand_Left,1,1.000,-0.2800,-0.0014,0.5720
135,4.4667,hand_Left,2,1.000,-0.3013,-0.0071,0.5530
135,4.4667,hand_Left,3,1.000,-0.3209,-0.0062,0.5370
135,4.4667,hand_Left,4,1.000,-0.3441,-0.0014,0.5340
135,4.4667,hand_Left,5,1.000,-0.3255,-0.0417,0.5660
135,4.4667,hand_Left,6,1.000,-0.3510,-0.0451,0.5490
135,4.4667,hand_Left,7,1.000,-0.3710,-0.0400,0.5460
135,4.4667,hand_Left,8,1.000,-0.3779,-0.0307,0.5350
135,4.4667,hand_Left,9,1.000,-0.3244,-0.0307,0.5650
135,4.4667,hand_Left,10,1.000,-0.3413,-0.0316,0.5400
135,4.4667,hand_Left,11,1.000,-0.3566,-0.0260,0.5330
135,4.4667,hand_Left,12,1.000,-0.3683,-0.0186,0.5290
135,4.4667,hand_Left,13,1.000,-0.3168,-0.0189,0.5550
135,4.4667,hand_Left,14,1.000,-0.3345,-0.0187,0.5400
135,4.4667,hand_Left,15,1.000,-0.3484,-0.0149,0.5360
135,4.4667,hand_Left,16,1.000,-0.3593,-0.0099,0.5310
135,4.4667,hand_Left,17,1.000,-0.3100,-0.0081,0.5480
135,4.4667,hand_Left,18,1.000,-0.3242,-0.0069,0.5350
135,4.4667,hand_Left,19,1.000,-0.3360,-0.0043,0.5340
135,4.4667,hand_Left,20,1.000,-0.3463,-0.0018,0.5340
136,4.5000,pose,0,0.645,,,
136,4.5000,pose,1,0.584,,,
136,4.5000,pose,2,0.595,0.1898,0.0709,0.3520
136,4.5000,pose,3,0.595,0.1940,0.0618,0.3550
136,4.5000,pose,4,0.630,,,
136,4.5000,pose,5,0.663,,,
136,4.5000,pose,6,0.679,,,
136,4.5000,pose,7,0.664,0.1750,0.0273,0.3430
136,4.5000,pose,8,0.682,,,
136,4.5000,pose,9,0.641,0.1986,0.0780,0.3350
136,4.5000,pose,10,0.655,,,
136,4.5000,pose,11,0.943,0.1831,-0.0780,0.3330
136,4.5000,pose,12,0.961,,,
136,4.5000,pose,13,0.326,,,
136,4.5000,pose,14,0.112,,,
136,4.5000,pose,15,0.254,,,
136,4.5000,pose,16,0.309,,,
136,4.5000,pose,17,0.295,,,
136,4.5000,pose,18,0.388,,,
136,4.5000,pose,19,0.311,0.1413,0.0257,0.3740
136,4.5000,pose,20,0.415,,,
136,4.5000,pose,21,0.258,0.1435,0.0200,0.3720
136,4.5000,pose,22,0.401,,,
136,4.5000,pose,23,0.651,,,
136,4.5000,pose,24,0.690,0.2428,0.1687,0.4290
136,4.5000,pose,25,0.027,,,
136,4.5000,pose,26,0.014,,,
136,4.5000,pose,27,0.021,,,
136,4.5000,pose,28,0.016,,,
136,4.5000,pose,29,0.021,,,
136,4.5000,pose,30,0.017,,,
136,4.5000,pose,31,0.019,,,
136,4.5000,pose,32,0.014,,,
136,4.5000,hand_Right,0,1.000,,,
136,4.5000,hand_Right,1,1.000,,,
136,4.5000,hand_Right,2,1.000,,,
136,4.5000,hand_Right,3,1.000,,,
136,4.5000,hand_Right,4,1.000,,,
136,4.5000,hand_Right,5,1.000,,,
136,4.5000,hand_Right,6,1.000,,,
136,4.5000,hand_Right,7,1.000,,,
136,4.5000,hand_Right,8,1.000,,,
136,4.5000,hand_Right,9,1.000,,,
136,4.5000,hand_Right,10,1.000,,,
136,4.5000,hand_Right,11,1.000,,,
136,4.5000,hand_Right,12,1.000,,,
136,4.5000,hand_Right,13,1.000,,,
136,4.5000,hand_Right,14,1.000,,,
136,4.5000,hand_Right,15,1.000,,,
136,4.5000,hand_Right,16,1.000,,,
136,4.5000,hand_Right,17,1.000,,,
136,4.5000,hand_Right,18,1.000,,,
136,4.5000,hand_Right,19,1.000,,,
136,4.5000,hand_Right,20,1.000,,,
136,4.5000,hand_Left,0,1.000,-0.2590,0.0019,0.5830
136,4.5000,hand_Left,1,1.000,-0.2820,-0.0019,0.5720
136,4.5000,hand_Left,2,1.000,-0.3029,-0.0072,0.5530
136,4.5000,hand_Left,3,1.000,-0.3214,-0.0057,0.5360
136,4.5000,hand_Left,4,1.000,-0.3451,-0.0011,0.5340
136,4.5000,hand_Left,5,1.000,-0.3268,-0.0422,0.5670
136,4.5000,hand_Left,6,1.000,-0.3501,-0.0460,0.5490
136,4.5000,hand_Left,7,1.000,-0.3705,-0.0422,0.5470
136,4.5000,hand_Left,8,1.000,-0.3786,-0.0335,0.5380
136,4.5000,hand_Left,9,1.000,-0.3252,-0.0319,0.5650
136,4.5000,hand_Left,10,1.000,-0.3423,-0.0348,0.5410
136,4.5000,hand_Left,11,1.000,-0.3572,-0.0310,0.5340
136,4.5000,hand_Left,12,1.000,-0.3685,-0.0246,0.5300
136,4.5000,hand_Left,13,1.000,-0.3223,-0.0207,0.5620
136,4.5000,hand_Left,14,1.000,-0.3354,-0.0224,0.5390
136,4.5000,hand_Left,15,1.000,-0.3498,-0.0202,0.5350
136,4.5000,hand_Left,16,1.000,-0.3604,-0.0159,0.5290
136,4.5000,hand_Left,17,1.000,-0.3107,-0.0098,0.5460
136,4.5000,hand_Left,18,1.000,-0.3267,-0.0104,0.5350
136,4.5000,hand_Left,19,1.000,-0.3399,-0.0094,0.5350
136,4.5000,hand_Left,20,1.000,-0.3512,-0.0078,0.5350
137,4.5333,pose,0,0.639,0.1538,-0.2444,0.4480
137,4.5333,pose,1,0.574,,,
137,4.5333,pose,2,0.579,,,
137,4.5333,pose,3,0.588,,,
137,4.5333,pose,4,0.636,,,
137,4.5333,pose,5,0.670,,,
137,4.5333,pose,6,0.695,,,
137,4.5333,pose,7,0.656,,,
137,4.5333,pose,8,0.684,0.0970,-0.2286,0.4490
137,4.5333,pose,9,0.627,0.1755,-0.2343,0.4710
137,4.5333,pose,10,0.653,0.1873,-0.2280,0.4650
137,4.5333,pose,11,0.947,0.2287,-0.1858,0.4430
137,4.5333,pose,12,0.964,0.0764,-0.0192,0.4940
137,4.5333,pose,13,0.294,,,
137,4.5333,pose,14,0.104,,,
137,4.5333,pose,15,0.229,,,
137,4.5333,pose,16,0.283,,,
137,4.5333,pose,17,0.266,,,
137,4.5333,pose,18,0.359,,,
137,4.5333,pose,19,0.280,,,
137,4.5333,pose,20,0.385,,,
137,4.5333,pose,21,0.233,,,
137,4.5333,pose,22,0.370,,,
137,4.5333,pose,23,0.669,,,
137,4.5333,pose,24,0.712,,,
137,4.5333,pose,25,0.025,,,
137,4.5333,pose,26,0.013,1.7330,1.0541,2.0190
137,4.5333,pose,27,0.019,,,
137,4.5333,pose,28,0.015,,,
137,4.5333,pose,29,0.021,,,
137,4.5333,pose,30,0.017,,,
137,4.5333,pose,31,0.019,,,
137,4.5333,pose,32,0.013,,,
137,4.5333,hand_Right,0,1.000,,,
137,4.5333,hand_Right,1,1.000,,,
137,4.5333,hand_Right,2,1.000,,,
137,4.5333,hand_Right,3,1.000,,,
137,4.5333,hand_Right,4,1.000,,,
137,4.5333,hand_Right,5,1.000,,,
137,4.5333,hand_Right,6,1.000,,,
137,4.5333,hand_Right,7,1.000,,,
137,4.5333,hand_Right,8,1.000,,,
137,4.5333,hand_Right,9,1.000,,,
137,4.5333,hand_Right,10,1.000,,,
137,4.5333,hand_Right,11,1.000,,,
137,4.5333,hand_Right,12,1.000,,,
137,4.5333,hand_Right,13,1.000,,,
137,4.5333,hand_Right,14,1.000,,,
137,4.5333,hand_Right,15,1.000,,,
137,4.5333,hand_Right,16,1.000,,,
137,4.5333,hand_Right,17,1.000,,,
137,4.5333,hand_Right,18,1.000,,,
137,4.5333,hand_Right,19,1.000,,,
137,4.5333,hand_Right,20,1.000,,,
137,4.5333,hand_Left,0,1.000,-0.2576,0.0013,0.5820
137,4.5333,hand_Left,1,1.000,-0.2803,-0.0027,0.5720
137,4.5333,hand_Left,2,1.000,-0.3016,-0.0075,0.5530
137,4.5333,hand_Left,3,1.000,-0.3210,-0.0060,0.5370
137,4.5333,hand_Left,4,1.000,-0.3438,-0.0014,0.5340
137,4.5333,hand_Left,5,1.000,-0.3257,-0.0417,0.5670
137,4.5333,hand_Left,6,1.000,-0.3489,-0.0449,0.5480
137,4.5333,hand_Left,7,1.000,-0.3685,-0.0408,0.5450
137,4.5333,hand_Left,8,1.000,-0.3792,-0.0324,0.5390
137,4.5333,hand_Left,9,1.000,-0.3242,-0.0305,0.5650
137,4.5333,hand_Left,10,1.000,-0.3397,-0.0314,0.5390
137,4.5333,hand_Left,11,1.000,-0.3569,-0.0267,0.5350
137,4.5333,hand_Left,12,1.000,-0.3680,-0.0197,0.5300
137,4.5333,hand_Left,13,1.000,-0.3160,-0.0185,0.5540
137,4.5333,hand_Left,14,1.000,-0.3330,-0.0182,0.5400
137,4.5333,hand_Left,15,1.000,-0.3464,-0.0146,0.5360
137,4.5333,hand_Left,16,1.000,-0.3575,-0.0100,0.5320
137,4.5333,hand_Left,17,1.000,-0.3093,-0.0081,0.5480
137,4.5333,hand_Left,18,1.000,-0.3228,-0.0064,0.5360
137,4.5333,hand_Left,19,1.000,-0.3331,-0.0039,0.5340
137,4.5333,hand_Left,20,1.000,-0.3426,-0.0014,0.5340
138,4.5667,pose,0,0.629,-0.0238,0.0698,0.5280
138,4.5667,pose,1,0.550,-0.0647,0.0342,0.6520
138,4.5667,pose,2,0.560,-0.0658,0.0129,0.6740
138,4.5667,pose,3,0.565,-0.0635,-0.0092,0.6760
138,4.5667,pose,4,0.625,-0.0683,0.0835,0.6680
138,4.5667,pose,5,0.677,,,
138,4.5667,pose,6,0.705,,,
138,4.5667,pose,7,0.659,-0.0145,-0.0919,0.6060
138,4.5667,pose,8,0.699,-0.0313,0.0589,0.5320
138,4.5667,pose,9,0.626,,,
138,4.5667,pose,10,0.649,0.0282,0.0607,0.5220
138,4.5667,pose,11,0.951,0.1854,-0.1572,0.4390
138,4.5667,pose,12,0.968,0.0429,0.0664,0.4920
138,4.5667,pose,13,0.270,,,
138,4.5667,pose,14,0.123,,,
138,4.5667,pose,15,0.207,,,
138,4.5667,pose,16,0.346,,,
138,4.5667,pose,17,0.243,,,
138,4.5667,pose,18,0.419,,,
138,4.5667,pose,19,0.257,,,
138,4.5667,pose,20,0.443,,,
138,4.5667,pose,21,0.216,,,
138,4.5667,pose,22,0.429,,,
138,4.5667,pose,23,0.688,,,
138,4.5667,pose,24,0.738,,,
138,4.5667,pose,25,0.024,0.1893,0.0402,0.3440
138,4.5667,pose,26,0.020,,,
138,4.5667,pose,27,0.018,,,
138,4.5667,pose,28,0.019,,,
138,4.5667,pose,29,0.022,,,
138,4.5667,pose,30,0.024,,,
138,4.5667,pose,31,0.018,,,
138,4.5667,pose,32,0.019,,,
138,4.5667,hand_Right,0,1.000,,,
138,4.5667,hand_Right,1,1.000,,,
138,4.5667,hand_Right,2,1.000,,,
138,4.5667,hand_Right,3,1.000,,,
138,4.5667,hand_Right,4,1.000,,,
138,4.5667,hand_Right,5,1.000,,,
138,4.5667,hand_Right,6,1.000,,,
138,4.5667,hand_Right,7,1.000,,,
138,4.5667,hand_Right,8,1.000,,,
138,4.5667,hand_Right,9,1.000,,,
138,4.5667,hand_Right,10,1.000,,,
138,4.5667,hand_Right,11,1.000,,,
138,4.5667,hand_Right,12,1.000,,,
138,4.5667,hand_Right,13,1.000,,,
138,4.5667,hand_Right,14,1.000,,,
138,4.5667,hand_Right,15,1.000,,,
138,4.5667,hand_Right,16,1.000,,,
138,4.5667,hand_Right,17,1.000,,,
138,4.5667,hand_Right,18,1.000,,,
138,4.5667,hand_Right,19,1.000,,,
138,4.5667,hand_Right,20,1.000,,,
138,4.5667,hand_Left,0,1.000,-0.2583,0.0015,0.5820
138,4.5667,hand_Left,1,1.000,-0.2806,-0.0028,0.5720
138,4.5667,hand_Left,2,1.000,-0.3024,-0.0079,0.5540
138,4.5667,hand_Left,3,1.000,-0.3211,-0.0063,0.5370
138,4.5667,hand_Left,4,1.000,-0.3444,-0.0017,0.5340
138,4.5667,hand_Left,5,1.000,-0.3260,-0.0419,0.5670
138,4.5667,hand_Left,6,1.000,-0.3493,-0.0450,0.5490
138,4.5667,hand_Left,7,1.000,-0.3683,-0.0408,0.5450
138,4.5667,hand_Left,8,1.000,-0.3779,-0.0323,0.5380
138,4.5667,hand_Left,9,1.000,-0.3244,-0.0305,0.5650
138,4.5667,hand_Left,10,1.000,-0.3402,-0.0318,0.5400
138,4.5667,hand_Left,11,1.000,-0.3569,-0.0271,0.5350
138,4.5667,hand_Left,12,1.000,-0.3670,-0.0200,0.5290
138,4.5667,hand_Left,13,1.000,-0.3159,-0.0184,0.5530
138,4.5667,hand_Left,14,1.000,-0.3339,-0.0187,0.5400
138,4.5667,hand_Left,15,1.000,-0.3477,-0.0154,0.5360
138,4.5667,hand_Left,16,1.000,-0.3592,-0.0110,0.5320
138,4.5667,hand_Left,17,1.000,-0.3096,-0.0079,0.5470
138,4.5667,hand_Left,18,1.000,-0.3239,-0.0070,0.5350
138,4.5667,hand_Left,19,1.000,-0.3355,-0.0046,0.5340
138,4.5667,hand_Left,20,1.000,-0.3458,-0.0025,0.5340
139,4.6000,pose,0,0.632,0.1843,-1.1771,3.3410
139,4.6000,pose,1,0.546,0.1104,-1.3916,3.2990
139,4.6000,pose,2,0.546,0.1639,-1.4508,3.3240
139,4.6000,pose,3,0.557,0.2265,-1.4959,3.3240
139,4.6000,pose,4,0.639,-0.0613,-1.2280,3.1800
139,4.6000,pose,5,0.692,-0.1261,-1.1896,3.1800
139,4.6000,pose,6,0.725,-0.1941,-1.1354,3.1350
139,4.6000,pose,7,0.647,,,
139,4.6000,pose,8,0.715,-0.1632,-1.0712,3.1800
139,4.6000,pose,9,0.620,0.0822,-0.2199,0.6460
139,4.6000,pose,10,0.659,0.0575,-0.1847,0.6310
139,4.6000,pose,11,0.952,0.2096,-0.1871,0.4450
139,4.6000,pose,12,0.971,,,
139,4.6000,pose,13,0.243,,,
139,4.6000,pose,14,0.130,,,
139,4.6000,pose,15,0.186,,,
139,4.6000,pose,16,0.370,,,
139,4.6000,pose,17,0.219,,,
139,4.6000,pose,18,0.445,,,
139,4.6000,pose,19,0.232,,,
139,4.6000,pose,20,0.471,,,
139,4.6000,pose,21,0.195,,,
139,4.6000,pose,22,0.451,,,
139,4.6000,pose,23,0.708,,,
139,4.6000,pose,24,0.760,,,
139,4.6000,pose,25,0.023,0.2193,0.0481,0.3320
139,4.6000,pose,26,0.019,,,
139,4.6000,pose,27,0.018,,,
139,4.6000,pose,28,0.019,,,
139,4.6000,pose,29,0.023,,,
139,4.6000,pose,30,0.026,,,
139,4.6000,pose,31,0.019,,,
139,4.6000,pose,32,0.020,,,
139,4.6000,hand_Right,0,1.000,,,
139,4.6000,hand_Right,1,1.000,,,
139,4.6000,hand_Right,2,1.000,,,
139,4.6000,hand_Right,3,1.000,,,
139,4.6000,hand_Right,4,1.000,,,
139,4.6000,hand_Right,5,1.000,,,
139,4.6000,hand_Right,6,1.000,,,
139,4.6000,hand_Right,7,1.000,,,
139,4.6000,hand_Right,8,1.000,,,
139,4.6000,hand_Right,9,1.000,,,
139,4.6000,hand_Right,10,1.000,,,
139,4.6000,hand_Right,11,1.000,,,
139,4.6000,hand_Right,12,1.000,,,
139,4.6000,hand_Right,13,1.000,,,
139,4.6000,hand_Right,14,1.000,,,
139,4.6000,hand_Right,15,1.000,,,
139,4.6000,hand_Right,16,1.000,,,
139,4.6000,hand_Right,17,1.000,,,
139,4.6000,hand_Right,18,1.000,,,
139,4.6000,hand_Right,19,1.000,,,
139,4.6000,hand_Right,20,1.000,,,
139,4.6000,hand_Left,0,1.000,-0.2589,0.0014,0.5830
139,4.6000,hand_Left,1,1.000,-0.2808,-0.0034,0.5720
139,4.6000,hand_Left,2,1.000,-0.3024,-0.0087,0.5540
139,4.6000,hand_Left,3,1.000,-0.3211,-0.0067,0.5370
139,4.6000,hand_Left,4,1.000,-0.3441,-0.0018,0.5340
139,4.6000,hand_Left,5,1.000,-0.3262,-0.0418,0.5670
139,4.6000,hand_Left,6,1.000,-0.3497,-0.0447,0.5490
139,4.6000,hand_Left,7,1.000,-0.3695,-0.0404,0.5460
139,4.6000,hand_Left,8,1.000,-0.3766,-0.0317,0.5350
139,4.6000,hand_Left,9,1.000,-0.3240,-0.0294,0.5640
139,4.6000,hand_Left,10,1.000,-0.3405,-0.0292,0.5400
139,4.6000,hand_Left,11,1.000,-0.3566,-0.0239,0.5340
139,4.6000,hand_Left,12,1.000,-0.3667,-0.0165,0.5280
139,4.6000,hand_Left,13,1.000,-0.3152,-0.0168,0.5520
139,4.6000,hand_Left,14,1.000,-0.3339,-0.0160,0.5400
139,4.6000,hand_Left,15,1.000,-0.3474,-0.0121,0.5360
139,4.6000,hand_Left,16,1.000,-0.3580,-0.0074,0.5310
139,4.6000,hand_Left,17,1.000,-0.3098,-0.0062,0.5480
139,4.6000,hand_Left,18,1.000,-0.3236,-0.0046,0.5350
139,4.6000,hand_Left,19,1.000,-0.3353,-0.0021,0.5340
139,4.6000,hand_Left,20,1.000,-0.3458,-0.0000,0.5340
140,4.6333,pose,0,0.645,,,
140,4.6333,pose,1,0.532,-0.2921,-0.8980,3.1500
140,4.6333,pose,2,0.537,-0.2729,-0.9445,3.1200
140,4.6333,pose,3,0.541,-0.2529,-1.0079,3.1580
140,4.6333,pose,4,0.644,-0.3476,-0.7577,3.1280
140,4.6333,pose,5,0.709,-0.3698,-0.7180,3.1500
140,4.6333,pose,6,0.742,-0.3970,-0.6841,3.1730
140,4.6333,pose,7,0.646,-0.1109,-1.1566,3.1960
140,4.6333,pose,8,0.736,-0.3277,-0.6427,3.0910
140,4.6333,pose,9,0.638,0.0108,-0.1494,0.6450
140,4.6333,pose,10,0.681,-0.0010,-0.1106,0.6330
140,4.6333,pose,11,0.955,0.1937,-0.1844,0.4580
140,4.6333,pose,12,0.974,-0.0028,0.0090,0.5960
140,4.6333,pose,13,0.222,,,
140,4.6333,pose,14,0.160,,,
140,4.6333,pose,15,0.168,,,
140,4.6333,pose,16,0.430,,,
140,4.6333,pose,17,0.200,,,
140,4.6333,pose,18,0.500,,,
140,4.6333,pose,19,0.212,,,
140,4.6333,pose,20,0.523,,,
140,4.6333,pose,21,0.180,,,
140,4.6333,pose,22,0.504,,,
140,4.6333,pose,23,0.666,,,
140,4.6333,pose,24,0.743,,,
140,4.6333,pose,25,0.021,,,
140,4.6333,pose,26,0.018,,,
140,4.6333,pose,27,0.017,,,
140,4.6333,pose,28,0.018,,,
140,4.6333,pose,29,0.022,,,
140,4.6333,pose,30,0.024,,,
140,4.6333,pose,31,0.018,,,
140,4.6333,pose,32,0.019,,,
140,4.6333,hand_Right,0,1.000,,,
140,4.6333,hand_Right,1,1.000,,,
140,4.6333,hand_Right,2,1.000,,,
140,4.6333,hand_Right,3,1.000,,,
140,4.6333,hand_Right,4,1.000,,,
140,4.6333,hand_Right,5,1.000,,,
140,4.6333,hand_Right,6,1.000,,,
140,4.6333,hand_Right,7,1.000,,,
140,4.6333,hand_Right,8,1.000,,,
140,4.6333,hand_Right,9,1.000,,,
140,4.6333,hand_Right,10,1.000,,,
140,4.6333,hand_Right,11,1.000,,,
140,4.6333,hand_Right,12,1.000,,,
140,4.6333,hand_Right,13,1.000,,,
140,4.6333,hand_Right,14,1.000,,,
140,4.6333,hand_Right,15,1.000,,,
140,4.6333,hand_Right,16,1.000,,,
140,4.6333,hand_Right,17,1.000,,,
140,4.6333,hand_Right,18,1.000,,,
140,4.6333,hand_Right,19,1.000,,,
140,4.6333,hand_Right,20,1.000,,,
140,4.6333,hand_Left,0,1.000,-0.2571,0.0019,0.5840
140,4.6333,hand_Left,1,1.000,-0.2790,-0.0025,0.5730
140,4.6333,hand_Left,2,1.000,-0.3018,-0.0082,0.5560
140,4.6333,hand_Left,3,1.000,-0.3205,-0.0073,0.5380
140,4.6333,hand_Left,4,1.000,-0.3436,-0.0026,0.5340
140,4.6333,hand_Left,5,1.000,-0.3258,-0.0418,0.5690
140,4.6333,hand_Left,6,1.000,-0.3489,-0.0443,0.5490
140,4.6333,hand_Left,7,1.000,-0.3667,-0.0393,0.5420
140,4.6333,hand_Left,8,1.000,-0.3767,-0.0309,0.5350
140,4.6333,hand_Left,9,1.000,-0.3230,-0.0300,0.5650
140,4.6333,hand_Left,10,1.000,-0.3393,-0.0292,0.5400
140,4.6333,hand_Left,11,1.000,-0.3561,-0.0228,0.5340
140,4.6333,hand_Left,12,1.000,-0.3655,-0.0144,0.5270
140,4.6333,hand_Left,13,1.000,-0.3148,-0.0178,0.5545
140,4.6333,hand_Left,14,1.000,-0.3318,-0.0161,0.5390
140,4.6333,hand_Left,15,1.000,-0.3459,-0.0109,0.5350
140,4.6333,hand_Left,16,1.000,-0.3581,-0.0053,0.5320
140,4.6333,hand_Left,17,1.000,-0.3083,-0.0074,0.5490
140,4.6333,hand_Left,18,1.000,-0.3219,-0.0050,0.5360
140,4.6333,hand_Left,19,1.000,-0.3339,-0.0012,0.5350
140,4.6333,hand_Left,20,1.000,-0.3446,0.0020,0.5350
141,4.6667,pose,0,0.604,,,
141,4.6667,pose,1,0.487,,,
141,4.6667,pose,2,0.491,,,
141,4.6667,pose,3,0.494,,,
141,4.6667,pose,4,0.605,0.0937,-1.8232,3.3070
141,4.6667,pose,5,0.678,0.0221,-1.7677,3.2660
141,4.6667,pose,6,0.725,-0.0516,-1.6584,3.1200
141,4.6667,pose,7,0.593,,,
141,4.6667,pose,8,0.718,-0.1325,-1.5322,3.0840
141,4.6667,pose,9,0.596,,,
141,4.6667,pose,10,0.659,,,
141,4.6667,pose,11,0.947,0.2317,-0.2104,0.4520
141,4.6667,pose,12,0.976,0.0005,-0.0239,0.6060
141,4.6667,pose,13,0.200,,,
141,4.6667,pose,14,0.163,0.0805,0.1244,0.3870
141,4.6667,pose,15,0.151,,,
141,4.6667,pose,16,0.471,,,
141,4.6667,pose,17,0.180,,,
141,4.6667,pose,18,0.540,,,
141,4.6667,pose,19,0.191,,,
141,4.6667,pose,20,0.563,,,
141,4.6667,pose,21,0.162,,,
141,4.6667,pose,22,0.543,,,
141,4.6667,pose,23,0.644,,,
141,4.6667,pose,24,0.738,,,
141,4.6667,pose,25,0.019,,,
141,4.6667,pose,26,0.017,,,
141,4.6667,pose,27,0.015,,,
141,4.6667,pose,28,0.016,,,
141,4.6667,pose,29,0.020,,,
141,4.6667,pose,30,0.022,,,
141,4.6667,pose,31,0.017,,,
141,4.6667,pose,32,0.017,,,
141,4.6667,hand_Right,0,1.000,,,
141,4.6667,hand_Right,1,1.000,,,
141,4.6667,hand_Right,2,1.000,,,
141,4.6667,hand_Right,3,1.000,,,
141,4.6667,hand_Right,4,1.000,,,
141,4.6667,hand_Right,5,1.000,,,
141,4.6667,hand_Right,6,1.000,,,
141,4.6667,hand_Right,7,1.000,,,
141,4.6667,hand_Right,8,1.000,,,
141,4.6667,hand_Right,9,1.000,,,
141,4.6667,hand_Right,10,1.000,,,
141,4.6667,hand_Right,11,1.000,,,
141,4.6667,hand_Right,12,1.000,,,
141,4.6667,hand_Right,13,1.000,,,
141,4.6667,hand_Right,14,1.000,,,
141,4.6667,hand_Right,15,1.000,,,
141,4.6667,hand_Right,16,1.000,,,
141,4.6667,hand_Right,17,1.000,,,
141,4.6667,hand_Right,18,1.000,,,
141,4.6667,hand_Right,19,1.000,,,
141,4.6667,hand_Right,20,1.000,,,
141,4.6667,hand_Left,0,1.000,-0.2556,0.0016,0.5820
141,4.6667,hand_Left,1,1.000,-0.2789,-0.0031,0.5730
141,4.6667,hand_Left,2,1.000,-0.3017,-0.0088,0.5550
141,4.6667,hand_Left,3,1.000,-0.3205,-0.0076,0.5370
141,4.6667,hand_Left,4,1.000,-0.3438,-0.0025,0.5340
141,4.6667,hand_Left,5,1.000,-0.3251,-0.0411,0.5670
141,4.6667,hand_Left,6,1.000,-0.3488,-0.0437,0.5480
141,4.6667,hand_Left,7,1.000,-0.3666,-0.0391,0.5420
141,4.6667,hand_Left,8,1.000,-0.3765,-0.0313,0.5350
141,4.6667,hand_Left,9,1.000,-0.3233,-0.0292,0.5650
141,4.6667,hand_Left,10,1.000,-0.3394,-0.0280,0.5400
141,4.6667,hand_Left,11,1.000,-0.3556,-0.0223,0.5340
141,4.6667,hand_Left,12,1.000,-0.3654,-0.0147,0.5280
141,4.6667,hand_Left,13,1.000,-0.3134,-0.0169,0.5520
141,4.6667,hand_Left,14,1.000,-0.3312,-0.0148,0.5390
141,4.6667,hand_Left,15,1.000,-0.3446,-0.0101,0.5350
141,4.6667,hand_Left,16,1.000,-0.3570,-0.0051,0.5330
141,4.6667,hand_Left,17,1.000,-0.3081,-0.0067,0.5490
141,4.6667,hand_Left,18,1.000,-0.3212,-0.0040,0.5360
141,4.6667,hand_Left,19,1.000,-0.3327,-0.0003,0.5350
141,4.6667,hand_Left,20,1.000,-0.3429,0.0028,0.5350
