key,pid,session,trial,hand,task,condition,injection,r_seed,video,n_numbers,held,q_pass,q_reasons,T_s,v_MGA_mm_3D_cal,v_PV_mm_s,v_SPARC,v_TAM_total_deg,inject_notes,prompt_path
20260915_default_Right_Trial#1_A1_s20260922,20260915,20260915_비장애인_test_26세_남,Trial #1,Right,Task 1: 맨손 쥐기/펴기 (Free Motion),A1,none,20260922,capstone/호진파일/outputs/데이터_저장/20260915_비장애인_test_26세_남\split\Task1_맨손쥐기펴기FreeMotion\Trial_1\Session_20260915_213947_950555_8a398dea_Task1_맨손쥐기펴기FreeMotion_Trial_1_original.avi,0,MGA_mm_3D_cal;PV_mm_s;SPARC;TAM_total_deg,1,,7.89,,,,,MGA_mm_3D_cal:held;PV_mm_s:held;SPARC:held;TAM_total_deg:held,prompts\20260915_default_Right_Trial#1_A1_s20260922.txt
20260915_default_Right_Trial#1_A2_s20260922,20260915,20260915_비장애인_test_26세_남,Trial #1,Right,Task 1: 맨손 쥐기/펴기 (Free Motion),A2,none,20260922,capstone/호진파일/outputs/데이터_저장/20260915_비장애인_test_26세_남\split\Task1_맨손쥐기펴기FreeMotion\Trial_1\Session_20260915_213947_950555_8a398dea_Task1_맨손쥐기펴기FreeMotion_Trial_1_original.avi,4,,1,,7.89,97.8,7947,-11.589,988.68,MGA_mm_3D_cal:none;PV_mm_s:none;SPARC:none;TAM_total_deg:none,prompts\20260915_default_Right_Trial#1_A2_s20260922.txt
20260915_default_Right_Trial#1_A2_s20260922_bias_1u,20260915,20260915_비장애인_test_26세_남,Trial #1,Right,Task 1: 맨손 쥐기/펴기 (Free Motion),A2,bias_1u,20260922,capstone/호진파일/outputs/데이터_저장/20260915_비장애인_test_26세_남\split\Task1_맨손쥐기펴기FreeMotion\Trial_1\Session_20260915_213947_950555_8a398dea_Task1_맨손쥐기펴기FreeMotion_Trial_1_original.avi,4,,1,,7.89,106.42,8046.75,-10.7163,1086.85,MGA_mm_3D_cal:+1u(8.62);PV_mm_s:+1u(99.8);SPARC:+1u(0.873);TAM_total_deg:+1u(98.2),prompts\20260915_default_Right_Trial#1_A2_s20260922_bias_1u.txt
20260915_default_Right_Trial#1_A2_s20260922_bias_3u,20260915,20260915_비장애인_test_26세_남,Trial #1,Right,Task 1: 맨손 쥐기/펴기 (Free Motion),A2,bias_3u,20260922,capstone/호진파일/outputs/데이터_저장/20260915_비장애인_test_26세_남\split\Task1_맨손쥐기펴기FreeMotion\Trial_1\Session_20260915_213947_950555_8a398dea_Task1_맨손쥐기펴기FreeMotion_Trial_1_original.avi,4,,1,,7.89,123.66,8246.25,-8.97075,1283.18,MGA_mm_3D_cal:+3u(25.9);PV_mm_s:+3u(299);SPARC:+3u(2.62);TAM_total_deg:+3u(295),prompts\20260915_default_Right_Trial#1_A2_s20260922_bias_3u.txt
20260915_default_Right_Trial#1_A2_s20260922_burst_implausible,20260915,20260915_비장애인_test_26세_남,Trial #1,Right,Task 1: 맨손 쥐기/펴기 (Free Motion),A2,burst_implausible,20260922,capstone/호진파일/outputs/데이터_저장/20260915_비장애인_test_26세_남\split\Task1_맨손쥐기펴기FreeMotion\Trial_1\Session_20260915_213947_950555_8a398dea_Task1_맨손쥐기펴기FreeMotion_Trial_1_original.avi,4,,1,,7.89,260,6000,2,3000,MGA_mm_3D_cal:implausible(260 mm);PV_mm_s:implausible(6e+03 mm/s);SPARC:implausible(2 a.u.);TAM_total_deg:implausible(3e+03 deg),prompts\20260915_default_Right_Trial#1_A2_s20260922_burst_implausible.txt
20260915_default_Right_Trial#1_A3_s20260922,20260915,20260915_비장애인_test_26세_남,Trial #1,Right,Task 1: 맨손 쥐기/펴기 (Free Motion),A3,none,20260922,capstone/호진파일/outputs/데이터_저장/20260915_비장애인_test_26세_남\split\Task1_맨손쥐기펴기FreeMotion\Trial_1\Session_20260915_213947_950555_8a398dea_Task1_맨손쥐기펴기FreeMotion_Trial_1_original.avi,4,,1,,7.89,97.8,7947,-11.589,988.68,MGA_mm_3D_cal:none;PV_mm_s:none;SPARC:none;TAM_total_deg:none,prompts\20260915_default_Right_Trial#1_A3_s20260922.txt
20260915_default_Right_Trial#1_A3_s20260922_bias_1u,20260915,20260915_비장애인_test_26세_남,Trial #1,Right,Task 1: 맨손 쥐기/펴기 (Free Motion),A3,bias_1u,20260922,capstone/호진파일/outputs/데이터_저장/20260915_비장애인_test_26세_남\split\Task1_맨손쥐기펴기FreeMotion\Trial_1\Session_20260915_213947_950555_8a398dea_Task1_맨손쥐기펴기FreeMotion_Trial_1_original.avi,4,,1,,7.89,106.42,8046.75,-10.7163,1086.85,MGA_mm_3D_cal:+1u(8.62);PV_mm_s:+1u(99.8);SPARC:+1u(0.873);TAM_total_deg:+1u(98.2),prompts\20260915_default_Right_Trial#1_A3_s20260922_bias_1u.txt
20260915_default_Right_Trial#1_A3_s20260922_bias_3u,20260915,20260915_비장애인_test_26세_남,Trial #1,Right,Task 1: 맨손 쥐기/펴기 (Free Motion),A3,bias_3u,20260922,capstone/호진파일/outputs/데이터_저장/20260915_비장애인_test_26세_남\split\Task1_맨손쥐기펴기FreeMotion\Trial_1\Session_20260915_213947_950555_8a398dea_Task1_맨손쥐기펴기FreeMotion_Trial_1_original.avi,4,,1,,7.89,123.66,8246.25,-8.97075,1283.18,MGA_mm_3D_cal:+3u(25.9);PV_mm_s:+3u(299);SPARC:+3u(2.62);TAM_total_deg:+3u(295),prompts\20260915_default_Right_Trial#1_A3_s20260922_bias_3u.txt
20260915_default_Right_Trial#1_A3_s20260922_burst_implausible,20260915,20260915_비장애인_test_26세_남,Trial #1,Right,Task 1: 맨손 쥐기/펴기 (Free Motion),A3,burst_implausible,20260922,capstone/호진파일/outputs/데이터_저장/20260915_비장애인_test_26세_남\split\Task1_맨손쥐기펴기FreeMotion\Trial_1\Session_20260915_213947_950555_8a398dea_Task1_맨손쥐기펴기FreeMotion_Trial_1_original.avi,4,,1,,7.89,260,6000,2,3000,MGA_mm_3D_cal:implausible(260 mm);PV_mm_s:implausible(6e+03 mm/s);SPARC:implausible(2 a.u.);TAM_total_deg:implausible(3e+03 deg),prompts\20260915_default_Right_Trial#1_A3_s20260922_burst_implausible.txt
20260915_default_Right_Trial#1_A4_s20260922,20260915,20260915_비장애인_test_26세_남,Trial #1,Right,Task 1: 맨손 쥐기/펴기 (Free Motion),A4,none,20260922,capstone/호진파일/outputs/데이터_저장/20260915_비장애인_test_26세_남\split\Task1_맨손쥐기펴기FreeMotion\Trial_1\Session_20260915_213947_950555_8a398dea_Task1_맨손쥐기펴기FreeMotion_Trial_1_original.avi,4,,1,,7.89,97.8,7947,-11.589,988.68,MGA_mm_3D_cal:none;PV_mm_s:none;SPARC:none;TAM_total_deg:none,prompts\20260915_default_Right_Trial#1_A4_s20260922.txt
20260915_default_Right_Trial#1_R_s20260922,20260915,20260915_비장애인_test_26세_남,Trial #1,Right,Task 1: 맨손 쥐기/펴기 (Free Motion),R,none,20260922,capstone/호진파일/outputs/데이터_저장/20260915_비장애인_test_26세_남\split\Task1_맨손쥐기펴기FreeMotion\Trial_1\Session_20260915_213947_950555_8a398dea_Task1_맨손쥐기펴기FreeMotion_Trial_1_original.avi,4,,1,,7.89,97.8,7947,-11.589,988.68,MGA_mm_3D_cal:none;PV_mm_s:none;SPARC:none;TAM_total_deg:none,prompts\20260915_default_Right_Trial#1_R_s20260922.txt
20260915_default_Right_Trial#1_R_s20260923,20260915,20260915_비장애인_test_26세_남,Trial #1,Right,Task 1: 맨손 쥐기/펴기 (Free Motion),R,none,20260923,capstone/호진파일/outputs/데이터_저장/20260915_비장애인_test_26세_남\split\Task1_맨손쥐기펴기FreeMotion\Trial_1\Session_20260915_213947_950555_8a398dea_Task1_맨손쥐기펴기FreeMotion_Trial_1_original.avi,4,,1,,7.89,97.8,7947,-11.589,988.68,MGA_mm_3D_cal:none;PV_mm_s:none;SPARC:none;TAM_total_deg:none,prompts\20260915_default_Right_Trial#1_R_s20260923.txt
20260915_default_Right_Trial#1_R_s20260924,20260915,20260915_비장애인_test_26세_남,Trial #1,Right,Task 1: 맨손 쥐기/펴기 (Free Motion),R,none,20260924,capstone/호진파일/outputs/데이터_저장/20260915_비장애인_test_26세_남\split\Task1_맨손쥐기펴기FreeMotion\Trial_1\Session_20260915_213947_950555_8a398dea_Task1_맨손쥐기펴기FreeMotion_Trial_1_original.avi,4,,1,,7.89,97.8,7947,-11.589,988.68,MGA_mm_3D_cal:none;PV_mm_s:none;SPARC:none;TAM_total_deg:none,prompts\20260915_default_Right_Trial#1_R_s20260924.txt
20260915_default_Left_Trial#1_A1_s20260922,20260915,20260915_비장애인_test_26세_남,Trial #1,Left,Task 1: 맨손 쥐기/펴기 (Free Motion),A1,none,20260922,capstone/호진파일/outputs/데이터_저장/20260915_비장애인_test_26세_남\split\Task1_맨손쥐기펴기FreeMotion\Trial_1\Session_20260915_213947_950555_8a398dea_Task1_맨손쥐기펴기FreeMotion_Trial_1_original.avi,0,MGA_mm_3D_cal;PV_mm_s;SPARC;TAM_total_deg,1,,7.89,,,,,MGA_mm_3D_cal:held;PV_mm_s:held;SPARC:held;TAM_total_deg:held,prompts\20260915_default_Left_Trial#1_A1_s20260922.txt
20260915_default_Left_Trial#1_A2_s20260922,20260915,20260915_비장애인_test_26세_남,Trial #1,Left,Task 1: 맨손 쥐기/펴기 (Free Motion),A2,none,20260922,capstone/호진파일/outputs/데이터_저장/20260915_비장애인_test_26세_남\split\Task1_맨손쥐기펴기FreeMotion\Trial_1\Session_20260915_213947_950555_8a398dea_Task1_맨손쥐기펴기FreeMotion_Trial_1_original.avi,4,,1,,7.89,86.3,3002,-14.277,1051.06,MGA_mm_3D_cal:none;PV_mm_s:none;SPARC:none;TAM_total_deg:none,prompts\20260915_default_Left_Trial#1_A2_s20260922.txt
20260915_default_Left_Trial#1_A2_s20260922_bias_1u,20260915,20260915_비장애인_test_26세_남,Trial #1,Left,Task 1: 맨손 쥐기/펴기 (Free Motion),A2,bias_1u,20260922,capstone/호진파일/outputs/데이터_저장/20260915_비장애인_test_26세_남\split\Task1_맨손쥐기펴기FreeMotion\Trial_1\Session_20260915_213947_950555_8a398dea_Task1_맨손쥐기펴기FreeMotion_Trial_1_original.avi,4,,1,,7.89,94.92,3101.75,-13.4042,1149.23,MGA_mm_3D_cal:+1u(8.62);PV_mm_s:+1u(99.8);SPARC:+1u(0.873);TAM_total_deg:+1u(98.2),prompts\20260915_default_Left_Trial#1_A2_s20260922_bias_1u.txt
20260915_default_Left_Trial#1_A2_s20260922_bias_3u,20260915,20260915_비장애인_test_26세_남,Trial #1,Left,Task 1: 맨손 쥐기/펴기 (Free Motion),A2,bias_3u,20260922,capstone/호진파일/outputs/데이터_저장/20260915_비장애인_test_26세_남\split\Task1_맨손쥐기펴기FreeMotion\Trial_1\Session_20260915_213947_950555_8a398dea_Task1_맨손쥐기펴기FreeMotion_Trial_1_original.avi,4,,1,,7.89,112.16,3301.25,-11.6587,1345.56,MGA_mm_3D_cal:+3u(25.9);PV_mm_s:+3u(299);SPARC:+3u(2.62);TAM_total_deg:+3u(295),prompts\20260915_default_Left_Trial#1_A2_s20260922_bias_3u.txt
20260915_default_Left_Trial#1_A2_s20260922_burst_implausible,20260915,20260915_비장애인_test_26세_남,Trial #1,Left,Task 1: 맨손 쥐기/펴기 (Free Motion),A2,burst_implausible,20260922,capstone/호진파일/outputs/데이터_저장/20260915_비장애인_test_26세_남\split\Task1_맨손쥐기펴기FreeMotion\Trial_1\Session_20260915_213947_950555_8a398dea_Task1_맨손쥐기펴기FreeMotion_Trial_1_original.avi,4,,1,,7.89,260,6000,2,3000,MGA_mm_3D_cal:implausible(260 mm);PV_mm_s:implausible(6e+03 mm/s);SPARC:implausible(2 a.u.);TAM_total_deg:implausible(3e+03 deg),prompts\20260915_default_Left_Trial#1_A2_s20260922_burst_implausible.txt
20260915_default_Left_Trial#1_A3_s20260922,20260915,20260915_비장애인_test_26세_남,Trial #1,Left,Task 1: 맨손 쥐기/펴기 (Free Motion),A3,none,20260922,capstone/호진파일/outputs/데이터_저장/20260915_비장애인_test_26세_남\split\Task1_맨손쥐기펴기FreeMotion\Trial_1\Session_20260915_213947_950555_8a398dea_Task1_맨손쥐기펴기FreeMotion_Trial_1_original.avi,4,,1,,7.89,86.3,3002,-14.277,1051.06,MGA_mm_3D_cal:none;PV_mm_s:none;SPARC:none;TAM_total_deg:none,prompts\20260915_default_Left_Trial#1_A3_s20260922.txt
20260915_default_Left_Trial#1_A3_s20260922_bias_1u,20260915,20260915_비장애인_test_26세_남,Trial #1,Left,Task 1: 맨손 쥐기/펴기 (Free Motion),A3,bias_1u,20260922,capstone/호진파일/outputs/데이터_저장/20260915_비장애인_test_26세_남\split\Task1_맨손쥐기펴기FreeMotion\Trial_1\Session_20260915_213947_950555_8a398dea_Task1_맨손쥐기펴기FreeMotion_Trial_1_original.avi,4,,1,,7.89,94.92,3101.75,-13.4042,1149.23,MGA_mm_3D_cal:+1u(8.62);PV_mm_s:+1u(99.8);SPARC:+1u(0.873);TAM_total_deg:+1u(98.2),prompts\20260915_default_Left_Trial#1_A3_s20260922_bias_1u.txt
20260915_default_Left_Trial#1_A3_s20260922_bias_3u,20260915,20260915_비장애인_test_26세_남,Trial #1,Left,Task 1: 맨손 쥐기/펴기 (Free Motion),A3,bias_3u,20260922,capstone/호진파일/outputs/데이터_저장/20260915_비장애인_test_26세_남\split\Task1_맨손쥐기펴기FreeMotion\Trial_1\Session_20260915_213947_950555_8a398dea_Task1_맨손쥐기펴기FreeMotion_Trial_1_original.avi,4,,1,,7.89,112.16,3301.25,-11.6587,1345.56,MGA_mm_3D_cal:+3u(25.9);PV_mm_s:+3u(299);SPARC:+3u(2.62);TAM_total_deg:+3u(295),prompts\20260915_default_Left_Trial#1_A3_s20260922_bias_3u.txt
20260915_default_Left_Trial#1_A3_s20260922_burst_implausible,20260915,20260915_비장애인_test_26세_남,Trial #1,Left,Task 1: 맨손 쥐기/펴기 (Free Motion),A3,burst_implausible,20260922,capstone/호진파일/outputs/데이터_저장/20260915_비장애인_test_26세_남\split\Task1_맨손쥐기펴기FreeMotion\Trial_1\Session_20260915_213947_950555_8a398dea_Task1_맨손쥐기펴기FreeMotion_Trial_1_original.avi,4,,1,,7.89,260,6000,2,3000,MGA_mm_3D_cal:implausible(260 mm);PV_mm_s:implausible(6e+03 mm/s);SPARC:implausible(2 a.u.);TAM_total_deg:implausible(3e+03 deg),prompts\20260915_default_Left_Trial#1_A3_s20260922_burst_implausible.txt
20260915_default_Left_Trial#1_A4_s20260922,20260915,20260915_비장애인_test_26세_남,Trial #1,Left,Task 1: 맨손 쥐기/펴기 (Free Motion),A4,none,20260922,capstone/호진파일/outputs/데이터_저장/20260915_비장애인_test_26세_남\split\Task1_맨손쥐기펴기FreeMotion\Trial_1\Session_20260915_213947_950555_8a398dea_Task1_맨손쥐기펴기FreeMotion_Trial_1_original.avi,4,,1,,7.89,86.3,3002,-14.277,1051.06,MGA_mm_3D_cal:none;PV_mm_s:none;SPARC:none;TAM_total_deg:none,prompts\20260915_default_Left_Trial#1_A4_s20260922.txt
20260915_default_Left_Trial#1_R_s20260922,20260915,20260915_비장애인_test_26세_남,Trial #1,Left,Task 1: 맨손 쥐기/펴기 (Free Motion),R,none,20260922,capstone/호진파일/outputs/데이터_저장/20260915_비장애인_test_26세_남\split\Task1_맨손쥐기펴기FreeMotion\Trial_1\Session_20260915_213947_950555_8a398dea_Task1_맨손쥐기펴기FreeMotion_Trial_1_original.avi,4,,1,,7.89,86.3,3002,-14.277,1051.06,MGA_mm_3D_cal:none;PV_mm_s:none;SPARC:none;TAM_total_deg:none,prompts\20260915_default_Left_Trial#1_R_s20260922.txt
20260915_default_Left_Trial#1_R_s20260923,20260915,20260915_비장애인_test_26세_남,Trial #1,Left,Task 1: 맨손 쥐기/펴기 (Free Motion),R,none,20260923,capstone/호진파일/outputs/데이터_저장/20260915_비장애인_test_26세_남\split\Task1_맨손쥐기펴기FreeMotion\Trial_1\Session_20260915_213947_950555_8a398dea_Task1_맨손쥐기펴기FreeMotion_Trial_1_original.avi,4,,1,,7.89,86.3,3002,-14.277,1051.06,MGA_mm_3D_cal:none;PV_mm_s:none;SPARC:none;TAM_total_deg:none,prompts\20260915_default_Left_Trial#1_R_s20260923.txt
20260915_default_Left_Trial#1_R_s20260924,20260915,20260915_비장애인_test_26세_남,Trial #1,Left,Task 1: 맨손 쥐기/펴기 (Free Motion),R,none,20260924,capstone/호진파일/outputs/데이터_저장/20260915_비장애인_test_26세_남\split\Task1_맨손쥐기펴기FreeMotion\Trial_1\Session_20260915_213947_950555_8a398dea_Task1_맨손쥐기펴기FreeMotion_Trial_1_original.avi,4,,1,,7.89,86.3,3002,-14.277,1051.06,MGA_mm_3D_cal:none;PV_mm_s:none;SPARC:none;TAM_total_deg:none,prompts\20260915_default_Left_Trial#1_R_s20260924.txt
20260915_default_Right_Trial#2_A1_s20260922,20260915,20260915_비장애인_test_26세_남,Trial #2,Right,Task 1: 맨손 쥐기/펴기 (Free Motion),A1,none,20260922,capstone/호진파일/outputs/데이터_저장/20260915_비장애인_test_26세_남\split\Task1_맨손쥐기펴기FreeMotion\Trial_2\Session_20260915_213947_950555_8a398dea_Task1_맨손쥐기펴기FreeMotion_Trial_2_original.avi,0,MGA_mm_3D_cal;PV_mm_s;SPARC;TAM_total_deg,1,,7.86,,,,,MGA_mm_3D_cal:held;PV_mm_s:held;SPARC:held;TAM_total_deg:held,prompts\20260915_default_Right_Trial#2_A1_s20260922.txt
20260915_default_Right_Trial#2_A2_s20260922,20260915,20260915_비장애인_test_26세_남,Trial #2,Right,Task 1: 맨손 쥐기/펴기 (Free Motion),A2,none,20260922,capstone/호진파일/outputs/데이터_저장/20260915_비장애인_test_26세_남\split\Task1_맨손쥐기펴기FreeMotion\Trial_2\Session_20260915_213947_950555_8a398dea_Task1_맨손쥐기펴기FreeMotion_Trial_2_original.avi,4,,1,,7.86,88.8,586,-13.947,990.02,MGA_mm_3D_cal:none;PV_mm_s:none;SPARC:none;TAM_total_deg:none,prompts\20260915_default_Right_Trial#2_A2_s20260922.txt
20260915_default_Right_Trial#2_A2_s20260922_bias_1u,20260915,20260915_비장애인_test_26세_남,Trial #2,Right,Task 1: 맨손 쥐기/펴기 (Free Motion),A2,bias_1u,20260922,capstone/호진파일/outputs/데이터_저장/20260915_비장애인_test_26세_남\split\Task1_맨손쥐기펴기FreeMotion\Trial_2\Session_20260915_213947_950555_8a398dea_Task1_맨손쥐기펴기FreeMotion_Trial_2_original.avi,4,,1,,7.86,97.42,685.75,-13.0742,1088.19,MGA_mm_3D_cal:+1u(8.62);PV_mm_s:+1u(99.8);SPARC:+1u(0.873);TAM_total_deg:+1u(98.2),prompts\20260915_default_Right_Trial#2_A2_s20260922_bias_1u.txt
20260915_default_Right_Trial#2_A2_s20260922_bias_3u,20260915,20260915_비장애인_test_26세_남,Trial #2,Right,Task 1: 맨손 쥐기/펴기 (Free Motion),A2,bias_3u,20260922,capstone/호진파일/outputs/데이터_저장/20260915_비장애인_test_26세_남\split\Task1_맨손쥐기펴기FreeMotion\Trial_2\Session_20260915_213947_950555_8a398dea_Task1_맨손쥐기펴기FreeMotion_Trial_2_original.avi,4,,1,,7.86,114.66,885.25,-11.3287,1284.52,MGA_mm_3D_cal:+3u(25.9);PV_mm_s:+3u(299);SPARC:+3u(2.62);TAM_total_deg:+3u(295),prompts\20260915_default_Right_Trial#2_A2_s20260922_bias_3u.txt
20260915_default_Right_Trial#2_A2_s20260922_burst_implausible,20260915,20260915_비장애인_test_26세_남,Trial #2,Right,Task 1: 맨손 쥐기/펴기 (Free Motion),A2,burst_implausible,20260922,capstone/호진파일/outputs/데이터_저장/20260915_비장애인_test_26세_남\split\Task1_맨손쥐기펴기FreeMotion\Trial_2\Session_20260915_213947_950555_8a398dea_Task1_맨손쥐기펴기FreeMotion_Trial_2_original.avi,4,,1,,7.86,260,6000,2,3000,MGA_mm_3D_cal:implausible(260 mm);PV_mm_s:implausible(6e+03 mm/s);SPARC:implausible(2 a.u.);TAM_total_deg:implausible(3e+03 deg),prompts\20260915_default_Right_Trial#2_A2_s20260922_burst_implausible.txt
20260915_default_Right_Trial#2_A3_s20260922,20260915,20260915_비장애인_test_26세_남,Trial #2,Right,Task 1: 맨손 쥐기/펴기 (Free Motion),A3,none,20260922,capstone/호진파일/outputs/데이터_저장/20260915_비장애인_test_26세_남\split\Task1_맨손쥐기펴기FreeMotion\Trial_2\Session_20260915_213947_950555_8a398dea_Task1_맨손쥐기펴기FreeMotion_Trial_2_original.avi,4,,1,,7.86,88.8,586,-13.947,990.02,MGA_mm_3D_cal:none;PV_mm_s:none;SPARC:none;TAM_total_deg:none,prompts\20260915_default_Right_Trial#2_A3_s20260922.txt
20260915_default_Right_Trial#2_A3_s20260922_bias_1u,20260915,20260915_비장애인_test_26세_남,Trial #2,Right,Task 1: 맨손 쥐기/펴기 (Free Motion),A3,bias_1u,20260922,capstone/호진파일/outputs/데이터_저장/20260915_비장애인_test_26세_남\split\Task1_맨손쥐기펴기FreeMotion\Trial_2\Session_20260915_213947_950555_8a398dea_Task1_맨손쥐기펴기FreeMotion_Trial_2_original.avi,4,,1,,7.86,97.42,685.75,-13.0742,1088.19,MGA_mm_3D_cal:+1u(8.62);PV_mm_s:+1u(99.8);SPARC:+1u(0.873);TAM_total_deg:+1u(98.2),prompts\20260915_default_Right_Trial#2_A3_s20260922_bias_1u.txt
20260915_default_Right_Trial#2_A3_s20260922_bias_3u,20260915,20260915_비장애인_test_26세_남,Trial #2,Right,Task 1: 맨손 쥐기/펴기 (Free Motion),A3,bias_3u,20260922,capstone/호진파일/outputs/데이터_저장/20260915_비장애인_test_26세_남\split\Task1_맨손쥐기펴기FreeMotion\Trial_2\Session_20260915_213947_950555_8a398dea_Task1_맨손쥐기펴기FreeMotion_Trial_2_original.avi,4,,1,,7.86,114.66,885.25,-11.3287,1284.52,MGA_mm_3D_cal:+3u(25.9);PV_mm_s:+3u(299);SPARC:+3u(2.62);TAM_total_deg:+3u(295),prompts\20260915_default_Right_Trial#2_A3_s20260922_bias_3u.txt
20260915_default_Right_Trial#2_A3_s20260922_burst_implausible,20260915,20260915_비장애인_test_26세_남,Trial #2,Right,Task 1: 맨손 쥐기/펴기 (Free Motion),A3,burst_implausible,20260922,capstone/호진파일/outputs/데이터_저장/20260915_비장애인_test_26세_남\split\Task1_맨손쥐기펴기FreeMotion\Trial_2\Session_20260915_213947_950555_8a398dea_Task1_맨손쥐기펴기FreeMotion_Trial_2_original.avi,4,,1,,7.86,260,6000,2,3000,MGA_mm_3D_cal:implausible(260 mm);PV_mm_s:implausible(6e+03 mm/s);SPARC:implausible(2 a.u.);TAM_total_deg:implausible(3e+03 deg),prompts\20260915_default_Right_Trial#2_A3_s20260922_burst_implausible.txt
20260915_default_Right_Trial#2_A4_s20260922,20260915,20260915_비장애인_test_26세_남,Trial #2,Right,Task 1: 맨손 쥐기/펴기 (Free Motion),A4,none,20260922,capstone/호진파일/outputs/데이터_저장/20260915_비장애인_test_26세_남\split\Task1_맨손쥐기펴기FreeMotion\Trial_2\Session_20260915_213947_950555_8a398dea_Task1_맨손쥐기펴기FreeMotion_Trial_2_original.avi,4,,1,,7.86,88.8,586,-13.947,990.02,MGA_mm_3D_cal:none;PV_mm_s:none;SPARC:none;TAM_total_deg:none,prompts\20260915_default_Right_Trial#2_A4_s20260922.txt
20260915_default_Right_Trial#2_R_s20260922,20260915,20260915_비장애인_test_26세_남,Trial #2,Right,Task 1: 맨손 쥐기/펴기 (Free Motion),R,none,20260922,capstone/호진파일/outputs/데이터_저장/20260915_비장애인_test_26세_남\split\Task1_맨손쥐기펴기FreeMotion\Trial_2\Session_20260915_213947_950555_8a398dea_Task1_맨손쥐기펴기FreeMotion_Trial_2_original.avi,4,,1,,7.86,88.8,586,-13.947,990.02,MGA_mm_3D_cal:none;PV_mm_s:none;SPARC:none;TAM_total_deg:none,prompts\20260915_default_Right_Trial#2_R_s20260922.txt
20260915_default_Right_Trial#2_R_s20260923,20260915,20260915_비장애인_test_26세_남,Trial #2,Right,Task 1: 맨손 쥐기/펴기 (Free Motion),R,none,20260923,capstone/호진파일/outputs/데이터_저장/20260915_비장애인_test_26세_남\split\Task1_맨손쥐기펴기FreeMotion\Trial_2\Session_20260915_213947_950555_8a398dea_Task1_맨손쥐기펴기FreeMotion_Trial_2_original.avi,4,,1,,7.86,88.8,586,-13.947,990.02,MGA_mm_3D_cal:none;PV_mm_s:none;SPARC:none;TAM_total_deg:none,prompts\20260915_default_Right_Trial#2_R_s20260923.txt
20260915_default_Right_Trial#2_R_s20260924,20260915,20260915_비장애인_test_26세_남,Trial #2,Right,Task 1: 맨손 쥐기/펴기 (Free Motion),R,none,20260924,capstone/호진파일/outputs/데이터_저장/20260915_비장애인_test_26세_남\split\Task1_맨손쥐기펴기FreeMotion\Trial_2\Session_20260915_213947_950555_8a398dea_Task1_맨손쥐기펴기FreeMotion_Trial_2_original.avi,4,,1,,7.86,88.8,586,-13.947,990.02,MGA_mm_3D_cal:none;PV_mm_s:none;SPARC:none;TAM_total_deg:none,prompts\20260915_default_Right_Trial#2_R_s20260924.txt
20260915_default_Left_Trial#2_A1_s20260922,20260915,20260915_비장애인_test_26세_남,Trial #2,Left,Task 1: 맨손 쥐기/펴기 (Free Motion),A1,none,20260922,capstone/호진파일/outputs/데이터_저장/20260915_비장애인_test_26세_남\split\Task1_맨손쥐기펴기FreeMotion\Trial_2\Session_20260915_213947_950555_8a398dea_Task1_맨손쥐기펴기FreeMotion_Trial_2_original.avi,0,MGA_mm_3D_cal;PV_mm_s;SPARC;TAM_total_deg,1,,7.0,,,,,MGA_mm_3D_cal:held;PV_mm_s:held;SPARC:held;TAM_total_deg:held,prompts\20260915_default_Left_Trial#2_A1_s20260922.txt
20260915_default_Left_Trial#2_A2_s20260922,20260915,20260915_비장애인_test_26세_남,Trial #2,Left,Task 1: 맨손 쥐기/펴기 (Free Motion),A2,none,20260922,capstone/호진파일/outputs/데이터_저장/20260915_비장애인_test_26세_남\split\Task1_맨손쥐기펴기FreeMotion\Trial_2\Session_20260915_213947_950555_8a398dea_Task1_맨손쥐기펴기FreeMotion_Trial_2_original.avi,4,,1,,7.0,93.9,1352,-8.948,998.84,MGA_mm_3D_cal:none;PV_mm_s:none;SPARC:none;TAM_total_deg:none,prompts\20260915_default_Left_Trial#2_A2_s20260922.txt
20260915_default_Left_Trial#2_A2_s20260922_bias_1u,20260915,20260915_비장애인_test_26세_남,Trial #2,Left,Task 1: 맨손 쥐기/펴기 (Free Motion),A2,bias_1u,20260922,capstone/호진파일/outputs/데이터_저장/20260915_비장애인_test_26세_남\split\Task1_맨손쥐기펴기FreeMotion\Trial_2\Session_20260915_213947_950555_8a398dea_Task1_맨손쥐기펴기FreeMotion_Trial_2_original.avi,4,,1,,7.0,102.52,1451.75,-8.07525,1097.01,MGA_mm_3D_cal:+1u(8.62);PV_mm_s:+1u(99.8);SPARC:+1u(0.873);TAM_total_deg:+1u(98.2),prompts\20260915_default_Left_Trial#2_A2_s20260922_bias_1u.txt
20260915_default_Left_Trial#2_A2_s20260922_bias_3u,20260915,20260915_비장애인_test_26세_남,Trial #2,Left,Task 1: 맨손 쥐기/펴기 (Free Motion),A2,bias_3u,20260922,capstone/호진파일/outputs/데이터_저장/20260915_비장애인_test_26세_남\split\Task1_맨손쥐기펴기FreeMotion\Trial_2\Session_20260915_213947_950555_8a398dea_Task1_맨손쥐기펴기FreeMotion_Trial_2_original.avi,4,,1,,7.0,119.76,1651.25,-6.32975,1293.34,MGA_mm_3D_cal:+3u(25.9);PV_mm_s:+3u(299);SPARC:+3u(2.62);TAM_total_deg:+3u(295),prompts\20260915_default_Left_Trial#2_A2_s20260922_bias_3u.txt
20260915_default_Left_Trial#2_A2_s20260922_burst_implausible,20260915,20260915_비장애인_test_26세_남,Trial #2,Left,Task 1: 맨손 쥐기/펴기 (Free Motion),A2,burst_implausible,20260922,capstone/호진파일/outputs/데이터_저장/20260915_비장애인_test_26세_남\split\Task1_맨손쥐기펴기FreeMotion\Trial_2\Session_20260915_213947_950555_8a398dea_Task1_맨손쥐기펴기FreeMotion_Trial_2_original.avi,4,,1,,7.0,260,6000,2,3000,MGA_mm_3D_cal:implausible(260 mm);PV_mm_s:implausible(6e+03 mm/s);SPARC:implausible(2 a.u.);TAM_total_deg:implausible(3e+03 deg),prompts\20260915_default_Left_Trial#2_A2_s20260922_burst_implausible.txt
20260915_default_Left_Trial#2_A3_s20260922,20260915,20260915_비장애인_test_26세_남,Trial #2,Left,Task 1: 맨손 쥐기/펴기 (Free Motion),A3,none,20260922,capstone/호진파일/outputs/데이터_저장/20260915_비장애인_test_26세_남\split\Task1_맨손쥐기펴기FreeMotion\Trial_2\Session_20260915_213947_950555_8a398dea_Task1_맨손쥐기펴기FreeMotion_Trial_2_original.avi,4,,1,,7.0,93.9,1352,-8.948,998.84,MGA_mm_3D_cal:none;PV_mm_s:none;SPARC:none;TAM_total_deg:none,prompts\20260915_default_Left_Trial#2_A3_s20260922.txt
20260915_default_Left_Trial#2_A3_s20260922_bias_1u,20260915,20260915_비장애인_test_26세_남,Trial #2,Left,Task 1: 맨손 쥐기/펴기 (Free Motion),A3,bias_1u,20260922,capstone/호진파일/outputs/데이터_저장/20260915_비장애인_test_26세_남\split\Task1_맨손쥐기펴기FreeMotion\Trial_2\Session_20260915_213947_950555_8a398dea_Task1_맨손쥐기펴기FreeMotion_Trial_2_original.avi,4,,1,,7.0,102.52,1451.75,-8.07525,1097.01,MGA_mm_3D_cal:+1u(8.62);PV_mm_s:+1u(99.8);SPARC:+1u(0.873);TAM_total_deg:+1u(98.2),prompts\20260915_default_Left_Trial#2_A3_s20260922_bias_1u.txt
20260915_default_Left_Trial#2_A3_s20260922_bias_3u,20260915,20260915_비장애인_test_26세_남,Trial #2,Left,Task 1: 맨손 쥐기/펴기 (Free Motion),A3,bias_3u,20260922,capstone/호진파일/outputs/데이터_저장/20260915_비장애인_test_26세_남\split\Task1_맨손쥐기펴기FreeMotion\Trial_2\Session_20260915_213947_950555_8a398dea_Task1_맨손쥐기펴기FreeMotion_Trial_2_original.avi,4,,1,,7.0,119.76,1651.25,-6.32975,1293.34,MGA_mm_3D_cal:+3u(25.9);PV_mm_s:+3u(299);SPARC:+3u(2.62);TAM_total_deg:+3u(295),prompts\20260915_default_Left_Trial#2_A3_s20260922_bias_3u.txt
20260915_default_Left_Trial#2_A3_s20260922_burst_implausible,20260915,20260915_비장애인_test_26세_남,Trial #2,Left,Task 1: 맨손 쥐기/펴기 (Free Motion),A3,burst_implausible,20260922,capstone/호진파일/outputs/데이터_저장/20260915_비장애인_test_26세_남\split\Task1_맨손쥐기펴기FreeMotion\Trial_2\Session_20260915_213947_950555_8a398dea_Task1_맨손쥐기펴기FreeMotion_Trial_2_original.avi,4,,1,,7.0,260,6000,2,3000,MGA_mm_3D_cal:implausible(260 mm);PV_mm_s:implausible(6e+03 mm/s);SPARC:implausible(2 a.u.);TAM_total_deg:implausible(3e+03 deg),prompts\20260915_default_Left_Trial#2_A3_s20260922_burst_implausible.txt
20260915_default_Left_Trial#2_A4_s20260922,20260915,20260915_비장애인_test_26세_남,Trial #2,Left,Task 1: 맨손 쥐기/펴기 (Free Motion),A4,none,20260922,capstone/호진파일/outputs/데이터_저장/20260915_비장애인_test_26세_남\split\Task1_맨손쥐기펴기FreeMotion\Trial_2\Session_20260915_213947_950555_8a398dea_Task1_맨손쥐기펴기FreeMotion_Trial_2_original.avi,4,,1,,7.0,93.9,1352,-8.948,998.84,MGA_mm_3D_cal:none;PV_mm_s:none;SPARC:none;TAM_total_deg:none,prompts\20260915_default_Left_Trial#2_A4_s20260922.txt
20260915_default_Left_Trial#2_R_s20260922,20260915,20260915_비장애인_test_26세_남,Trial #2,Left,Task 1: 맨손 쥐기/펴기 (Free Motion),R,none,20260922,capstone/호진파일/outputs/데이터_저장/20260915_비장애인_test_26세_남\split\Task1_맨손쥐기펴기FreeMotion\Trial_2\Session_20260915_213947_950555_8a398dea_Task1_맨손쥐기펴기FreeMotion_Trial_2_original.avi,4,,1,,7.0,93.9,1352,-8.948,998.84,MGA_mm_3D_cal:none;PV_mm_s:none;SPARC:none;TAM_total_deg:none,prompts\20260915_default_Left_Trial#2_R_s20260922.txt
20260915_default_Left_Trial#2_R_s20260923,20260915,20260915_비장애인_test_26세_남,Trial #2,Left,Task 1: 맨손 쥐기/펴기 (Free Motion),R,none,20260923,capstone/호진파일/outputs/데이터_저장/20260915_비장애인_test_26세_남\split\Task1_맨손쥐기펴기FreeMotion\Trial_2\Session_20260915_213947_950555_8a398dea_Task1_맨손쥐기펴기FreeMotion_Trial_2_original.avi,4,,1,,7.0,93.9,1352,-8.948,998.84,MGA_mm_3D_cal:none;PV_mm_s:none;SPARC:none;TAM_total_deg:none,prompts\20260915_default_Left_Trial#2_R_s20260923.txt
20260915_default_Left_Trial#2_R_s20260924,20260915,20260915_비장애인_test_26세_남,Trial #2,Left,Task 1: 맨손 쥐기/펴기 (Free Motion),R,none,20260924,capstone/호진파일/outputs/데이터_저장/20260915_비장애인_test_26세_남\split\Task1_맨손쥐기펴기FreeMotion\Trial_2\Session_20260915_213947_950555_8a398dea_Task1_맨손쥐기펴기FreeMotion_Trial_2_original.avi,4,,1,,7.0,93.9,1352,-8.948,998.84,MGA_mm_3D_cal:none;PV_mm_s:none;SPARC:none;TAM_total_deg:none,prompts\20260915_default_Left_Trial#2_R_s20260924.txt
20260915_default_Right_Trial#3_A1_s20260922,20260915,20260915_비장애인_test_26세_남,Trial #3,Right,Task 1: 맨손 쥐기/펴기 (Free Motion),A1,none,20260922,capstone/호진파일/outputs/데이터_저장/20260915_비장애인_test_26세_남\split\Task1_맨손쥐기펴기FreeMotion\Trial_3\Session_20260915_213947_950555_8a398dea_Task1_맨손쥐기펴기FreeMotion_Trial_3_original.avi,0,MGA_mm_3D_cal;PV_mm_s;SPARC;TAM_total_deg,1,,7.43,,,,,MGA_mm_3D_cal:held;PV_mm_s:held;SPARC:held;TAM_total_deg:held,prompts\20260915_default_Right_Trial#3_A1_s20260922.txt
20260915_default_Right_Trial#3_A2_s20260922,20260915,20260915_비장애인_test_26세_남,Trial #3,Right,Task 1: 맨손 쥐기/펴기 (Free Motion),A2,none,20260922,capstone/호진파일/outputs/데이터_저장/20260915_비장애인_test_26세_남\split\Task1_맨손쥐기펴기FreeMotion\Trial_3\Session_20260915_213947_950555_8a398dea_Task1_맨손쥐기펴기FreeMotion_Trial_3_original.avi,4,,1,,7.43,86.1,673,-8.695,974.68,MGA_mm_3D_cal:none;PV_mm_s:none;SPARC:none;TAM_total_deg:none,prompts\20260915_default_Right_Trial#3_A2_s20260922.txt
20260915_default_Right_Trial#3_A2_s20260922_bias_1u,20260915,20260915_비장애인_test_26세_남,Trial #3,Right,Task 1: 맨손 쥐기/펴기 (Free Motion),A2,bias_1u,20260922,capstone/호진파일/outputs/데이터_저장/20260915_비장애인_test_26세_남\split\Task1_맨손쥐기펴기FreeMotion\Trial_3\Session_20260915_213947_950555_8a398dea_Task1_맨손쥐기펴기FreeMotion_Trial_3_original.avi,4,,1,,7.43,94.72,772.75,-7.82225,1072.85,MGA_mm_3D_cal:+1u(8.62);PV_mm_s:+1u(99.8);SPARC:+1u(0.873);TAM_total_deg:+1u(98.2),prompts\20260915_default_Right_Trial#3_A2_s20260922_bias_1u.txt
20260915_default_Right_Trial#3_A2_s20260922_bias_3u,20260915,20260915_비장애인_test_26세_남,Trial #3,Right,Task 1: 맨손 쥐기/펴기 (Free Motion),A2,bias_3u,20260922,capstone/호진파일/outputs/데이터_저장/20260915_비장애인_test_26세_남\split\Task1_맨손쥐기펴기FreeMotion\Trial_3\Session_20260915_213947_950555_8a398dea_Task1_맨손쥐기펴기FreeMotion_Trial_3_original.avi,4,,1,,7.43,111.96,972.25,-6.07675,1269.18,MGA_mm_3D_cal:+3u(25.9);PV_mm_s:+3u(299);SPARC:+3u(2.62);TAM_total_deg:+3u(295),prompts\20260915_default_Right_Trial#3_A2_s20260922_bias_3u.txt
20260915_default_Right_Trial#3_A2_s20260922_burst_implausible,20260915,20260915_비장애인_test_26세_남,Trial #3,Right,Task 1: 맨손 쥐기/펴기 (Free Motion),A2,burst_implausible,20260922,capstone/호진파일/outputs/데이터_저장/20260915_비장애인_test_26세_남\split\Task1_맨손쥐기펴기FreeMotion\Trial_3\Session_20260915_213947_950555_8a398dea_Task1_맨손쥐기펴기FreeMotion_Trial_3_original.avi,4,,1,,7.43,260,6000,2,3000,MGA_mm_3D_cal:implausible(260 mm);PV_mm_s:implausible(6e+03 mm/s);SPARC:implausible(2 a.u.);TAM_total_deg:implausible(3e+03 deg),prompts\20260915_default_Right_Trial#3_A2_s20260922_burst_implausible.txt
20260915_default_Right_Trial#3_A3_s20260922,20260915,20260915_비장애인_test_26세_남,Trial #3,Right,Task 1: 맨손 쥐기/펴기 (Free Motion),A3,none,20260922,capstone/호진파일/outputs/데이터_저장/20260915_비장애인_test_26세_남\split\Task1_맨손쥐기펴기FreeMotion\Trial_3\Session_20260915_213947_950555_8a398dea_Task1_맨손쥐기펴기FreeMotion_Trial_3_original.avi,4,,1,,7.43,86.1,673,-8.695,974.68,MGA_mm_3D_cal:none;PV_mm_s:none;SPARC:none;TAM_total_deg:none,prompts\20260915_default_Right_Trial#3_A3_s20260922.txt
20260915_default_Right_Trial#3_A3_s20260922_bias_1u,20260915,20260915_비장애인_test_26세_남,Trial #3,Right,Task 1: 맨손 쥐기/펴기 (Free Motion),A3,bias_1u,20260922,capstone/호진파일/outputs/데이터_저장/20260915_비장애인_test_26세_남\split\Task1_맨손쥐기펴기FreeMotion\Trial_3\Session_20260915_213947_950555_8a398dea_Task1_맨손쥐기펴기FreeMotion_Trial_3_original.avi,4,,1,,7.43,94.72,772.75,-7.82225,1072.85,MGA_mm_3D_cal:+1u(8.62);PV_mm_s:+1u(99.8);SPARC:+1u(0.873);TAM_total_deg:+1u(98.2),prompts\20260915_default_Right_Trial#3_A3_s20260922_bias_1u.txt
20260915_default_Right_Trial#3_A3_s20260922_bias_3u,20260915,20260915_비장애인_test_26세_남,Trial #3,Right,Task 1: 맨손 쥐기/펴기 (Free Motion),A3,bias_3u,20260922,capstone/호진파일/outputs/데이터_저장/20260915_비장애인_test_26세_남\split\Task1_맨손쥐기펴기FreeMotion\Trial_3\Session_20260915_213947_950555_8a398dea_Task1_맨손쥐기펴기FreeMotion_Trial_3_original.avi,4,,1,,7.43,111.96,972.25,-6.07675,1269.18,MGA_mm_3D_cal:+3u(25.9);PV_mm_s:+3u(299);SPARC:+3u(2.62);TAM_total_deg:+3u(295),prompts\20260915_default_Right_Trial#3_A3_s20260922_bias_3u.txt
20260915_default_Right_Trial#3_A3_s20260922_burst_implausible,20260915,20260915_비장애인_test_26세_남,Trial #3,Right,Task 1: 맨손 쥐기/펴기 (Free Motion),A3,burst_implausible,20260922,capstone/호진파일/outputs/데이터_저장/20260915_비장애인_test_26세_남\split\Task1_맨손쥐기펴기FreeMotion\Trial_3\Session_20260915_213947_950555_8a398dea_Task1_맨손쥐기펴기FreeMotion_Trial_3_original.avi,4,,1,,7.43,260,6000,2,3000,MGA_mm_3D_cal:implausible(260 mm);PV_mm_s:implausible(6e+03 mm/s);SPARC:implausible(2 a.u.);TAM_total_deg:implausible(3e+03 deg),prompts\20260915_default_Right_Trial#3_A3_s20260922_burst_implausible.txt
20260915_default_Right_Trial#3_A4_s20260922,20260915,20260915_비장애인_test_26세_남,Trial #3,Right,Task 1: 맨손 쥐기/펴기 (Free Motion),A4,none,20260922,capstone/호진파일/outputs/데이터_저장/20260915_비장애인_test_26세_남\split\Task1_맨손쥐기펴기FreeMotion\Trial_3\Session_20260915_213947_950555_8a398dea_Task1_맨손쥐기펴기FreeMotion_Trial_3_original.avi,4,,1,,7.43,86.1,673,-8.695,974.68,MGA_mm_3D_cal:none;PV_mm_s:none;SPARC:none;TAM_total_deg:none,prompts\20260915_default_Right_Trial#3_A4_s20260922.txt
20260915_default_Right_Trial#3_R_s20260922,20260915,20260915_비장애인_test_26세_남,Trial #3,Right,Task 1: 맨손 쥐기/펴기 (Free Motion),R,none,20260922,capstone/호진파일/outputs/데이터_저장/20260915_비장애인_test_26세_남\split\Task1_맨손쥐기펴기FreeMotion\Trial_3\Session_20260915_213947_950555_8a398dea_Task1_맨손쥐기펴기FreeMotion_Trial_3_original.avi,4,,1,,7.43,86.1,673,-8.695,974.68,MGA_mm_3D_cal:none;PV_mm_s:none;SPARC:none;TAM_total_deg:none,prompts\20260915_default_Right_Trial#3_R_s20260922.txt
20260915_default_Right_Trial#3_R_s20260923,20260915,20260915_비장애인_test_26세_남,Trial #3,Right,Task 1: 맨손 쥐기/펴기 (Free Motion),R,none,20260923,capstone/호진파일/outputs/데이터_저장/20260915_비장애인_test_26세_남\split\Task1_맨손쥐기펴기FreeMotion\Trial_3\Session_20260915_213947_950555_8a398dea_Task1_맨손쥐기펴기FreeMotion_Trial_3_original.avi,4,,1,,7.43,86.1,673,-8.695,974.68,MGA_mm_3D_cal:none;PV_mm_s:none;SPARC:none;TAM_total_deg:none,prompts\20260915_default_Right_Trial#3_R_s20260923.txt
20260915_default_Right_Trial#3_R_s20260924,20260915,20260915_비장애인_test_26세_남,Trial #3,Right,Task 1: 맨손 쥐기/펴기 (Free Motion),R,none,20260924,capstone/호진파일/outputs/데이터_저장/20260915_비장애인_test_26세_남\split\Task1_맨손쥐기펴기FreeMotion\Trial_3\Session_20260915_213947_950555_8a398dea_Task1_맨손쥐기펴기FreeMotion_Trial_3_original.avi,4,,1,,7.43,86.1,673,-8.695,974.68,MGA_mm_3D_cal:none;PV_mm_s:none;SPARC:none;TAM_total_deg:none,prompts\20260915_default_Right_Trial#3_R_s20260924.txt
20260915_default_Left_Trial#3_A1_s20260922,20260915,20260915_비장애인_test_26세_남,Trial #3,Left,Task 1: 맨손 쥐기/펴기 (Free Motion),A1,none,20260922,capstone/호진파일/outputs/데이터_저장/20260915_비장애인_test_26세_남\split\Task1_맨손쥐기펴기FreeMotion\Trial_3\Session_20260915_213947_950555_8a398dea_Task1_맨손쥐기펴기FreeMotion_Trial_3_original.avi,0,MGA_mm_3D_cal;PV_mm_s;SPARC;TAM_total_deg,1,,7.43,,,,,MGA_mm_3D_cal:held;PV_mm_s:held;SPARC:held;TAM_total_deg:held,prompts\20260915_default_Left_Trial#3_A1_s20260922.txt
20260915_default_Left_Trial#3_A2_s20260922,20260915,20260915_비장애인_test_26세_남,Trial #3,Left,Task 1: 맨손 쥐기/펴기 (Free Motion),A2,none,20260922,capstone/호진파일/outputs/데이터_저장/20260915_비장애인_test_26세_남\split\Task1_맨손쥐기펴기FreeMotion\Trial_3\Session_20260915_213947_950555_8a398dea_Task1_맨손쥐기펴기FreeMotion_Trial_3_original.avi,4,,1,,7.43,81.7,622,-7.89,946.28,MGA_mm_3D_cal:none;PV_mm_s:none;SPARC:none;TAM_total_deg:none,prompts\20260915_default_Left_Trial#3_A2_s20260922.txt
20260915_default_Left_Trial#3_A2_s20260922_bias_1u,20260915,20260915_비장애인_test_26세_남,Trial #3,Left,Task 1: 맨손 쥐기/펴기 (Free Motion),A2,bias_1u,20260922,capstone/호진파일/outputs/데이터_저장/20260915_비장애인_test_26세_남\split\Task1_맨손쥐기펴기FreeMotion\Trial_3\Session_20260915_213947_950555_8a398dea_Task1_맨손쥐기펴기FreeMotion_Trial_3_original.avi,4,,1,,7.43,90.32,721.75,-7.01725,1044.45,MGA_mm_3D_cal:+1u(8.62);PV_mm_s:+1u(99.8);SPARC:+1u(0.873);TAM_total_deg:+1u(98.2),prompts\20260915_default_Left_Trial#3_A2_s20260922_bias_1u.txt
20260915_default_Left_Trial#3_A2_s20260922_bias_3u,20260915,20260915_비장애인_test_26세_남,Trial #3,Left,Task 1: 맨손 쥐기/펴기 (Free Motion),A2,bias_3u,20260922,capstone/호진파일/outputs/데이터_저장/20260915_비장애인_test_26세_남\split\Task1_맨손쥐기펴기FreeMotion\Trial_3\Session_20260915_213947_950555_8a398dea_Task1_맨손쥐기펴기FreeMotion_Trial_3_original.avi,4,,1,,7.43,107.56,921.25,-5.27175,1240.78,MGA_mm_3D_cal:+3u(25.9);PV_mm_s:+3u(299);SPARC:+3u(2.62);TAM_total_deg:+3u(295),prompts\20260915_default_Left_Trial#3_A2_s20260922_bias_3u.txt
20260915_default_Left_Trial#3_A2_s20260922_burst_implausible,20260915,20260915_비장애인_test_26세_남,Trial #3,Left,Task 1: 맨손 쥐기/펴기 (Free Motion),A2,burst_implausible,20260922,capstone/호진파일/outputs/데이터_저장/20260915_비장애인_test_26세_남\split\Task1_맨손쥐기펴기FreeMotion\Trial_3\Session_20260915_213947_950555_8a398dea_Task1_맨손쥐기펴기FreeMotion_Trial_3_original.avi,4,,1,,7.43,260,6000,2,3000,MGA_mm_3D_cal:implausible(260 mm);PV_mm_s:implausible(6e+03 mm/s);SPARC:implausible(2 a.u.);TAM_total_deg:implausible(3e+03 deg),prompts\20260915_default_Left_Trial#3_A2_s20260922_burst_implausible.txt
20260915_default_Left_Trial#3_A3_s20260922,20260915,20260915_비장애인_test_26세_남,Trial #3,Left,Task 1: 맨손 쥐기/펴기 (Free Motion),A3,none,20260922,capstone/호진파일/outputs/데이터_저장/20260915_비장애인_test_26세_남\split\Task1_맨손쥐기펴기FreeMotion\Trial_3\Session_20260915_213947_950555_8a398dea_Task1_맨손쥐기펴기FreeMotion_Trial_3_original.avi,4,,1,,7.43,81.7,622,-7.89,946.28,MGA_mm_3D_cal:none;PV_mm_s:none;SPARC:none;TAM_total_deg:none,prompts\20260915_default_Left_Trial#3_A3_s20260922.txt
20260915_default_Left_Trial#3_A3_s20260922_bias_1u,20260915,20260915_비장애인_test_26세_남,Trial #3,Left,Task 1: 맨손 쥐기/펴기 (Free Motion),A3,bias_1u,20260922,capstone/호진파일/outputs/데이터_저장/20260915_비장애인_test_26세_남\split\Task1_맨손쥐기펴기FreeMotion\Trial_3\Session_20260915_213947_950555_8a398dea_Task1_맨손쥐기펴기FreeMotion_Trial_3_original.avi,4,,1,,7.43,90.32,721.75,-7.01725,1044.45,MGA_mm_3D_cal:+1u(8.62);PV_mm_s:+1u(99.8);SPARC:+1u(0.873);TAM_total_deg:+1u(98.2),prompts\20260915_default_Left_Trial#3_A3_s20260922_bias_1u.txt
20260915_default_Left_Trial#3_A3_s20260922_bias_3u,20260915,20260915_비장애인_test_26세_남,Trial #3,Left,Task 1: 맨손 쥐기/펴기 (Free Motion),A3,bias_3u,20260922,capstone/호진파일/outputs/데이터_저장/20260915_비장애인_test_26세_남\split\Task1_맨손쥐기펴기FreeMotion\Trial_3\Session_20260915_213947_950555_8a398dea_Task1_맨손쥐기펴기FreeMotion_Trial_3_original.avi,4,,1,,7.43,107.56,921.25,-5.27175,1240.78,MGA_mm_3D_cal:+3u(25.9);PV_mm_s:+3u(299);SPARC:+3u(2.62);TAM_total_deg:+3u(295),prompts\20260915_default_Left_Trial#3_A3_s20260922_bias_3u.txt
20260915_default_Left_Trial#3_A3_s20260922_burst_implausible,20260915,20260915_비장애인_test_26세_남,Trial #3,Left,Task 1: 맨손 쥐기/펴기 (Free Motion),A3,burst_implausible,20260922,capstone/호진파일/outputs/데이터_저장/20260915_비장애인_test_26세_남\split\Task1_맨손쥐기펴기FreeMotion\Trial_3\Session_20260915_213947_950555_8a398dea_Task1_맨손쥐기펴기FreeMotion_Trial_3_original.avi,4,,1,,7.43,260,6000,2,3000,MGA_mm_3D_cal:implausible(260 mm);PV_mm_s:implausible(6e+03 mm/s);SPARC:implausible(2 a.u.);TAM_total_deg:implausible(3e+03 deg),prompts\20260915_default_Left_Trial#3_A3_s20260922_burst_implausible.txt
20260915_default_Left_Trial#3_A4_s20260922,20260915,20260915_비장애인_test_26세_남,Trial #3,Left,Task 1: 맨손 쥐기/펴기 (Free Motion),A4,none,20260922,capstone/호진파일/outputs/데이터_저장/20260915_비장애인_test_26세_남\split\Task1_맨손쥐기펴기FreeMotion\Trial_3\Session_20260915_213947_950555_8a398dea_Task1_맨손쥐기펴기FreeMotion_Trial_3_original.avi,4,,1,,7.43,81.7,622,-7.89,946.28,MGA_mm_3D_cal:none;PV_mm_s:none;SPARC:none;TAM_total_deg:none,prompts\20260915_default_Left_Trial#3_A4_s20260922.txt
20260915_default_Left_Trial#3_R_s20260922,20260915,20260915_비장애인_test_26세_남,Trial #3,Left,Task 1: 맨손 쥐기/펴기 (Free Motion),R,none,20260922,capstone/호진파일/outputs/데이터_저장/20260915_비장애인_test_26세_남\split\Task1_맨손쥐기펴기FreeMotion\Trial_3\Session_20260915_213947_950555_8a398dea_Task1_맨손쥐기펴기FreeMotion_Trial_3_original.avi,4,,1,,7.43,81.7,622,-7.89,946.28,MGA_mm_3D_cal:none;PV_mm_s:none;SPARC:none;TAM_total_deg:none,prompts\20260915_default_Left_Trial#3_R_s20260922.txt
20260915_default_Left_Trial#3_R_s20260923,20260915,20260915_비장애인_test_26세_남,Trial #3,Left,Task 1: 맨손 쥐기/펴기 (Free Motion),R,none,20260923,capstone/호진파일/outputs/데이터_저장/20260915_비장애인_test_26세_남\split\Task1_맨손쥐기펴기FreeMotion\Trial_3\Session_20260915_213947_950555_8a398dea_Task1_맨손쥐기펴기FreeMotion_Trial_3_original.avi,4,,1,,7.43,81.7,622,-7.89,946.28,MGA_mm_3D_cal:none;PV_mm_s:none;SPARC:none;TAM_total_deg:none,prompts\20260915_default_Left_Trial#3_R_s20260923.txt
20260915_default_Left_Trial#3_R_s20260924,20260915,20260915_비장애인_test_26세_남,Trial #3,Left,Task 1: 맨손 쥐기/펴기 (Free Motion),R,none,20260924,capstone/호진파일/outputs/데이터_저장/20260915_비장애인_test_26세_남\split\Task1_맨손쥐기펴기FreeMotion\Trial_3\Session_20260915_213947_950555_8a398dea_Task1_맨손쥐기펴기FreeMotion_Trial_3_original.avi,4,,1,,7.43,81.7,622,-7.89,946.28,MGA_mm_3D_cal:none;PV_mm_s:none;SPARC:none;TAM_total_deg:none,prompts\20260915_default_Left_Trial#3_R_s20260924.txt
20260915_default_Right_Trial#4_A1_s20260922,20260915,20260915_비장애인_test_26세_남,Trial #4,Right,Task 1: 맨손 쥐기/펴기 (Free Motion),A1,none,20260922,capstone/호진파일/outputs/데이터_저장/20260915_비장애인_test_26세_남\split\Task1_맨손쥐기펴기FreeMotion\Trial_4\Session_20260915_213947_950555_8a398dea_Task1_맨손쥐기펴기FreeMotion_Trial_4_original.avi,0,MGA_mm_3D_cal;PV_mm_s;SPARC;TAM_total_deg,1,,7.89,,,,,MGA_mm_3D_cal:held;PV_mm_s:held;SPARC:held;TAM_total_deg:held,prompts\20260915_default_Right_Trial#4_A1_s20260922.txt
20260915_default_Right_Trial#4_A2_s20260922,20260915,20260915_비장애인_test_26세_남,Trial #4,Right,Task 1: 맨손 쥐기/펴기 (Free Motion),A2,none,20260922,capstone/호진파일/outputs/데이터_저장/20260915_비장애인_test_26세_남\split\Task1_맨손쥐기펴기FreeMotion\Trial_4\Session_20260915_213947_950555_8a398dea_Task1_맨손쥐기펴기FreeMotion_Trial_4_original.avi,4,,1,,7.89,82.7,1302,-7.315,930.33,MGA_mm_3D_cal:none;PV_mm_s:none;SPARC:none;TAM_total_deg:none,prompts\20260915_default_Right_Trial#4_A2_s20260922.txt
20260915_default_Right_Trial#4_A2_s20260922_bias_1u,20260915,20260915_비장애인_test_26세_남,Trial #4,Right,Task 1: 맨손 쥐기/펴기 (Free Motion),A2,bias_1u,20260922,capstone/호진파일/outputs/데이터_저장/20260915_비장애인_test_26세_남\split\Task1_맨손쥐기펴기FreeMotion\Trial_4\Session_20260915_213947_950555_8a398dea_Task1_맨손쥐기펴기FreeMotion_Trial_4_original.avi,4,,1,,7.89,91.32,1401.75,-6.44225,1028.5,MGA_mm_3D_cal:+1u(8.62);PV_mm_s:+1u(99.8);SPARC:+1u(0.873);TAM_total_deg:+1u(98.2),prompts\20260915_default_Right_Trial#4_A2_s20260922_bias_1u.txt
20260915_default_Right_Trial#4_A2_s20260922_bias_3u,20260915,20260915_비장애인_test_26세_남,Trial #4,Right,Task 1: 맨손 쥐기/펴기 (Free Motion),A2,bias_3u,20260922,capstone/호진파일/outputs/데이터_저장/20260915_비장애인_test_26세_남\split\Task1_맨손쥐기펴기FreeMotion\Trial_4\Session_20260915_213947_950555_8a398dea_Task1_맨손쥐기펴기FreeMotion_Trial_4_original.avi,4,,1,,7.89,108.56,1601.25,-4.69675,1224.83,MGA_mm_3D_cal:+3u(25.9);PV_mm_s:+3u(299);SPARC:+3u(2.62);TAM_total_deg:+3u(295),prompts\20260915_default_Right_Trial#4_A2_s20260922_bias_3u.txt
20260915_default_Right_Trial#4_A2_s20260922_burst_implausible,20260915,20260915_비장애인_test_26세_남,Trial #4,Right,Task 1: 맨손 쥐기/펴기 (Free Motion),A2,burst_implausible,20260922,capstone/호진파일/outputs/데이터_저장/20260915_비장애인_test_26세_남\split\Task1_맨손쥐기펴기FreeMotion\Trial_4\Session_20260915_213947_950555_8a398dea_Task1_맨손쥐기펴기FreeMotion_Trial_4_original.avi,4,,1,,7.89,260,6000,2,3000,MGA_mm_3D_cal:implausible(260 mm);PV_mm_s:implausible(6e+03 mm/s);SPARC:implausible(2 a.u.);TAM_total_deg:implausible(3e+03 deg),prompts\20260915_default_Right_Trial#4_A2_s20260922_burst_implausible.txt
20260915_default_Right_Trial#4_A3_s20260922,20260915,20260915_비장애인_test_26세_남,Trial #4,Right,Task 1: 맨손 쥐기/펴기 (Free Motion),A3,none,20260922,capstone/호진파일/outputs/데이터_저장/20260915_비장애인_test_26세_남\split\Task1_맨손쥐기펴기FreeMotion\Trial_4\Session_20260915_213947_950555_8a398dea_Task1_맨손쥐기펴기FreeMotion_Trial_4_original.avi,4,,1,,7.89,82.7,1302,-7.315,930.33,MGA_mm_3D_cal:none;PV_mm_s:none;SPARC:none;TAM_total_deg:none,prompts\20260915_default_Right_Trial#4_A3_s20260922.txt
20260915_default_Right_Trial#4_A3_s20260922_bias_1u,20260915,20260915_비장애인_test_26세_남,Trial #4,Right,Task 1: 맨손 쥐기/펴기 (Free Motion),A3,bias_1u,20260922,capstone/호진파일/outputs/데이터_저장/20260915_비장애인_test_26세_남\split\Task1_맨손쥐기펴기FreeMotion\Trial_4\Session_20260915_213947_950555_8a398dea_Task1_맨손쥐기펴기FreeMotion_Trial_4_original.avi,4,,1,,7.89,91.32,1401.75,-6.44225,1028.5,MGA_mm_3D_cal:+1u(8.62);PV_mm_s:+1u(99.8);SPARC:+1u(0.873);TAM_total_deg:+1u(98.2),prompts\20260915_default_Right_Trial#4_A3_s20260922_bias_1u.txt
20260915_default_Right_Trial#4_A3_s20260922_bias_3u,20260915,20260915_비장애인_test_26세_남,Trial #4,Right,Task 1: 맨손 쥐기/펴기 (Free Motion),A3,bias_3u,20260922,capstone/호진파일/outputs/데이터_저장/20260915_비장애인_test_26세_남\split\Task1_맨손쥐기펴기FreeMotion\Trial_4\Session_20260915_213947_950555_8a398dea_Task1_맨손쥐기펴기FreeMotion_Trial_4_original.avi,4,,1,,7.89,108.56,1601.25,-4.69675,1224.83,MGA_mm_3D_cal:+3u(25.9);PV_mm_s:+3u(299);SPARC:+3u(2.62);TAM_total_deg:+3u(295),prompts\20260915_default_Right_Trial#4_A3_s20260922_bias_3u.txt
20260915_default_Right_Trial#4_A3_s20260922_burst_implausible,20260915,20260915_비장애인_test_26세_남,Trial #4,Right,Task 1: 맨손 쥐기/펴기 (Free Motion),A3,burst_implausible,20260922,capstone/호진파일/outputs/데이터_저장/20260915_비장애인_test_26세_남\split\Task1_맨손쥐기펴기FreeMotion\Trial_4\Session_20260915_213947_950555_8a398dea_Task1_맨손쥐기펴기FreeMotion_Trial_4_original.avi,4,,1,,7.89,260,6000,2,3000,MGA_mm_3D_cal:implausible(260 mm);PV_mm_s:implausible(6e+03 mm/s);SPARC:implausible(2 a.u.);TAM_total_deg:implausible(3e+03 deg),prompts\20260915_default_Right_Trial#4_A3_s20260922_burst_implausible.txt
20260915_default_Right_Trial#4_A4_s20260922,20260915,20260915_비장애인_test_26세_남,Trial #4,Right,Task 1: 맨손 쥐기/펴기 (Free Motion),A4,none,20260922,capstone/호진파일/outputs/데이터_저장/20260915_비장애인_test_26세_남\split\Task1_맨손쥐기펴기FreeMotion\Trial_4\Session_20260915_213947_950555_8a398dea_Task1_맨손쥐기펴기FreeMotion_Trial_4_original.avi,4,,1,,7.89,82.7,1302,-7.315,930.33,MGA_mm_3D_cal:none;PV_mm_s:none;SPARC:none;TAM_total_deg:none,prompts\20260915_default_Right_Trial#4_A4_s20260922.txt
20260915_default_Right_Trial#4_R_s20260922,20260915,20260915_비장애인_test_26세_남,Trial #4,Right,Task 1: 맨손 쥐기/펴기 (Free Motion),R,none,20260922,capstone/호진파일/outputs/데이터_저장/20260915_비장애인_test_26세_남\split\Task1_맨손쥐기펴기FreeMotion\Trial_4\Session_20260915_213947_950555_8a398dea_Task1_맨손쥐기펴기FreeMotion_Trial_4_original.avi,4,,1,,7.89,82.7,1302,-7.315,930.33,MGA_mm_3D_cal:none;PV_mm_s:none;SPARC:none;TAM_total_deg:none,prompts\20260915_default_Right_Trial#4_R_s20260922.txt
20260915_default_Right_Trial#4_R_s20260923,20260915,20260915_비장애인_test_26세_남,Trial #4,Right,Task 1: 맨손 쥐기/펴기 (Free Motion),R,none,20260923,capstone/호진파일/outputs/데이터_저장/20260915_비장애인_test_26세_남\split\Task1_맨손쥐기펴기FreeMotion\Trial_4\Session_20260915_213947_950555_8a398dea_Task1_맨손쥐기펴기FreeMotion_Trial_4_original.avi,4,,1,,7.89,82.7,1302,-7.315,930.33,MGA_mm_3D_cal:none;PV_mm_s:none;SPARC:none;TAM_total_deg:none,prompts\20260915_default_Right_Trial#4_R_s20260923.txt
20260915_default_Right_Trial#4_R_s20260924,20260915,20260915_비장애인_test_26세_남,Trial #4,Right,Task 1: 맨손 쥐기/펴기 (Free Motion),R,none,20260924,capstone/호진파일/outputs/데이터_저장/20260915_비장애인_test_26세_남\split\Task1_맨손쥐기펴기FreeMotion\Trial_4\Session_20260915_213947_950555_8a398dea_Task1_맨손쥐기펴기FreeMotion_Trial_4_original.avi,4,,1,,7.89,82.7,1302,-7.315,930.33,MGA_mm_3D_cal:none;PV_mm_s:none;SPARC:none;TAM_total_deg:none,prompts\20260915_default_Right_Trial#4_R_s20260924.txt
20260915_default_Left_Trial#4_A1_s20260922,20260915,20260915_비장애인_test_26세_남,Trial #4,Left,Task 1: 맨손 쥐기/펴기 (Free Motion),A1,none,20260922,capstone/호진파일/outputs/데이터_저장/20260915_비장애인_test_26세_남\split\Task1_맨손쥐기펴기FreeMotion\Trial_4\Session_20260915_213947_950555_8a398dea_Task1_맨손쥐기펴기FreeMotion_Trial_4_original.avi,0,MGA_mm_3D_cal;PV_mm_s;SPARC;TAM_total_deg,1,,7.89,,,,,MGA_mm_3D_cal:held;PV_mm_s:held;SPARC:held;TAM_total_deg:held,prompts\20260915_default_Left_Trial#4_A1_s20260922.txt
20260915_default_Left_Trial#4_A2_s20260922,20260915,20260915_비장애인_test_26세_남,Trial #4,Left,Task 1: 맨손 쥐기/펴기 (Free Motion),A2,none,20260922,capstone/호진파일/outputs/데이터_저장/20260915_비장애인_test_26세_남\split\Task1_맨손쥐기펴기FreeMotion\Trial_4\Session_20260915_213947_950555_8a398dea_Task1_맨손쥐기펴기FreeMotion_Trial_4_original.avi,4,,1,,7.89,86.5,2809,-4.354,1034.61,MGA_mm_3D_cal:none;PV_mm_s:none;SPARC:none;TAM_total_deg:none,prompts\20260915_default_Left_Trial#4_A2_s20260922.txt
20260915_default_Left_Trial#4_A2_s20260922_bias_1u,20260915,20260915_비장애인_test_26세_남,Trial #4,Left,Task 1: 맨손 쥐기/펴기 (Free Motion),A2,bias_1u,20260922,capstone/호진파일/outputs/데이터_저장/20260915_비장애인_test_26세_남\split\Task1_맨손쥐기펴기FreeMotion\Trial_4\Session_20260915_213947_950555_8a398dea_Task1_맨손쥐기펴기FreeMotion_Trial_4_original.avi,4,,1,,7.89,95.12,2908.75,-3.48125,1132.78,MGA_mm_3D_cal:+1u(8.62);PV_mm_s:+1u(99.8);SPARC:+1u(0.873);TAM_total_deg:+1u(98.2),prompts\20260915_default_Left_Trial#4_A2_s20260922_bias_1u.txt
20260915_default_Left_Trial#4_A2_s20260922_bias_3u,20260915,20260915_비장애인_test_26세_남,Trial #4,Left,Task 1: 맨손 쥐기/펴기 (Free Motion),A2,bias_3u,20260922,capstone/호진파일/outputs/데이터_저장/20260915_비장애인_test_26세_남\split\Task1_맨손쥐기펴기FreeMotion\Trial_4\Session_20260915_213947_950555_8a398dea_Task1_맨손쥐기펴기FreeMotion_Trial_4_original.avi,4,,1,,7.89,112.36,3108.25,-1.73575,1329.11,MGA_mm_3D_cal:+3u(25.9);PV_mm_s:+3u(299);SPARC:+3u(2.62);TAM_total_deg:+3u(295),prompts\20260915_default_Left_Trial#4_A2_s20260922_bias_3u.txt
20260915_default_Left_Trial#4_A2_s20260922_burst_implausible,20260915,20260915_비장애인_test_26세_남,Trial #4,Left,Task 1: 맨손 쥐기/펴기 (Free Motion),A2,burst_implausible,20260922,capstone/호진파일/outputs/데이터_저장/20260915_비장애인_test_26세_남\split\Task1_맨손쥐기펴기FreeMotion\Trial_4\Session_20260915_213947_950555_8a398dea_Task1_맨손쥐기펴기FreeMotion_Trial_4_original.avi,4,,1,,7.89,260,6000,2,3000,MGA_mm_3D_cal:implausible(260 mm);PV_mm_s:implausible(6e+03 mm/s);SPARC:implausible(2 a.u.);TAM_total_deg:implausible(3e+03 deg),prompts\20260915_default_Left_Trial#4_A2_s20260922_burst_implausible.txt
20260915_default_Left_Trial#4_A3_s20260922,20260915,20260915_비장애인_test_26세_남,Trial #4,Left,Task 1: 맨손 쥐기/펴기 (Free Motion),A3,none,20260922,capstone/호진파일/outputs/데이터_저장/20260915_비장애인_test_26세_남\split\Task1_맨손쥐기펴기FreeMotion\Trial_4\Session_20260915_213947_950555_8a398dea_Task1_맨손쥐기펴기FreeMotion_Trial_4_original.avi,4,,1,,7.89,86.5,2809,-4.354,1034.61,MGA_mm_3D_cal:none;PV_mm_s:none;SPARC:none;TAM_total_deg:none,prompts\20260915_default_Left_Trial#4_A3_s20260922.txt
20260915_default_Left_Trial#4_A3_s20260922_bias_1u,20260915,20260915_비장애인_test_26세_남,Trial #4,Left,Task 1: 맨손 쥐기/펴기 (Free Motion),A3,bias_1u,20260922,capstone/호진파일/outputs/데이터_저장/20260915_비장애인_test_26세_남\split\Task1_맨손쥐기펴기FreeMotion\Trial_4\Session_20260915_213947_950555_8a398dea_Task1_맨손쥐기펴기FreeMotion_Trial_4_original.avi,4,,1,,7.89,95.12,2908.75,-3.48125,1132.78,MGA_mm_3D_cal:+1u(8.62);PV_mm_s:+1u(99.8);SPARC:+1u(0.873);TAM_total_deg:+1u(98.2),prompts\20260915_default_Left_Trial#4_A3_s20260922_bias_1u.txt
20260915_default_Left_Trial#4_A3_s20260922_bias_3u,20260915,20260915_비장애인_test_26세_남,Trial #4,Left,Task 1: 맨손 쥐기/펴기 (Free Motion),A3,bias_3u,20260922,capstone/호진파일/outputs/데이터_저장/20260915_비장애인_test_26세_남\split\Task1_맨손쥐기펴기FreeMotion\Trial_4\Session_20260915_213947_950555_8a398dea_Task1_맨손쥐기펴기FreeMotion_Trial_4_original.avi,4,,1,,7.89,112.36,3108.25,-1.73575,1329.11,MGA_mm_3D_cal:+3u(25.9);PV_mm_s:+3u(299);SPARC:+3u(2.62);TAM_total_deg:+3u(295),prompts\20260915_default_Left_Trial#4_A3_s20260922_bias_3u.txt
20260915_default_Left_Trial#4_A3_s20260922_burst_implausible,20260915,20260915_비장애인_test_26세_남,Trial #4,Left,Task 1: 맨손 쥐기/펴기 (Free Motion),A3,burst_implausible,20260922,capstone/호진파일/outputs/데이터_저장/20260915_비장애인_test_26세_남\split\Task1_맨손쥐기펴기FreeMotion\Trial_4\Session_20260915_213947_950555_8a398dea_Task1_맨손쥐기펴기FreeMotion_Trial_4_original.avi,4,,1,,7.89,260,6000,2,3000,MGA_mm_3D_cal:implausible(260 mm);PV_mm_s:implausible(6e+03 mm/s);SPARC:implausible(2 a.u.);TAM_total_deg:implausible(3e+03 deg),prompts\20260915_default_Left_Trial#4_A3_s20260922_burst_implausible.txt
20260915_default_Left_Trial#4_A4_s20260922,20260915,20260915_비장애인_test_26세_남,Trial #4,Left,Task 1: 맨손 쥐기/펴기 (Free Motion),A4,none,20260922,capstone/호진파일/outputs/데이터_저장/20260915_비장애인_test_26세_남\split\Task1_맨손쥐기펴기FreeMotion\Trial_4\Session_20260915_213947_950555_8a398dea_Task1_맨손쥐기펴기FreeMotion_Trial_4_original.avi,4,,1,,7.89,86.5,2809,-4.354,1034.61,MGA_mm_3D_cal:none;PV_mm_s:none;SPARC:none;TAM_total_deg:none,prompts\20260915_default_Left_Trial#4_A4_s20260922.txt
20260915_default_Left_Trial#4_R_s20260922,20260915,20260915_비장애인_test_26세_남,Trial #4,Left,Task 1: 맨손 쥐기/펴기 (Free Motion),R,none,20260922,capstone/호진파일/outputs/데이터_저장/20260915_비장애인_test_26세_남\split\Task1_맨손쥐기펴기FreeMotion\Trial_4\Session_20260915_213947_950555_8a398dea_Task1_맨손쥐기펴기FreeMotion_Trial_4_original.avi,4,,1,,7.89,86.5,2809,-4.354,1034.61,MGA_mm_3D_cal:none;PV_mm_s:none;SPARC:none;TAM_total_deg:none,prompts\20260915_default_Left_Trial#4_R_s20260922.txt
20260915_default_Left_Trial#4_R_s20260923,20260915,20260915_비장애인_test_26세_남,Trial #4,Left,Task 1: 맨손 쥐기/펴기 (Free Motion),R,none,20260923,capstone/호진파일/outputs/데이터_저장/20260915_비장애인_test_26세_남\split\Task1_맨손쥐기펴기FreeMotion\Trial_4\Session_20260915_213947_950555_8a398dea_Task1_맨손쥐기펴기FreeMotion_Trial_4_original.avi,4,,1,,7.89,86.5,2809,-4.354,1034.61,MGA_mm_3D_cal:none;PV_mm_s:none;SPARC:none;TAM_total_deg:none,prompts\20260915_default_Left_Trial#4_R_s20260923.txt
20260915_default_Left_Trial#4_R_s20260924,20260915,20260915_비장애인_test_26세_남,Trial #4,Left,Task 1: 맨손 쥐기/펴기 (Free Motion),R,none,20260924,capstone/호진파일/outputs/데이터_저장/20260915_비장애인_test_26세_남\split\Task1_맨손쥐기펴기FreeMotion\Trial_4\Session_20260915_213947_950555_8a398dea_Task1_맨손쥐기펴기FreeMotion_Trial_4_original.avi,4,,1,,7.89,86.5,2809,-4.354,1034.61,MGA_mm_3D_cal:none;PV_mm_s:none;SPARC:none;TAM_total_deg:none,prompts\20260915_default_Left_Trial#4_R_s20260924.txt
20260915_default_Right_Trial#5_A1_s20260922,20260915,20260915_비장애인_test_26세_남,Trial #5,Right,Task 1: 맨손 쥐기/펴기 (Free Motion),A1,none,20260922,capstone/호진파일/outputs/데이터_저장/20260915_비장애인_test_26세_남\split\Task1_맨손쥐기펴기FreeMotion\Trial_5\Session_20260915_213947_950555_8a398dea_Task1_맨손쥐기펴기FreeMotion_Trial_5_original.avi,0,MGA_mm_3D_cal;PV_mm_s;SPARC;TAM_total_deg,1,,7.5,,,,,MGA_mm_3D_cal:held;PV_mm_s:held;SPARC:held;TAM_total_deg:held,prompts\20260915_default_Right_Trial#5_A1_s20260922.txt
20260915_default_Right_Trial#5_A2_s20260922,20260915,20260915_비장애인_test_26세_남,Trial #5,Right,Task 1: 맨손 쥐기/펴기 (Free Motion),A2,none,20260922,capstone/호진파일/outputs/데이터_저장/20260915_비장애인_test_26세_남\split\Task1_맨손쥐기펴기FreeMotion\Trial_5\Session_20260915_213947_950555_8a398dea_Task1_맨손쥐기펴기FreeMotion_Trial_5_original.avi,4,,1,,7.5,81.1,1833,-12.957,990.97,MGA_mm_3D_cal:none;PV_mm_s:none;SPARC:none;TAM_total_deg:none,prompts\20260915_default_Right_Trial#5_A2_s20260922.txt
20260915_default_Right_Trial#5_A2_s20260922_bias_1u,20260915,20260915_비장애인_test_26세_남,Trial #5,Right,Task 1: 맨손 쥐기/펴기 (Free Motion),A2,bias_1u,20260922,capstone/호진파일/outputs/데이터_저장/20260915_비장애인_test_26세_남\split\Task1_맨손쥐기펴기FreeMotion\Trial_5\Session_20260915_213947_950555_8a398dea_Task1_맨손쥐기펴기FreeMotion_Trial_5_original.avi,4,,1,,7.5,89.72,1932.75,-12.0843,1089.14,MGA_mm_3D_cal:+1u(8.62);PV_mm_s:+1u(99.8);SPARC:+1u(0.873);TAM_total_deg:+1u(98.2),prompts\20260915_default_Right_Trial#5_A2_s20260922_bias_1u.txt
20260915_default_Right_Trial#5_A2_s20260922_bias_3u,20260915,20260915_비장애인_test_26세_남,Trial #5,Right,Task 1: 맨손 쥐기/펴기 (Free Motion),A2,bias_3u,20260922,capstone/호진파일/outputs/데이터_저장/20260915_비장애인_test_26세_남\split\Task1_맨손쥐기펴기FreeMotion\Trial_5\Session_20260915_213947_950555_8a398dea_Task1_맨손쥐기펴기FreeMotion_Trial_5_original.avi,4,,1,,7.5,106.96,2132.25,-10.3388,1285.47,MGA_mm_3D_cal:+3u(25.9);PV_mm_s:+3u(299);SPARC:+3u(2.62);TAM_total_deg:+3u(295),prompts\20260915_default_Right_Trial#5_A2_s20260922_bias_3u.txt
20260915_default_Right_Trial#5_A2_s20260922_burst_implausible,20260915,20260915_비장애인_test_26세_남,Trial #5,Right,Task 1: 맨손 쥐기/펴기 (Free Motion),A2,burst_implausible,20260922,capstone/호진파일/outputs/데이터_저장/20260915_비장애인_test_26세_남\split\Task1_맨손쥐기펴기FreeMotion\Trial_5\Session_20260915_213947_950555_8a398dea_Task1_맨손쥐기펴기FreeMotion_Trial_5_original.avi,4,,1,,7.5,260,6000,2,3000,MGA_mm_3D_cal:implausible(260 mm);PV_mm_s:implausible(6e+03 mm/s);SPARC:implausible(2 a.u.);TAM_total_deg:implausible(3e+03 deg),prompts\20260915_default_Right_Trial#5_A2_s20260922_burst_implausible.txt
20260915_default_Right_Trial#5_A3_s20260922,20260915,20260915_비장애인_test_26세_남,Trial #5,Right,Task 1: 맨손 쥐기/펴기 (Free Motion),A3,none,20260922,capstone/호진파일/outputs/데이터_저장/20260915_비장애인_test_26세_남\split\Task1_맨손쥐기펴기FreeMotion\Trial_5\Session_20260915_213947_950555_8a398dea_Task1_맨손쥐기펴기FreeMotion_Trial_5_original.avi,4,,1,,7.5,81.1,1833,-12.957,990.97,MGA_mm_3D_cal:none;PV_mm_s:none;SPARC:none;TAM_total_deg:none,prompts\20260915_default_Right_Trial#5_A3_s20260922.txt
20260915_default_Right_Trial#5_A3_s20260922_bias_1u,20260915,20260915_비장애인_test_26세_남,Trial #5,Right,Task 1: 맨손 쥐기/펴기 (Free Motion),A3,bias_1u,20260922,capstone/호진파일/outputs/데이터_저장/20260915_비장애인_test_26세_남\split\Task1_맨손쥐기펴기FreeMotion\Trial_5\Session_20260915_213947_950555_8a398dea_Task1_맨손쥐기펴기FreeMotion_Trial_5_original.avi,4,,1,,7.5,89.72,1932.75,-12.0843,1089.14,MGA_mm_3D_cal:+1u(8.62);PV_mm_s:+1u(99.8);SPARC:+1u(0.873);TAM_total_deg:+1u(98.2),prompts\20260915_default_Right_Trial#5_A3_s20260922_bias_1u.txt
20260915_default_Right_Trial#5_A3_s20260922_bias_3u,20260915,20260915_비장애인_test_26세_남,Trial #5,Right,Task 1: 맨손 쥐기/펴기 (Free Motion),A3,bias_3u,20260922,capstone/호진파일/outputs/데이터_저장/20260915_비장애인_test_26세_남\split\Task1_맨손쥐기펴기FreeMotion\Trial_5\Session_20260915_213947_950555_8a398dea_Task1_맨손쥐기펴기FreeMotion_Trial_5_original.avi,4,,1,,7.5,106.96,2132.25,-10.3388,1285.47,MGA_mm_3D_cal:+3u(25.9);PV_mm_s:+3u(299);SPARC:+3u(2.62);TAM_total_deg:+3u(295),prompts\20260915_default_Right_Trial#5_A3_s20260922_bias_3u.txt
20260915_default_Right_Trial#5_A3_s20260922_burst_implausible,20260915,20260915_비장애인_test_26세_남,Trial #5,Right,Task 1: 맨손 쥐기/펴기 (Free Motion),A3,burst_implausible,20260922,capstone/호진파일/outputs/데이터_저장/20260915_비장애인_test_26세_남\split\Task1_맨손쥐기펴기FreeMotion\Trial_5\Session_20260915_213947_950555_8a398dea_Task1_맨손쥐기펴기FreeMotion_Trial_5_original.avi,4,,1,,7.5,260,6000,2,3000,MGA_mm_3D_cal:implausible(260 mm);PV_mm_s:implausible(6e+03 mm/s);SPARC:implausible(2 a.u.);TAM_total_deg:implausible(3e+03 deg),prompts\20260915_default_Right_Trial#5_A3_s20260922_burst_implausible.txt
20260915_default_Right_Trial#5_A4_s20260922,20260915,20260915_비장애인_test_26세_남,Trial #5,Right,Task 1: 맨손 쥐기/펴기 (Free Motion),A4,none,20260922,capstone/호진파일/outputs/데이터_저장/20260915_비장애인_test_26세_남\split\Task1_맨손쥐기펴기FreeMotion\Trial_5\Session_20260915_213947_950555_8a398dea_Task1_맨손쥐기펴기FreeMotion_Trial_5_original.avi,4,,1,,7.5,81.1,1833,-12.957,990.97,MGA_mm_3D_cal:none;PV_mm_s:none;SPARC:none;TAM_total_deg:none,prompts\20260915_default_Right_Trial#5_A4_s20260922.txt
20260915_default_Right_Trial#5_R_s20260922,20260915,20260915_비장애인_test_26세_남,Trial #5,Right,Task 1: 맨손 쥐기/펴기 (Free Motion),R,none,20260922,capstone/호진파일/outputs/데이터_저장/20260915_비장애인_test_26세_남\split\Task1_맨손쥐기펴기FreeMotion\Trial_5\Session_20260915_213947_950555_8a398dea_Task1_맨손쥐기펴기FreeMotion_Trial_5_original.avi,4,,1,,7.5,81.1,1833,-12.957,990.97,MGA_mm_3D_cal:none;PV_mm_s:none;SPARC:none;TAM_total_deg:none,prompts\20260915_default_Right_Trial#5_R_s20260922.txt
20260915_default_Right_Trial#5_R_s20260923,20260915,20260915_비장애인_test_26세_남,Trial #5,Right,Task 1: 맨손 쥐기/펴기 (Free Motion),R,none,20260923,capstone/호진파일/outputs/데이터_저장/20260915_비장애인_test_26세_남\split\Task1_맨손쥐기펴기FreeMotion\Trial_5\Session_20260915_213947_950555_8a398dea_Task1_맨손쥐기펴기FreeMotion_Trial_5_original.avi,4,,1,,7.5,81.1,1833,-12.957,990.97,MGA_mm_3D_cal:none;PV_mm_s:none;SPARC:none;TAM_total_deg:none,prompts\20260915_default_Right_Trial#5_R_s20260923.txt
20260915_default_Right_Trial#5_R_s20260924,20260915,20260915_비장애인_test_26세_남,Trial #5,Right,Task 1: 맨손 쥐기/펴기 (Free Motion),R,none,20260924,capstone/호진파일/outputs/데이터_저장/20260915_비장애인_test_26세_남\split\Task1_맨손쥐기펴기FreeMotion\Trial_5\Session_20260915_213947_950555_8a398dea_Task1_맨손쥐기펴기FreeMotion_Trial_5_original.avi,4,,1,,7.5,81.1,1833,-12.957,990.97,MGA_mm_3D_cal:none;PV_mm_s:none;SPARC:none;TAM_total_deg:none,prompts\20260915_default_Right_Trial#5_R_s20260924.txt
20260915_default_Left_Trial#5_A1_s20260922,20260915,20260915_비장애인_test_26세_남,Trial #5,Left,Task 1: 맨손 쥐기/펴기 (Free Motion),A1,none,20260922,capstone/호진파일/outputs/데이터_저장/20260915_비장애인_test_26세_남\split\Task1_맨손쥐기펴기FreeMotion\Trial_5\Session_20260915_213947_950555_8a398dea_Task1_맨손쥐기펴기FreeMotion_Trial_5_original.avi,0,MGA_mm_3D_cal;PV_mm_s;SPARC;TAM_total_deg,1,,7.5,,,,,MGA_mm_3D_cal:held;PV_mm_s:held;SPARC:held;TAM_total_deg:held,prompts\20260915_default_Left_Trial#5_A1_s20260922.txt
20260915_default_Left_Trial#5_A2_s20260922,20260915,20260915_비장애인_test_26세_남,Trial #5,Left,Task 1: 맨손 쥐기/펴기 (Free Motion),A2,none,20260922,capstone/호진파일/outputs/데이터_저장/20260915_비장애인_test_26세_남\split\Task1_맨손쥐기펴기FreeMotion\Trial_5\Session_20260915_213947_950555_8a398dea_Task1_맨손쥐기펴기FreeMotion_Trial_5_original.avi,4,,1,,7.5,88.8,780,-8.76,999.69,MGA_mm_3D_cal:none;PV_mm_s:none;SPARC:none;TAM_total_deg:none,prompts\20260915_default_Left_Trial#5_A2_s20260922.txt
20260915_default_Left_Trial#5_A2_s20260922_bias_1u,20260915,20260915_비장애인_test_26세_남,Trial #5,Left,Task 1: 맨손 쥐기/펴기 (Free Motion),A2,bias_1u,20260922,capstone/호진파일/outputs/데이터_저장/20260915_비장애인_test_26세_남\split\Task1_맨손쥐기펴기FreeMotion\Trial_5\Session_20260915_213947_950555_8a398dea_Task1_맨손쥐기펴기FreeMotion_Trial_5_original.avi,4,,1,,7.5,97.42,879.75,-7.88725,1097.86,MGA_mm_3D_cal:+1u(8.62);PV_mm_s:+1u(99.8);SPARC:+1u(0.873);TAM_total_deg:+1u(98.2),prompts\20260915_default_Left_Trial#5_A2_s20260922_bias_1u.txt
20260915_default_Left_Trial#5_A2_s20260922_bias_3u,20260915,20260915_비장애인_test_26세_남,Trial #5,Left,Task 1: 맨손 쥐기/펴기 (Free Motion),A2,bias_3u,20260922,capstone/호진파일/outputs/데이터_저장/20260915_비장애인_test_26세_남\split\Task1_맨손쥐기펴기FreeMotion\Trial_5\Session_20260915_213947_950555_8a398dea_Task1_맨손쥐기펴기FreeMotion_Trial_5_original.avi,4,,1,,7.5,114.66,1079.25,-6.14175,1294.19,MGA_mm_3D_cal:+3u(25.9);PV_mm_s:+3u(299);SPARC:+3u(2.62);TAM_total_deg:+3u(295),prompts\20260915_default_Left_Trial#5_A2_s20260922_bias_3u.txt
20260915_default_Left_Trial#5_A2_s20260922_burst_implausible,20260915,20260915_비장애인_test_26세_남,Trial #5,Left,Task 1: 맨손 쥐기/펴기 (Free Motion),A2,burst_implausible,20260922,capstone/호진파일/outputs/데이터_저장/20260915_비장애인_test_26세_남\split\Task1_맨손쥐기펴기FreeMotion\Trial_5\Session_20260915_213947_950555_8a398dea_Task1_맨손쥐기펴기FreeMotion_Trial_5_original.avi,4,,1,,7.5,260,6000,2,3000,MGA_mm_3D_cal:implausible(260 mm);PV_mm_s:implausible(6e+03 mm/s);SPARC:implausible(2 a.u.);TAM_total_deg:implausible(3e+03 deg),prompts\20260915_default_Left_Trial#5_A2_s20260922_burst_implausible.txt
20260915_default_Left_Trial#5_A3_s20260922,20260915,20260915_비장애인_test_26세_남,Trial #5,Left,Task 1: 맨손 쥐기/펴기 (Free Motion),A3,none,20260922,capstone/호진파일/outputs/데이터_저장/20260915_비장애인_test_26세_남\split\Task1_맨손쥐기펴기FreeMotion\Trial_5\Session_20260915_213947_950555_8a398dea_Task1_맨손쥐기펴기FreeMotion_Trial_5_original.avi,4,,1,,7.5,88.8,780,-8.76,999.69,MGA_mm_3D_cal:none;PV_mm_s:none;SPARC:none;TAM_total_deg:none,prompts\20260915_default_Left_Trial#5_A3_s20260922.txt
20260915_default_Left_Trial#5_A3_s20260922_bias_1u,20260915,20260915_비장애인_test_26세_남,Trial #5,Left,Task 1: 맨손 쥐기/펴기 (Free Motion),A3,bias_1u,20260922,capstone/호진파일/outputs/데이터_저장/20260915_비장애인_test_26세_남\split\Task1_맨손쥐기펴기FreeMotion\Trial_5\Session_20260915_213947_950555_8a398dea_Task1_맨손쥐기펴기FreeMotion_Trial_5_original.avi,4,,1,,7.5,97.42,879.75,-7.88725,1097.86,MGA_mm_3D_cal:+1u(8.62);PV_mm_s:+1u(99.8);SPARC:+1u(0.873);TAM_total_deg:+1u(98.2),prompts\20260915_default_Left_Trial#5_A3_s20260922_bias_1u.txt
20260915_default_Left_Trial#5_A3_s20260922_bias_3u,20260915,20260915_비장애인_test_26세_남,Trial #5,Left,Task 1: 맨손 쥐기/펴기 (Free Motion),A3,bias_3u,20260922,capstone/호진파일/outputs/데이터_저장/20260915_비장애인_test_26세_남\split\Task1_맨손쥐기펴기FreeMotion\Trial_5\Session_20260915_213947_950555_8a398dea_Task1_맨손쥐기펴기FreeMotion_Trial_5_original.avi,4,,1,,7.5,114.66,1079.25,-6.14175,1294.19,MGA_mm_3D_cal:+3u(25.9);PV_mm_s:+3u(299);SPARC:+3u(2.62);TAM_total_deg:+3u(295),prompts\20260915_default_Left_Trial#5_A3_s20260922_bias_3u.txt
20260915_default_Left_Trial#5_A3_s20260922_burst_implausible,20260915,20260915_비장애인_test_26세_남,Trial #5,Left,Task 1: 맨손 쥐기/펴기 (Free Motion),A3,burst_implausible,20260922,capstone/호진파일/outputs/데이터_저장/20260915_비장애인_test_26세_남\split\Task1_맨손쥐기펴기FreeMotion\Trial_5\Session_20260915_213947_950555_8a398dea_Task1_맨손쥐기펴기FreeMotion_Trial_5_original.avi,4,,1,,7.5,260,6000,2,3000,MGA_mm_3D_cal:implausible(260 mm);PV_mm_s:implausible(6e+03 mm/s);SPARC:implausible(2 a.u.);TAM_total_deg:implausible(3e+03 deg),prompts\20260915_default_Left_Trial#5_A3_s20260922_burst_implausible.txt
20260915_default_Left_Trial#5_A4_s20260922,20260915,20260915_비장애인_test_26세_남,Trial #5,Left,Task 1: 맨손 쥐기/펴기 (Free Motion),A4,none,20260922,capstone/호진파일/outputs/데이터_저장/20260915_비장애인_test_26세_남\split\Task1_맨손쥐기펴기FreeMotion\Trial_5\Session_20260915_213947_950555_8a398dea_Task1_맨손쥐기펴기FreeMotion_Trial_5_original.avi,4,,1,,7.5,88.8,780,-8.76,999.69,MGA_mm_3D_cal:none;PV_mm_s:none;SPARC:none;TAM_total_deg:none,prompts\20260915_default_Left_Trial#5_A4_s20260922.txt
20260915_default_Left_Trial#5_R_s20260922,20260915,20260915_비장애인_test_26세_남,Trial #5,Left,Task 1: 맨손 쥐기/펴기 (Free Motion),R,none,20260922,capstone/호진파일/outputs/데이터_저장/20260915_비장애인_test_26세_남\split\Task1_맨손쥐기펴기FreeMotion\Trial_5\Session_20260915_213947_950555_8a398dea_Task1_맨손쥐기펴기FreeMotion_Trial_5_original.avi,4,,1,,7.5,88.8,780,-8.76,999.69,MGA_mm_3D_cal:none;PV_mm_s:none;SPARC:none;TAM_total_deg:none,prompts\20260915_default_Left_Trial#5_R_s20260922.txt
20260915_default_Left_Trial#5_R_s20260923,20260915,20260915_비장애인_test_26세_남,Trial #5,Left,Task 1: 맨손 쥐기/펴기 (Free Motion),R,none,20260923,capstone/호진파일/outputs/데이터_저장/20260915_비장애인_test_26세_남\split\Task1_맨손쥐기펴기FreeMotion\Trial_5\Session_20260915_213947_950555_8a398dea_Task1_맨손쥐기펴기FreeMotion_Trial_5_original.avi,4,,1,,7.5,88.8,780,-8.76,999.69,MGA_mm_3D_cal:none;PV_mm_s:none;SPARC:none;TAM_total_deg:none,prompts\20260915_default_Left_Trial#5_R_s20260923.txt
20260915_default_Left_Trial#5_R_s20260924,20260915,20260915_비장애인_test_26세_남,Trial #5,Left,Task 1: 맨손 쥐기/펴기 (Free Motion),R,none,20260924,capstone/호진파일/outputs/데이터_저장/20260915_비장애인_test_26세_남\split\Task1_맨손쥐기펴기FreeMotion\Trial_5\Session_20260915_213947_950555_8a398dea_Task1_맨손쥐기펴기FreeMotion_Trial_5_original.avi,4,,1,,7.5,88.8,780,-8.76,999.69,MGA_mm_3D_cal:none;PV_mm_s:none;SPARC:none;TAM_total_deg:none,prompts\20260915_default_Left_Trial#5_R_s20260924.txt
20260915_default_Right_Trial#6_A1_s20260922,20260915,20260915_비장애인_test_26세_남,Trial #6,Right,Task 1: 맨손 쥐기/펴기 (Free Motion),A1,none,20260922,capstone/호진파일/outputs/데이터_저장/20260915_비장애인_test_26세_남\split\Task1_맨손쥐기펴기FreeMotion\Trial_6\Session_20260915_213947_950555_8a398dea_Task1_맨손쥐기펴기FreeMotion_Trial_6_original.avi,0,MGA_mm_3D_cal;PV_mm_s;SPARC;TAM_total_deg,1,,8.39,,,,,MGA_mm_3D_cal:held;PV_mm_s:held;SPARC:held;TAM_total_deg:held,prompts\20260915_default_Right_Trial#6_A1_s20260922.txt
20260915_default_Right_Trial#6_A2_s20260922,20260915,20260915_비장애인_test_26세_남,Trial #6,Right,Task 1: 맨손 쥐기/펴기 (Free Motion),A2,none,20260922,capstone/호진파일/outputs/데이터_저장/20260915_비장애인_test_26세_남\split\Task1_맨손쥐기펴기FreeMotion\Trial_6\Session_20260915_213947_950555_8a398dea_Task1_맨손쥐기펴기FreeMotion_Trial_6_original.avi,4,,1,,8.39,87.1,663,-4.24,1029.29,MGA_mm_3D_cal:none;PV_mm_s:none;SPARC:none;TAM_total_deg:none,prompts\20260915_default_Right_Trial#6_A2_s20260922.txt
20260915_default_Right_Trial#6_A2_s20260922_bias_1u,20260915,20260915_비장애인_test_26세_남,Trial #6,Right,Task 1: 맨손 쥐기/펴기 (Free Motion),A2,bias_1u,20260922,capstone/호진파일/outputs/데이터_저장/20260915_비장애인_test_26세_남\split\Task1_맨손쥐기펴기FreeMotion\Trial_6\Session_20260915_213947_950555_8a398dea_Task1_맨손쥐기펴기FreeMotion_Trial_6_original.avi,4,,1,,8.39,95.72,762.75,-3.36725,1127.46,MGA_mm_3D_cal:+1u(8.62);PV_mm_s:+1u(99.8);SPARC:+1u(0.873);TAM_total_deg:+1u(98.2),prompts\20260915_default_Right_Trial#6_A2_s20260922_bias_1u.txt
20260915_default_Right_Trial#6_A2_s20260922_bias_3u,20260915,20260915_비장애인_test_26세_남,Trial #6,Right,Task 1: 맨손 쥐기/펴기 (Free Motion),A2,bias_3u,20260922,capstone/호진파일/outputs/데이터_저장/20260915_비장애인_test_26세_남\split\Task1_맨손쥐기펴기FreeMotion\Trial_6\Session_20260915_213947_950555_8a398dea_Task1_맨손쥐기펴기FreeMotion_Trial_6_original.avi,4,,1,,8.39,112.96,962.25,-1.62175,1323.79,MGA_mm_3D_cal:+3u(25.9);PV_mm_s:+3u(299);SPARC:+3u(2.62);TAM_total_deg:+3u(295),prompts\20260915_default_Right_Trial#6_A2_s20260922_bias_3u.txt
20260915_default_Right_Trial#6_A2_s20260922_burst_implausible,20260915,20260915_비장애인_test_26세_남,Trial #6,Right,Task 1: 맨손 쥐기/펴기 (Free Motion),A2,burst_implausible,20260922,capstone/호진파일/outputs/데이터_저장/20260915_비장애인_test_26세_남\split\Task1_맨손쥐기펴기FreeMotion\Trial_6\Session_20260915_213947_950555_8a398dea_Task1_맨손쥐기펴기FreeMotion_Trial_6_original.avi,4,,1,,8.39,260,6000,2,3000,MGA_mm_3D_cal:implausible(260 mm);PV_mm_s:implausible(6e+03 mm/s);SPARC:implausible(2 a.u.);TAM_total_deg:implausible(3e+03 deg),prompts\20260915_default_Right_Trial#6_A2_s20260922_burst_implausible.txt
20260915_default_Right_Trial#6_A3_s20260922,20260915,20260915_비장애인_test_26세_남,Trial #6,Right,Task 1: 맨손 쥐기/펴기 (Free Motion),A3,none,20260922,capstone/호진파일/outputs/데이터_저장/20260915_비장애인_test_26세_남\split\Task1_맨손쥐기펴기FreeMotion\Trial_6\Session_20260915_213947_950555_8a398dea_Task1_맨손쥐기펴기FreeMotion_Trial_6_original.avi,4,,1,,8.39,87.1,663,-4.24,1029.29,MGA_mm_3D_cal:none;PV_mm_s:none;SPARC:none;TAM_total_deg:none,prompts\20260915_default_Right_Trial#6_A3_s20260922.txt
20260915_default_Right_Trial#6_A3_s20260922_bias_1u,20260915,20260915_비장애인_test_26세_남,Trial #6,Right,Task 1: 맨손 쥐기/펴기 (Free Motion),A3,bias_1u,20260922,capstone/호진파일/outputs/데이터_저장/20260915_비장애인_test_26세_남\split\Task1_맨손쥐기펴기FreeMotion\Trial_6\Session_20260915_213947_950555_8a398dea_Task1_맨손쥐기펴기FreeMotion_Trial_6_original.avi,4,,1,,8.39,95.72,762.75,-3.36725,1127.46,MGA_mm_3D_cal:+1u(8.62);PV_mm_s:+1u(99.8);SPARC:+1u(0.873);TAM_total_deg:+1u(98.2),prompts\20260915_default_Right_Trial#6_A3_s20260922_bias_1u.txt
20260915_default_Right_Trial#6_A3_s20260922_bias_3u,20260915,20260915_비장애인_test_26세_남,Trial #6,Right,Task 1: 맨손 쥐기/펴기 (Free Motion),A3,bias_3u,20260922,capstone/호진파일/outputs/데이터_저장/20260915_비장애인_test_26세_남\split\Task1_맨손쥐기펴기FreeMotion\Trial_6\Session_20260915_213947_950555_8a398dea_Task1_맨손쥐기펴기FreeMotion_Trial_6_original.avi,4,,1,,8.39,112.96,962.25,-1.62175,1323.79,MGA_mm_3D_cal:+3u(25.9);PV_mm_s:+3u(299);SPARC:+3u(2.62);TAM_total_deg:+3u(295),prompts\20260915_default_Right_Trial#6_A3_s20260922_bias_3u.txt
20260915_default_Right_Trial#6_A3_s20260922_burst_implausible,20260915,20260915_비장애인_test_26세_남,Trial #6,Right,Task 1: 맨손 쥐기/펴기 (Free Motion),A3,burst_implausible,20260922,capstone/호진파일/outputs/데이터_저장/20260915_비장애인_test_26세_남\split\Task1_맨손쥐기펴기FreeMotion\Trial_6\Session_20260915_213947_950555_8a398dea_Task1_맨손쥐기펴기FreeMotion_Trial_6_original.avi,4,,1,,8.39,260,6000,2,3000,MGA_mm_3D_cal:implausible(260 mm);PV_mm_s:implausible(6e+03 mm/s);SPARC:implausible(2 a.u.);TAM_total_deg:implausible(3e+03 deg),prompts\20260915_default_Right_Trial#6_A3_s20260922_burst_implausible.txt
20260915_default_Right_Trial#6_A4_s20260922,20260915,20260915_비장애인_test_26세_남,Trial #6,Right,Task 1: 맨손 쥐기/펴기 (Free Motion),A4,none,20260922,capstone/호진파일/outputs/데이터_저장/20260915_비장애인_test_26세_남\split\Task1_맨손쥐기펴기FreeMotion\Trial_6\Session_20260915_213947_950555_8a398dea_Task1_맨손쥐기펴기FreeMotion_Trial_6_original.avi,4,,1,,8.39,87.1,663,-4.24,1029.29,MGA_mm_3D_cal:none;PV_mm_s:none;SPARC:none;TAM_total_deg:none,prompts\20260915_default_Right_Trial#6_A4_s20260922.txt
20260915_default_Right_Trial#6_R_s20260922,20260915,20260915_비장애인_test_26세_남,Trial #6,Right,Task 1: 맨손 쥐기/펴기 (Free Motion),R,none,20260922,capstone/호진파일/outputs/데이터_저장/20260915_비장애인_test_26세_남\split\Task1_맨손쥐기펴기FreeMotion\Trial_6\Session_20260915_213947_950555_8a398dea_Task1_맨손쥐기펴기FreeMotion_Trial_6_original.avi,4,,1,,8.39,87.1,663,-4.24,1029.29,MGA_mm_3D_cal:none;PV_mm_s:none;SPARC:none;TAM_total_deg:none,prompts\20260915_default_Right_Trial#6_R_s20260922.txt
20260915_default_Right_Trial#6_R_s20260923,20260915,20260915_비장애인_test_26세_남,Trial #6,Right,Task 1: 맨손 쥐기/펴기 (Free Motion),R,none,20260923,capstone/호진파일/outputs/데이터_저장/20260915_비장애인_test_26세_남\split\Task1_맨손쥐기펴기FreeMotion\Trial_6\Session_20260915_213947_950555_8a398dea_Task1_맨손쥐기펴기FreeMotion_Trial_6_original.avi,4,,1,,8.39,87.1,663,-4.24,1029.29,MGA_mm_3D_cal:none;PV_mm_s:none;SPARC:none;TAM_total_deg:none,prompts\20260915_default_Right_Trial#6_R_s20260923.txt
20260915_default_Right_Trial#6_R_s20260924,20260915,20260915_비장애인_test_26세_남,Trial #6,Right,Task 1: 맨손 쥐기/펴기 (Free Motion),R,none,20260924,capstone/호진파일/outputs/데이터_저장/20260915_비장애인_test_26세_남\split\Task1_맨손쥐기펴기FreeMotion\Trial_6\Session_20260915_213947_950555_8a398dea_Task1_맨손쥐기펴기FreeMotion_Trial_6_original.avi,4,,1,,8.39,87.1,663,-4.24,1029.29,MGA_mm_3D_cal:none;PV_mm_s:none;SPARC:none;TAM_total_deg:none,prompts\20260915_default_Right_Trial#6_R_s20260924.txt
20260915_default_Left_Trial#6_A1_s20260922,20260915,20260915_비장애인_test_26세_남,Trial #6,Left,Task 1: 맨손 쥐기/펴기 (Free Motion),A1,none,20260922,capstone/호진파일/outputs/데이터_저장/20260915_비장애인_test_26세_남\split\Task1_맨손쥐기펴기FreeMotion\Trial_6\Session_20260915_213947_950555_8a398dea_Task1_맨손쥐기펴기FreeMotion_Trial_6_original.avi,0,MGA_mm_3D_cal;PV_mm_s;SPARC;TAM_total_deg,1,,8.39,,,,,MGA_mm_3D_cal:held;PV_mm_s:held;SPARC:held;TAM_total_deg:held,prompts\20260915_default_Left_Trial#6_A1_s20260922.txt
20260915_default_Left_Trial#6_A2_s20260922,20260915,20260915_비장애인_test_26세_남,Trial #6,Left,Task 1: 맨손 쥐기/펴기 (Free Motion),A2,none,20260922,capstone/호진파일/outputs/데이터_저장/20260915_비장애인_test_26세_남\split\Task1_맨손쥐기펴기FreeMotion\Trial_6\Session_20260915_213947_950555_8a398dea_Task1_맨손쥐기펴기FreeMotion_Trial_6_original.avi,4,,1,,8.39,88.9,1133,-10.53,961.23,MGA_mm_3D_cal:none;PV_mm_s:none;SPARC:none;TAM_total_deg:none,prompts\20260915_default_Left_Trial#6_A2_s20260922.txt
20260915_default_Left_Trial#6_A2_s20260922_bias_1u,20260915,20260915_비장애인_test_26세_남,Trial #6,Left,Task 1: 맨손 쥐기/펴기 (Free Motion),A2,bias_1u,20260922,capstone/호진파일/outputs/데이터_저장/20260915_비장애인_test_26세_남\split\Task1_맨손쥐기펴기FreeMotion\Trial_6\Session_20260915_213947_950555_8a398dea_Task1_맨손쥐기펴기FreeMotion_Trial_6_original.avi,4,,1,,8.39,97.52,1232.75,-9.65725,1059.4,MGA_mm_3D_cal:+1u(8.62);PV_mm_s:+1u(99.8);SPARC:+1u(0.873);TAM_total_deg:+1u(98.2),prompts\20260915_default_Left_Trial#6_A2_s20260922_bias_1u.txt
20260915_default_Left_Trial#6_A2_s20260922_bias_3u,20260915,20260915_비장애인_test_26세_남,Trial #6,Left,Task 1: 맨손 쥐기/펴기 (Free Motion),A2,bias_3u,20260922,capstone/호진파일/outputs/데이터_저장/20260915_비장애인_test_26세_남\split\Task1_맨손쥐기펴기FreeMotion\Trial_6\Session_20260915_213947_950555_8a398dea_Task1_맨손쥐기펴기FreeMotion_Trial_6_original.avi,4,,1,,8.39,114.76,1432.25,-7.91175,1255.73,MGA_mm_3D_cal:+3u(25.9);PV_mm_s:+3u(299);SPARC:+3u(2.62);TAM_total_deg:+3u(295),prompts\20260915_default_Left_Trial#6_A2_s20260922_bias_3u.txt
20260915_default_Left_Trial#6_A2_s20260922_burst_implausible,20260915,20260915_비장애인_test_26세_남,Trial #6,Left,Task 1: 맨손 쥐기/펴기 (Free Motion),A2,burst_implausible,20260922,capstone/호진파일/outputs/데이터_저장/20260915_비장애인_test_26세_남\split\Task1_맨손쥐기펴기FreeMotion\Trial_6\Session_20260915_213947_950555_8a398dea_Task1_맨손쥐기펴기FreeMotion_Trial_6_original.avi,4,,1,,8.39,260,6000,2,3000,MGA_mm_3D_cal:implausible(260 mm);PV_mm_s:implausible(6e+03 mm/s);SPARC:implausible(2 a.u.);TAM_total_deg:implausible(3e+03 deg),prompts\20260915_default_Left_Trial#6_A2_s20260922_burst_implausible.txt
20260915_default_Left_Trial#6_A3_s20260922,20260915,20260915_비장애인_test_26세_남,Trial #6,Left,Task 1: 맨손 쥐기/펴기 (Free Motion),A3,none,20260922,capstone/호진파일/outputs/데이터_저장/20260915_비장애인_test_26세_남\split\Task1_맨손쥐기펴기FreeMotion\Trial_6\Session_20260915_213947_950555_8a398dea_Task1_맨손쥐기펴기FreeMotion_Trial_6_original.avi,4,,1,,8.39,88.9,1133,-10.53,961.23,MGA_mm_3D_cal:none;PV_mm_s:none;SPARC:none;TAM_total_deg:none,prompts\20260915_default_Left_Trial#6_A3_s20260922.txt
20260915_default_Left_Trial#6_A3_s20260922_bias_1u,20260915,20260915_비장애인_test_26세_남,Trial #6,Left,Task 1: 맨손 쥐기/펴기 (Free Motion),A3,bias_1u,20260922,capstone/호진파일/outputs/데이터_저장/20260915_비장애인_test_26세_남\split\Task1_맨손쥐기펴기FreeMotion\Trial_6\Session_20260915_213947_950555_8a398dea_Task1_맨손쥐기펴기FreeMotion_Trial_6_original.avi,4,,1,,8.39,97.52,1232.75,-9.65725,1059.4,MGA_mm_3D_cal:+1u(8.62);PV_mm_s:+1u(99.8);SPARC:+1u(0.873);TAM_total_deg:+1u(98.2),prompts\20260915_default_Left_Trial#6_A3_s20260922_bias_1u.txt
20260915_default_Left_Trial#6_A3_s20260922_bias_3u,20260915,20260915_비장애인_test_26세_남,Trial #6,Left,Task 1: 맨손 쥐기/펴기 (Free Motion),A3,bias_3u,20260922,capstone/호진파일/outputs/데이터_저장/20260915_비장애인_test_26세_남\split\Task1_맨손쥐기펴기FreeMotion\Trial_6\Session_20260915_213947_950555_8a398dea_Task1_맨손쥐기펴기FreeMotion_Trial_6_original.avi,4,,1,,8.39,114.76,1432.25,-7.91175,1255.73,MGA_mm_3D_cal:+3u(25.9);PV_mm_s:+3u(299);SPARC:+3u(2.62);TAM_total_deg:+3u(295),prompts\20260915_default_Left_Trial#6_A3_s20260922_bias_3u.txt
20260915_default_Left_Trial#6_A3_s20260922_burst_implausible,20260915,20260915_비장애인_test_26세_남,Trial #6,Left,Task 1: 맨손 쥐기/펴기 (Free Motion),A3,burst_implausible,20260922,capstone/호진파일/outputs/데이터_저장/20260915_비장애인_test_26세_남\split\Task1_맨손쥐기펴기FreeMotion\Trial_6\Session_20260915_213947_950555_8a398dea_Task1_맨손쥐기펴기FreeMotion_Trial_6_original.avi,4,,1,,8.39,260,6000,2,3000,MGA_mm_3D_cal:implausible(260 mm);PV_mm_s:implausible(6e+03 mm/s);SPARC:implausible(2 a.u.);TAM_total_deg:implausible(3e+03 deg),prompts\20260915_default_Left_Trial#6_A3_s20260922_burst_implausible.txt
20260915_default_Left_Trial#6_A4_s20260922,20260915,20260915_비장애인_test_26세_남,Trial #6,Left,Task 1: 맨손 쥐기/펴기 (Free Motion),A4,none,20260922,capstone/호진파일/outputs/데이터_저장/20260915_비장애인_test_26세_남\split\Task1_맨손쥐기펴기FreeMotion\Trial_6\Session_20260915_213947_950555_8a398dea_Task1_맨손쥐기펴기FreeMotion_Trial_6_original.avi,4,,1,,8.39,88.9,1133,-10.53,961.23,MGA_mm_3D_cal:none;PV_mm_s:none;SPARC:none;TAM_total_deg:none,prompts\20260915_default_Left_Trial#6_A4_s20260922.txt
20260915_default_Left_Trial#6_R_s20260922,20260915,20260915_비장애인_test_26세_남,Trial #6,Left,Task 1: 맨손 쥐기/펴기 (Free Motion),R,none,20260922,capstone/호진파일/outputs/데이터_저장/20260915_비장애인_test_26세_남\split\Task1_맨손쥐기펴기FreeMotion\Trial_6\Session_20260915_213947_950555_8a398dea_Task1_맨손쥐기펴기FreeMotion_Trial_6_original.avi,4,,1,,8.39,88.9,1133,-10.53,961.23,MGA_mm_3D_cal:none;PV_mm_s:none;SPARC:none;TAM_total_deg:none,prompts\20260915_default_Left_Trial#6_R_s20260922.txt
20260915_default_Left_Trial#6_R_s20260923,20260915,20260915_비장애인_test_26세_남,Trial #6,Left,Task 1: 맨손 쥐기/펴기 (Free Motion),R,none,20260923,capstone/호진파일/outputs/데이터_저장/20260915_비장애인_test_26세_남\split\Task1_맨손쥐기펴기FreeMotion\Trial_6\Session_20260915_213947_950555_8a398dea_Task1_맨손쥐기펴기FreeMotion_Trial_6_original.avi,4,,1,,8.39,88.9,1133,-10.53,961.23,MGA_mm_3D_cal:none;PV_mm_s:none;SPARC:none;TAM_total_deg:none,prompts\20260915_default_Left_Trial#6_R_s20260923.txt
20260915_default_Left_Trial#6_R_s20260924,20260915,20260915_비장애인_test_26세_남,Trial #6,Left,Task 1: 맨손 쥐기/펴기 (Free Motion),R,none,20260924,capstone/호진파일/outputs/데이터_저장/20260915_비장애인_test_26세_남\split\Task1_맨손쥐기펴기FreeMotion\Trial_6\Session_20260915_213947_950555_8a398dea_Task1_맨손쥐기펴기FreeMotion_Trial_6_original.avi,4,,1,,8.39,88.9,1133,-10.53,961.23,MGA_mm_3D_cal:none;PV_mm_s:none;SPARC:none;TAM_total_deg:none,prompts\20260915_default_Left_Trial#6_R_s20260924.txt
20260915_default_Right_Trial#7_A1_s20260922,20260915,20260915_비장애인_test_26세_남,Trial #7,Right,Task 1: 맨손 쥐기/펴기 (Free Motion),A1,none,20260922,capstone/호진파일/outputs/데이터_저장/20260915_비장애인_test_26세_남\split\Task1_맨손쥐기펴기FreeMotion\Trial_7\Session_20260915_213947_950555_8a398dea_Task1_맨손쥐기펴기FreeMotion_Trial_7_original.avi,0,MGA_mm_3D_cal;PV_mm_s;SPARC;TAM_total_deg,1,,6.4,,,,,MGA_mm_3D_cal:held;PV_mm_s:held;SPARC:held;TAM_total_deg:held,prompts\20260915_default_Right_Trial#7_A1_s20260922.txt
20260915_default_Right_Trial#7_A2_s20260922,20260915,20260915_비장애인_test_26세_남,Trial #7,Right,Task 1: 맨손 쥐기/펴기 (Free Motion),A2,none,20260922,capstone/호진파일/outputs/데이터_저장/20260915_비장애인_test_26세_남\split\Task1_맨손쥐기펴기FreeMotion\Trial_7\Session_20260915_213947_950555_8a398dea_Task1_맨손쥐기펴기FreeMotion_Trial_7_original.avi,4,,1,,6.4,69.3,975,-6.34,965.49,MGA_mm_3D_cal:none;PV_mm_s:none;SPARC:none;TAM_total_deg:none,prompts\20260915_default_Right_Trial#7_A2_s20260922.txt
20260915_default_Right_Trial#7_A2_s20260922_bias_1u,20260915,20260915_비장애인_test_26세_남,Trial #7,Right,Task 1: 맨손 쥐기/펴기 (Free Motion),A2,bias_1u,20260922,capstone/호진파일/outputs/데이터_저장/20260915_비장애인_test_26세_남\split\Task1_맨손쥐기펴기FreeMotion\Trial_7\Session_20260915_213947_950555_8a398dea_Task1_맨손쥐기펴기FreeMotion_Trial_7_original.avi,4,,1,,6.4,77.92,1074.75,-5.46725,1063.66,MGA_mm_3D_cal:+1u(8.62);PV_mm_s:+1u(99.8);SPARC:+1u(0.873);TAM_total_deg:+1u(98.2),prompts\20260915_default_Right_Trial#7_A2_s20260922_bias_1u.txt
20260915_default_Right_Trial#7_A2_s20260922_bias_3u,20260915,20260915_비장애인_test_26세_남,Trial #7,Right,Task 1: 맨손 쥐기/펴기 (Free Motion),A2,bias_3u,20260922,capstone/호진파일/outputs/데이터_저장/20260915_비장애인_test_26세_남\split\Task1_맨손쥐기펴기FreeMotion\Trial_7\Session_20260915_213947_950555_8a398dea_Task1_맨손쥐기펴기FreeMotion_Trial_7_original.avi,4,,1,,6.4,95.16,1274.25,-3.72175,1259.99,MGA_mm_3D_cal:+3u(25.9);PV_mm_s:+3u(299);SPARC:+3u(2.62);TAM_total_deg:+3u(295),prompts\20260915_default_Right_Trial#7_A2_s20260922_bias_3u.txt
20260915_default_Right_Trial#7_A2_s20260922_burst_implausible,20260915,20260915_비장애인_test_26세_남,Trial #7,Right,Task 1: 맨손 쥐기/펴기 (Free Motion),A2,burst_implausible,20260922,capstone/호진파일/outputs/데이터_저장/20260915_비장애인_test_26세_남\split\Task1_맨손쥐기펴기FreeMotion\Trial_7\Session_20260915_213947_950555_8a398dea_Task1_맨손쥐기펴기FreeMotion_Trial_7_original.avi,4,,1,,6.4,260,6000,2,3000,MGA_mm_3D_cal:implausible(260 mm);PV_mm_s:implausible(6e+03 mm/s);SPARC:implausible(2 a.u.);TAM_total_deg:implausible(3e+03 deg),prompts\20260915_default_Right_Trial#7_A2_s20260922_burst_implausible.txt
20260915_default_Right_Trial#7_A3_s20260922,20260915,20260915_비장애인_test_26세_남,Trial #7,Right,Task 1: 맨손 쥐기/펴기 (Free Motion),A3,none,20260922,capstone/호진파일/outputs/데이터_저장/20260915_비장애인_test_26세_남\split\Task1_맨손쥐기펴기FreeMotion\Trial_7\Session_20260915_213947_950555_8a398dea_Task1_맨손쥐기펴기FreeMotion_Trial_7_original.avi,4,,1,,6.4,69.3,975,-6.34,965.49,MGA_mm_3D_cal:none;PV_mm_s:none;SPARC:none;TAM_total_deg:none,prompts\20260915_default_Right_Trial#7_A3_s20260922.txt
20260915_default_Right_Trial#7_A3_s20260922_bias_1u,20260915,20260915_비장애인_test_26세_남,Trial #7,Right,Task 1: 맨손 쥐기/펴기 (Free Motion),A3,bias_1u,20260922,capstone/호진파일/outputs/데이터_저장/20260915_비장애인_test_26세_남\split\Task1_맨손쥐기펴기FreeMotion\Trial_7\Session_20260915_213947_950555_8a398dea_Task1_맨손쥐기펴기FreeMotion_Trial_7_original.avi,4,,1,,6.4,77.92,1074.75,-5.46725,1063.66,MGA_mm_3D_cal:+1u(8.62);PV_mm_s:+1u(99.8);SPARC:+1u(0.873);TAM_total_deg:+1u(98.2),prompts\20260915_default_Right_Trial#7_A3_s20260922_bias_1u.txt
20260915_default_Right_Trial#7_A3_s20260922_bias_3u,20260915,20260915_비장애인_test_26세_남,Trial #7,Right,Task 1: 맨손 쥐기/펴기 (Free Motion),A3,bias_3u,20260922,capstone/호진파일/outputs/데이터_저장/20260915_비장애인_test_26세_남\split\Task1_맨손쥐기펴기FreeMotion\Trial_7\Session_20260915_213947_950555_8a398dea_Task1_맨손쥐기펴기FreeMotion_Trial_7_original.avi,4,,1,,6.4,95.16,1274.25,-3.72175,1259.99,MGA_mm_3D_cal:+3u(25.9);PV_mm_s:+3u(299);SPARC:+3u(2.62);TAM_total_deg:+3u(295),prompts\20260915_default_Right_Trial#7_A3_s20260922_bias_3u.txt
20260915_default_Right_Trial#7_A3_s20260922_burst_implausible,20260915,20260915_비장애인_test_26세_남,Trial #7,Right,Task 1: 맨손 쥐기/펴기 (Free Motion),A3,burst_implausible,20260922,capstone/호진파일/outputs/데이터_저장/20260915_비장애인_test_26세_남\split\Task1_맨손쥐기펴기FreeMotion\Trial_7\Session_20260915_213947_950555_8a398dea_Task1_맨손쥐기펴기FreeMotion_Trial_7_original.avi,4,,1,,6.4,260,6000,2,3000,MGA_mm_3D_cal:implausible(260 mm);PV_mm_s:implausible(6e+03 mm/s);SPARC:implausible(2 a.u.);TAM_total_deg:implausible(3e+03 deg),prompts\20260915_default_Right_Trial#7_A3_s20260922_burst_implausible.txt
20260915_default_Right_Trial#7_A4_s20260922,20260915,20260915_비장애인_test_26세_남,Trial #7,Right,Task 1: 맨손 쥐기/펴기 (Free Motion),A4,none,20260922,capstone/호진파일/outputs/데이터_저장/20260915_비장애인_test_26세_남\split\Task1_맨손쥐기펴기FreeMotion\Trial_7\Session_20260915_213947_950555_8a398dea_Task1_맨손쥐기펴기FreeMotion_Trial_7_original.avi,4,,1,,6.4,69.3,975,-6.34,965.49,MGA_mm_3D_cal:none;PV_mm_s:none;SPARC:none;TAM_total_deg:none,prompts\20260915_default_Right_Trial#7_A4_s20260922.txt
20260915_default_Right_Trial#7_R_s20260922,20260915,20260915_비장애인_test_26세_남,Trial #7,Right,Task 1: 맨손 쥐기/펴기 (Free Motion),R,none,20260922,capstone/호진파일/outputs/데이터_저장/20260915_비장애인_test_26세_남\split\Task1_맨손쥐기펴기FreeMotion\Trial_7\Session_20260915_213947_950555_8a398dea_Task1_맨손쥐기펴기FreeMotion_Trial_7_original.avi,4,,1,,6.4,69.3,975,-6.34,965.49,MGA_mm_3D_cal:none;PV_mm_s:none;SPARC:none;TAM_total_deg:none,prompts\20260915_default_Right_Trial#7_R_s20260922.txt
20260915_default_Right_Trial#7_R_s20260923,20260915,20260915_비장애인_test_26세_남,Trial #7,Right,Task 1: 맨손 쥐기/펴기 (Free Motion),R,none,20260923,capstone/호진파일/outputs/데이터_저장/20260915_비장애인_test_26세_남\split\Task1_맨손쥐기펴기FreeMotion\Trial_7\Session_20260915_213947_950555_8a398dea_Task1_맨손쥐기펴기FreeMotion_Trial_7_original.avi,4,,1,,6.4,69.3,975,-6.34,965.49,MGA_mm_3D_cal:none;PV_mm_s:none;SPARC:none;TAM_total_deg:none,prompts\20260915_default_Right_Trial#7_R_s20260923.txt
20260915_default_Right_Trial#7_R_s20260924,20260915,20260915_비장애인_test_26세_남,Trial #7,Right,Task 1: 맨손 쥐기/펴기 (Free Motion),R,none,20260924,capstone/호진파일/outputs/데이터_저장/20260915_비장애인_test_26세_남\split\Task1_맨손쥐기펴기FreeMotion\Trial_7\Session_20260915_213947_950555_8a398dea_Task1_맨손쥐기펴기FreeMotion_Trial_7_original.avi,4,,1,,6.4,69.3,975,-6.34,965.49,MGA_mm_3D_cal:none;PV_mm_s:none;SPARC:none;TAM_total_deg:none,prompts\20260915_default_Right_Trial#7_R_s20260924.txt
20260915_default_Left_Trial#7_A1_s20260922,20260915,20260915_비장애인_test_26세_남,Trial #7,Left,Task 1: 맨손 쥐기/펴기 (Free Motion),A1,none,20260922,capstone/호진파일/outputs/데이터_저장/20260915_비장애인_test_26세_남\split\Task1_맨손쥐기펴기FreeMotion\Trial_7\Session_20260915_213947_950555_8a398dea_Task1_맨손쥐기펴기FreeMotion_Trial_7_original.avi,0,MGA_mm_3D_cal;PV_mm_s;SPARC;TAM_total_deg,1,,6.4,,,,,MGA_mm_3D_cal:held;PV_mm_s:held;SPARC:held;TAM_total_deg:held,prompts\20260915_default_Left_Trial#7_A1_s20260922.txt
20260915_default_Left_Trial#7_A2_s20260922,20260915,20260915_비장애인_test_26세_남,Trial #7,Left,Task 1: 맨손 쥐기/펴기 (Free Motion),A2,none,20260922,capstone/호진파일/outputs/데이터_저장/20260915_비장애인_test_26세_남\split\Task1_맨손쥐기펴기FreeMotion\Trial_7\Session_20260915_213947_950555_8a398dea_Task1_맨손쥐기펴기FreeMotion_Trial_7_original.avi,4,,1,,6.4,71.8,878,-9.96,963.93,MGA_mm_3D_cal:none;PV_mm_s:none;SPARC:none;TAM_total_deg:none,prompts\20260915_default_Left_Trial#7_A2_s20260922.txt
20260915_default_Left_Trial#7_A2_s20260922_bias_1u,20260915,20260915_비장애인_test_26세_남,Trial #7,Left,Task 1: 맨손 쥐기/펴기 (Free Motion),A2,bias_1u,20260922,capstone/호진파일/outputs/데이터_저장/20260915_비장애인_test_26세_남\split\Task1_맨손쥐기펴기FreeMotion\Trial_7\Session_20260915_213947_950555_8a398dea_Task1_맨손쥐기펴기FreeMotion_Trial_7_original.avi,4,,1,,6.4,80.42,977.75,-9.08725,1062.1,MGA_mm_3D_cal:+1u(8.62);PV_mm_s:+1u(99.8);SPARC:+1u(0.873);TAM_total_deg:+1u(98.2),prompts\20260915_default_Left_Trial#7_A2_s20260922_bias_1u.txt
20260915_default_Left_Trial#7_A2_s20260922_bias_3u,20260915,20260915_비장애인_test_26세_남,Trial #7,Left,Task 1: 맨손 쥐기/펴기 (Free Motion),A2,bias_3u,20260922,capstone/호진파일/outputs/데이터_저장/20260915_비장애인_test_26세_남\split\Task1_맨손쥐기펴기FreeMotion\Trial_7\Session_20260915_213947_950555_8a398dea_Task1_맨손쥐기펴기FreeMotion_Trial_7_original.avi,4,,1,,6.4,97.66,1177.25,-7.34175,1258.43,MGA_mm_3D_cal:+3u(25.9);PV_mm_s:+3u(299);SPARC:+3u(2.62);TAM_total_deg:+3u(295),prompts\20260915_default_Left_Trial#7_A2_s20260922_bias_3u.txt
20260915_default_Left_Trial#7_A2_s20260922_burst_implausible,20260915,20260915_비장애인_test_26세_남,Trial #7,Left,Task 1: 맨손 쥐기/펴기 (Free Motion),A2,burst_implausible,20260922,capstone/호진파일/outputs/데이터_저장/20260915_비장애인_test_26세_남\split\Task1_맨손쥐기펴기FreeMotion\Trial_7\Session_20260915_213947_950555_8a398dea_Task1_맨손쥐기펴기FreeMotion_Trial_7_original.avi,4,,1,,6.4,260,6000,2,3000,MGA_mm_3D_cal:implausible(260 mm);PV_mm_s:implausible(6e+03 mm/s);SPARC:implausible(2 a.u.);TAM_total_deg:implausible(3e+03 deg),prompts\20260915_default_Left_Trial#7_A2_s20260922_burst_implausible.txt
20260915_default_Left_Trial#7_A3_s20260922,20260915,20260915_비장애인_test_26세_남,Trial #7,Left,Task 1: 맨손 쥐기/펴기 (Free Motion),A3,none,20260922,capstone/호진파일/outputs/데이터_저장/20260915_비장애인_test_26세_남\split\Task1_맨손쥐기펴기FreeMotion\Trial_7\Session_20260915_213947_950555_8a398dea_Task1_맨손쥐기펴기FreeMotion_Trial_7_original.avi,4,,1,,6.4,71.8,878,-9.96,963.93,MGA_mm_3D_cal:none;PV_mm_s:none;SPARC:none;TAM_total_deg:none,prompts\20260915_default_Left_Trial#7_A3_s20260922.txt
20260915_default_Left_Trial#7_A3_s20260922_bias_1u,20260915,20260915_비장애인_test_26세_남,Trial #7,Left,Task 1: 맨손 쥐기/펴기 (Free Motion),A3,bias_1u,20260922,capstone/호진파일/outputs/데이터_저장/20260915_비장애인_test_26세_남\split\Task1_맨손쥐기펴기FreeMotion\Trial_7\Session_20260915_213947_950555_8a398dea_Task1_맨손쥐기펴기FreeMotion_Trial_7_original.avi,4,,1,,6.4,80.42,977.75,-9.08725,1062.1,MGA_mm_3D_cal:+1u(8.62);PV_mm_s:+1u(99.8);SPARC:+1u(0.873);TAM_total_deg:+1u(98.2),prompts\20260915_default_Left_Trial#7_A3_s20260922_bias_1u.txt
20260915_default_Left_Trial#7_A3_s20260922_bias_3u,20260915,20260915_비장애인_test_26세_남,Trial #7,Left,Task 1: 맨손 쥐기/펴기 (Free Motion),A3,bias_3u,20260922,capstone/호진파일/outputs/데이터_저장/20260915_비장애인_test_26세_남\split\Task1_맨손쥐기펴기FreeMotion\Trial_7\Session_20260915_213947_950555_8a398dea_Task1_맨손쥐기펴기FreeMotion_Trial_7_original.avi,4,,1,,6.4,97.66,1177.25,-7.34175,1258.43,MGA_mm_3D_cal:+3u(25.9);PV_mm_s:+3u(299);SPARC:+3u(2.62);TAM_total_deg:+3u(295),prompts\20260915_default_Left_Trial#7_A3_s20260922_bias_3u.txt
20260915_default_Left_Trial#7_A3_s20260922_burst_implausible,20260915,20260915_비장애인_test_26세_남,Trial #7,Left,Task 1: 맨손 쥐기/펴기 (Free Motion),A3,burst_implausible,20260922,capstone/호진파일/outputs/데이터_저장/20260915_비장애인_test_26세_남\split\Task1_맨손쥐기펴기FreeMotion\Trial_7\Session_20260915_213947_950555_8a398dea_Task1_맨손쥐기펴기FreeMotion_Trial_7_original.avi,4,,1,,6.4,260,6000,2,3000,MGA_mm_3D_cal:implausible(260 mm);PV_mm_s:implausible(6e+03 mm/s);SPARC:implausible(2 a.u.);TAM_total_deg:implausible(3e+03 deg),prompts\20260915_default_Left_Trial#7_A3_s20260922_burst_implausible.txt
20260915_default_Left_Trial#7_A4_s20260922,20260915,20260915_비장애인_test_26세_남,Trial #7,Left,Task 1: 맨손 쥐기/펴기 (Free Motion),A4,none,20260922,capstone/호진파일/outputs/데이터_저장/20260915_비장애인_test_26세_남\split\Task1_맨손쥐기펴기FreeMotion\Trial_7\Session_20260915_213947_950555_8a398dea_Task1_맨손쥐기펴기FreeMotion_Trial_7_original.avi,4,,1,,6.4,71.8,878,-9.96,963.93,MGA_mm_3D_cal:none;PV_mm_s:none;SPARC:none;TAM_total_deg:none,prompts\20260915_default_Left_Trial#7_A4_s20260922.txt
20260915_default_Left_Trial#7_R_s20260922,20260915,20260915_비장애인_test_26세_남,Trial #7,Left,Task 1: 맨손 쥐기/펴기 (Free Motion),R,none,20260922,capstone/호진파일/outputs/데이터_저장/20260915_비장애인_test_26세_남\split\Task1_맨손쥐기펴기FreeMotion\Trial_7\Session_20260915_213947_950555_8a398dea_Task1_맨손쥐기펴기FreeMotion_Trial_7_original.avi,4,,1,,6.4,71.8,878,-9.96,963.93,MGA_mm_3D_cal:none;PV_mm_s:none;SPARC:none;TAM_total_deg:none,prompts\20260915_default_Left_Trial#7_R_s20260922.txt
20260915_default_Left_Trial#7_R_s20260923,20260915,20260915_비장애인_test_26세_남,Trial #7,Left,Task 1: 맨손 쥐기/펴기 (Free Motion),R,none,20260923,capstone/호진파일/outputs/데이터_저장/20260915_비장애인_test_26세_남\split\Task1_맨손쥐기펴기FreeMotion\Trial_7\Session_20260915_213947_950555_8a398dea_Task1_맨손쥐기펴기FreeMotion_Trial_7_original.avi,4,,1,,6.4,71.8,878,-9.96,963.93,MGA_mm_3D_cal:none;PV_mm_s:none;SPARC:none;TAM_total_deg:none,prompts\20260915_default_Left_Trial#7_R_s20260923.txt
20260915_default_Left_Trial#7_R_s20260924,20260915,20260915_비장애인_test_26세_남,Trial #7,Left,Task 1: 맨손 쥐기/펴기 (Free Motion),R,none,20260924,capstone/호진파일/outputs/데이터_저장/20260915_비장애인_test_26세_남\split\Task1_맨손쥐기펴기FreeMotion\Trial_7\Session_20260915_213947_950555_8a398dea_Task1_맨손쥐기펴기FreeMotion_Trial_7_original.avi,4,,1,,6.4,71.8,878,-9.96,963.93,MGA_mm_3D_cal:none;PV_mm_s:none;SPARC:none;TAM_total_deg:none,prompts\20260915_default_Left_Trial#7_R_s20260924.txt
20260915_default_Right_Trial#8_A1_s20260922,20260915,20260915_비장애인_test_26세_남,Trial #8,Right,Task 1: 맨손 쥐기/펴기 (Free Motion),A1,none,20260922,capstone/호진파일/outputs/데이터_저장/20260915_비장애인_test_26세_남\split\Task1_맨손쥐기펴기FreeMotion\Trial_8\Session_20260915_213947_950555_8a398dea_Task1_맨손쥐기펴기FreeMotion_Trial_8_original.avi,0,MGA_mm_3D_cal;PV_mm_s;SPARC;TAM_total_deg,1,,6.27,,,,,MGA_mm_3D_cal:held;PV_mm_s:held;SPARC:held;TAM_total_deg:held,prompts\20260915_default_Right_Trial#8_A1_s20260922.txt
20260915_default_Right_Trial#8_A2_s20260922,20260915,20260915_비장애인_test_26세_남,Trial #8,Right,Task 1: 맨손 쥐기/펴기 (Free Motion),A2,none,20260922,capstone/호진파일/outputs/데이터_저장/20260915_비장애인_test_26세_남\split\Task1_맨손쥐기펴기FreeMotion\Trial_8\Session_20260915_213947_950555_8a398dea_Task1_맨손쥐기펴기FreeMotion_Trial_8_original.avi,4,,1,,6.27,82.2,1020,-7.522,959.05,MGA_mm_3D_cal:none;PV_mm_s:none;SPARC:none;TAM_total_deg:none,prompts\20260915_default_Right_Trial#8_A2_s20260922.txt
20260915_default_Right_Trial#8_A2_s20260922_bias_1u,20260915,20260915_비장애인_test_26세_남,Trial #8,Right,Task 1: 맨손 쥐기/펴기 (Free Motion),A2,bias_1u,20260922,capstone/호진파일/outputs/데이터_저장/20260915_비장애인_test_26세_남\split\Task1_맨손쥐기펴기FreeMotion\Trial_8\Session_20260915_213947_950555_8a398dea_Task1_맨손쥐기펴기FreeMotion_Trial_8_original.avi,4,,1,,6.27,90.82,1119.75,-6.64925,1057.22,MGA_mm_3D_cal:+1u(8.62);PV_mm_s:+1u(99.8);SPARC:+1u(0.873);TAM_total_deg:+1u(98.2),prompts\20260915_default_Right_Trial#8_A2_s20260922_bias_1u.txt
20260915_default_Right_Trial#8_A2_s20260922_bias_3u,20260915,20260915_비장애인_test_26세_남,Trial #8,Right,Task 1: 맨손 쥐기/펴기 (Free Motion),A2,bias_3u,20260922,capstone/호진파일/outputs/데이터_저장/20260915_비장애인_test_26세_남\split\Task1_맨손쥐기펴기FreeMotion\Trial_8\Session_20260915_213947_950555_8a398dea_Task1_맨손쥐기펴기FreeMotion_Trial_8_original.avi,4,,1,,6.27,108.06,1319.25,-4.90375,1253.55,MGA_mm_3D_cal:+3u(25.9);PV_mm_s:+3u(299);SPARC:+3u(2.62);TAM_total_deg:+3u(295),prompts\20260915_default_Right_Trial#8_A2_s20260922_bias_3u.txt
20260915_default_Right_Trial#8_A2_s20260922_burst_implausible,20260915,20260915_비장애인_test_26세_남,Trial #8,Right,Task 1: 맨손 쥐기/펴기 (Free Motion),A2,burst_implausible,20260922,capstone/호진파일/outputs/데이터_저장/20260915_비장애인_test_26세_남\split\Task1_맨손쥐기펴기FreeMotion\Trial_8\Session_20260915_213947_950555_8a398dea_Task1_맨손쥐기펴기FreeMotion_Trial_8_original.avi,4,,1,,6.27,260,6000,2,3000,MGA_mm_3D_cal:implausible(260 mm);PV_mm_s:implausible(6e+03 mm/s);SPARC:implausible(2 a.u.);TAM_total_deg:implausible(3e+03 deg),prompts\20260915_default_Right_Trial#8_A2_s20260922_burst_implausible.txt
20260915_default_Right_Trial#8_A3_s20260922,20260915,20260915_비장애인_test_26세_남,Trial #8,Right,Task 1: 맨손 쥐기/펴기 (Free Motion),A3,none,20260922,capstone/호진파일/outputs/데이터_저장/20260915_비장애인_test_26세_남\split\Task1_맨손쥐기펴기FreeMotion\Trial_8\Session_20260915_213947_950555_8a398dea_Task1_맨손쥐기펴기FreeMotion_Trial_8_original.avi,4,,1,,6.27,82.2,1020,-7.522,959.05,MGA_mm_3D_cal:none;PV_mm_s:none;SPARC:none;TAM_total_deg:none,prompts\20260915_default_Right_Trial#8_A3_s20260922.txt
20260915_default_Right_Trial#8_A3_s20260922_bias_1u,20260915,20260915_비장애인_test_26세_남,Trial #8,Right,Task 1: 맨손 쥐기/펴기 (Free Motion),A3,bias_1u,20260922,capstone/호진파일/outputs/데이터_저장/20260915_비장애인_test_26세_남\split\Task1_맨손쥐기펴기FreeMotion\Trial_8\Session_20260915_213947_950555_8a398dea_Task1_맨손쥐기펴기FreeMotion_Trial_8_original.avi,4,,1,,6.27,90.82,1119.75,-6.64925,1057.22,MGA_mm_3D_cal:+1u(8.62);PV_mm_s:+1u(99.8);SPARC:+1u(0.873);TAM_total_deg:+1u(98.2),prompts\20260915_default_Right_Trial#8_A3_s20260922_bias_1u.txt
20260915_default_Right_Trial#8_A3_s20260922_bias_3u,20260915,20260915_비장애인_test_26세_남,Trial #8,Right,Task 1: 맨손 쥐기/펴기 (Free Motion),A3,bias_3u,20260922,capstone/호진파일/outputs/데이터_저장/20260915_비장애인_test_26세_남\split\Task1_맨손쥐기펴기FreeMotion\Trial_8\Session_20260915_213947_950555_8a398dea_Task1_맨손쥐기펴기FreeMotion_Trial_8_original.avi,4,,1,,6.27,108.06,1319.25,-4.90375,1253.55,MGA_mm_3D_cal:+3u(25.9);PV_mm_s:+3u(299);SPARC:+3u(2.62);TAM_total_deg:+3u(295),prompts\20260915_default_Right_Trial#8_A3_s20260922_bias_3u.txt
20260915_default_Right_Trial#8_A3_s20260922_burst_implausible,20260915,20260915_비장애인_test_26세_남,Trial #8,Right,Task 1: 맨손 쥐기/펴기 (Free Motion),A3,burst_implausible,20260922,capstone/호진파일/outputs/데이터_저장/20260915_비장애인_test_26세_남\split\Task1_맨손쥐기펴기FreeMotion\Trial_8\Session_20260915_213947_950555_8a398dea_Task1_맨손쥐기펴기FreeMotion_Trial_8_original.avi,4,,1,,6.27,260,6000,2,3000,MGA_mm_3D_cal:implausible(260 mm);PV_mm_s:implausible(6e+03 mm/s);SPARC:implausible(2 a.u.);TAM_total_deg:implausible(3e+03 deg),prompts\20260915_default_Right_Trial#8_A3_s20260922_burst_implausible.txt
20260915_default_Right_Trial#8_A4_s20260922,20260915,20260915_비장애인_test_26세_남,Trial #8,Right,Task 1: 맨손 쥐기/펴기 (Free Motion),A4,none,20260922,capstone/호진파일/outputs/데이터_저장/20260915_비장애인_test_26세_남\split\Task1_맨손쥐기펴기FreeMotion\Trial_8\Session_20260915_213947_950555_8a398dea_Task1_맨손쥐기펴기FreeMotion_Trial_8_original.avi,4,,1,,6.27,82.2,1020,-7.522,959.05,MGA_mm_3D_cal:none;PV_mm_s:none;SPARC:none;TAM_total_deg:none,prompts\20260915_default_Right_Trial#8_A4_s20260922.txt
20260915_default_Right_Trial#8_R_s20260922,20260915,20260915_비장애인_test_26세_남,Trial #8,Right,Task 1: 맨손 쥐기/펴기 (Free Motion),R,none,20260922,capstone/호진파일/outputs/데이터_저장/20260915_비장애인_test_26세_남\split\Task1_맨손쥐기펴기FreeMotion\Trial_8\Session_20260915_213947_950555_8a398dea_Task1_맨손쥐기펴기FreeMotion_Trial_8_original.avi,4,,1,,6.27,82.2,1020,-7.522,959.05,MGA_mm_3D_cal:none;PV_mm_s:none;SPARC:none;TAM_total_deg:none,prompts\20260915_default_Right_Trial#8_R_s20260922.txt
20260915_default_Right_Trial#8_R_s20260923,20260915,20260915_비장애인_test_26세_남,Trial #8,Right,Task 1: 맨손 쥐기/펴기 (Free Motion),R,none,20260923,capstone/호진파일/outputs/데이터_저장/20260915_비장애인_test_26세_남\split\Task1_맨손쥐기펴기FreeMotion\Trial_8\Session_20260915_213947_950555_8a398dea_Task1_맨손쥐기펴기FreeMotion_Trial_8_original.avi,4,,1,,6.27,82.2,1020,-7.522,959.05,MGA_mm_3D_cal:none;PV_mm_s:none;SPARC:none;TAM_total_deg:none,prompts\20260915_default_Right_Trial#8_R_s20260923.txt
20260915_default_Right_Trial#8_R_s20260924,20260915,20260915_비장애인_test_26세_남,Trial #8,Right,Task 1: 맨손 쥐기/펴기 (Free Motion),R,none,20260924,capstone/호진파일/outputs/데이터_저장/20260915_비장애인_test_26세_남\split\Task1_맨손쥐기펴기FreeMotion\Trial_8\Session_20260915_213947_950555_8a398dea_Task1_맨손쥐기펴기FreeMotion_Trial_8_original.avi,4,,1,,6.27,82.2,1020,-7.522,959.05,MGA_mm_3D_cal:none;PV_mm_s:none;SPARC:none;TAM_total_deg:none,prompts\20260915_default_Right_Trial#8_R_s20260924.txt
20260915_default_Left_Trial#8_A1_s20260922,20260915,20260915_비장애인_test_26세_남,Trial #8,Left,Task 1: 맨손 쥐기/펴기 (Free Motion),A1,none,20260922,capstone/호진파일/outputs/데이터_저장/20260915_비장애인_test_26세_남\split\Task1_맨손쥐기펴기FreeMotion\Trial_8\Session_20260915_213947_950555_8a398dea_Task1_맨손쥐기펴기FreeMotion_Trial_8_original.avi,0,MGA_mm_3D_cal;PV_mm_s;SPARC;TAM_total_deg,1,,6.27,,,,,MGA_mm_3D_cal:held;PV_mm_s:held;SPARC:held;TAM_total_deg:held,prompts\20260915_default_Left_Trial#8_A1_s20260922.txt
20260915_default_Left_Trial#8_A2_s20260922,20260915,20260915_비장애인_test_26세_남,Trial #8,Left,Task 1: 맨손 쥐기/펴기 (Free Motion),A2,none,20260922,capstone/호진파일/outputs/데이터_저장/20260915_비장애인_test_26세_남\split\Task1_맨손쥐기펴기FreeMotion\Trial_8\Session_20260915_213947_950555_8a398dea_Task1_맨손쥐기펴기FreeMotion_Trial_8_original.avi,4,,1,,6.27,70.5,298,-5.051,906.38,MGA_mm_3D_cal:none;PV_mm_s:none;SPARC:none;TAM_total_deg:none,prompts\20260915_default_Left_Trial#8_A2_s20260922.txt
20260915_default_Left_Trial#8_A2_s20260922_bias_1u,20260915,20260915_비장애인_test_26세_남,Trial #8,Left,Task 1: 맨손 쥐기/펴기 (Free Motion),A2,bias_1u,20260922,capstone/호진파일/outputs/데이터_저장/20260915_비장애인_test_26세_남\split\Task1_맨손쥐기펴기FreeMotion\Trial_8\Session_20260915_213947_950555_8a398dea_Task1_맨손쥐기펴기FreeMotion_Trial_8_original.avi,4,,1,,6.27,79.12,397.75,-4.17825,1004.55,MGA_mm_3D_cal:+1u(8.62);PV_mm_s:+1u(99.8);SPARC:+1u(0.873);TAM_total_deg:+1u(98.2),prompts\20260915_default_Left_Trial#8_A2_s20260922_bias_1u.txt
20260915_default_Left_Trial#8_A2_s20260922_bias_3u,20260915,20260915_비장애인_test_26세_남,Trial #8,Left,Task 1: 맨손 쥐기/펴기 (Free Motion),A2,bias_3u,20260922,capstone/호진파일/outputs/데이터_저장/20260915_비장애인_test_26세_남\split\Task1_맨손쥐기펴기FreeMotion\Trial_8\Session_20260915_213947_950555_8a398dea_Task1_맨손쥐기펴기FreeMotion_Trial_8_original.avi,4,,1,,6.27,96.36,597.25,-2.43275,1200.88,MGA_mm_3D_cal:+3u(25.9);PV_mm_s:+3u(299);SPARC:+3u(2.62);TAM_total_deg:+3u(295),prompts\20260915_default_Left_Trial#8_A2_s20260922_bias_3u.txt
20260915_default_Left_Trial#8_A2_s20260922_burst_implausible,20260915,20260915_비장애인_test_26세_남,Trial #8,Left,Task 1: 맨손 쥐기/펴기 (Free Motion),A2,burst_implausible,20260922,capstone/호진파일/outputs/데이터_저장/20260915_비장애인_test_26세_남\split\Task1_맨손쥐기펴기FreeMotion\Trial_8\Session_20260915_213947_950555_8a398dea_Task1_맨손쥐기펴기FreeMotion_Trial_8_original.avi,4,,1,,6.27,260,6000,2,3000,MGA_mm_3D_cal:implausible(260 mm);PV_mm_s:implausible(6e+03 mm/s);SPARC:implausible(2 a.u.);TAM_total_deg:implausible(3e+03 deg),prompts\20260915_default_Left_Trial#8_A2_s20260922_burst_implausible.txt
20260915_default_Left_Trial#8_A3_s20260922,20260915,20260915_비장애인_test_26세_남,Trial #8,Left,Task 1: 맨손 쥐기/펴기 (Free Motion),A3,none,20260922,capstone/호진파일/outputs/데이터_저장/20260915_비장애인_test_26세_남\split\Task1_맨손쥐기펴기FreeMotion\Trial_8\Session_20260915_213947_950555_8a398dea_Task1_맨손쥐기펴기FreeMotion_Trial_8_original.avi,4,,1,,6.27,70.5,298,-5.051,906.38,MGA_mm_3D_cal:none;PV_mm_s:none;SPARC:none;TAM_total_deg:none,prompts\20260915_default_Left_Trial#8_A3_s20260922.txt
20260915_default_Left_Trial#8_A3_s20260922_bias_1u,20260915,20260915_비장애인_test_26세_남,Trial #8,Left,Task 1: 맨손 쥐기/펴기 (Free Motion),A3,bias_1u,20260922,capstone/호진파일/outputs/데이터_저장/20260915_비장애인_test_26세_남\split\Task1_맨손쥐기펴기FreeMotion\Trial_8\Session_20260915_213947_950555_8a398dea_Task1_맨손쥐기펴기FreeMotion_Trial_8_original.avi,4,,1,,6.27,79.12,397.75,-4.17825,1004.55,MGA_mm_3D_cal:+1u(8.62);PV_mm_s:+1u(99.8);SPARC:+1u(0.873);TAM_total_deg:+1u(98.2),prompts\20260915_default_Left_Trial#8_A3_s20260922_bias_1u.txt
20260915_default_Left_Trial#8_A3_s20260922_bias_3u,20260915,20260915_비장애인_test_26세_남,Trial #8,Left,Task 1: 맨손 쥐기/펴기 (Free Motion),A3,bias_3u,20260922,capstone/호진파일/outputs/데이터_저장/20260915_비장애인_test_26세_남\split\Task1_맨손쥐기펴기FreeMotion\Trial_8\Session_20260915_213947_950555_8a398dea_Task1_맨손쥐기펴기FreeMotion_Trial_8_original.avi,4,,1,,6.27,96.36,597.25,-2.43275,1200.88,MGA_mm_3D_cal:+3u(25.9);PV_mm_s:+3u(299);SPARC:+3u(2.62);TAM_total_deg:+3u(295),prompts\20260915_default_Left_Trial#8_A3_s20260922_bias_3u.txt
20260915_default_Left_Trial#8_A3_s20260922_burst_implausible,20260915,20260915_비장애인_test_26세_남,Trial #8,Left,Task 1: 맨손 쥐기/펴기 (Free Motion),A3,burst_implausible,20260922,capstone/호진파일/outputs/데이터_저장/20260915_비장애인_test_26세_남\split\Task1_맨손쥐기펴기FreeMotion\Trial_8\Session_20260915_213947_950555_8a398dea_Task1_맨손쥐기펴기FreeMotion_Trial_8_original.avi,4,,1,,6.27,260,6000,2,3000,MGA_mm_3D_cal:implausible(260 mm);PV_mm_s:implausible(6e+03 mm/s);SPARC:implausible(2 a.u.);TAM_total_deg:implausible(3e+03 deg),prompts\20260915_default_Left_Trial#8_A3_s20260922_burst_implausible.txt
20260915_default_Left_Trial#8_A4_s20260922,20260915,20260915_비장애인_test_26세_남,Trial #8,Left,Task 1: 맨손 쥐기/펴기 (Free Motion),A4,none,20260922,capstone/호진파일/outputs/데이터_저장/20260915_비장애인_test_26세_남\split\Task1_맨손쥐기펴기FreeMotion\Trial_8\Session_20260915_213947_950555_8a398dea_Task1_맨손쥐기펴기FreeMotion_Trial_8_original.avi,4,,1,,6.27,70.5,298,-5.051,906.38,MGA_mm_3D_cal:none;PV_mm_s:none;SPARC:none;TAM_total_deg:none,prompts\20260915_default_Left_Trial#8_A4_s20260922.txt
20260915_default_Left_Trial#8_R_s20260922,20260915,20260915_비장애인_test_26세_남,Trial #8,Left,Task 1: 맨손 쥐기/펴기 (Free Motion),R,none,20260922,capstone/호진파일/outputs/데이터_저장/20260915_비장애인_test_26세_남\split\Task1_맨손쥐기펴기FreeMotion\Trial_8\Session_20260915_213947_950555_8a398dea_Task1_맨손쥐기펴기FreeMotion_Trial_8_original.avi,4,,1,,6.27,70.5,298,-5.051,906.38,MGA_mm_3D_cal:none;PV_mm_s:none;SPARC:none;TAM_total_deg:none,prompts\20260915_default_Left_Trial#8_R_s20260922.txt
20260915_default_Left_Trial#8_R_s20260923,20260915,20260915_비장애인_test_26세_남,Trial #8,Left,Task 1: 맨손 쥐기/펴기 (Free Motion),R,none,20260923,capstone/호진파일/outputs/데이터_저장/20260915_비장애인_test_26세_남\split\Task1_맨손쥐기펴기FreeMotion\Trial_8\Session_20260915_213947_950555_8a398dea_Task1_맨손쥐기펴기FreeMotion_Trial_8_original.avi,4,,1,,6.27,70.5,298,-5.051,906.38,MGA_mm_3D_cal:none;PV_mm_s:none;SPARC:none;TAM_total_deg:none,prompts\20260915_default_Left_Trial#8_R_s20260923.txt
20260915_default_Left_Trial#8_R_s20260924,20260915,20260915_비장애인_test_26세_남,Trial #8,Left,Task 1: 맨손 쥐기/펴기 (Free Motion),R,none,20260924,capstone/호진파일/outputs/데이터_저장/20260915_비장애인_test_26세_남\split\Task1_맨손쥐기펴기FreeMotion\Trial_8\Session_20260915_213947_950555_8a398dea_Task1_맨손쥐기펴기FreeMotion_Trial_8_original.avi,4,,1,,6.27,70.5,298,-5.051,906.38,MGA_mm_3D_cal:none;PV_mm_s:none;SPARC:none;TAM_total_deg:none,prompts\20260915_default_Left_Trial#8_R_s20260924.txt
